"X1","Drug_Name","Cell_Line","Time","Dose","p_value","q_value","Fold_Change","Specificity","source_database","source_sheet","expected_direction","LINCS_sig_id","LINCS_pert_id","CREEDS_ID","GEO_ID","DrugBank_ID","Drug_Name_Norm","q_value_for_plot","neg_log10_q_capped","q_was_zero","regulation","score"
0,"trichostatin A","PC3","6 h","0.1 μM",0,0,1.21368,0.000278706800445931,"CMAP","cmap_results_up","up",NA,NA,NA,NA,NA,"trichostatin a",1e-50,50,TRUE,"Upregula NQO1",60.684
1,"trichostatin A","MCF7","6 h","0.1 μM",2.04446e-20,5.04473e-20,0.459694,0.000237360550676478,"CMAP","cmap_results_up","up",NA,NA,NA,NA,NA,"trichostatin a",5.04473e-20,19.2971620727666,FALSE,"Upregula NQO1",8.87078962187838
2,"trichostatin A","PC3","6 h","1.0 μM",1.61288e-11,9.50986e-11,0.772241,0.000299670362601139,"CMAP","cmap_results_up","up",NA,NA,NA,NA,NA,"trichostatin a",9.50986e-11,10.021825876509,FALSE,"Upregula NQO1",7.73926483670115
3,"cephaeline","MCF7","6 h","6.0 μM",1.1527e-09,9.86974e-09,2.16326,0.000336473755047106,"CMAP","cmap_results_up","up",NA,NA,NA,NA,NA,"cephaeline",9.86974e-09,8.00569428786254,FALSE,"Upregula NQO1",17.3183982251615
4,"tanespimycin","MCF7","6 h","1.0 μM",3.25841e-09,1.77954e-08,0.424034,0.000295945546019532,"CMAP","cmap_results_up","up",NA,NA,NA,NA,NA,"tanespimycin",1.77954e-08,7.74969224560111,FALSE,"Upregula NQO1",3.28613300167122
5,"alvespimycin","MCF7","6 h","0.1 μM",9.76884e-05,0.000756253,0.550969,0.000577034045008655,"CMAP","cmap_results_up","up",NA,NA,NA,NA,NA,"alvespimycin",0.000756253,3.12133288952181,FALSE,"Upregula NQO1",1.71975766080694
6,"trichostatin A","MCF7","6 h","1.0 μM",0.000214543,0.000445153,0.27807,0.000280977802753582,"CMAP","cmap_results_up","up",NA,NA,NA,NA,NA,"trichostatin a",0.000445153,3.35149069545631,FALSE,"Upregula NQO1",0.931949017685536
7,"geldanamycin","MCF7","6 h","1.0 μM",0.000574496,0.0025719,0.425744,0.000396196513470681,"CMAP","cmap_results_up","up",NA,NA,NA,NA,NA,"geldanamycin",0.0025719,2.5897459215536,FALSE,"Upregula NQO1",1.10256878762592
8,"lycorine","MCF7","6 h","12.4 μM",0.00203534,0.0142017,0.913362,0.000638162093171666,"CMAP","cmap_results_up","up",NA,NA,NA,NA,NA,"lycorine",0.0142017,1.8476596657276,FALSE,"Upregula NQO1",1.68758212760829
9,"flurbiprofen","MCF7","6 h","16.4 μM",0.00501925,0.540797,0.509009,0,"CMAP","cmap_results_up","up",NA,NA,NA,NA,NA,"flurbiprofen",0.540797,0.266965726251072,FALSE,"Upregula NQO1",0.135887957353332
10,"lorglumide","MCF7","6 h","8.4 μM",0.00533058,0.154695,0.502257,0.0181818181818182,"CMAP","cmap_results_up","up",NA,NA,NA,NA,NA,"lorglumide",0.154695,0.810523723194633,FALSE,"Upregula NQO1",0.407091213640567
11,"valproic acid","MCF7","6 h","1000.0 μM",0.00649552,0.070102,0.354072,0.00226757369614513,"CMAP","cmap_results_up","up",NA,NA,NA,NA,NA,"valproic acid",0.070102,1.15426959149735,FALSE,"Upregula NQO1",0.408694542800648
12,"pioglitazone","PC3","6 h","10.0 μM",0.00825567,0.0765749,0.39958,0.00193050193050193,"CMAP","cmap_results_up","up",NA,NA,NA,NA,NA,"pioglitazone",0.0765749,1.11591356167094,FALSE,"Upregula NQO1",0.445896740972473
0,"parthenolide","VCAP","24 h","10.0 µM",3.57655e-22,4.42459e-19,5.1212,0.00025766555011595,"LINCS L1000","l1000_results_up","up","CPC006_VCAP_24H:BRD-K98548675-001-02-6:10","BRD-K98548675",NA,NA,NA,"parthenolide",4.42459e-19,18.3541269665452,FALSE,"Upregula NQO1",93.9951550210712
1,"radicicol","VCAP","48 h","20.0 µM",6.21395e-20,2.2684e-17,2.915,0.000131268049356787,"LINCS L1000","l1000_results_up","up","ERG005_VCAP_48H:BRD-A39996500-001-01-4:20","BRD-A39996500",NA,NA,NA,"radicicol",2.2684e-17,16.644280361386,FALSE,"Upregula NQO1",48.5180772534403
2,"SA-1447005","VCAP","24 h","10.0 µM",9.97914e-20,1.70935e-16,4.54297,0.000244379276637341,"LINCS L1000","l1000_results_up","up","CPC012_VCAP_24H:BRD-A63583287-001-01-8:10","BRD-A63583287",NA,NA,NA,"sa-1447005",1.70935e-16,15.767169003689,FALSE,"Upregula NQO1",71.6297757686889
3,"15-delta-prostaglandin-j2","MCF7","24 h","10.0 µM",2.64639e-19,9.06613e-17,2.1718,0.000359453630481668,"LINCS L1000","l1000_results_up","up","CPC006_MCF7_24H:BRD-K61033289-001-01-2:10","BRD-K61033289",NA,NA,NA,"15-delta-prostaglandin-j2",9.06613e-17,16.0425780578476,FALSE,"Upregula NQO1",34.8412710260334
4,"CT-200783","VCAP","24 h","10.0 µM",2.82695e-19,2.73698e-16,4.30785,0.00022583559168925,"LINCS L1000","l1000_results_up","up","CPC006_VCAP_24H:BRD-K02822062-001-01-3:10","BRD-K02822062",NA,NA,NA,"ct-200783",2.73698e-16,15.5627283761088,FALSE,"Upregula NQO1",67.0418994350204
5,"radicicol","VCAP","24 h","20.0 µM",4.76785e-18,8.84754e-15,3.82162,0.000160384923817161,"LINCS L1000","l1000_results_up","up","ERG005_VCAP_24H:BRD-A39996500-001-01-4:20","BRD-A39996500",NA,NA,NA,"radicicol",8.84754e-15,14.0531774652273,FALSE,"Upregula NQO1",53.705904064662
6,"parthenolide","VCAP","24 h","10.0 µM",6.44246e-18,1.43461e-14,5.65209,0.000218483722962639,"LINCS L1000","l1000_results_up","up","CPC013_VCAP_24H:BRD-K28120222-001-05-0:10","BRD-K28120222",NA,NA,NA,"parthenolide",1.43461e-14,13.8432661462249,FALSE,"Upregula NQO1",78.2433861524163
7,"SA-792728","VCAP","24 h","40.0 µM",1.14076e-17,3.18439e-15,3.99659,0.000240153698366955,"LINCS L1000","l1000_results_up","up","CPC006_VCAP_24H:BRD-K20755323-001-02-6:40","BRD-K20755323",NA,NA,NA,"sa-792728",3.18439e-15,14.4969737485739,FALSE,"Upregula NQO1",57.9384603138131
8,"BRD-K05331696","VCAP","24 h","10.0 µM",1.74405e-17,3.53059e-14,4.49864,0.000424448217317487,"LINCS L1000","l1000_results_up","up","CPC010_VCAP_24H:BRD-K05331696-001-02-4:10","BRD-K05331696",NA,NA,NA,"brd-k05331696",3.53059e-14,13.4521527132146,FALSE,"Upregula NQO1",60.5163922817758
9,"cerulenin","VCAP","24 h","44.4 µM",2.35345e-17,1.87167e-14,3.89239,0.000339097999321804,"LINCS L1000","l1000_results_up","up","CPC006_VCAP_24H:BRD-K52075040-001-03-0:44.4","BRD-K52075040",NA,NA,NA,"cerulenin",1.87167e-14,13.7277707206688,FALSE,"Upregula NQO1",53.4338374754239
10,"BRD-K66884694","VCAP","24 h","10.0 µM",8.02769e-17,6.62077e-14,5.34134,0.000279563880346659,"LINCS L1000","l1000_results_up","up","CPC008_VCAP_24H:BRD-K66884694-001-05-3:10","BRD-K66884694",NA,NA,NA,"brd-k66884694",6.62077e-14,13.1790914988829,FALSE,"Upregula NQO1",70.3940085866431
11,"NSC-632839","VCAP","24 h","10.0 µM",9.78361e-17,1.40556e-14,3.86004,0.000169520257670792,"LINCS L1000","l1000_results_up","up","CPC006_VCAP_24H:BRD-K74402642-003-01-2:10","BRD-K74402642",NA,NA,NA,"nsc-632839",1.40556e-14,13.8521506106665,FALSE,"Upregula NQO1",53.469855443197
12,"parthenolide","VCAP","24 h","20.0 µM",1.18249e-16,1.64573e-14,3.80029,0.000176273576590869,"LINCS L1000","l1000_results_up","up","CPC006_VCAP_24H:BRD-K81651477-001-03-5:20","BRD-K81651477",NA,NA,NA,"parthenolide",1.64573e-14,13.7836414140377,FALSE,"Upregula NQO1",52.3818346293535
13,"cucurbitacin-i","VCAP","24 h","10.0 µM",2.53672e-16,5.92743e-14,4.40906,0.000183621006243114,"LINCS L1000","l1000_results_up","up","CPC006_VCAP_24H:BRD-A28105619-001-01-3:10","BRD-A28105619",NA,NA,NA,"cucurbitacin-i",5.92743e-14,13.2271335661213,FALSE,"Upregula NQO1",58.3192255210428
14,"CT-200783","MCF7","24 h","10.0 µM",3.32136e-16,5.06576e-14,1.94518,0.000217770034843206,"LINCS L1000","l1000_results_up","up","CPC006_MCF7_24H:BRD-K02822062-001-01-3:10","BRD-K02822062",NA,NA,NA,"ct-200783",5.06576e-14,13.2953553895839,FALSE,"Upregula NQO1",25.8618593967108
15,"7b-cis","VCAP","24 h","10.0 µM",4.68363e-16,3.00613e-13,3.62974,0.000217722621380361,"LINCS L1000","l1000_results_up","up","CPC006_VCAP_24H:BRD-K61829047-001-01-6:10","BRD-K61829047",NA,NA,NA,"7b-cis",3.00613e-13,12.5219922422914,FALSE,"Upregula NQO1",45.4515761215348
16,"arachidonyl-trifluoro-methane","VCAP","24 h","80.0 µM",7.33822e-16,1.75707e-13,3.68191,0.000215007525263384,"LINCS L1000","l1000_results_up","up","CPC006_VCAP_24H:BRD-K07303502-001-02-5:80","BRD-K07303502",NA,NA,NA,"arachidonyl-trifluoro-methane",1.75707e-13,12.7552109362804,FALSE,"Upregula NQO1",46.9635386984001
17,"BRD-K87726525","VCAP","24 h","10.0 µM",3.58249e-15,5.31833e-12,4.96103,0.000597728631201434,"LINCS L1000","l1000_results_up","up","CPC008_VCAP_24H:BRD-K87726525-001-05-6:10","BRD-K87726525",NA,NA,NA,"brd-k87726525",5.31833e-12,11.2742247183898,FALSE,"Upregula NQO1",55.9317670546735
18,"afatinib","VCAP","24 h","10.0 µM",1.06599e-14,9.89059e-12,4.69124,0.000273672687465791,"LINCS L1000","l1000_results_up","up","CPC013_VCAP_24H:BRD-K66175015-001-01-7:10","BRD-K66175015",NA,NA,NA,"afatinib",9.89059e-12,11.0047778008091,FALSE,"Upregula NQO1",51.6260538102678
19,"BRD-K92317137","VCAP","6 h","10.0 µM",1.29569e-14,3.9578e-13,3.60503,0.000182815356489945,"LINCS L1000","l1000_results_up","up","CPC006_VCAP_6H:BRD-K92317137-001-04-0:10","BRD-K92317137",NA,NA,NA,"brd-k92317137",3.9578e-13,12.4025461558322,FALSE,"Upregula NQO1",44.7115509681599
20,"withaferin-a","VCAP","48 h","1.0 µM",1.31166e-14,1.94073e-13,1.86324,0.000119660165131028,"LINCS L1000","l1000_results_up","up","ERG005_VCAP_48H:BRD-K88378636-001-02-8:1","BRD-K88378636",NA,NA,NA,"withaferin-a",1.94073e-13,12.7120348807201,FALSE,"Upregula NQO1",23.6855718711529
21,"BRD-K07259155","VCAP","24 h","10.0 µM",4.66277e-14,2.25718e-11,4.47619,0.000327332242225859,"LINCS L1000","l1000_results_up","up","CPC008_VCAP_24H:BRD-K07259155-001-05-2:10","BRD-K07259155",NA,NA,NA,"brd-k07259155",2.25718e-11,10.6464338065006,FALSE,"Upregula NQO1",47.6554605403198
22,"AG-957","VCAP","24 h","10.0 µM",5.42319e-14,2.01273e-11,2.47095,0.000258131130614352,"LINCS L1000","l1000_results_up","up","CPC004_VCAP_24H:BRD-K36737713-001-01-6:10","BRD-K36737713",NA,NA,NA,"ag-957",2.01273e-11,10.696214480141,FALSE,"Upregula NQO1",26.4298111697044
23,"BRD-K36354764","VCAP","24 h","10.0 µM",1.16055e-13,6.80083e-11,4.12245,0.000353356890459364,"LINCS L1000","l1000_results_up","up","CPC009_VCAP_24H:BRD-K36354764-001-04-2:10","BRD-K36354764",NA,NA,NA,"brd-k36354764",6.80083e-11,10.1674380810551,FALSE,"Upregula NQO1",41.9147551172456
24,"radicicol","VCAP","6 h","20.0 µM",1.29345e-13,1.44736e-11,2.13478,0.000206526228831062,"LINCS L1000","l1000_results_up","up","ERG005_VCAP_6H:BRD-A39996500-001-01-4:20","BRD-A39996500",NA,NA,NA,"radicicol",1.44736e-11,10.8394234339342,FALSE,"Upregula NQO1",23.139784358294
25,"7-nitroindazole","MCF7","24 h","80.0 µM",1.64691e-13,2.44489e-10,2.01969,0.000466853408029879,"LINCS L1000","l1000_results_up","up","CPC006_MCF7_24H:BRD-K04430056-001-09-4:80","BRD-K04430056",NA,NA,NA,"7-nitroindazole",2.44489e-10,9.61174067579094,FALSE,"Upregula NQO1",19.4127365254882
26,"parthenolide","MCF7","24 h","20.0 µM",1.90354e-13,6.35501e-12,1.59116,0.000167560321715818,"LINCS L1000","l1000_results_up","up","CPC006_MCF7_24H:BRD-K81651477-001-03-5:20","BRD-K81651477",NA,NA,NA,"parthenolide",6.35501e-12,11.1968837617203,FALSE,"Upregula NQO1",17.8160335662989
27,"cerulenin","MCF7","24 h","44.4 µM",1.913e-13,2.91772e-11,2.02681,0.000248880039820806,"LINCS L1000","l1000_results_up","up","CPC006_MCF7_24H:BRD-K52075040-001-03-0:44.4","BRD-K52075040",NA,NA,NA,"cerulenin",2.91772e-11,10.5349563876617,FALSE,"Upregula NQO1",21.3523549560767
28,"SA-792709","VCAP","24 h","10.0 µM",2.32202e-13,7.38666e-10,2.30322,0.00219298245614035,"LINCS L1000","l1000_results_up","up","CPC004_VCAP_24H:BRD-K51290057-001-01-0:10","BRD-K51290057",NA,NA,NA,"sa-792709",7.38666e-10,9.13155189062598,FALSE,"Upregula NQO1",21.0319729455276
29,"15-delta-prostaglandin-j2","MCF7","6 h","10.0 µM",2.75608e-13,3.11528e-10,1.97919,0.00273972602739726,"LINCS L1000","l1000_results_up","up","CPC006_MCF7_6H:BRD-K61033289-001-01-2:10","BRD-K61033289",NA,NA,NA,"15-delta-prostaglandin-j2",3.11528e-10,9.50650291305297,FALSE,"Upregula NQO1",18.8151755004853
30,"BRD-K18163752","VCAP","24 h","10.0 µM",4.73927e-13,4.22136e-10,4.90304,0.000386847195357834,"LINCS L1000","l1000_results_up","up","CPC013_VCAP_24H:BRD-K18163752-001-01-9:10","BRD-K18163752",NA,NA,NA,"brd-k18163752",4.22136e-10,9.37454760938394,FALSE,"Upregula NQO1",45.9637819107138
31,"GSK-3-inhibitor-IX","SKBR3","24 h","2.0 µM",7.48012e-13,2.37953e-09,2.78051,0.00952380952380952,"LINCS L1000","l1000_results_up","up","LJP001_SKBR3_24H:BRD-K04923131-001-10-5:2","BRD-K04923131",NA,NA,NA,"gsk-3-inhibitor-ix",2.37953e-09,8.62350881544924,FALSE,"Upregula NQO1",23.9777524964448
32,"MD-II-038","VCAP","24 h","10.0 µM",7.71546e-13,5.30271e-11,3.35132,0.000206015657189946,"LINCS L1000","l1000_results_up","up","CPC012_VCAP_24H:BRD-K03736784-001-01-1:10","BRD-K03736784",NA,NA,NA,"md-ii-038",5.30271e-11,10.2755021233705,FALSE,"Upregula NQO1",34.4364957760941
33,"BRD-K42489623","VCAP","24 h","10.0 µM",8.50156e-13,1.57761e-09,3.89101,0.00114678899082569,"LINCS L1000","l1000_results_up","up","CPC009_VCAP_24H:BRD-K42489623-001-06-4:10","BRD-K42489623",NA,NA,NA,"brd-k42489623",1.57761e-09,8.80200034953075,FALSE,"Upregula NQO1",34.2486713800276
34,"EMF-bca1-16","VCAP","24 h","10.0 µM",9.20529e-13,2.84699e-10,3.32748,0.000277469478357381,"LINCS L1000","l1000_results_up","up","CPC019_VCAP_24H:BRD-K50234570-001-06-6:10","BRD-K50234570",NA,NA,NA,"emf-bca1-16",2.84699e-10,9.54561405830174,FALSE,"Upregula NQO1",31.7628398667179
35,"BG-FA-0953","VCAP","24 h","10.0 µM",1.46524e-12,1.25492e-09,3.80044,0.00036036036036036,"LINCS L1000","l1000_results_up","up","CPC013_VCAP_24H:BRD-K83643280-001-01-1:10","BRD-K83643280",NA,NA,NA,"bg-fa-0953",1.25492e-09,8.90138395917574,FALSE,"Upregula NQO1",33.8291756538099
36,"BRD-K28366633","VCAP","24 h","10.0 µM",1.559e-12,3.08244e-10,4.0743,0.000222271615914648,"LINCS L1000","l1000_results_up","up","CPC009_VCAP_24H:BRD-K28366633-001-05-2:10","BRD-K28366633",NA,NA,NA,"brd-k28366633",3.08244e-10,9.51110536823508,FALSE,"Upregula NQO1",38.7510966018002
37,"radicicol","VCAP","6 h","5.0 µM",1.87762e-12,4.09488e-10,1.91289,0.000256871307474955,"LINCS L1000","l1000_results_up","up","ERG005_VCAP_6H:BRD-A39996500-001-01-4:5","BRD-A39996500",NA,NA,NA,"radicicol",4.09488e-10,9.38775882066826,FALSE,"Upregula NQO1",17.9577499704681
38,"BRD-K92317137","VCAP","24 h","10.0 µM",2.35919e-12,1.18321e-10,3.02068,0.000194250194250194,"LINCS L1000","l1000_results_up","up","CPC006_VCAP_24H:BRD-K92317137-001-04-0:10","BRD-K92317137",NA,NA,NA,"brd-k92317137",1.18321e-10,9.92693816851888,FALSE,"Upregula NQO1",29.9861035868816
39,"cucurbitacin-i","VCAP","24 h","10.0 µM",3.03487e-12,2.88434e-10,3.42375,0.000200080032012805,"LINCS L1000","l1000_results_up","up","CPC001_VCAP_24H:BRD-A49680073-001-01-9:10","BRD-A49680073",NA,NA,NA,"cucurbitacin-i",2.88434e-10,9.53995354720484,FALSE,"Upregula NQO1",32.6624159572426
40,"quinoclamine","MCF7","24 h","11.1 µM",3.76996e-12,3.01977e-10,1.44028,0.000331235508446505,"LINCS L1000","l1000_results_up","up","CPC006_MCF7_24H:BRD-K66792149-001-01-8:11.1","BRD-K66792149",NA,NA,NA,"quinoclamine",3.01977e-10,9.52002613370997,FALSE,"Upregula NQO1",13.7115032398598
41,"BRD-K88707333","VCAP","24 h","10.0 µM",3.93303e-12,2.5759e-09,4.03791,0.000392310710082385,"LINCS L1000","l1000_results_up","up","CPC008_VCAP_24H:BRD-K88707333-001-04-0:10","BRD-K88707333",NA,NA,NA,"brd-k88707333",2.5759e-09,8.58907100089731,FALSE,"Upregula NQO1",34.6818956852333
42,"7b-cis","MCF7","6 h","10.0 µM",5.29103e-12,3.2728e-09,1.79543,0.000827814569536424,"LINCS L1000","l1000_results_up","up","CPC006_MCF7_6H:BRD-K61829047-001-01-6:10","BRD-K61829047",NA,NA,NA,"7b-cis",3.2728e-09,8.48508053350968,FALSE,"Upregula NQO1",15.2343681422793
43,"MLN-4924","VCAP","24 h","11.1 µM",5.73e-12,9.24607e-10,2.8179,0.000279642058165548,"LINCS L1000","l1000_results_up","up","CPC006_VCAP_24H:BRD-K67844266-001-01-3:11.1","BRD-K67844266",NA,NA,NA,"mln-4924",9.24607e-10,9.03404282293572,FALSE,"Upregula NQO1",25.4570292707506
44,"withaferin-a","VCAP","6 h","1.0 µM",6.94333e-12,1.765e-10,1.83509,0.000183452577508714,"LINCS L1000","l1000_results_up","up","ERG005_VCAP_6H:BRD-K88378636-001-02-8:1","BRD-K88378636",NA,NA,NA,"withaferin-a",1.765e-10,9.75325529027616,FALSE,"Upregula NQO1",17.8981012506329
45,"BRD-K56593336","VCAP","24 h","10.0 µM",8.53993e-12,9.50836e-09,3.57712,0.000877963125548727,"LINCS L1000","l1000_results_up","up","CPC009_VCAP_24H:BRD-K56593336-001-05-6:10","BRD-K56593336",NA,NA,NA,"brd-k56593336",9.50836e-09,8.02189438362731,FALSE,"Upregula NQO1",28.6952788375609
46,"radicicol","VCAP","24 h","5.0 µM",9.1792e-12,1.30193e-09,1.72146,0.000168747890651367,"LINCS L1000","l1000_results_up","up","ERG005_VCAP_24H:BRD-A39996500-001-01-4:5","BRD-A39996500",NA,NA,NA,"radicicol",1.30193e-09,8.88541236556121,FALSE,"Upregula NQO1",15.295881970819
47,"BRD-K82732294","VCAP","24 h","10.0 µM",1.07715e-11,1.16437e-09,3.69819,0.000259470679813181,"LINCS L1000","l1000_results_up","up","CPC009_VCAP_24H:BRD-K82732294-001-05-8:10","BRD-K82732294",NA,NA,NA,"brd-k82732294",1.16437e-09,8.933908992689,FALSE,"Upregula NQO1",33.0392928976725
48,"BRD-K92317137","VCAP","24 h","10.0 µM",1.21373e-11,1.26295e-09,3.35358,0.000260348867482426,"LINCS L1000","l1000_results_up","up","CPC010_VCAP_24H:BRD-K92317137-001-08-1:10","BRD-K92317137",NA,NA,NA,"brd-k92317137",1.26295e-09,8.89861384275736,FALSE,"Upregula NQO1",29.8422134107942
49,"menadione","SW948","6 h","10.0 µM",1.39159e-11,3.87349e-08,3.31811,0.00128369704749679,"LINCS L1000","l1000_results_up","up","CPC006_SW948_6H:BRD-K78126613-001-16-0:10","BRD-K78126613",NA,NA,NA,"menadione",3.87349e-08,7.41189756089267,FALSE,"Upregula NQO1",24.5934914157736
50,"BRD-K42455570","VCAP","24 h","10.0 µM",1.53089e-11,3.409e-08,4.22358,0.00134048257372654,"LINCS L1000","l1000_results_up","up","CPC008_VCAP_24H:BRD-K42455570-001-04-3:10","BRD-K42455570",NA,NA,NA,"brd-k42455570",3.409e-08,7.46737299877111,FALSE,"Upregula NQO1",31.5390472501497
51,"NSC-632839","VCAP","6 h","10.0 µM",1.89833e-11,1.84594e-09,2.7153,0.000338409475465313,"LINCS L1000","l1000_results_up","up","CPC006_VCAP_6H:BRD-K74402642-003-01-2:10","BRD-K74402642",NA,NA,NA,"nsc-632839",1.84594e-09,8.73378241928649,FALSE,"Upregula NQO1",23.7148394030886
52,"sulforaphane","MCF7","24 h","10.0 µM",2.16033e-11,1.33628e-08,1.6167,0.000714796283059328,"LINCS L1000","l1000_results_up","up","CPC006_MCF7_24H:BRD-A58955223-001-01-2:10","BRD-A58955223",NA,NA,NA,"sulforaphane",1.33628e-08,7.87410253159555,FALSE,"Upregula NQO1",12.7300615628305
53,"phenethyl-isothiocyanate","SW948","6 h","10.0 µM",2.18038e-11,1.61843e-07,3.33726,0.00645161290322581,"LINCS L1000","l1000_results_up","up","CPC006_SW948_6H:BRD-K56700933-001-01-3:10","BRD-K56700933",NA,NA,NA,"phenethyl-isothiocyanate",1.61843e-07,6.79090607987041,FALSE,"Upregula NQO1",22.6630192241083
54,"parthenolide","PC3","6 h","10.0 µM",2.30514e-11,1.28327e-08,2.13432,0.000659630606860158,"LINCS L1000","l1000_results_up","up","CPC006_PC3_6H:BRD-K98548675-001-02-6:10","BRD-K98548675",NA,NA,NA,"parthenolide",1.28327e-08,7.89168195845473,FALSE,"Upregula NQO1",16.8433746375691
55,"tyrphostin-AG-18","HT29","6 h","10.0 µM",2.34747e-11,5.74433e-09,1.94375,0.000433463372345037,"LINCS L1000","l1000_results_up","up","CPC018_HT29_6H:BRD-K49657628-001-02-3:10","BRD-K49657628",NA,NA,NA,"tyrphostin-ag-18",5.74433e-09,8.24076061872009,FALSE,"Upregula NQO1",16.0179784526372
56,"BRD-K01834163","VCAP","24 h","10.0 µM",2.49285e-11,3.70072e-08,3.39641,0.000831946755407654,"LINCS L1000","l1000_results_up","up","CPC009_VCAP_24H:BRD-K01834163-001-04-1:10","BRD-K01834163",NA,NA,NA,"brd-k01834163",3.70072e-08,7.43171377279602,FALSE,"Upregula NQO1",25.2411469750621
57,"withaferin-a","VCAP","24 h","1.0 µM",2.6707e-11,4.95594e-10,2.04431,0.000144759698899826,"LINCS L1000","l1000_results_up","up","ERG005_VCAP_24H:BRD-K88378636-001-02-8:1","BRD-K88378636",NA,NA,NA,"withaferin-a",4.95594e-10,9.30487396013025,FALSE,"Upregula NQO1",19.0220468854339
58,"phenethyl-isothiocyanate","MCF7","6 h","10.0 µM",2.96902e-11,7.44983e-08,1.75921,0.00684931506849315,"LINCS L1000","l1000_results_up","up","CPC006_MCF7_6H:BRD-K56700933-001-01-3:10","BRD-K56700933",NA,NA,NA,"phenethyl-isothiocyanate",7.44983e-08,7.1278536374402,FALSE,"Upregula NQO1",12.5393913975212
59,"BRD-A36275421","PC3","24 h","10.0 µM",3.21472e-11,3.30367e-09,1.48314,0.000291970802919708,"LINCS L1000","l1000_results_up","up","CPC006_PC3_24H:BRD-A36275421-001-11-1:10","BRD-A36275421",NA,NA,NA,"brd-a36275421",3.30367e-09,8.48100334038818,FALSE,"Upregula NQO1",12.5785152942633
60,"NSC-632839","SW948","6 h","10.0 µM",3.55721e-11,8.51742e-09,3.42823,0.000290528762347472,"LINCS L1000","l1000_results_up","up","CPC006_SW948_6H:BRD-K74402642-003-01-2:10","BRD-K74402642",NA,NA,NA,"nsc-632839",8.51742e-09,8.06969193685861,FALSE,"Upregula NQO1",27.6647599886968
61,"parthenolide","VCAP","6 h","10.0 µM",3.67163e-11,3.12318e-09,2.38524,0.000241196333815726,"LINCS L1000","l1000_results_up","up","CPC006_VCAP_6H:BRD-K98548675-001-02-6:10","BRD-K98548675",NA,NA,NA,"parthenolide",3.12318e-09,8.5054029851089,FALSE,"Upregula NQO1",20.2874274162011
62,"15-delta-prostaglandin-j2","HCC515","24 h","10.0 µM",4.29235e-11,3.1649e-08,2.47957,0.00241545893719807,"LINCS L1000","l1000_results_up","up","CPC006_HCC515_24H:BRD-K61033289-001-01-2:10","BRD-K61033289",NA,NA,NA,"15-delta-prostaglandin-j2",3.1649e-08,7.49964000764798,FALSE,"Upregula NQO1",18.5958823737637
63,"radicicol","VCAP","6 h","1.0 µM",5.46916e-11,1.21787e-08,1.65214,0.000350631136044881,"LINCS L1000","l1000_results_up","up","ERG005_VCAP_6H:BRD-A39996500-001-01-4:1","BRD-A39996500",NA,NA,NA,"radicicol",1.21787e-08,7.91439906744684,FALSE,"Upregula NQO1",13.0756952752916
64,"iodoacetic-acid","VCAP","24 h","10.0 µM",7.0173e-11,4.88317e-08,2.74159,0.000491400491400491,"LINCS L1000","l1000_results_up","up","CPC020_VCAP_24H:BRD-K88868628-001-01-0:10","BRD-K88868628",NA,NA,NA,"iodoacetic-acid",4.88317e-08,7.31129815616298,FALSE,"Upregula NQO1",20.0445819119549
65,"BRD-K75999307","VCAP","24 h","10.0 µM",7.09851e-11,1.12907e-07,3.97347,0.000831946755407654,"LINCS L1000","l1000_results_up","up","CPC008_VCAP_24H:BRD-K75999307-001-05-7:10","BRD-K75999307",NA,NA,NA,"brd-k75999307",1.12907e-07,6.94727913188254,FALSE,"Upregula NQO1",27.6048052121613
66,"parthenolide","VCAP","6 h","10.0 µM",7.73371e-11,6.88857e-08,3.09549,0.000483091787439614,"LINCS L1000","l1000_results_up","up","CPC013_VCAP_6H:BRD-K28120222-001-05-0:10","BRD-K28120222",NA,NA,NA,"parthenolide",6.88857e-08,7.16187092403805,FALSE,"Upregula NQO1",22.1694998266505
67,"MD-II-051","VCAP","24 h","10.0 µM",9.82886e-11,6.82803e-09,2.39523,0.000207425845260319,"LINCS L1000","l1000_results_up","up","CPC012_VCAP_24H:BRD-K86472598-001-02-7:10","BRD-K86472598",NA,NA,NA,"md-ii-051",6.82803e-09,8.16570457941351,FALSE,"Upregula NQO1",19.5587405797486
68,"SB-239063","SKB","24 h","10.0 µM",1.04257e-10,1.46843e-09,3.88925,0.000148367952522255,"LINCS L1000","l1000_results_up","up","CPC014_SKB_24H:BRD-K82091397-001-01-4:10","BRD-K82091397",NA,NA,NA,"sb-239063",1.46843e-09,8.83314675144852,FALSE,"Upregula NQO1",34.3543160030711
69,"BRD-K89224880","VCAP","6 h","10.0 µM",1.05094e-10,1.67159e-07,2.57979,0.00134589502018843,"LINCS L1000","l1000_results_up","up","CPC009_VCAP_6H:BRD-K89224880-001-07-5:10","BRD-K89224880",NA,NA,NA,"brd-k89224880",1.67159e-07,6.77687023561277,FALSE,"Upregula NQO1",17.4829020651315
70,"15-delta-prostaglandin-j2","VCAP","24 h","20.0 µM",1.11603e-10,2.7613e-07,1.39189,0.00195694716242661,"LINCS L1000","l1000_results_up","up","ERG005_VCAP_24H:BRD-A52934756-001-01-8:20","BRD-A52934756",NA,NA,NA,"15-delta-prostaglandin-j2",2.7613e-07,6.55888640709969,FALSE,"Upregula NQO1",9.12924840117798
71,"MD-049","VCAP","24 h","10.0 µM",1.19893e-10,3.2087e-08,2.69319,0.000358294518093873,"LINCS L1000","l1000_results_up","up","CPC012_VCAP_24H:BRD-K74797618-001-01-9:10","BRD-K74797618",NA,NA,NA,"md-049",3.2087e-08,7.49367088572004,FALSE,"Upregula NQO1",20.1818794927124
72,"BRD-K39345836","MCF7","24 h","10.0 µM",1.48286e-10,1.37585e-07,2.83199,0.00128040973111396,"LINCS L1000","l1000_results_up","up","CPC007_MCF7_24H:BRD-K39345836-001-05-8:10","BRD-K39345836",NA,NA,NA,"brd-k39345836",1.37585e-07,6.86142891182963,FALSE,"Upregula NQO1",19.4314980640124
73,"chaetocin","HT29","24 h","0.08 µM",1.53912e-10,9.13951e-09,2.31642,0.000190439916206437,"LINCS L1000","l1000_results_up","up","CPC006_HT29_24H:BRD-A85860691-001-02-2:0.08","BRD-A85860691",NA,NA,NA,"chaetocin",9.13951e-09,8.03907708763604,FALSE,"Upregula NQO1",18.6218789473419
74,"KM-03472SC","MCF7","24 h","10.0 µM",1.72543e-10,1.13006e-07,2.48657,0.00163934426229508,"LINCS L1000","l1000_results_up","up","CPC013_MCF7_24H:BRD-K68344511-001-02-4:10","BRD-K68344511",NA,NA,NA,"km-03472sc",1.13006e-07,6.94689849724477,FALSE,"Upregula NQO1",17.2739493962939
75,"BRD-K77547920","VCAP","24 h","10.0 µM",1.74636e-10,1.69816e-08,3.45201,0.00027292576419214,"LINCS L1000","l1000_results_up","up","CPC009_VCAP_24H:BRD-K77547920-001-04-2:10","BRD-K77547920",NA,NA,NA,"brd-k77547920",1.69816e-08,7.77002139310062,FALSE,"Upregula NQO1",26.8221915491973
76,"BRD-K73261812","HA1E","24 h","10.0 µM",2.22789e-10,2.98859e-08,1.92422,0.000383729854182655,"LINCS L1000","l1000_results_up","up","CPC006_HA1E_24H:BRD-K73261812-001-01-1:10","BRD-K73261812",NA,NA,NA,"brd-k73261812",2.98859e-08,7.52453366105672,FALSE,"Upregula NQO1",14.4788581612786
77,"F-1566-0341","VCAP","6 h","10.0 µM",2.25075e-10,2.40304e-08,2.81748,0.000358680057388809,"LINCS L1000","l1000_results_up","up","CPC013_VCAP_6H:BRD-K69852452-001-01-8:10","BRD-K69852452",NA,NA,NA,"f-1566-0341",2.40304e-08,7.61923900005141,FALSE,"Upregula NQO1",21.4670534978648
78,"BRD-K73610817","VCAP","24 h","10.0 µM",2.32168e-10,9.00681e-09,2.90369,0.000219298245614035,"LINCS L1000","l1000_results_up","up","CPC007_VCAP_24H:BRD-K73610817-001-06-3:10","BRD-K73610817",NA,NA,NA,"brd-k73610817",9.00681e-09,8.04542899866647,FALSE,"Upregula NQO1",23.3614317291378
79,"BRD-K92317137","SW948","6 h","10.0 µM",2.51257e-10,1.6119e-08,2.93792,0.000255754475703325,"LINCS L1000","l1000_results_up","up","CPC006_SW948_6H:BRD-K92317137-001-04-0:10","BRD-K92317137",NA,NA,NA,"brd-k92317137",1.6119e-08,7.79266190471164,FALSE,"Upregula NQO1",22.8942172630904
80,"cerulenin","MCF7","6 h","44.4 µM",2.63349e-10,2.02215e-07,1.7934,0.00111234705228031,"LINCS L1000","l1000_results_up","up","CPC006_MCF7_6H:BRD-K52075040-001-03-0:44.4","BRD-K52075040",NA,NA,NA,"cerulenin",2.02215e-07,6.69418663224844,FALSE,"Upregula NQO1",12.0053543062744
81,"BRD-K68548958","HT29","6 h","20.0 µM",4.11431e-10,4.58087e-07,1.65041,0.00135685210312076,"LINCS L1000","l1000_results_up","up","CPC006_HT29_6H:BRD-K68548958-001-01-2:20","BRD-K68548958",NA,NA,NA,"brd-k68548958",4.58087e-07,6.33905203284381,FALSE,"Upregula NQO1",10.4620348655258
82,"BRD-K49861754","MCF7","24 h","10.0 µM",4.31709e-10,6.72258e-08,2.41957,0.000434216239687364,"LINCS L1000","l1000_results_up","up","CPC013_MCF7_24H:BRD-K49861754-001-04-3:10","BRD-K49861754",NA,NA,NA,"brd-k49861754",6.72258e-08,7.17246402088572,FALSE,"Upregula NQO1",17.3542787710145
83,"7b-cis","SW948","6 h","10.0 µM",4.591e-10,2.92093e-07,2.90175,0.000758150113722517,"LINCS L1000","l1000_results_up","up","CPC006_SW948_6H:BRD-K61829047-001-01-6:10","BRD-K61829047",NA,NA,NA,"7b-cis",2.92093e-07,6.534478850756,FALSE,"Upregula NQO1",18.9614240051812
84,"arachidonyl-trifluoro-methane","VCAP","6 h","80.0 µM",4.61421e-10,3.05802e-08,2.50858,0.000288101411696917,"LINCS L1000","l1000_results_up","up","CPC006_VCAP_6H:BRD-K07303502-001-02-5:80","BRD-K07303502",NA,NA,NA,"arachidonyl-trifluoro-methane",3.05802e-08,7.5145596785505,FALSE,"Upregula NQO1",18.8508741184182
85,"sirolimus","VCAP","6 h","20.0 µM",4.62847e-10,1.21255e-07,1.51914,0.000364963503649635,"LINCS L1000","l1000_results_up","up","ERG005_VCAP_6H:BRD-A79768653-001-01-3:20","BRD-A79768653",NA,NA,NA,"sirolimus",1.21255e-07,6.91630034404415,FALSE,"Upregula NQO1",10.5068285046512
86,"pifithrin-mu","MCF7","6 h","10.0 µM",4.96324e-10,3.0472e-07,1.57187,0.000592417061611374,"LINCS L1000","l1000_results_up","up","CPC006_MCF7_6H:BRD-K96799727-001-02-5:10","BRD-K96799727",NA,NA,NA,"pifithrin-mu",3.0472e-07,6.51609904034711,FALSE,"Upregula NQO1",10.2424605985504
87,"chaetocin","HT29","6 h","0.08 µM",5.32846e-10,1.34834e-07,2.03741,0.000462962962962963,"LINCS L1000","l1000_results_up","up","CPC006_HT29_6H:BRD-A85860691-001-02-2:0.08","BRD-A85860691",NA,NA,NA,"chaetocin",1.34834e-07,6.87020058146157,FALSE,"Upregula NQO1",13.9974153666756
88,"BRD-K56411643","PC3","24 h","10.0 µM",5.36119e-10,2.52395e-08,2.05979,0.000227479526842584,"LINCS L1000","l1000_results_up","up","CPC006_PC3_24H:BRD-K56411643-001-02-6:10","BRD-K56411643",NA,NA,NA,"brd-k56411643",2.52395e-08,7.5979192528111,FALSE,"Upregula NQO1",15.6501180977478
89,"phenethyl-isothiocyanate","PC3","6 h","10.0 µM",6.80222e-10,5.04906e-06,1.84934,0.03125,"LINCS L1000","l1000_results_up","up","CPC006_PC3_6H:BRD-K56700933-001-01-3:10","BRD-K56700933",NA,NA,NA,"phenethyl-isothiocyanate",5.04906e-06,5.29678946837877,FALSE,"Upregula NQO1",9.79556463545159
90,"BRD-A09984573","VCAP","6 h","10.0 µM",6.86724e-10,1.01947e-06,2.66353,0.000594530321046373,"LINCS L1000","l1000_results_up","up","CPC013_VCAP_6H:BRD-A09984573-001-01-8:10","BRD-A09984573",NA,NA,NA,"brd-a09984573",1.01947e-06,5.99162554970551,FALSE,"Upregula NQO1",15.9588744004071
91,"MDM2-inhibitor","HT29","6 h","10.0 µM",7.36085e-10,1.12224e-06,2.55463,0.00238095238095238,"LINCS L1000","l1000_results_up","up","CPC017_HT29_6H:BRD-K84987553-001-01-1:10","BRD-K84987553",NA,NA,NA,"mdm2-inhibitor",1.12224e-06,5.94991425579859,FALSE,"Upregula NQO1",15.1998294552908
92,"BRD-K95196255","VCAP","24 h","10.0 µM",7.40914e-10,2.26319e-08,2.45755,0.0002322340919647,"LINCS L1000","l1000_results_up","up","CPC007_VCAP_24H:BRD-K95196255-001-09-0:10","BRD-K95196255",NA,NA,NA,"brd-k95196255",2.26319e-08,7.64527898449522,FALSE,"Upregula NQO1",18.7886553683462
93,"BRD-K52321331","VCAP","6 h","10.0 µM",8.37246e-10,4.32651e-07,2.32797,0.00100806451612903,"LINCS L1000","l1000_results_up","up","CPC009_VCAP_6H:BRD-K52321331-019-01-2:10","BRD-K52321331",NA,NA,NA,"brd-k52321331",4.32651e-07,6.36386228814916,FALSE,"Upregula NQO1",14.8148804909426
94,"BRD-K68548958","MCF7","6 h","20.0 µM",8.60257e-10,3.14036e-07,1.6034,0.000803858520900322,"LINCS L1000","l1000_results_up","up","CPC006_MCF7_6H:BRD-K68548958-001-01-2:20","BRD-K68548958",NA,NA,NA,"brd-k68548958",3.14036e-07,6.50302056305683,FALSE,"Upregula NQO1",10.4269431708053
95,"brazilin","VCAP","24 h","10.0 µM",9.57707e-10,1.71986e-07,2.3592,0.000391542678151919,"LINCS L1000","l1000_results_up","up","CPC004_VCAP_24H:BRD-A83326220-001-04-2:10","BRD-A83326220",NA,NA,NA,"brazilin",1.71986e-07,6.76450690408203,FALSE,"Upregula NQO1",15.9588246881103
96,"15-delta-prostaglandin-j2","VCAP","24 h","10.0 µM",1.0041e-09,1.86327e-06,2.36308,0.0023696682464455,"LINCS L1000","l1000_results_up","up","CPC006_VCAP_24H:BRD-K61033289-001-01-2:10","BRD-K61033289",NA,NA,NA,"15-delta-prostaglandin-j2",1.86327e-06,5.72972420843501,FALSE,"Upregula NQO1",13.5397966824686
97,"trichostatin-a","HL60","24 h","10.0 µM",1.22922e-09,1.86969e-08,4.20195,0.000129853265809635,"LINCS L1000","l1000_results_up","up","AML001_HL60_24H:BRD-A19037878:10","BRD-A19037878",NA,NA,NA,"trichostatin-a",1.86969e-08,7.72823039477361,FALSE,"Upregula NQO1",32.473637707319
98,"BRD-K66037923","VCAP","24 h","10.0 µM",1.26744e-09,3.48436e-07,3.43232,0.000502008032128514,"LINCS L1000","l1000_results_up","up","CPC008_VCAP_24H:BRD-K66037923-001-04-4:10","BRD-K66037923",NA,NA,NA,"brd-k66037923",3.48436e-07,6.45787698054828,FALSE,"Upregula NQO1",22.1655003178755
99,"pifithrin-mu","SW948","6 h","10.0 µM",1.35529e-09,4.02396e-07,2.98734,0.000461254612546125,"LINCS L1000","l1000_results_up","up","CPC006_SW948_6H:BRD-K96799727-001-02-5:10","BRD-K96799727",NA,NA,NA,"pifithrin-mu",4.02396e-07,6.39534634501615,FALSE,"Upregula NQO1",19.1050739503205
100,"BRD-K67808578","MCF7","24 h","10.0 µM",1.36085e-09,4.38079e-07,2.36882,0.000487329434697856,"LINCS L1000","l1000_results_up","up","CPC013_MCF7_24H:BRD-K67808578-001-01-1:10","BRD-K67808578",NA,NA,NA,"brd-k67808578",4.38079e-07,6.35844756490608,FALSE,"Upregula NQO1",15.0620177607008
101,"BRD-K39345836","VCAP","24 h","10.0 µM",1.67851e-09,2.63219e-07,2.76427,0.000309214594928881,"LINCS L1000","l1000_results_up","up","CPC007_VCAP_24H:BRD-K39345836-001-05-8:10","BRD-K39345836",NA,NA,NA,"brd-k39345836",2.63219e-07,6.57968276514419,FALSE,"Upregula NQO1",18.1880196772051
102,"F-1566-0341","VCAP","6 h","10.0 µM",1.68437e-09,2.569e-07,2.98011,0.00048780487804878,"LINCS L1000","l1000_results_up","up","CPC014_VCAP_6H:BRD-K69852452-001-02-6:10","BRD-K69852452",NA,NA,NA,"f-1566-0341",2.569e-07,6.59023589573365,FALSE,"Upregula NQO1",19.6396278952348
103,"BRD-K55722623","VCAP","6 h","10.0 µM",1.74277e-09,2.98523e-06,2.33417,0.00155763239875389,"LINCS L1000","l1000_results_up","up","CPC009_VCAP_6H:BRD-K55722623-001-01-3:10","BRD-K55722623",NA,NA,NA,"brd-k55722623",2.98523e-06,5.52502220259734,FALSE,"Upregula NQO1",12.8963410746366
104,"BRD-K92317137","VCAP","6 h","10.0 µM",1.80302e-09,1.08807e-07,3.98036,0.00021137180300148,"LINCS L1000","l1000_results_up","up","CPC010_VCAP_6H:BRD-K92317137-001-08-1:10","BRD-K92317137",NA,NA,NA,"brd-k92317137",1.08807e-07,6.9633431637961,FALSE,"Upregula NQO1",27.7166125954474
105,"15-delta-prostaglandin-j2","VCAP","6 h","20.0 µM",1.81913e-09,4.05084e-06,1.5139,0.00769230769230769,"LINCS L1000","l1000_results_up","up","ERG005_VCAP_6H:BRD-A52934756-001-01-8:20","BRD-A52934756",NA,NA,NA,"15-delta-prostaglandin-j2",4.05084e-06,5.3924549102327,FALSE,"Upregula NQO1",8.16363748860129
106,"BRD-K07259155","VCAP","6 h","10.0 µM",1.96251e-09,9.93208e-07,2.25495,0.00103734439834025,"LINCS L1000","l1000_results_up","up","CPC008_VCAP_6H:BRD-K07259155-001-05-2:10","BRD-K07259155",NA,NA,NA,"brd-k07259155",9.93208e-07,6.00295979098833,FALSE,"Upregula NQO1",13.5363741806891
107,"manumycin-a","VCAP","24 h","10.0 µM",1.96683e-09,4.65928e-07,2.4153,0.000485908649173955,"LINCS L1000","l1000_results_up","up","CPC005_VCAP_24H:BRD-K78599730-001-02-6:10","BRD-K78599730",NA,NA,NA,"manumycin-a",4.65928e-07,6.33168118978767,FALSE,"Upregula NQO1",15.2929095776941
108,"kinetin-riboside","MCF7","6 h","10.0 µM",1.98446e-09,1.52379e-06,1.53468,0.00127713920817369,"LINCS L1000","l1000_results_up","up","CPC006_MCF7_6H:BRD-K94325918-001-03-8:10","BRD-K94325918",NA,NA,NA,"kinetin-riboside",1.52379e-06,5.81707488084771,FALSE,"Upregula NQO1",8.92734847813936
109,"BNTX","VCAP","24 h","10.0 µM",2.20475e-09,1.07665e-07,2.51441,0.000254841997961264,"LINCS L1000","l1000_results_up","up","CPC005_VCAP_24H:BRD-A55484088-050-01-7:10","BRD-A55484088",NA,NA,NA,"bntx",1.07665e-07,6.96792545526539,FALSE,"Upregula NQO1",17.5202214439739
110,"BRD-K82732294","VCAP","6 h","10.0 µM",2.30049e-09,1.2197e-06,2.31122,0.000982318271119843,"LINCS L1000","l1000_results_up","up","CPC009_VCAP_6H:BRD-K82732294-001-05-8:10","BRD-K82732294",NA,NA,NA,"brd-k82732294",1.2197e-06,5.91374697618284,FALSE,"Upregula NQO1",13.6679702862933
111,"SA-1478088","HA1E","24 h","10.0 µM",2.70152e-09,1.24292e-07,2.15466,0.000284981476204047,"LINCS L1000","l1000_results_up","up","CPC006_HA1E_24H:BRD-K73395020-001-01-5:10","BRD-K73395020",NA,NA,NA,"sa-1478088",1.24292e-07,6.90555682363241,FALSE,"Upregula NQO1",14.8791270656078
112,"15-delta-prostaglandin-j2","SW948","6 h","10.0 µM",2.73233e-09,2.25346e-06,2.77645,0.00115074798619102,"LINCS L1000","l1000_results_up","up","CPC006_SW948_6H:BRD-K61033289-001-01-2:10","BRD-K61033289",NA,NA,NA,"15-delta-prostaglandin-j2",2.25346e-06,5.64715014646074,FALSE,"Upregula NQO1",15.6790300241409
113,"elesclomol","MCF7","6 h","10.0 µM",3.52319e-09,2.37022e-07,1.52973,0.000332225913621262,"LINCS L1000","l1000_results_up","up","CPC006_MCF7_6H:BRD-K82135108-001-01-9:10","BRD-K82135108",NA,NA,NA,"elesclomol",2.37022e-07,6.6252113416052,FALSE,"Upregula NQO1",10.1347845455937
114,"parthenolide","HT29","6 h","10.0 µM",3.61312e-09,4.73277e-06,1.63423,0.00625,"LINCS L1000","l1000_results_up","up","CPC018_HT29_6H:BRD-K98548675-001-02-6:10","BRD-K98548675",NA,NA,NA,"parthenolide",4.73277e-06,5.32488460057277,FALSE,"Upregula NQO1",8.70208616079404
115,"BRD-K28366633","VCAP","6 h","10.0 µM",3.66599e-09,2.14827e-06,2.45226,0.00174520069808028,"LINCS L1000","l1000_results_up","up","CPC009_VCAP_6H:BRD-K28366633-001-05-2:10","BRD-K28366633",NA,NA,NA,"brd-k28366633",2.14827e-06,5.66791113631463,FALSE,"Upregula NQO1",13.8991917631389
116,"BRD-K85565420","VCAP","24 h","30.0 µM",3.76792e-09,9.30562e-07,3.31932,0.000287521564117309,"LINCS L1000","l1000_results_up","up","ERG004_VCAP_24H:BRD-K85565420:30","BRD-K85565420",NA,NA,NA,"brd-k85565420",9.30562e-07,6.03125468608952,FALSE,"Upregula NQO1",20.0196643046307
117,"cerulenin","HCC515","24 h","44.4 µM",3.9461e-09,1.14511e-06,2.39319,0.000865051903114187,"LINCS L1000","l1000_results_up","up","CPC006_HCC515_24H:BRD-K52075040-001-03-0:44.4","BRD-K52075040",NA,NA,NA,"cerulenin",1.14511e-06,5.94115279271413,FALSE,"Upregula NQO1",14.2183074519955
118,"15-delta-prostaglandin-j2","VCAP","48 h","20.0 µM",4.17701e-09,8.4558e-06,1.09428,0.000677966101694915,"LINCS L1000","l1000_results_up","up","ERG005_VCAP_48H:BRD-A52934756-001-01-8:20","BRD-A52934756",NA,NA,NA,"15-delta-prostaglandin-j2",8.4558e-06,5.07284529768781,FALSE,"Upregula NQO1",5.55111315235381
119,"cucurbitacin-i","VCAP","6 h","10.0 µM",4.70193e-09,1.69696e-07,2.24123,0.000271076172404446,"LINCS L1000","l1000_results_up","up","CPC006_VCAP_6H:BRD-A28105619-001-01-3:10","BRD-A28105619",NA,NA,NA,"cucurbitacin-i",1.69696e-07,6.77032839456153,FALSE,"Upregula NQO1",15.1738631077431
120,"pifithrin-mu","A375","24 h","10.0 µM",5.10613e-09,6.93313e-07,1.93628,0.000526870389884088,"LINCS L1000","l1000_results_up","up","CPC006_A375_24H:BRD-K96799727-001-02-5:10","BRD-K96799727",NA,NA,NA,"pifithrin-mu",6.93313e-07,6.15907065646453,FALSE,"Upregula NQO1",11.9256853306991
121,"BRD-A81282034","VCAP","6 h","10.0 µM",5.42346e-09,1.2077e-05,2.70681,0.00155038759689923,"LINCS L1000","l1000_results_up","up","CPC019_VCAP_6H:BRD-A81282034-001-02-9:10","BRD-A81282034",NA,NA,NA,"brd-a81282034",1.2077e-05,4.91804093369952,FALSE,"Upregula NQO1",13.3122023797472
122,"sulforaphane","MCF7","6 h","10.0 µM",5.43159e-09,4.47965e-06,1.47887,0.00432900432900433,"LINCS L1000","l1000_results_up","up","CPC006_MCF7_6H:BRD-A58955223-001-01-2:10","BRD-A58955223",NA,NA,NA,"sulforaphane",4.47965e-06,5.34875591658369,FALSE,"Upregula NQO1",7.91011466235811
123,"BI-2536","A375","24 h","10.0 µM",6.3869e-09,1.03965e-07,1.91792,0.000221877080097626,"LINCS L1000","l1000_results_up","up","CPC006_A375_24H:BRD-K64890080-001-03-9:10","BRD-K64890080",NA,NA,NA,"bi-2536",1.03965e-07,6.98311284209723,FALSE,"Upregula NQO1",13.3930517821151
124,"F-1566-0341","MCF7","6 h","10.0 µM",6.43237e-09,1.67332e-07,1.72347,0.000260688216892597,"LINCS L1000","l1000_results_up","up","CPC013_MCF7_6H:BRD-K69852452-001-01-8:10","BRD-K69852452",NA,NA,NA,"f-1566-0341",1.67332e-07,6.77642099810223,FALSE,"Upregula NQO1",11.6789582975993
125,"isoliquiritigenin","MCF7","24 h","10.0 µM",7.37655e-09,1.11742e-06,1.23964,0.000671591672263264,"LINCS L1000","l1000_results_up","up","CPC006_MCF7_24H:BRD-K33583600-001-09-6:10","BRD-K33583600",NA,NA,NA,"isoliquiritigenin",1.11742e-06,5.95178355974164,FALSE,"Upregula NQO1",7.37806897199813
126,"BRD-A09984573","MCF7","6 h","10.0 µM",9.50714e-09,1.17614e-05,1.74624,0.00657894736842105,"LINCS L1000","l1000_results_up","up","CPC013_MCF7_6H:BRD-A09984573-001-01-8:10","BRD-A09984573",NA,NA,NA,"brd-a09984573",1.17614e-05,4.92954097961308,FALSE,"Upregula NQO1",8.60816164023955
127,"manumycin-a","MCF7","6 h","9.08 µM",1.02951e-08,1.6259e-06,1.40126,0.000613496932515337,"LINCS L1000","l1000_results_up","up","CPC006_MCF7_6H:BRD-K78599730-001-02-6:9.08","BRD-K78599730",NA,NA,NA,"manumycin-a",1.6259e-06,5.78890616894104,FALSE,"Upregula NQO1",8.11176265829032
128,"BRD-K78062244","MCF7","24 h","10.0 µM",1.06885e-08,5.66695e-06,2.31442,0.000555555555555556,"LINCS L1000","l1000_results_up","up","CPC010_MCF7_24H:BRD-K78062244-001-10-7:10","BRD-K78062244",NA,NA,NA,"brd-k78062244",5.66695e-06,5.24665061916014,FALSE,"Upregula NQO1",12.1429531259966
129,"cerulenin","HT29","6 h","44.4 µM",1.11864e-08,7.78433e-06,1.80713,0.00148809523809524,"LINCS L1000","l1000_results_up","up","CPC006_HT29_6H:BRD-K52075040-001-03-0:44.4","BRD-K52075040",NA,NA,NA,"cerulenin",7.78433e-06,5.10877876136494,FALSE,"Upregula NQO1",9.23222736302542
130,"BRD-K68548958","SW948","6 h","20.0 µM",1.119e-08,8.59239e-06,2.56591,0.0013986013986014,"LINCS L1000","l1000_results_up","up","CPC006_SW948_6H:BRD-K68548958-001-01-2:20","BRD-K68548958",NA,NA,NA,"brd-k68548958",8.59239e-06,5.06588601900439,FALSE,"Upregula NQO1",12.9986075950236
131,"manumycin-a","VCAP","6 h","10.0 µM",1.13438e-08,1.09352e-06,1.85781,0.000377643504531722,"LINCS L1000","l1000_results_up","up","CPC006_VCAP_6H:BRD-A77216878-001-01-4:10","BRD-A77216878",NA,NA,NA,"manumycin-a",1.09352e-06,5.96117326949858,FALSE,"Upregula NQO1",11.0747273118072
132,"BRD-K56593336","VCAP","6 h","10.0 µM",1.29535e-08,3.60562e-05,2.24996,0.0204081632653061,"LINCS L1000","l1000_results_up","up","CPC009_VCAP_6H:BRD-K56593336-001-05-6:10","BRD-K56593336",NA,NA,NA,"brd-k56593336",3.60562e-05,4.44302004594397,FALSE,"Upregula NQO1",9.9966173825721
133,"chaetocin","MCF7","6 h","0.08 µM",1.32606e-08,5.67859e-06,1.69086,0.00112612612612613,"LINCS L1000","l1000_results_up","up","CPC006_MCF7_6H:BRD-A85860691-001-02-2:0.08","BRD-A85860691",NA,NA,NA,"chaetocin",5.67859e-06,5.24575948668994,FALSE,"Upregula NQO1",8.86984488566454
134,"BRD-K88198340","VCAP","24 h","10.0 µM",1.52859e-08,4.25482e-06,2.23766,0.00060459492140266,"LINCS L1000","l1000_results_up","up","CPC007_VCAP_24H:BRD-K88198340-001-05-0:10","BRD-K88198340",NA,NA,NA,"brd-k88198340",4.25482e-06,5.37111880800249,FALSE,"Upregula NQO1",12.0187377119148
135,"geldanamycin","HL60","6 h","10.0 µM",1.53405e-08,2.57813e-07,1.96502,0.000220215811495265,"LINCS L1000","l1000_results_up","up","AML001_HL60_6H:BRD-A19500257:10","BRD-A19500257",NA,NA,NA,"geldanamycin",2.57813e-07,6.58869518750271,FALSE,"Upregula NQO1",12.9469178173466
136,"parthenolide","SW948","6 h","10.0 µM",1.83857e-08,2.82353e-06,2.67413,0.000417014178482068,"LINCS L1000","l1000_results_up","up","CPC006_SW948_6H:BRD-K98548675-001-02-6:10","BRD-K98548675",NA,NA,NA,"parthenolide",2.82353e-06,5.54920759352468,FALSE,"Upregula NQO1",14.8393025020721
137,"BRD-K80346834","MCF7","24 h","10.0 µM",1.83997e-08,2.16786e-06,2.13602,0.000541125541125541,"LINCS L1000","l1000_results_up","up","CPC013_MCF7_24H:BRD-K80346834-001-01-5:10","BRD-K80346834",NA,NA,NA,"brd-k80346834",2.16786e-06,5.66396876788581,FALSE,"Upregula NQO1",12.0983505675795
138,"tretinoin","VCAP","6 h","20.0 µM",1.89426e-08,2.22008e-05,1.26624,0.00102880658436214,"LINCS L1000","l1000_results_up","up","ERG005_VCAP_6H:BRD-K71879491-001-17-6:20","BRD-K71879491",NA,NA,NA,"tretinoin",2.22008e-05,4.65363137557974,FALSE,"Upregula NQO1",5.89261419301409
139,"K784-3131","MCF7","24 h","10.0 µM",1.90139e-08,1.00284e-05,2.8107,0.00113636363636364,"LINCS L1000","l1000_results_up","up","CPC012_MCF7_24H:BRD-A76490030-001-06-0:10","BRD-A76490030",NA,NA,NA,"k784-3131",1.00284e-05,4.9987683517852,FALSE,"Upregula NQO1",14.0500382063627
140,"chaetocin","VCAP","6 h","0.08 µM",1.9593e-08,5.03226e-07,2.407,0.000207856994387861,"LINCS L1000","l1000_results_up","up","CPC006_VCAP_6H:BRD-A85860691-001-02-2:0.08","BRD-A85860691",NA,NA,NA,"chaetocin",5.03226e-07,6.2982369284435,FALSE,"Upregula NQO1",15.1598562867635
141,"trichostatin-a","VCAP","6 h","20.0 µM",1.99011e-08,1.96481e-07,1.74117,0.000167813391508642,"LINCS L1000","l1000_results_up","up","ERG005_VCAP_6H:BRD-A19037878-001-01-5:20","BRD-A19037878",NA,NA,NA,"trichostatin-a",1.96481e-07,6.70667944016954,FALSE,"Upregula NQO1",11.67746904084
142,"parthenolide","MCF7","6 h","10.0 µM",2.07001e-08,3.3646e-06,1.32403,0.000606060606060606,"LINCS L1000","l1000_results_up","up","CPC006_MCF7_6H:BRD-K98548675-001-02-6:10","BRD-K98548675",NA,NA,NA,"parthenolide",3.3646e-06,5.47306655940986,FALSE,"Upregula NQO1",7.24650431665544
143,"GSK-3-inhibitor-IX","SKBR3","24 h","10.0 µM",2.20239e-08,2.40406e-06,2.57769,0.000386996904024768,"LINCS L1000","l1000_results_up","up","LJP001_SKBR3_24H:BRD-K04923131-001-10-5:10","BRD-K04923131",NA,NA,NA,"gsk-3-inhibitor-ix",2.40406e-06,5.61905469750801,FALSE,"Upregula NQO1",14.4841811032194
144,"necrostatin-1","HCC515","24 h","160.0 µM",2.46683e-08,1.66459e-05,2.22495,0.00892857142857143,"LINCS L1000","l1000_results_up","up","CPC006_HCC515_24H:BRD-A36318220-001-04-7:160","BRD-A36318220",NA,NA,NA,"necrostatin-1",1.66459e-05,4.77869271871296,FALSE,"Upregula NQO1",10.6323523645004
145,"BRD-K66884694","VCAP","6 h","10.0 µM",2.49669e-08,4.79278e-06,2.1915,0.000775795190069822,"LINCS L1000","l1000_results_up","up","CPC008_VCAP_6H:BRD-K66884694-001-05-3:10","BRD-K66884694",NA,NA,NA,"brd-k66884694",4.79278e-06,5.31941250570023,FALSE,"Upregula NQO1",11.6574925062421
146,"BRD-K48576794","HT29","6 h","10.0 µM",2.54436e-08,2.61157e-05,2.32338,0.00144717800289436,"LINCS L1000","l1000_results_up","up","CPC010_HT29_6H:BRD-K48576794-001-08-1:10","BRD-K48576794",NA,NA,NA,"brd-k48576794",2.61157e-05,4.58309832892854,FALSE,"Upregula NQO1",10.648278995466
147,"GP-42","VCAP","24 h","10.0 µM",2.56176e-08,8.09154e-07,2.55773,0.000244081034903588,"LINCS L1000","l1000_results_up","up","CPC012_VCAP_24H:BRD-A41250203-001-01-2:10","BRD-A41250203",NA,NA,NA,"gp-42",8.09154e-07,6.09196881462344,FALSE,"Upregula NQO1",15.5816113962268
148,"NSC-632839","MCF7","6 h","10.0 µM",2.5967e-08,3.23035e-06,1.67594,0.000585137507314219,"LINCS L1000","l1000_results_up","up","CPC006_MCF7_6H:BRD-K74402642-003-01-2:10","BRD-K74402642",NA,NA,NA,"nsc-632839",3.23035e-06,5.49075042044481,FALSE,"Upregula NQO1",9.20216825964027
149,"THZ-2-98-01","SKBR3","24 h","10.0 µM",2.65706e-08,6.05231e-06,1.93961,0.000509424350483953,"LINCS L1000","l1000_results_up","up","LJP001_SKBR3_24H:BRD-K49327517-001-01-9:10","BRD-K49327517",NA,NA,NA,"thz-2-98-01",6.05231e-06,5.21807883546686,FALSE,"Upregula NQO1",10.1210378900599
150,"withaferin-a","VCAP","6 h","5.0 µM",2.66496e-08,3.12005e-07,1.87594,0.000201734920314707,"LINCS L1000","l1000_results_up","up","ERG005_VCAP_6H:BRD-K88378636-001-02-8:5","BRD-K88378636",NA,NA,NA,"withaferin-a",3.12005e-07,6.50583844618986,FALSE,"Upregula NQO1",12.2045625747454
151,"oxiconazole","VCAP","24 h","10.0 µM",2.70092e-08,3.70217e-06,1.38603,0.000393700787401575,"LINCS L1000","l1000_results_up","up","CPC011_VCAP_24H:BRD-K23369905-008-01-6:10","BRD-K23369905",NA,NA,NA,"oxiconazole",3.70217e-06,5.43154364275038,FALSE,"Upregula NQO1",7.52828243516131
152,"exemestane","VCAP","24 h","10.0 µM",2.78301e-08,5.14719e-07,1.38142,0.000179985601151908,"LINCS L1000","l1000_results_up","up","CPC011_VCAP_24H:BRD-K33425534-001-06-7:10","BRD-K33425534",NA,NA,NA,"exemestane",5.14719e-07,6.28842980019192,FALSE,"Upregula NQO1",8.68696269458112
153,"cerulenin","HT29","24 h","44.4 µM",2.85856e-08,6.49536e-06,2.03495,0.000784313725490196,"LINCS L1000","l1000_results_up","up","CPC006_HT29_24H:BRD-K52075040-001-03-0:44.4","BRD-K52075040",NA,NA,NA,"cerulenin",6.49536e-06,5.18739677350847,FALSE,"Upregula NQO1",10.5560930642511
154,"radicicol","VCAP","24 h","1.0 µM",3.13254e-08,7.51675e-07,1.16397,0.000176647235470765,"LINCS L1000","l1000_results_up","up","ERG005_VCAP_24H:BRD-A39996500-001-01-4:1","BRD-A39996500",NA,NA,NA,"radicicol",7.51675e-07,6.12396989373767,FALSE,"Upregula NQO1",7.12811723721384
155,"phorbol-myristate-acetate","HL60","6 h","10.0 µM",3.56592e-08,5.29019e-07,2.48457,0.000223015165031222,"LINCS L1000","l1000_results_up","up","AML001_HL60_6H:BRD-K68552125:10","BRD-K68552125",NA,NA,NA,"phorbol-myristate-acetate",5.29019e-07,6.27652872976638,FALSE,"Upregula NQO1",15.5944749861156
156,"parthenolide","VCAP","6 h","20.0 µM",3.58023e-08,1.05456e-06,1.89444,0.00024906600249066,"LINCS L1000","l1000_results_up","up","CPC006_VCAP_6H:BRD-K81651477-001-03-5:20","BRD-K81651477",NA,NA,NA,"parthenolide",1.05456e-06,5.9769287057039,FALSE,"Upregula NQO1",11.3229328172337
157,"BRD-K75999307","PC3","6 h","10.0 µM",3.80362e-08,6.04994e-05,2.6388,0.00226244343891403,"LINCS L1000","l1000_results_up","up","CPC008_PC3_6H:BRD-K75999307-001-05-7:10","BRD-K75999307",NA,NA,NA,"brd-k75999307",6.04994e-05,4.2182489324216,FALSE,"Upregula NQO1",11.1311152828741
158,"wortmannin","HT29","6 h","10.0 µM",3.906e-08,3.62412e-05,2.10846,0.00166666666666667,"LINCS L1000","l1000_results_up","up","CPC004_HT29_6H:BRD-K87343924-001-02-4:10","BRD-K87343924",NA,NA,NA,"wortmannin",3.62412e-05,4.44079743062133,FALSE,"Upregula NQO1",9.36324375056784
159,"sirolimus","HA1E","24 h","10.0 µM",4.23428e-08,3.21505e-06,1.57383,0.000395100750691426,"LINCS L1000","l1000_results_up","up","CPC006_HA1E_24H:BRD-A79768653-001-02-1:10","BRD-A79768653",NA,NA,NA,"sirolimus",3.21505e-06,5.49281226860127,FALSE,"Upregula NQO1",8.64475273269274
160,"7b-cis","HT29","6 h","10.0 µM",4.38765e-08,1.92528e-05,1.35703,0.0017636684303351,"LINCS L1000","l1000_results_up","up","CPC006_HT29_6H:BRD-K61829047-001-01-6:10","BRD-K61829047",NA,NA,NA,"7b-cis",1.92528e-05,4.71550610064277,FALSE,"Upregula NQO1",6.39908324375525
161,"BRD-K80346834","VCAP","24 h","10.0 µM",4.48686e-08,3.99653e-05,3.23032,0.00404858299595142,"LINCS L1000","l1000_results_up","up","CPC013_VCAP_24H:BRD-K80346834-001-01-5:10","BRD-K80346834",NA,NA,NA,"brd-k80346834",3.99653e-05,4.39831692264517,FALSE,"Upregula NQO1",14.2079711215592
162,"BRD-K66037923","VCAP","6 h","10.0 µM",4.92418e-08,3.13291e-05,2.05279,0.00195694716242661,"LINCS L1000","l1000_results_up","up","CPC008_VCAP_6H:BRD-K66037923-001-04-4:10","BRD-K66037923",NA,NA,NA,"brd-k66037923",3.13291e-05,4.50405208104067,FALSE,"Upregula NQO1",9.24587307143947
163,"SID-26681509","MCF7","24 h","88.8 µM",5.73178e-08,5.43128e-06,1.35088,0.000433651344319167,"LINCS L1000","l1000_results_up","up","CPC006_MCF7_24H:BRD-K08417745-001-02-9:88.8","BRD-K08417745",NA,NA,NA,"sid-26681509",5.43128e-06,5.26509780734908,FALSE,"Upregula NQO1",7.11251532599173
164,"ST-4029573","MCF7","6 h","10.0 µM",6.02173e-08,4.05112e-06,2.05765,0.000276854928017719,"LINCS L1000","l1000_results_up","up","CPC013_MCF7_6H:BRD-K16798053-001-01-0:10","BRD-K16798053",NA,NA,NA,"st-4029573",4.05112e-06,5.3924248921988,FALSE,"Upregula NQO1",11.0957230794329
165,"quiflapon","SW948","6 h","80.0 µM",6.34186e-08,8.2147e-05,3.12834,0.00564971751412429,"LINCS L1000","l1000_results_up","up","CPC006_SW948_6H:BRD-K39503511-001-02-1:80","BRD-K39503511",NA,NA,NA,"quiflapon",8.2147e-05,4.08540829232918,FALSE,"Upregula NQO1",12.7805461772251
166,"pifithrin-mu","HT29","6 h","10.0 µM",6.34376e-08,4.41446e-05,1.48212,0.00529100529100529,"LINCS L1000","l1000_results_up","up","CPC018_HT29_6H:BRD-K96799727-001-01-7:10","BRD-K96799727",NA,NA,NA,"pifithrin-mu",4.41446e-05,4.35512241402604,FALSE,"Upregula NQO1",6.45481403227627
167,"manumycin-a","VCAP","24 h","10.0 µM",6.452e-08,1.47746e-05,2.2652,0.000742390497401633,"LINCS L1000","l1000_results_up","up","CPC005_VCAP_24H:BRD-K78599730-001-03-4:10","BRD-K78599730",NA,NA,NA,"manumycin-a",1.47746e-05,4.83048426815529,FALSE,"Upregula NQO1",10.9420129642254
168,"parthenolide","MCF7","6 h","10.0 µM",6.47166e-08,1.47052e-05,1.64044,0.000814995925020375,"LINCS L1000","l1000_results_up","up","CPC013_MCF7_6H:BRD-K28120222-001-05-0:10","BRD-K28120222",NA,NA,NA,"parthenolide",1.47052e-05,4.83252906443772,FALSE,"Upregula NQO1",7.92747397846621
169,"SA-792728","A375","24 h","40.0 µM",6.48975e-08,3.7342e-06,1.44794,0.000328299409061064,"LINCS L1000","l1000_results_up","up","CPC006_A375_24H:BRD-K20755323-001-02-6:40","BRD-K20755323",NA,NA,NA,"sa-792728",3.7342e-06,5.42780242538793,FALSE,"Upregula NQO1",7.8591322438162
170,"elesclomol","PC3","6 h","10.0 µM",6.50688e-08,7.24476e-05,2.32917,0.012987012987013,"LINCS L1000","l1000_results_up","up","CPC006_PC3_6H:BRD-K82135108-001-01-9:10","BRD-K82135108",NA,NA,NA,"elesclomol",7.24476e-05,4.13997599699779,FALSE,"Upregula NQO1",9.64270789292734
171,"BRD-K89224880","VCAP","24 h","10.0 µM",6.60253e-08,4.38881e-06,3.19019,0.000349040139616056,"LINCS L1000","l1000_results_up","up","CPC009_VCAP_24H:BRD-K89224880-001-07-5:10","BRD-K89224880",NA,NA,NA,"brd-k89224880",4.38881e-06,5.3576532201889,FALSE,"Upregula NQO1",17.0919317265144
172,"F-1061-0166","VCAP","24 h","10.0 µM",6.6371e-08,1.09316e-06,2.8925,0.000206868018204386,"LINCS L1000","l1000_results_up","up","CPC014_VCAP_24H:BRD-A75931230-001-01-3:10","BRD-A75931230",NA,NA,NA,"f-1061-0166",1.09316e-06,5.96131626803051,FALSE,"Upregula NQO1",17.2431073052783
173,"PD-0325901","HT29","6 h","10.0 µM",6.67458e-08,1.12598e-05,1.95752,0.000642260757867694,"LINCS L1000","l1000_results_up","up","CPC014_HT29_6H:BRD-K49865102-001-02-7:10","BRD-K49865102",NA,NA,NA,"pd-0325901",1.12598e-05,4.94846932348714,FALSE,"Upregula NQO1",9.68672767011255
174,"CVF-SUMO-7","MCF7","24 h","10.0 µM",7.01869e-08,4.00749e-05,1.83781,0.00371747211895911,"LINCS L1000","l1000_results_up","up","CPC020_MCF7_24H:BRD-A25088322-001-01-2:10","BRD-A25088322",NA,NA,NA,"cvf-sumo-7",4.00749e-05,4.39712755267943,FALSE,"Upregula NQO1",8.08108498758978
175,"BRD-K18163752","HT29","6 h","10.0 µM",7.1397e-08,5.29956e-05,2.59567,0.00478468899521531,"LINCS L1000","l1000_results_up","up","CPC013_HT29_6H:BRD-K18163752-001-01-9:10","BRD-K18163752",NA,NA,NA,"brd-k18163752",5.29956e-05,4.27576018653213,FALSE,"Upregula NQO1",11.0984624433759
176,"radicicol","PC3","6 h","10.0 µM",7.28983e-08,6.59878e-06,1.98912,0.000435540069686411,"LINCS L1000","l1000_results_up","up","ASG001_PC3_6H:BRD-A39996500-001-01-4:10","BRD-A39996500",NA,NA,NA,"radicicol",6.59878e-06,5.1805363505557,FALSE,"Upregula NQO1",10.3047084656174
177,"EMF-bca1-16","VCAP","24 h","10.0 µM",7.33236e-08,1.0849e-06,1.59862,0.000206398348813209,"LINCS L1000","l1000_results_up","up","CPC020_VCAP_24H:BRD-K50234570-001-09-0:10","BRD-K50234570",NA,NA,NA,"emf-bca1-16",1.0849e-06,5.96461029080132,FALSE,"Upregula NQO1",9.53514530308081
178,"tosyl-phenylalanyl-chloromethyl-ketone","A375","6 h","10.0 µM",7.49546e-08,0.000114281,2.87173,0.00353356890459364,"LINCS L1000","l1000_results_up","up","CPC016_A375_6H:BRD-K50311478-001-01-6:10","BRD-K50311478",NA,NA,NA,"tosyl-phenylalanyl-chloromethyl-ketone",0.000114281,3.94202596803919,FALSE,"Upregula NQO1",11.3204342331972
179,"arachidonyl-trifluoro-methane","MCF7","6 h","80.0 µM",7.7966e-08,3.28548e-06,1.34857,0.000325626831650928,"LINCS L1000","l1000_results_up","up","CPC006_MCF7_6H:BRD-K07303502-001-02-5:80","BRD-K07303502",NA,NA,NA,"arachidonyl-trifluoro-methane",3.28548e-06,5.48340117218556,FALSE,"Upregula NQO1",7.39475031877428
180,"15-delta-prostaglandin-j2","HT29","24 h","10.0 µM",7.91684e-08,1.35609e-05,1.88523,0.000690131124913734,"LINCS L1000","l1000_results_up","up","CPC006_HT29_24H:BRD-K61033289-001-01-2:10","BRD-K61033289",NA,NA,NA,"15-delta-prostaglandin-j2",1.35609e-05,4.8677114865705,FALSE,"Upregula NQO1",9.1767557258273
181,"BRD-K87726525","VCAP","6 h","10.0 µM",7.91784e-08,5.87715e-05,2.05538,0.00234741784037559,"LINCS L1000","l1000_results_up","up","CPC008_VCAP_6H:BRD-K87726525-001-05-6:10","BRD-K87726525",NA,NA,NA,"brd-k87726525",5.87715e-05,4.23083322483078,FALSE,"Upregula NQO1",8.6959699936527
182,"BRD-K44366801","VCAP","24 h","10.0 µM",7.95862e-08,1.05868e-06,3.58881,0.000180407721450478,"LINCS L1000","l1000_results_up","up","CPC008_VCAP_24H:BRD-K44366801-001-04-1:10","BRD-K44366801",NA,NA,NA,"brd-k44366801",1.05868e-06,5.97523529129525,FALSE,"Upregula NQO1",21.4439841657533
183,"sulforaphane","SW948","6 h","10.0 µM",8.46111e-08,3.42567e-05,2.60349,0.00150829562594269,"LINCS L1000","l1000_results_up","up","CPC006_SW948_6H:BRD-A58955223-001-01-2:10","BRD-A58955223",NA,NA,NA,"sulforaphane",3.42567e-05,4.46525447560337,FALSE,"Upregula NQO1",11.6252453746886
184,"IKK-2-inhibitor-V","VCAP","24 h","10.0 µM",8.58012e-08,1.2447e-06,1.98001,0.000214132762312634,"LINCS L1000","l1000_results_up","up","CPC006_VCAP_24H:BRD-K74305673-001-01-3:10","BRD-K74305673",NA,NA,NA,"ikk-2-inhibitor-v",1.2447e-06,5.90493531045136,FALSE,"Upregula NQO1",11.6918309640468
185,"SEW-05685","VCAP","24 h","10.0 µM",9.24176e-08,1.37197e-06,2.4888,0.000192381685263563,"LINCS L1000","l1000_results_up","up","CPC013_VCAP_24H:BRD-K64440589-001-01-3:10","BRD-K64440589",NA,NA,NA,"sew-05685",1.37197e-06,5.86265538496812,FALSE,"Upregula NQO1",14.5909767221086
186,"BRD-K05562558","VCAP","24 h","10.0 µM",9.94908e-08,0.000116603,2.12789,0.00578034682080925,"LINCS L1000","l1000_results_up","up","CPC012_VCAP_24H:BRD-K05562558-001-01-3:10","BRD-K05562558",NA,NA,NA,"brd-k05562558",0.000116603,3.93329027576324,FALSE,"Upregula NQO1",8.36960904489384
187,"tubacin","VCAP","24 h","10.0 µM",1.01818e-07,6.41767e-06,2.21245,0.000237925291458482,"LINCS L1000","l1000_results_up","up","CPC019_VCAP_24H:BRD-K98426715-001-01-9:10","BRD-K98426715",NA,NA,NA,"tubacin",6.41767e-06,5.19262261831931,FALSE,"Upregula NQO1",11.4884179119006
188,"radicicol","VCAP","48 h","5.0 µM",1.0442e-07,6.10618e-07,1.01233,0.000137193030594046,"LINCS L1000","l1000_results_up","up","ERG005_VCAP_48H:BRD-A39996500-001-01-4:5","BRD-A39996500",NA,NA,NA,"radicicol",6.10618e-07,6.21423039757183,FALSE,"Upregula NQO1",6.29085185837389
189,"tozasertib","A375","6 h","10.0 µM",1.07246e-07,6.40253e-06,2.26336,0.000274951883420402,"LINCS L1000","l1000_results_up","up","CPC010_A375_6H:BRD-K59369769-001-08-8:10","BRD-K59369769",NA,NA,NA,"tozasertib",6.40253e-06,5.19364837790382,FALSE,"Upregula NQO1",11.7550959926124
190,"BRD-K05331696","A375","6 h","10.0 µM",1.1031e-07,1.50698e-05,2.30922,0.000429737859905458,"LINCS L1000","l1000_results_up","up","CPC010_A375_6H:BRD-K05331696-001-02-4:10","BRD-K05331696",NA,NA,NA,"brd-k05331696",1.50698e-05,4.82189251141946,FALSE,"Upregula NQO1",11.13481062522
191,"neratinib","HCC515","24 h","10.0 µM",1.10512e-07,3.74563e-06,2.11646,0.000379218809252939,"LINCS L1000","l1000_results_up","up","CPC006_HCC515_24H:BRD-K85606544-001-01-8:10","BRD-K85606544",NA,NA,NA,"neratinib",3.74563e-06,5.42647512522416,FALSE,"Upregula NQO1",11.4849175435319
192,"isoliquiritigenin","VCAP","24 h","10.0 µM",1.11637e-07,6.21481e-05,2.00494,0.003003003003003,"LINCS L1000","l1000_results_up","up","CPC006_VCAP_24H:BRD-K33583600-001-09-6:10","BRD-K33583600",NA,NA,NA,"isoliquiritigenin",6.21481e-05,4.20657214412819,FALSE,"Upregula NQO1",8.43392475464838
193,"trichostatin-a","VCAP","6 h","5.0 µM",1.11792e-07,9.07212e-07,1.63847,0.000169520257670792,"LINCS L1000","l1000_results_up","up","ERG005_VCAP_6H:BRD-A19037878-001-01-5:5","BRD-A19037878",NA,NA,NA,"trichostatin-a",9.07212e-07,6.04229121385316,FALSE,"Upregula NQO1",9.90011288516198
194,"BRD-K31856043","VCAP","24 h","10.0 µM",1.2206e-07,1.77649e-05,2.22423,0.000796812749003984,"LINCS L1000","l1000_results_up","up","CPC019_VCAP_24H:BRD-K31856043-001-01-0:10","BRD-K31856043",NA,NA,NA,"brd-k31856043",1.77649e-05,4.7504372328451,FALSE,"Upregula NQO1",10.566065006411
195,"sulforaphane","HEPG2","24 h","10.0 µM",1.26042e-07,3.215e-05,2.18249,0.000909090909090909,"LINCS L1000","l1000_results_up","up","PCLB001_HEPG2_24H:BRD-A58955223-001-02-0:10","BRD-A58955223",NA,NA,NA,"sulforaphane",3.215e-05,4.49281902273976,FALSE,"Upregula NQO1",9.8055325889393
196,"BRD-K39345836","VCAP","6 h","10.0 µM",1.32088e-07,0.000326815,1.96087,0.0101010101010101,"LINCS L1000","l1000_results_up","up","CPC007_VCAP_6H:BRD-K39345836-001-05-8:10","BRD-K39345836",NA,NA,NA,"brd-k39345836",0.000326815,3.48569801863984,FALSE,"Upregula NQO1",6.8350006738103
197,"BRD-K05331696","HT29","6 h","10.0 µM",1.32264e-07,5.54321e-05,2.26378,0.00119904076738609,"LINCS L1000","l1000_results_up","up","CPC010_HT29_6H:BRD-K05331696-001-02-4:10","BRD-K05331696",NA,NA,NA,"brd-k05331696",5.54321e-05,4.25623866820284,FALSE,"Upregula NQO1",9.63518797230423
198,"xanthohumol","VCAP","24 h","10.0 µM",1.32419e-07,4.62904e-06,2.36112,0.000300480769230769,"LINCS L1000","l1000_results_up","up","CPC014_VCAP_24H:BRD-K77390737-001-03-2:10","BRD-K77390737",NA,NA,NA,"xanthohumol",4.62904e-06,5.3345090664187,FALSE,"Upregula NQO1",12.5954160469025
199,"ALW-II-49-7","SKBR3","24 h","10.0 µM",1.33152e-07,0.000741258,2.44219,0.0526315789473684,"LINCS L1000","l1000_results_up","up","LJP001_SKBR3_24H:BRD-K22096725-001-02-7:10","BRD-K22096725",NA,NA,NA,"alw-ii-49-7",0.000741258,3.13003060649499,FALSE,"Upregula NQO1",7.644129446876
200,"BAY-11-7821","SW948","6 h","10.0 µM",1.38571e-07,1.21007e-05,2.36038,0.000324359390204346,"LINCS L1000","l1000_results_up","up","CPC006_SW948_6H:BRD-K15025317-001-05-2:10","BRD-K15025317",NA,NA,NA,"bay-11-7821",1.21007e-05,4.9171895059361,FALSE,"Upregula NQO1",11.6064357660215
201,"ingenol","PC3","6 h","10.0 µM",1.4222e-07,3.8156e-05,1.5468,0.00106837606837607,"LINCS L1000","l1000_results_up","up","CPC006_PC3_6H:BRD-A52650764-001-01-0:10","BRD-A52650764",NA,NA,NA,"ingenol",3.8156e-05,4.41843715988464,FALSE,"Upregula NQO1",6.83443859890956
202,"F-1566-0341","SKB","24 h","10.0 µM",1.44716e-07,3.53695e-05,2.97671,0.000504032258064516,"LINCS L1000","l1000_results_up","up","CPC013_SKB_24H:BRD-K69852452-001-01-8:10","BRD-K69852452",NA,NA,NA,"f-1566-0341",3.53695e-05,4.4513710795343,FALSE,"Upregula NQO1",13.2504408061605
203,"BRD-K73125384","MCF7","24 h","10.0 µM",1.5048e-07,7.12953e-05,2.08655,0.0048780487804878,"LINCS L1000","l1000_results_up","up","CPC010_MCF7_24H:BRD-K73125384-001-05-7:10","BRD-K73125384",NA,NA,NA,"brd-k73125384",7.12953e-05,4.14693909919924,FALSE,"Upregula NQO1",8.65279577743418
204,"ST-019365","MCF7","24 h","10.0 µM",1.56682e-07,8.7225e-05,1.94382,0.0032258064516129,"LINCS L1000","l1000_results_up","up","CPC013_MCF7_24H:BRD-K72192970-001-01-7:10","BRD-K72192970",NA,NA,NA,"st-019365",8.7225e-05,4.05935902187985,FALSE,"Upregula NQO1",7.89066325391049
205,"MW-STK33-1C","NOMO1","24 h","10.0 µM",1.59351e-07,2.09223e-06,2.25194,0.000232288037166086,"LINCS L1000","l1000_results_up","up","KMS002_NOMO1_24H:BRD-K38340366-001-12-4:10","BRD-K38340366",NA,NA,NA,"mw-stk33-1c",2.09223e-06,5.67939057494803,FALSE,"Upregula NQO1",12.7896468113485
206,"MLN-4924","SW948","6 h","11.1 µM",1.73869e-07,9.00399e-05,2.21486,0.00242718446601942,"LINCS L1000","l1000_results_up","up","CPC006_SW948_6H:BRD-K67844266-001-01-3:11.1","BRD-K67844266",NA,NA,NA,"mln-4924",9.00399e-05,4.04556499600684,FALSE,"Upregula NQO1",8.96036008705571
207,"BRD-K44366801","VCAP","6 h","10.0 µM",1.8678e-07,7.01153e-06,1.90145,0.000325945241199478,"LINCS L1000","l1000_results_up","up","CPC008_VCAP_6H:BRD-K44366801-001-04-1:10","BRD-K44366801",NA,NA,NA,"brd-k44366801",7.01153e-06,5.1541872034236,FALSE,"Upregula NQO1",9.8004292579498
208,"trichostatin-a","HL60","24 h","1.11111 µM",1.87311e-07,2.05588e-06,3.38922,0.000144780657304184,"LINCS L1000","l1000_results_up","up","AML001_HL60_24H:BRD-A19037878:1.11111","BRD-A19037878",NA,NA,NA,"trichostatin-a",2.05588e-06,5.68700223834348,FALSE,"Upregula NQO1",19.2745017262385
209,"radicicol","VCAP","6 h","10.0 µM",1.89881e-07,2.42389e-05,2.5739,0.000803212851405623,"LINCS L1000","l1000_results_up","up","CPC014_VCAP_6H:BRD-K33551950-001-01-6:10","BRD-K33551950",NA,NA,NA,"radicicol",2.42389e-05,4.61548709303586,FALSE,"Upregula NQO1",11.879802228765
210,"BRD-K05331696","PC3","6 h","10.0 µM",1.91609e-07,8.20527e-05,1.44816,0.000866551126516464,"LINCS L1000","l1000_results_up","up","CPC010_PC3_6H:BRD-K05331696-001-02-4:10","BRD-K05331696",NA,NA,NA,"brd-k05331696",8.20527e-05,4.08590712361993,FALSE,"Upregula NQO1",5.91704726014143
211,"exemestane","VCAP","24 h","10.0 µM",1.95068e-07,7.04016e-06,1.60804,0.000353356890459364,"LINCS L1000","l1000_results_up","up","CPC004_VCAP_24H:BRD-A73741725-001-01-0:10","BRD-A73741725",NA,NA,NA,"exemestane",7.04016e-06,5.15241747064091,FALSE,"Upregula NQO1",8.28529338948942
212,"CT-200783","MCF7","6 h","10.0 µM",2.12838e-07,2.5758e-05,1.25278,0.000614628149969269,"LINCS L1000","l1000_results_up","up","CPC006_MCF7_6H:BRD-K02822062-001-01-3:10","BRD-K02822062",NA,NA,NA,"ct-200783",2.5758e-05,4.58908786113692,FALSE,"Upregula NQO1",5.74911749067511
213,"trichostatin-a","VCAP","6 h","1.0 µM",2.27609e-07,1.84306e-06,1.51382,0.0001743679163034,"LINCS L1000","l1000_results_up","up","ERG005_VCAP_6H:BRD-A19037878-001-01-5:1","BRD-A19037878",NA,NA,NA,"trichostatin-a",1.84306e-06,5.73446052628675,FALSE,"Upregula NQO1",8.68094103390341
214,"trichostatin-a","VCAP","6 h","10.0 µM",2.30677e-07,1.11426e-05,2.87463,0.000326797385620915,"LINCS L1000","l1000_results_up","up","CPC004_VCAP_6H:BRD-A19037878:10","BRD-A19037878",NA,NA,NA,"trichostatin-a",1.11426e-05,4.95301345961977,FALSE,"Upregula NQO1",14.2380810814268
215,"manumycin-a","VCAP","6 h","10.0 µM",2.4373e-07,4.75175e-05,2.12034,0.000757575757575758,"LINCS L1000","l1000_results_up","up","CPC005_VCAP_6H:BRD-K78599730-001-02-6:10","BRD-K78599730",NA,NA,NA,"manumycin-a",4.75175e-05,4.323146416612,FALSE,"Upregula NQO1",9.16654027299909
216,"BI-2536","MCF10A","24 h","10.0 µM",2.445e-07,1.23459e-05,2.08417,0.000418760469011725,"LINCS L1000","l1000_results_up","up","LJP001_MCF10A_24H:BRD-K64890080-001-09-6:10","BRD-K64890080",NA,NA,NA,"bi-2536",1.23459e-05,4.908477245077,FALSE,"Upregula NQO1",10.2301010198721
217,"EMF-sumo1-3","MCF7","6 h","10.0 µM",2.55644e-07,0.000132388,1.08767,0.00401606425702811,"LINCS L1000","l1000_results_up","up","CPC014_MCF7_6H:BRD-K94018295-001-06-5:10","BRD-K94018295",NA,NA,NA,"emf-sumo1-3",0.000132388,3.87815137871784,FALSE,"Upregula NQO1",4.21814891009003
218,"epitestosterone","VCAP","24 h","10.0 µM",2.61522e-07,3.11421e-05,1.98536,0.000711743772241993,"LINCS L1000","l1000_results_up","up","CPC004_VCAP_24H:BRD-K25836724-001-01-6:10","BRD-K25836724",NA,NA,NA,"epitestosterone",3.11421e-05,4.50665210507357,FALSE,"Upregula NQO1",8.94732682332887
219,"BRD-A49848186","MCF7","24 h","10.0 µM",2.63528e-07,8.57533e-06,1.7461,0.000337952010814464,"LINCS L1000","l1000_results_up","up","CPC020_MCF7_24H:BRD-A49848186-003-01-2:10","BRD-A49848186",NA,NA,NA,"brd-a49848186",8.57533e-06,5.06674915823313,FALSE,"Upregula NQO1",8.84705070519088
220,"niguldipine","A375","24 h","10.0 µM",2.9985e-07,2.10495e-05,1.80698,0.000540248514316586,"LINCS L1000","l1000_results_up","up","CPC006_A375_24H:BRD-A43331270-001-01-6:10","BRD-A43331270",NA,NA,NA,"niguldipine",2.10495e-05,4.67675821573425,FALSE,"Upregula NQO1",8.45080856066747
221,"BRD-K56411643","VCAP","6 h","10.0 µM",3.09957e-07,3.23891e-06,1.87433,0.000187652467629949,"LINCS L1000","l1000_results_up","up","CPC006_VCAP_6H:BRD-K56411643-001-02-6:10","BRD-K56411643",NA,NA,NA,"brd-k56411643",3.23891e-06,5.48960111961761,FALSE,"Upregula NQO1",10.2893240665329
222,"auranofin","MCF7","6 h","10.0 µM",3.28194e-07,2.03571e-05,1.21487,0.000448430493273543,"LINCS L1000","l1000_results_up","up","CPC006_MCF7_6H:BRD-A79465854-001-01-3:10","BRD-A79465854",NA,NA,NA,"auranofin",2.03571e-05,4.69128408997486,FALSE,"Upregula NQO1",5.69930030238776
223,"BRD-K66037923","HT29","6 h","10.0 µM",3.46686e-07,0.000238155,2.31677,0.00568181818181818,"LINCS L1000","l1000_results_up","up","CPC008_HT29_6H:BRD-K66037923-001-04-4:10","BRD-K66037923",NA,NA,NA,"brd-k66037923",0.000238155,3.62314029616115,FALSE,"Upregula NQO1",8.39398274393726
224,"lawsone","MCF7","24 h","10.0 µM",3.58301e-07,0.000797865,1.87516,0.0344827586206896,"LINCS L1000","l1000_results_up","up","CPC017_MCF7_24H:BRD-K66707493-001-02-6:10","BRD-K66707493",NA,NA,NA,"lawsone",0.000797865,3.09807058573561,FALSE,"Upregula NQO1",5.80937803954799
225,"BRD-K83816656","VCAP","24 h","10.0 µM",3.63113e-07,4.62046e-05,2.10582,0.000792393026941363,"LINCS L1000","l1000_results_up","up","CPC019_VCAP_24H:BRD-K83816656-001-01-9:10","BRD-K83816656",NA,NA,NA,"brd-k83816656",4.62046e-05,4.33531478515452,FALSE,"Upregula NQO1",9.1293925808741
226,"sulforaphane","HA1E","24 h","10.0 µM",3.76861e-07,7.77032e-05,1.69799,0.000999000999000999,"LINCS L1000","l1000_results_up","up","CPC006_HA1E_24H:BRD-A58955223-001-01-2:10","BRD-A58955223",NA,NA,NA,"sulforaphane",7.77032e-05,4.10956109556556,FALSE,"Upregula NQO1",6.97799364465936
227,"isoliquiritigenin","HT29","6 h","10.0 µM",3.76965e-07,0.000441803,1.20514,0.0101010101010101,"LINCS L1000","l1000_results_up","up","CPC006_HT29_6H:BRD-K33583600-001-09-6:10","BRD-K33583600",NA,NA,NA,"isoliquiritigenin",0.000441803,3.35477133944009,FALSE,"Upregula NQO1",4.04296913201283
228,"BRD-A37735495","HT29","6 h","10.0 µM",4.00036e-07,3.34887e-05,2.55665,0.0005175983436853,"LINCS L1000","l1000_results_up","up","CPC010_HT29_6H:BRD-A37735495-001-10-6:10","BRD-A37735495",NA,NA,NA,"brd-a37735495",3.34887e-05,4.47510171103835,FALSE,"Upregula NQO1",11.4412687895262
229,"BRD-K86682249","A375","24 h","10.0 µM",4.05053e-07,0.00128853,1.27524,0.0666666666666667,"LINCS L1000","l1000_results_up","up","CPC006_A375_24H:BRD-K86682249-001-05-7:10","BRD-K86682249",NA,NA,NA,"brd-k86682249",0.00128853,2.88990546560141,FALSE,"Upregula NQO1",3.68532304595354
230,"BRD-K23582869","NOMO1","24 h","3.35 µM",4.09305e-07,6.42631e-06,2.12389,0.000217580504786771,"LINCS L1000","l1000_results_up","up","KMS002_NOMO1_24H:BRD-K23582869-001-01-3:3.35","BRD-K23582869",NA,NA,NA,"brd-k23582869",6.42631e-06,5.19203832826441,FALSE,"Upregula NQO1",11.0273182850175
231,"isoliquiritigenin","HA1E","24 h","10.0 µM",4.34947e-07,4.70165e-05,1.83182,0.000462320850670365,"LINCS L1000","l1000_results_up","up","CPC006_HA1E_24H:BRD-K33583600-001-09-6:10","BRD-K33583600",NA,NA,NA,"isoliquiritigenin",4.70165e-05,4.32774970373644,FALSE,"Upregula NQO1",7.92765846229848
232,"BRD-K54343811","MCF7","24 h","0.625 µM",4.42308e-07,1.30627e-05,2.69697,0.000232883092687471,"LINCS L1000","l1000_results_up","up","HDAC002_MCF7_24H:BRD-K54343811-001-01-1:0.625","BRD-K54343811",NA,NA,NA,"brd-k54343811",1.30627e-05,4.88396704711089,FALSE,"Upregula NQO1",13.1719126070466
233,"trichostatin-a","HEK293T","6 h","10.0 µM",4.57924e-07,7.08621e-06,2.18335,0.000240211386019697,"LINCS L1000","l1000_results_up","up","BRAF001_HEK293T_6H:BRD-A19037878-001-01-5:10","BRD-A19037878",NA,NA,NA,"trichostatin-a",7.08621e-06,5.14958598148495,FALSE,"Upregula NQO1",11.2433485526752
234,"perhexiline","SW948","6 h","10.0 µM",4.63167e-07,2.63107e-05,2.1552,0.000373412994772218,"LINCS L1000","l1000_results_up","up","CPC006_SW948_6H:BRD-A19633847-050-20-6:10","BRD-A19633847",NA,NA,NA,"perhexiline",2.63107e-05,4.57986759729274,FALSE,"Upregula NQO1",9.87053064568531
235,"U0126","HT29","6 h","10.0 µM",4.96439e-07,1.96005e-05,1.76798,0.000393700787401575,"LINCS L1000","l1000_results_up","up","CPC018_HT29_6H:BRD-K46419649-001-01-8:10","BRD-K46419649",NA,NA,NA,"u0126",1.96005e-05,4.70773284984397,FALSE,"Upregula NQO1",8.32317752386714
236,"BRD-K60870698","VCAP","24 h","10.0 µM",5.1772e-07,6.19151e-06,2.56596,0.000208159866777685,"LINCS L1000","l1000_results_up","up","CPC007_VCAP_24H:BRD-K60870698-001-08-8:10","BRD-K60870698",NA,NA,NA,"brd-k60870698",6.19151e-06,5.20820342130395,FALSE,"Upregula NQO1",13.3640416509291
237,"radicicol","HT29","6 h","10.0 µM",5.21161e-07,3.12129e-05,1.8475,0.000462534690101758,"LINCS L1000","l1000_results_up","up","CPC014_HT29_6H:BRD-K33551950-001-01-6:10","BRD-K33551950",NA,NA,NA,"radicicol",3.12129e-05,4.50566587902811,FALSE,"Upregula NQO1",8.32421771150444
238,"trichostatin-a","JURKAT","6 h","0.16 µM",5.25375e-07,6.09326e-05,4.06743,0.000475511174512601,"LINCS L1000","l1000_results_up","up","PCLB001_JURKAT_6H:BRD-A19037878-001-02-3:0.16","BRD-A19037878",NA,NA,NA,"trichostatin-a",6.09326e-05,4.21515029009214,FALSE,"Upregula NQO1",17.1448287444295
239,"SA-1478088","VCAP","24 h","10.0 µM",5.46832e-07,5.63743e-05,1.96353,0.000587889476778366,"LINCS L1000","l1000_results_up","up","CPC001_VCAP_24H:BRD-K73395020-001-01-5:10","BRD-K73395020",NA,NA,NA,"sa-1478088",5.63743e-05,4.24891883771753,FALSE,"Upregula NQO1",8.34287960542349
240,"BRD-K88742110","MCF7","24 h","5.0 µM",5.79657e-07,1.60183e-05,2.6736,0.000241837968561064,"LINCS L1000","l1000_results_up","up","HDAC002_MCF7_24H:BRD-K88742110-001-01-2:5","BRD-K88742110",NA,NA,NA,"brd-k88742110",1.60183e-05,4.7953835768782,FALSE,"Upregula NQO1",12.8209375311416
241,"SA-792541","VCAP","6 h","10.0 µM",5.81238e-07,2.8076e-05,1.86834,0.000294898260100265,"LINCS L1000","l1000_results_up","up","CPC006_VCAP_6H:BRD-K68143200-001-05-9:10","BRD-K68143200",NA,NA,NA,"sa-792541",2.8076e-05,4.55166476625982,FALSE,"Upregula NQO1",8.50405734939388
242,"BRD-K05331696","MCF7","24 h","10.0 µM",6.10126e-07,3.89292e-05,1.96886,0.000402576489533011,"LINCS L1000","l1000_results_up","up","CPC010_MCF7_24H:BRD-K05331696-001-02-4:10","BRD-K05331696",NA,NA,NA,"brd-k05331696",3.89292e-05,4.40972452099685,FALSE,"Upregula NQO1",8.68213022040986
243,"SPB02303","VCAP","6 h","10.0 µM",6.10161e-07,0.000103718,2.94249,0.000893655049151028,"LINCS L1000","l1000_results_up","up","CPC012_VCAP_6H:BRD-K99532291-001-03-1:10","BRD-K99532291",NA,NA,NA,"spb02303",0.000103718,3.98414586634675,FALSE,"Upregula NQO1",11.7233093702666
244,"BRD-A39121618","MCF7","24 h","10.0 µM",6.23119e-07,0.000433613,1.86848,0.00526315789473684,"LINCS L1000","l1000_results_up","up","CPC013_MCF7_24H:BRD-A39121618-001-01-8:10","BRD-A39121618",NA,NA,NA,"brd-a39121618",0.000433613,3.36289770584321,FALSE,"Upregula NQO1",6.28350710541393
245,"Broad-Sai-595","MCF7","24 h","10.0 µM",6.2939e-07,1.31352e-05,3.33377,0.000220215811495265,"LINCS L1000","l1000_results_up","up","HDAC002_MCF7_24H:BRD-K29107232-001-01-3:10","BRD-K29107232",NA,NA,NA,"broad-sai-595",1.31352e-05,4.88156331014589,FALSE,"Upregula NQO1",16.2740093164651
246,"elesclomol","HT29","6 h","10.0 µM",6.41023e-07,3.24416e-05,1.62798,0.000379362670713202,"LINCS L1000","l1000_results_up","up","CPC006_HT29_6H:BRD-K82135108-001-01-9:10","BRD-K82135108",NA,NA,NA,"elesclomol",3.24416e-05,4.48889773479271,FALSE,"Upregula NQO1",7.30783573428784
247,"BRD-K94493764","VCAP","6 h","10.0 µM",6.7718e-07,0.000100953,2.45098,0.000798084596967279,"LINCS L1000","l1000_results_up","up","CPC013_VCAP_6H:BRD-K94493764-001-01-3:10","BRD-K94493764",NA,NA,NA,"brd-k94493764",0.000100953,3.99588077068679,FALSE,"Upregula NQO1",9.79382385133792
248,"wortmannin","THP1","24 h","10.0 µM",6.86882e-07,1.69498e-06,1.46319,0.000108589423390162,"LINCS L1000","l1000_results_up","up","KMS002_THP1_24H:BRD-A75409952-001-02-4:10","BRD-A75409952",NA,NA,NA,"wortmannin",1.69498e-06,5.7708354219098,FALSE,"Upregula NQO1",8.4438286809842
249,"BRD-K56411643","MCF7","6 h","10.0 µM",7.05377e-07,0.000131994,1.16789,0.00119904076738609,"LINCS L1000","l1000_results_up","up","CPC006_MCF7_6H:BRD-K56411643-001-02-6:10","BRD-K56411643",NA,NA,NA,"brd-k56411643",0.000131994,3.87944580990108,FALSE,"Upregula NQO1",4.53076596692538
250,"SA-792541","HA1E","6 h","10.0 µM",7.8931e-07,5.07987e-05,1.65925,0.000683526999316473,"LINCS L1000","l1000_results_up","up","CPC006_HA1E_6H:BRD-K68143200-001-05-9:10","BRD-K68143200",NA,NA,NA,"sa-792541",5.07987e-05,4.29414740169345,FALSE,"Upregula NQO1",7.12506407625986
251,"SSR-69071","HT29","6 h","10.0 µM",8.42046e-07,0.000506775,1.29699,0.010752688172043,"LINCS L1000","l1000_results_up","up","CPC018_HT29_6H:BRD-K72895815-001-01-4:10","BRD-K72895815",NA,NA,NA,"ssr-69071",0.000506775,3.29518481768332,FALSE,"Upregula NQO1",4.2738217566871
252,"WH-4025","PC3","6 h","10.0 µM",8.47579e-07,0.000393206,1.69976,0.00142247510668563,"LINCS L1000","l1000_results_up","up","CPC014_PC3_6H:BRD-U43867373-000-01-3:10","BRD-U43867373",NA,NA,NA,"wh-4025",0.000393206,3.40537986381292,FALSE,"Upregula NQO1",5.78832847731464
253,"BRD-K48576794","VCAP","24 h","10.0 µM",8.70772e-07,0.00055401,2.27532,0.00333333333333333,"LINCS L1000","l1000_results_up","up","CPC010_VCAP_24H:BRD-K48576794-001-08-1:10","BRD-K48576794",NA,NA,NA,"brd-k48576794",0.00055401,3.25648239609174,FALSE,"Upregula NQO1",7.40953952547547
254,"geldanamycin","VCAP","24 h","20.0 µM",8.76329e-07,1.16572e-05,0.997555,0.00016417665407979,"LINCS L1000","l1000_results_up","up","ERG005_VCAP_24H:BRD-A19500257-001-01-3:20","BRD-A19500257",NA,NA,NA,"geldanamycin",1.16572e-05,4.93340575237109,FALSE,"Upregula NQO1",4.92134357530655
255,"SA-792728","HA1E","24 h","40.0 µM",8.94901e-07,5.98428e-05,1.63953,0.000572409845449342,"LINCS L1000","l1000_results_up","up","CPC006_HA1E_24H:BRD-K20755323-001-02-6:40","BRD-K20755323",NA,NA,NA,"sa-792728",5.98428e-05,4.22298809435315,FALSE,"Upregula NQO1",6.92371567033481
256,"BMS-536924","A375","24 h","11.1 µM",9.00054e-07,4.11548e-06,1.55586,0.000137779002480022,"LINCS L1000","l1000_results_up","up","CPC006_A375_24H:BRD-K34581968-001-01-2:11.1","BRD-K34581968",NA,NA,NA,"bms-536924",4.11548e-06,5.38557950451146,FALSE,"Upregula NQO1",8.3792077278892
257,"tosyl-phenylalanyl-chloromethyl-ketone","PC3","6 h","10.0 µM",9.14386e-07,0.00509039,1.95703,0.142857142857143,"LINCS L1000","l1000_results_up","up","CPC004_PC3_6H:BRD-K50311478-001-01-6:10","BRD-K50311478",NA,NA,NA,"tosyl-phenylalanyl-chloromethyl-ketone",0.00509039,2.29324894293643,FALSE,"Upregula NQO1",4.48795697879489
258,"BRD-K14027855","VCAP","6 h","10.0 µM",9.17118e-07,0.000162082,1.72926,0.00119760479041916,"LINCS L1000","l1000_results_up","up","CPC009_VCAP_6H:BRD-K14027855-019-01-8:10","BRD-K14027855",NA,NA,NA,"brd-k14027855",0.000162082,3.79026521300301,FALSE,"Upregula NQO1",6.55435402223759
259,"WZ-4-145","VCAP","24 h","10.0 µM",9.3618e-07,1.71016e-05,2.02797,0.000266169816342827,"LINCS L1000","l1000_results_up","up","CPC014_VCAP_24H:BRD-U25771771-000-01-7:10","BRD-U25771771",NA,NA,NA,"wz-4-145",1.71016e-05,4.76696325576782,FALSE,"Upregula NQO1",9.66725847379946
260,"SID-26681509","VCAP","6 h","88.8 µM",9.47448e-07,3.57589e-05,1.79443,0.000365096750638919,"LINCS L1000","l1000_results_up","up","CPC006_VCAP_6H:BRD-K08417745-001-02-9:88.8","BRD-K08417745",NA,NA,NA,"sid-26681509",3.57589e-05,4.4466158492519,FALSE,"Upregula NQO1",7.97914087837308
261,"MD-049","HT29","6 h","10.0 µM",9.56611e-07,0.000788956,1.87362,0.00495049504950495,"LINCS L1000","l1000_results_up","up","CPC012_HT29_6H:BRD-K74797618-001-01-9:10","BRD-K74797618",NA,NA,NA,"md-049",0.000788956,3.10294721667657,FALSE,"Upregula NQO1",5.81374396410956
262,"4-hydroxy-2-nonenal","A375","6 h","10.0 µM",9.68134e-07,5.89521e-05,1.82685,0.000442282176028306,"LINCS L1000","l1000_results_up","up","CPC018_A375_6H:BRD-A15914070-001-01-5:10","BRD-A15914070",NA,NA,NA,"4-hydroxy-2-nonenal",5.89521e-05,4.22950071979421,FALSE,"Upregula NQO1",7.72666338995604
263,"SC-I-004","PC3","6 h","10.0 µM",9.87118e-07,0.000184715,2.05144,0.00075187969924812,"LINCS L1000","l1000_results_up","up","CPC012_PC3_6H:BRD-K30993697-001-01-1:10","BRD-K30993697",NA,NA,NA,"sc-i-004",0.000184715,3.73349783573076,FALSE,"Upregula NQO1",7.65904680013151
264,"radicicol","PC3","6 h","10.0 µM",9.88854e-07,6.92447e-05,1.76725,0.000527983104540655,"LINCS L1000","l1000_results_up","up","DEB001_PC3_6H:BRD-A39996500-001-01-4:10","BRD-A39996500",NA,NA,NA,"radicicol",6.92447e-05,4.15961346195796,FALSE,"Upregula NQO1",7.3510768906452
265,"BRD-K55722623","VCAP","24 h","10.0 µM",1.00031e-06,0.000262059,2.05403,0.00119331742243437,"LINCS L1000","l1000_results_up","up","CPC009_VCAP_24H:BRD-K55722623-001-01-3:10","BRD-K55722623",NA,NA,NA,"brd-k55722623",0.000262059,3.58160092055128,FALSE,"Upregula NQO1",7.35671573883995
266,"parthenolide","HT29","6 h","10.0 µM",1.0301e-06,0.000369971,1.17076,0.00143884892086331,"LINCS L1000","l1000_results_up","up","CPC006_HT29_6H:BRD-K98548675-001-02-6:10","BRD-K98548675",NA,NA,NA,"parthenolide",0.000369971,3.43183231656428,FALSE,"Upregula NQO1",4.01785200294079
267,"diphencyprone","VCAP","6 h","10.0 µM",1.0507e-06,0.00111414,1.86821,0.0131578947368421,"LINCS L1000","l1000_results_up","up","CPC011_VCAP_6H:BRD-K51730347-001-03-1:10","BRD-K51730347",NA,NA,NA,"diphencyprone",0.00111414,2.95306023339277,FALSE,"Upregula NQO1",5.51693665862671
268,"methylene-blue","SW948","6 h","10.0 µM",1.07625e-06,0.000160845,2.56907,0.000598444045481747,"LINCS L1000","l1000_results_up","up","CPC006_SW948_6H:BRD-K16406336-311-01-2:10","BRD-K16406336",NA,NA,NA,"methylene-blue",0.000160845,3.79359243495573,FALSE,"Upregula NQO1",9.74600451687173
269,"BRD-K42455570","VCAP","6 h","10.0 µM",1.0885e-06,0.00186452,1.7986,0.0142857142857143,"LINCS L1000","l1000_results_up","up","CPC008_VCAP_6H:BRD-K42455570-001-04-3:10","BRD-K42455570",NA,NA,NA,"brd-k42455570",0.00186452,2.72943295376524,FALSE,"Upregula NQO1",4.90915811064215
270,"BRD-K96167523","VCAP","24 h","10.0 µM",1.1076e-06,0.000152716,2.32544,0.000472813238770686,"LINCS L1000","l1000_results_up","up","CPC013_VCAP_24H:BRD-K96167523-001-01-3:10","BRD-K96167523",NA,NA,NA,"brd-k96167523",0.000152716,3.81611545968431,FALSE,"Upregula NQO1",8.87414753456828
271,"BRD-K06765193","VCAP","6 h","10.0 µM",1.11249e-06,0.000550511,2.43241,0.00347222222222222,"LINCS L1000","l1000_results_up","up","CPC013_VCAP_6H:BRD-K06765193-001-05-3:10","BRD-K06765193",NA,NA,NA,"brd-k06765193",0.000550511,3.25923399877838,FALSE,"Upregula NQO1",7.92779337096853
272,"cerulenin","PC3","24 h","44.4 µM",1.1172e-06,2.91992e-05,1.25694,0.00032520325203252,"LINCS L1000","l1000_results_up","up","CPC006_PC3_24H:BRD-K52075040-001-03-0:44.4","BRD-K52075040",NA,NA,NA,"cerulenin",2.91992e-05,4.53462904719353,FALSE,"Upregula NQO1",5.69975663457944
273,"trichostatin-a","HL60","6 h","3.33333 µM",1.16771e-06,8.13086e-06,2.14501,0.000184467810367091,"LINCS L1000","l1000_results_up","up","AML001_HL60_6H:BRD-A19037878:3.33333","BRD-A19037878",NA,NA,NA,"trichostatin-a",8.13086e-06,5.08986351670586,FALSE,"Upregula NQO1",10.9178081419692
274,"K784-3188","PC3","6 h","10.0 µM",1.1951e-06,0.000127944,1.71236,0.000921658986175115,"LINCS L1000","l1000_results_up","up","CPC014_PC3_6H:BRD-A72180425-001-06-4:10","BRD-A72180425",NA,NA,NA,"k784-3188",0.000127944,3.89298007576343,FALSE,"Upregula NQO1",6.66618336253427
275,"BRD-K82685933","MCF7","6 h","10.0 µM",1.19812e-06,0.000231998,1.3744,0.00149925037481259,"LINCS L1000","l1000_results_up","up","CPC013_MCF7_6H:BRD-K82685933-001-02-2:10","BRD-K82685933",NA,NA,NA,"brd-k82685933",0.000231998,3.63451575904319,FALSE,"Upregula NQO1",4.99527845922895
276,"sirolimus","A375","6 h","10.0 µM",1.25554e-06,0.000798811,1.67055,0.00413223140495868,"LINCS L1000","l1000_results_up","up","CPC018_A375_6H:BRD-A79768653-001-03-9:10","BRD-A79768653",NA,NA,NA,"sirolimus",0.000798811,3.09755596332261,FALSE,"Upregula NQO1",5.17462211452858
277,"afatinib","VCAP","6 h","10.0 µM",1.26813e-06,0.000324584,2.36671,0.000749063670411985,"LINCS L1000","l1000_results_up","up","CPC013_VCAP_6H:BRD-K66175015-001-01-7:10","BRD-K66175015",NA,NA,NA,"afatinib",0.000324584,3.48867289203589,FALSE,"Upregula NQO1",8.25667702031025
278,"K784-3187","PC3","6 h","10.0 µM",1.29781e-06,0.000209417,2.19365,0.00117785630153121,"LINCS L1000","l1000_results_up","up","CPC012_PC3_6H:BRD-A39093044-001-05-4:10","BRD-A39093044",NA,NA,NA,"k784-3187",0.000209417,3.67898806617907,FALSE,"Upregula NQO1",8.07041217137371
279,"F-1566-0341","MCF7","6 h","10.0 µM",1.31957e-06,1.75847e-05,1.32232,0.000285469597487868,"LINCS L1000","l1000_results_up","up","CPC014_MCF7_6H:BRD-K69852452-001-02-6:10","BRD-K69852452",NA,NA,NA,"f-1566-0341",1.75847e-05,4.75486503647163,FALSE,"Upregula NQO1",6.28745313502717
280,"BRD-A36275421","MCF7","6 h","10.0 µM",1.33463e-06,0.000401617,1.19616,0.00255754475703325,"LINCS L1000","l1000_results_up","up","CPC006_MCF7_6H:BRD-A36275421-001-11-1:10","BRD-A36275421",NA,NA,NA,"brd-a36275421",0.000401617,3.39618791227257,FALSE,"Upregula NQO1",4.06238413314395
281,"LDN-193189","MCF7","24 h","10.0 µM",1.33495e-06,1.05115e-05,0.92697,0.000191828122002686,"LINCS L1000","l1000_results_up","up","CPC006_MCF7_24H:BRD-K04853698-003-01-4:10","BRD-K04853698",NA,NA,NA,"ldn-193189",1.05115e-05,4.97833530535711,FALSE,"Upregula NQO1",4.61476747800688
282,"CT-200783","SW948","6 h","10.0 µM",1.33685e-06,6.13792e-05,1.99923,0.000343878954607978,"LINCS L1000","l1000_results_up","up","CPC006_SW948_6H:BRD-K02822062-001-01-3:10","BRD-K02822062",NA,NA,NA,"ct-200783",6.13792e-05,4.21197877634489,FALSE,"Upregula NQO1",8.42071432903199
283,"erbstatin-analog","VCAP","24 h","10.0 µM",1.39633e-06,0.000450631,1.46885,0.0012453300124533,"LINCS L1000","l1000_results_up","up","CPC020_VCAP_24H:BRD-K35573744-001-05-0:10","BRD-K35573744",NA,NA,NA,"erbstatin-analog",0.000450631,3.34617893541324,FALSE,"Upregula NQO1",4.91503492928173
284,"BRD-K06765193","MCF7","24 h","10.0 µM",1.4254e-06,0.000264506,1.88725,0.00242130750605327,"LINCS L1000","l1000_results_up","up","CPC010_MCF7_24H:BRD-K06765193-001-08-7:10","BRD-K06765193",NA,NA,NA,"brd-k06765193",0.000264506,3.57756447206987,FALSE,"Upregula NQO1",6.75175854991385
285,"PX-12","MCF7","6 h","30.0 µM",1.48134e-06,5.84865e-05,1.09301,0.000385951370127364,"LINCS L1000","l1000_results_up","up","CPC006_MCF7_6H:BRD-A56592690-001-01-9:30","BRD-A56592690",NA,NA,NA,"px-12",5.84865e-05,4.23294436728717,FALSE,"Upregula NQO1",4.62665052288855
286,"tyrphostin-47","HT29","6 h","10.0 µM",1.50394e-06,0.000429357,2.06204,0.0018018018018018,"LINCS L1000","l1000_results_up","up","CPC017_HT29_6H:BRD-K96778649-001-03-2:10","BRD-K96778649",NA,NA,NA,"tyrphostin-47",0.000429357,3.36718145220956,FALSE,"Upregula NQO1",6.94326284171419
287,"BRD-K48576794","A375","6 h","10.0 µM",1.52586e-06,7.07872e-05,2.05722,0.000284414106939704,"LINCS L1000","l1000_results_up","up","CPC010_A375_6H:BRD-K48576794-001-08-1:10","BRD-K48576794",NA,NA,NA,"brd-k48576794",7.07872e-05,4.15004526592513,FALSE,"Upregula NQO1",8.53755612196649
288,"BRD-K07259155","HT29","6 h","10.0 µM",1.63129e-06,0.000107863,1.91996,0.00048828125,"LINCS L1000","l1000_results_up","up","CPC008_HT29_6H:BRD-K07259155-001-05-2:10","BRD-K07259155",NA,NA,NA,"brd-k07259155",0.000107863,3.96712750482176,FALSE,"Upregula NQO1",7.61672612415758
289,"isotretinoin","MCF7","24 h","10.0 µM",1.63526e-06,0.000958262,1.65234,0.00625,"LINCS L1000","l1000_results_up","up","CPC020_MCF7_24H:BRD-K76723084-001-18-2:10","BRD-K76723084",NA,NA,NA,"isotretinoin",0.000958262,3.01851573351253,FALSE,"Upregula NQO1",4.9876142871121
290,"BX-795","A375","24 h","10.0 µM",1.63642e-06,1.89593e-05,1.5057,0.000207382828701784,"LINCS L1000","l1000_results_up","up","CPC006_A375_24H:BRD-K47983010-001-02-1:10","BRD-K47983010",NA,NA,NA,"bx-795",1.89593e-05,4.72217770137292,FALSE,"Upregula NQO1",7.11018296495721
291,"BRD-K86899078","PC3","24 h","10.0 µM",1.66472e-06,3.89389e-05,1.73281,0.00028328611898017,"LINCS L1000","l1000_results_up","up","CPC019_PC3_24H:BRD-K86899078-001-01-2:10","BRD-K86899078",NA,NA,NA,"brd-k86899078",3.89389e-05,4.40961632119497,FALSE,"Upregula NQO1",7.64102725752986
292,"BRD-K61413806","VCAP","24 h","10.0 µM",1.67619e-06,0.00219562,1.47858,0.0178571428571429,"LINCS L1000","l1000_results_up","up","CPC020_VCAP_24H:BRD-K61413806-001-06-9:10","BRD-K61413806",NA,NA,NA,"brd-k61413806",0.00219562,2.6584428218647,FALSE,"Upregula NQO1",3.93072038755271
293,"BRD-K36354764","PC3","6 h","10.0 µM",1.72895e-06,0.000663797,1.49929,0.00258397932816537,"LINCS L1000","l1000_results_up","up","CPC009_PC3_6H:BRD-K36354764-001-04-2:10","BRD-K36354764",NA,NA,NA,"brd-k36354764",0.000663797,3.17796471469691,FALSE,"Upregula NQO1",4.76469071709793
294,"pifithrin-mu","A375","6 h","10.0 µM",1.89403e-06,0.000284974,2.72069,0.00111358574610245,"LINCS L1000","l1000_results_up","up","CPC006_A375_6H:BRD-K96799727-001-02-5:10","BRD-K96799727",NA,NA,NA,"pifithrin-mu",0.000284974,3.54519476164629,FALSE,"Upregula NQO1",9.64537593606345
295,"CA-074-Me","MCF7","24 h","10.0 µM",1.95187e-06,0.000820079,1.76602,0.00595238095238095,"LINCS L1000","l1000_results_up","up","CPC005_MCF7_24H:BRD-A56020723-001-02-0:10","BRD-A56020723",NA,NA,NA,"ca-074-me",0.000820079,3.08614430906571,FALSE,"Upregula NQO1",5.45019257269622
296,"BRD-A18411371","MCF7","24 h","10.0 µM",1.9825e-06,0.000101253,1.8687,0.000551876379690949,"LINCS L1000","l1000_results_up","up","CPC010_MCF7_24H:BRD-A18411371-001-10-6:10","BRD-A18411371",NA,NA,NA,"brd-a18411371",0.000101253,3.99459210031928,FALSE,"Upregula NQO1",7.46469425786663
297,"vorinostat","VCAP","24 h","20.0 µM",2.00148e-06,6.83049e-06,1.00508,0.000125297581756672,"LINCS L1000","l1000_results_up","up","ERG005_VCAP_24H:BRD-K81418486-001-15-2:20","BRD-K81418486",NA,NA,NA,"vorinostat",6.83049e-06,5.16554814014527,FALSE,"Upregula NQO1",5.1917891246972
298,"exemestane","MCF7","24 h","10.0 µM",2.00963e-06,0.000745839,1.51804,0.00518134715025907,"LINCS L1000","l1000_results_up","up","CPC015_MCF7_24H:BRD-A73741725-001-01-0:10","BRD-A73741725",NA,NA,NA,"exemestane",0.000745839,3.12735491107668,FALSE,"Upregula NQO1",4.74744984921084
299,"BRD-K18163752","VCAP","6 h","10.0 µM",2.02698e-06,0.0003076,1.86108,0.000561797752808989,"LINCS L1000","l1000_results_up","up","CPC013_VCAP_6H:BRD-K18163752-001-01-9:10","BRD-K18163752",NA,NA,NA,"brd-k18163752",0.0003076,3.51201366887061,FALSE,"Upregula NQO1",6.53613839886171
300,"ST-056792","VCAP","24 h","10.0 µM",2.0646e-06,5.6899e-05,1.82537,0.000367917586460633,"LINCS L1000","l1000_results_up","up","CPC012_VCAP_24H:BRD-K42308740-001-01-5:10","BRD-K42308740",NA,NA,NA,"st-056792",5.6899e-05,4.24489536626395,FALSE,"Upregula NQO1",7.74850465471722
301,"BRD-K01621458","MCF7","24 h","2.5 µM",2.08972e-06,3.45977e-05,2.47,0.000227221086116792,"LINCS L1000","l1000_results_up","up","HDAC002_MCF7_24H:BRD-K01621458-001-01-2:2.5","BRD-K01621458",NA,NA,NA,"brd-k01621458",3.45977e-05,4.46095277145316,FALSE,"Upregula NQO1",11.0185533454893
302,"chaetocin","PC3","6 h","0.08 µM",2.10717e-06,0.000266605,1.32192,0.000858369098712446,"LINCS L1000","l1000_results_up","up","CPC006_PC3_6H:BRD-A85860691-001-02-2:0.08","BRD-A85860691",NA,NA,NA,"chaetocin",0.000266605,3.57413170994074,FALSE,"Upregula NQO1",4.72471619000486
303,"BRD-A30083233","VCAP","24 h","10.0 µM",2.14706e-06,1.96591e-05,2.03236,0.000185873605947955,"LINCS L1000","l1000_results_up","up","CPC013_VCAP_24H:BRD-A30083233-001-01-4:10","BRD-A30083233",NA,NA,NA,"brd-a30083233",1.96591e-05,4.7064363681916,FALSE,"Upregula NQO1",9.56517301725788
304,"trichostatin-a","HEK293T","24 h","10.0 µM",2.18184e-06,1.13094e-05,1.59359,0.000154178230033919,"LINCS L1000","l1000_results_up","up","BRAF001_HEK293T_24H:BRD-A19037878-001-01-5:10","BRD-A19037878",NA,NA,NA,"trichostatin-a",1.13094e-05,4.94656043518075,FALSE,"Upregula NQO1",7.8827892438997
305,"elesclomol","VCAP","6 h","10.0 µM",2.18364e-06,0.000142596,1.81717,0.000666666666666667,"LINCS L1000","l1000_results_up","up","CPC006_VCAP_6H:BRD-K82135108-001-01-9:10","BRD-K82135108",NA,NA,NA,"elesclomol",0.000142596,3.84589265682842,FALSE,"Upregula NQO1",6.9886407592089
306,"K784-3187","MCF7","24 h","10.0 µM",2.18377e-06,0.000184898,1.98012,0.000801924619085806,"LINCS L1000","l1000_results_up","up","CPC007_MCF7_24H:BRD-A39093044-001-09-6:10","BRD-A39093044",NA,NA,NA,"k784-3187",0.000184898,3.73306778648096,FALSE,"Upregula NQO1",7.39192218536669
307,"BRD-K35832492","MCF7","24 h","0.625 µM",2.19855e-06,3.4573e-05,2.52241,0.000217296827466319,"LINCS L1000","l1000_results_up","up","HDAC002_MCF7_24H:BRD-K35832492-001-01-3:0.625","BRD-K35832492",NA,NA,NA,"brd-k35832492",3.4573e-05,4.4612629338242,FALSE,"Upregula NQO1",11.2531342369075
308,"guggulsterone","PC3","24 h","10.0 µM",2.2015e-06,0.00222832,1.34123,0.0166666666666667,"LINCS L1000","l1000_results_up","up","CPC002_PC3_24H:BRD-A86109770-001-01-9:10","BRD-A86109770",NA,NA,NA,"guggulsterone",0.00222832,2.65202244175012,FALSE,"Upregula NQO1",3.55697205954851
309,"BRD-A09719808","VCAP","6 h","10.0 µM",2.21721e-06,3.83627e-05,1.76667,0.000275862068965517,"LINCS L1000","l1000_results_up","up","CPC007_VCAP_6H:BRD-A09719808-001-02-3:10","BRD-A09719808",NA,NA,NA,"brd-a09719808",3.83627e-05,4.4160908344045,FALSE,"Upregula NQO1",7.8017751944174
310,"BRD-K88707333","PC3","6 h","10.0 µM",2.23839e-06,0.00151044,2.14742,0.00847457627118644,"LINCS L1000","l1000_results_up","up","CPC008_PC3_6H:BRD-K88707333-001-04-0:10","BRD-K88707333",NA,NA,NA,"brd-k88707333",0.00151044,2.82089652175545,FALSE,"Upregula NQO1",6.0576496087481
311,"NBI-27914","NPC","24 h","10.0 µM",2.24197e-06,0.00131379,2.34741,0.00421940928270042,"LINCS L1000","l1000_results_up","up","CPC016_NPC_24H:BRD-K61177364-003-01-1:10","BRD-K61177364",NA,NA,NA,"nbi-27914",0.00131379,2.88147404811703,FALSE,"Upregula NQO1",6.76400099529039
312,"BCI-hydrochloride","VCAP","24 h","10.0 µM",2.25651e-06,6.30234e-05,2.15064,0.000418585182084554,"LINCS L1000","l1000_results_up","up","CPC014_VCAP_24H:BRD-A11007541-003-01-9:10","BRD-A11007541",NA,NA,NA,"bci-hydrochloride",6.30234e-05,4.20049817111747,FALSE,"Upregula NQO1",9.03375938673207
313,"BRD-K55487965","PC3","6 h","10.0 µM",2.25806e-06,0.00152371,2.20189,0.00374531835205993,"LINCS L1000","l1000_results_up","up","CPC008_PC3_6H:BRD-K55487965-001-04-3:10","BRD-K55487965",NA,NA,NA,"brd-k55487965",0.00152371,2.81709768219869,FALSE,"Upregula NQO1",6.20293921545648
314,"BRD-A57107094","VCAP","24 h","10.0 µM",2.27011e-06,6.46429e-05,2.02968,0.000266880170803309,"LINCS L1000","l1000_results_up","up","CPC013_VCAP_24H:BRD-A57107094-001-01-7:10","BRD-A57107094",NA,NA,NA,"brd-a57107094",6.46429e-05,4.18947916854309,FALSE,"Upregula NQO1",8.50330207880853
315,"vemurafenib","A375","24 h","10.0 µM",2.3663e-06,8.37058e-06,1.53999,0.000130941469163284,"LINCS L1000","l1000_results_up","up","CPC006_A375_24H:BRD-K56343971-001-02-3:10","BRD-K56343971",NA,NA,NA,"vemurafenib",8.37058e-06,5.07724444856916,FALSE,"Upregula NQO1",7.81890567835203
316,"15-delta-prostaglandin-j2","PC3","24 h","10.0 µM",2.41242e-06,3.79378e-05,0.989791,0.000255493101686254,"LINCS L1000","l1000_results_up","up","CPC006_PC3_24H:BRD-K61033289-001-01-2:10","BRD-K61033289",NA,NA,NA,"15-delta-prostaglandin-j2",3.79378e-05,4.4209278573051,FALSE,"Upregula NQO1",4.37579460480987
317,"SA-1478088","VCAP","24 h","10.0 µM",2.42841e-06,7.44847e-05,1.73252,0.00045024763619991,"LINCS L1000","l1000_results_up","up","CPC006_VCAP_24H:BRD-K73395020-001-01-5:10","BRD-K73395020",NA,NA,NA,"sa-1478088",7.44847e-05,4.1279329270903,FALSE,"Upregula NQO1",7.15172635484249
318,"AKT-inhibitor-IV","VCAP","24 h","10.0 µM",2.47817e-06,3.7823e-05,1.68642,0.000279407655769768,"LINCS L1000","l1000_results_up","up","CPC006_VCAP_24H:BRD-K28296557-005-14-6:10","BRD-K28296557",NA,NA,NA,"akt-inhibitor-iv",3.7823e-05,4.4222440272685,FALSE,"Upregula NQO1",7.45776077246615
319,"vemurafenib","HT29","6 h","10.0 µM",2.52757e-06,9.06345e-05,1.65717,0.000427899015832264,"LINCS L1000","l1000_results_up","up","CPC014_HT29_6H:BRD-K56343971-001-01-5:10","BRD-K56343971",NA,NA,NA,"vemurafenib",9.06345e-05,4.04270645676474,FALSE,"Upregula NQO1",6.69945185895682
320,"BRD-K17874705","VCAP","24 h","10.0 µM",2.58433e-06,0.00239782,1.17703,0.00153139356814701,"LINCS L1000","l1000_results_up","up","CPC011_VCAP_24H:BRD-K17874705-001-04-4:10","BRD-K17874705",NA,NA,NA,"brd-k17874705",0.00239782,2.62018342171291,FALSE,"Upregula NQO1",3.08403449285875
321,"BRD-K91677732","VCAP","24 h","10.0 µM",2.60857e-06,0.00272091,1.93677,0.00847457627118644,"LINCS L1000","l1000_results_up","up","CPC019_VCAP_24H:BRD-K91677732-001-01-3:10","BRD-K91677732",NA,NA,NA,"brd-k91677732",0.00272091,2.56528582321466,FALSE,"Upregula NQO1",4.96836862382745
322,"BRD-K76236182","VCAP","24 h","10.0 µM",2.67237e-06,0.000262151,2.4813,0.000538213132400431,"LINCS L1000","l1000_results_up","up","CPC013_VCAP_24H:BRD-K76236182-001-01-2:10","BRD-K76236182",NA,NA,NA,"brd-k76236182",0.000262151,3.58144848128936,FALSE,"Upregula NQO1",8.8866481166233
323,"CT-200783","HT29","6 h","10.0 µM",2.67378e-06,0.000164021,1.19165,0.000544662309368192,"LINCS L1000","l1000_results_up","up","CPC006_HT29_6H:BRD-K02822062-001-01-3:10","BRD-K02822062",NA,NA,NA,"ct-200783",0.000164021,3.78510054463367,FALSE,"Upregula NQO1",4.51051506401271
324,"BRD-K19826688","MCF7","24 h","5.0 µM",2.75613e-06,4.22326e-05,2.45037,0.000228206298493838,"LINCS L1000","l1000_results_up","up","HDAC002_MCF7_24H:BRD-K19826688-001-01-9:5","BRD-K19826688",NA,NA,NA,"brd-k19826688",4.22326e-05,4.37435218092663,FALSE,"Upregula NQO1",10.7187813535772
325,"BRD-K06765193","MCF7","6 h","10.0 µM",2.77157e-06,0.000235562,1.74339,0.000611620795107034,"LINCS L1000","l1000_results_up","up","CPC013_MCF7_6H:BRD-K06765193-001-05-3:10","BRD-K06765193",NA,NA,NA,"brd-k06765193",0.000235562,3.62789476703162,FALSE,"Upregula NQO1",6.32483545789525
326,"SB-203580","HT29","6 h","10.0 µM",2.79788e-06,0.000429494,1.56785,0.000837520938023451,"LINCS L1000","l1000_results_up","up","CPC014_HT29_6H:BRD-K99291625-001-06-4:10","BRD-K99291625",NA,NA,NA,"sb-203580",0.000429494,3.36704289885274,FALSE,"Upregula NQO1",5.27901820896628
327,"IKK-2-inhibitor-V","VCAP","24 h","10.0 µM",2.86234e-06,2.91177e-05,1.84503,0.000209775540172016,"LINCS L1000","l1000_results_up","up","CPC001_VCAP_24H:BRD-K74305673-001-01-3:10","BRD-K74305673",NA,NA,NA,"ikk-2-inhibitor-v",2.91177e-05,4.53584293281909,FALSE,"Upregula NQO1",8.36876628633921
328,"NSC-23766","MCF7","6 h","160.0 µM",2.98128e-06,0.000771467,1.11658,0.00164744645799011,"LINCS L1000","l1000_results_up","up","CPC006_MCF7_6H:BRD-A80213327-305-03-4:160","BRD-A80213327",NA,NA,NA,"nsc-23766",0.000771467,3.11268264643093,FALSE,"Upregula NQO1",3.47555918935185
329,"entinostat","MCF7","24 h","0.3125 µM",2.99469e-06,7.02695e-05,2.44778,0.00026476039184538,"LINCS L1000","l1000_results_up","up","HDAC002_MCF7_24H:BRD-K77908580-001-04-7:0.3125","BRD-K77908580",NA,NA,NA,"entinostat",7.02695e-05,4.15323313665794,FALSE,"Upregula NQO1",10.1662010072486
330,"BRD-K06817181","A375","6 h","10.0 µM",3.07355e-06,0.00160749,1.50341,0.00436681222707424,"LINCS L1000","l1000_results_up","up","CPC018_A375_6H:BRD-K06817181-001-01-5:10","BRD-K06817181",NA,NA,NA,"brd-k06817181",0.00160749,2.79385172008855,FALSE,"Upregula NQO1",4.20030461449832
331,"thiazolopyrimidine","HA1E","24 h","40.0 µM",3.33357e-06,1.7708e-05,1.86614,0.000142836737608913,"LINCS L1000","l1000_results_up","up","CPC006_HA1E_24H:BRD-A75517195-001-01-3:40","BRD-A75517195",NA,NA,NA,"thiazolopyrimidine",1.7708e-05,4.75183048669319,FALSE,"Upregula NQO1",8.86758094443763
332,"cilomilast","VCAP","24 h","10.0 µM",3.33681e-06,0.000138627,1.94876,0.000292568753657109,"LINCS L1000","l1000_results_up","up","CPC013_VCAP_24H:BRD-K62982419-001-01-2:10","BRD-K62982419",NA,NA,NA,"cilomilast",0.000138627,3.85815217514253,FALSE,"Upregula NQO1",7.51861263283075
333,"F-1061-0166","MCF7","6 h","10.0 µM",3.41888e-06,0.0116956,1.33772,0.0714285714285714,"LINCS L1000","l1000_results_up","up","CPC013_MCF7_6H:BRD-A75931230-001-03-9:10","BRD-A75931230",NA,NA,NA,"f-1061-0166",0.0116956,1.93197749339266,FALSE,"Upregula NQO1",2.58444493246123
334,"phorbol-myristate-acetate","HL60","6 h","0.37037 µM",3.45233e-06,2.71552e-05,2.09611,0.000223114680946006,"LINCS L1000","l1000_results_up","up","AML001_HL60_6H:BRD-K68552125:0.37037","BRD-K68552125",NA,NA,NA,"phorbol-myristate-acetate",2.71552e-05,4.5661469942495,FALSE,"Upregula NQO1",9.57114637611631
335,"phorbol-myristate-acetate","HL60","6 h","3.33333 µM",3.46484e-06,2.73309e-05,2.06818,0.000221533008418254,"LINCS L1000","l1000_results_up","up","AML001_HL60_6H:BRD-K68552125:3.33333","BRD-K68552125",NA,NA,NA,"phorbol-myristate-acetate",2.73309e-05,4.56334606685845,FALSE,"Upregula NQO1",9.43782106855531
336,"RITA","HT29","6 h","10.0 µM",3.52731e-06,0.00160298,1.16477,0.003584229390681,"LINCS L1000","l1000_results_up","up","CPC006_HT29_6H:BRD-K00317371-001-02-0:10","BRD-K00317371",NA,NA,NA,"rita",0.00160298,2.79507189620095,FALSE,"Upregula NQO1",3.25561589253799
337,"F-1566-0341","SKB","24 h","10.0 µM",3.59965e-06,0.000193385,2.33018,0.000412881915772089,"LINCS L1000","l1000_results_up","up","CPC014_SKB_24H:BRD-K69852452-001-02-6:10","BRD-K69852452",NA,NA,NA,"f-1566-0341",0.000193385,3.7135772152058,FALSE,"Upregula NQO1",8.65330335532826
338,"trichostatin-a","HL60","6 h","0.37037 µM",3.67436e-06,2.35161e-05,2.16303,0.00018677624206201,"LINCS L1000","l1000_results_up","up","AML001_HL60_6H:BRD-A19037878:0.37037","BRD-A19037878",NA,NA,NA,"trichostatin-a",2.35161e-05,4.62863470168266,FALSE,"Upregula NQO1",10.0118757187806
339,"vorinostat","HEK293T","6 h","10.0 µM",3.68573e-06,6.42709e-05,1.91643,0.000285062713797035,"LINCS L1000","l1000_results_up","up","BRAF001_HEK293T_6H:BRD-K81418486-001-15-2:10","BRD-K81418486",NA,NA,NA,"vorinostat",6.42709e-05,4.19198561852282,FALSE,"Upregula NQO1",8.03364699890569
340,"arvanil","PC3","24 h","10.0 µM",3.69019e-06,0.00139478,1.55482,0.00354609929078014,"LINCS L1000","l1000_results_up","up","CPC002_PC3_24H:BRD-K34092021-001-02-3:10","BRD-K34092021",NA,NA,NA,"arvanil",0.00139478,2.8554942886777,FALSE,"Upregula NQO1",4.43977962992186
341,"Broad-Sai-595","MCF7","24 h","5.0 µM",3.75674e-06,6.08843e-05,2.43517,0.000232666356444858,"LINCS L1000","l1000_results_up","up","HDAC002_MCF7_24H:BRD-K29107232-001-01-3:5","BRD-K29107232",NA,NA,NA,"broad-sai-595",6.08843e-05,4.21549468277617,FALSE,"Upregula NQO1",10.265446186656
342,"BRD-K55487965","VCAP","24 h","10.0 µM",3.81534e-06,0.00139279,2.519,0.00338983050847458,"LINCS L1000","l1000_results_up","up","CPC008_VCAP_24H:BRD-K55487965-001-04-3:10","BRD-K55487965",NA,NA,NA,"brd-k55487965",0.00139279,2.85611436004151,FALSE,"Upregula NQO1",7.19455207294456
343,"BRD-K45205755","VCAP","24 h","10.0 µM",3.89189e-06,0.00346658,1.95084,0.00523560209424084,"LINCS L1000","l1000_results_up","up","CPC009_VCAP_24H:BRD-K45205755-001-01-2:10","BRD-K45205755",NA,NA,NA,"brd-k45205755",0.00346658,2.46009877291865,FALSE,"Upregula NQO1",4.79925909016062
344,"sulforaphane","PC3","24 h","10.0 µM",3.95066e-06,0.00161967,1.28967,0.0053475935828877,"LINCS L1000","l1000_results_up","up","CPC006_PC3_24H:BRD-A58955223-001-01-2:10","BRD-A58955223",NA,NA,NA,"sulforaphane",0.00161967,2.79057346186362,FALSE,"Upregula NQO1",3.59891887656166
345,"radicicol","PC3","6 h","5.0 µM",3.98274e-06,0.000277402,1.63874,0.000541125541125541,"LINCS L1000","l1000_results_up","up","DEB001_PC3_6H:BRD-A39996500-001-01-4:5","BRD-A39996500",NA,NA,NA,"radicicol",0.000277402,3.55689041209535,FALSE,"Upregula NQO1",5.82881859391713
346,"BRD-K88742110","MCF7","24 h","10.0 µM",3.98686e-06,5.76115e-05,2.42812,0.000239120038259206,"LINCS L1000","l1000_results_up","up","HDAC002_MCF7_24H:BRD-K88742110-001-01-2:10","BRD-K88742110",NA,NA,NA,"brd-k88742110",5.76115e-05,4.23949081713171,FALSE,"Upregula NQO1",10.2939924428938
347,"vorinostat","VCAP","24 h","10.0 µM",4.02221e-06,2.16658e-05,1.94614,0.000151308821304282,"LINCS L1000","l1000_results_up","up","CPC006_VCAP_24H:BRD-K81418486:10","BRD-K81418486",NA,NA,NA,"vorinostat",2.16658e-05,4.66422527020353,FALSE,"Upregula NQO1",9.07723536735389
348,"methyl-2,5-dihydroxycinnamate","VCAP","24 h","10.0 µM",4.06443e-06,0.000599383,1.49288,0.00102880658436214,"LINCS L1000","l1000_results_up","up","CPC004_VCAP_24H:BRD-K88741031-001-01-0:10","BRD-K88741031",NA,NA,NA,"methyl-2,5-dihydroxycinnamate",0.000599383,3.2222955788927,FALSE,"Upregula NQO1",4.81050062381733
349,"GP-42","VCAP","6 h","10.0 µM",4.08587e-06,0.0010962,2.78179,0.00202429149797571,"LINCS L1000","l1000_results_up","up","CPC012_VCAP_6H:BRD-A41250203-001-01-2:10","BRD-A41250203",NA,NA,NA,"gp-42",0.0010962,2.96011020226382,FALSE,"Upregula NQO1",8.23440495955547
350,"SA-792728","MCF7","24 h","40.0 µM",4.09431e-06,3.38804e-05,0.891213,0.000207641196013289,"LINCS L1000","l1000_results_up","up","CPC006_MCF7_24H:BRD-K20755323-001-02-6:40","BRD-K20755323",NA,NA,NA,"sa-792728",3.38804e-05,4.47005147092789,FALSE,"Upregula NQO1",3.98376798156006
351,"tanespimycin","VCAP","6 h","20.0 µM",4.23201e-06,9.14936e-05,0.923537,0.000282805429864253,"LINCS L1000","l1000_results_up","up","ERG005_VCAP_6H:BRD-A61304759-001-01-0:20","BRD-A61304759",NA,NA,NA,"tanespimycin",9.14936e-05,4.03860928387776,FALSE,"Upregula NQO1",3.72980510220461
352,"TUL_XX087","NOMO1","6 h","0.0 µM",4.33627e-06,0.00757419,1.2074,0.0294117647058823,"LINCS L1000","l1000_results_up","up","KMS002_NOMO1_6H:BRD-K09085930-001-02-8:0","BRD-K09085930",NA,NA,NA,"tul_xx087",0.00757419,2.12066380471868,FALSE,"Upregula NQO1",2.56048947781733
353,"wortmannin","HT29","6 h","10.0 µM",4.38261e-06,0.000170914,1.59465,0.000495294700346706,"LINCS L1000","l1000_results_up","up","CPC018_HT29_6H:BRD-A75409952:10","BRD-A75409952",NA,NA,NA,"wortmannin",0.000170914,3.76722236165773,FALSE,"Upregula NQO1",6.00740113901749
354,"THZ-2-98-01","SKBR3","24 h","2.0 µM",4.42095e-06,0.00144773,1.58654,0.00221729490022173,"LINCS L1000","l1000_results_up","up","LJP001_SKBR3_24H:BRD-K49327517-001-01-9:2","BRD-K49327517",NA,NA,NA,"thz-2-98-01",0.00144773,2.83931242601444,FALSE,"Upregula NQO1",4.50468273636894
355,"SID-26681509","PC3","24 h","88.8 µM",4.45215e-06,0.000101892,1.23658,0.000371057513914657,"LINCS L1000","l1000_results_up","up","CPC006_PC3_24H:BRD-K08417745-001-02-9:88.8","BRD-K08417745",NA,NA,NA,"sid-26681509",0.000101892,3.99185991307155,FALSE,"Upregula NQO1",4.93625413130601
356,"BRD-K07259155","PC3","6 h","10.0 µM",4.46638e-06,0.000864847,2.17897,0.00116550116550117,"LINCS L1000","l1000_results_up","up","CPC008_PC3_6H:BRD-K07259155-001-05-2:10","BRD-K07259155",NA,NA,NA,"brd-k07259155",0.000864847,3.06306071673513,FALSE,"Upregula NQO1",6.67431740994436
357,"FU-JMBII105B","PC3","6 h","10.0 µM",4.47951e-06,0.00226704,1.44734,0.00335570469798658,"LINCS L1000","l1000_results_up","up","CPC007_PC3_6H:BRD-K25662647-001-05-1:10","BRD-K25662647",NA,NA,NA,"fu-jmbii105b",0.00226704,2.64454081704771,FALSE,"Upregula NQO1",3.82754970614584
358,"FCCP","HT29","6 h","10.0 µM",4.61713e-06,0.000195836,1.76511,0.000529661016949153,"LINCS L1000","l1000_results_up","up","CPC017_HT29_6H:BRD-K14821540-001-03-9:10","BRD-K14821540",NA,NA,NA,"fccp",0.000195836,3.70810747001895,FALSE,"Upregula NQO1",6.54521757640515
359,"isoliquiritigenin","MCF7","6 h","10.0 µM",4.65974e-06,0.0013303,1.08228,0.003125,"LINCS L1000","l1000_results_up","up","CPC006_MCF7_6H:BRD-K33583600-001-09-6:10","BRD-K33583600",NA,NA,NA,"isoliquiritigenin",0.0013303,2.87605040891817,FALSE,"Upregula NQO1",3.11269183656396
360,"SA-792728","HCC515","24 h","40.0 µM",4.68581e-06,0.000250413,1.83374,0.000687285223367698,"LINCS L1000","l1000_results_up","up","CPC006_HCC515_24H:BRD-K20755323-001-02-6:40","BRD-K20755323",NA,NA,NA,"sa-792728",0.000250413,3.6013431288094,FALSE,"Upregula NQO1",6.60392694902295
361,"piperlongumine","HT29","24 h","10.0 µM",4.75761e-06,0.000128884,1.51411,0.000312989045383412,"LINCS L1000","l1000_results_up","up","CPC006_HT29_24H:BRD-K24132293-001-16-0:10","BRD-K24132293",NA,NA,NA,"piperlongumine",0.000128884,3.88980099376381,FALSE,"Upregula NQO1",5.88958658266772
362,"chaetocin","MCF7","24 h","0.08 µM",4.84751e-06,3.34504e-05,1.04454,0.000188893086513034,"LINCS L1000","l1000_results_up","up","CPC006_MCF7_24H:BRD-A85860691-001-02-2:0.08","BRD-A85860691",NA,NA,NA,"chaetocin",3.34504e-05,4.47559868457018,FALSE,"Upregula NQO1",4.67494184998093
363,"quiflapon","PC3","6 h","80.0 µM",4.87663e-06,0.000864941,1.30403,0.00163934426229508,"LINCS L1000","l1000_results_up","up","CPC006_PC3_6H:BRD-K39503511-001-02-1:80","BRD-K39503511",NA,NA,NA,"quiflapon",0.000864941,3.06301351594366,FALSE,"Upregula NQO1",3.99426151519602
364,"cerulenin","SW948","6 h","44.4 µM",4.92772e-06,0.000152615,1.87411,0.000346500346500347,"LINCS L1000","l1000_results_up","up","CPC006_SW948_6H:BRD-K52075040-001-03-0:44.4","BRD-K52075040",NA,NA,NA,"cerulenin",0.000152615,3.8164027789822,FALSE,"Upregula NQO1",7.15235861211833
365,"BRD-K86574132","VCAP","24 h","48.0 µM",4.93081e-06,0.000146204,1.88344,0.0004151100041511,"LINCS L1000","l1000_results_up","up","CPC006_VCAP_24H:BRD-K86574132-001-04-9:48","BRD-K86574132",NA,NA,NA,"brd-k86574132",0.000146204,3.83504074533874,FALSE,"Upregula NQO1",7.22306914140079
366,"AM-580","MCF7","6 h","10.0 µM",4.99838e-06,0.00247342,1.08889,0.00625,"LINCS L1000","l1000_results_up","up","CPC006_MCF7_6H:BRD-K06854232-001-03-3:10","BRD-K06854232",NA,NA,NA,"am-580",0.00247342,2.60670213184131,FALSE,"Upregula NQO1",2.83841188434068
367,"BRD-K51377689","VCAP","24 h","10.0 µM",5.01621e-06,0.000827414,2.04862,0.00119047619047619,"LINCS L1000","l1000_results_up","up","CPC009_VCAP_24H:BRD-K51377689-001-04-5:10","BRD-K51377689",NA,NA,NA,"brd-k51377689",0.000827414,3.08227713503429,FALSE,"Upregula NQO1",6.31441458437394
368,"trichostatin-a","HL60","24 h","3.33333 µM",5.16043e-06,4.0511e-05,1.8386,0.000159464200287035,"LINCS L1000","l1000_results_up","up","AML001_HL60_24H:BRD-A19037878:3.33333","BRD-A19037878",NA,NA,NA,"trichostatin-a",4.0511e-05,4.39242703627527,FALSE,"Upregula NQO1",8.07591634889571
369,"vorinostat","VCAP","6 h","20.0 µM",5.18032e-06,2.35271e-05,1.28753,0.000164962058726493,"LINCS L1000","l1000_results_up","up","ERG005_VCAP_6H:BRD-K81418486-001-15-2:20","BRD-K81418486",NA,NA,NA,"vorinostat",2.35271e-05,4.62843160157943,FALSE,"Upregula NQO1",5.95924453998157
370,"BRD-K85660637","MCF7","24 h","10.0 µM",5.24407e-06,0.00198437,1.60337,0.00925925925925926,"LINCS L1000","l1000_results_up","up","CPC020_MCF7_24H:BRD-K85660637-001-02-1:10","BRD-K85660637",NA,NA,NA,"brd-k85660637",0.00198437,2.70237734731462,FALSE,"Upregula NQO1",4.33291076736384
371,"BIBR-1532","SW948","6 h","80.0 µM",5.28354e-06,0.00140064,2.44362,0.00181818181818182,"LINCS L1000","l1000_results_up","up","CPC006_SW948_6H:BRD-K04623885-001-03-4:80","BRD-K04623885",NA,NA,NA,"bibr-1532",0.00140064,2.85367347506698,FALSE,"Upregula NQO1",6.97329357714317
372,"diphencyprone","HT29","6 h","10.0 µM",5.39704e-06,0.0150227,2.21355,0.125,"LINCS L1000","l1000_results_up","up","CPC011_HT29_6H:BRD-K51730347-001-03-1:10","BRD-K51730347",NA,NA,NA,"diphencyprone",0.0150227,1.823252005433,FALSE,"Upregula NQO1",4.03585947662622
373,"7b-cis","A375","24 h","10.0 µM",5.42911e-06,4.1205e-05,1.20742,0.000184535892231039,"LINCS L1000","l1000_results_up","up","CPC006_A375_24H:BRD-K61829047-001-01-6:10","BRD-K61829047",NA,NA,NA,"7b-cis",4.1205e-05,4.38505008152376,FALSE,"Upregula NQO1",5.29459716943341
374,"EMF-sumo1-39","MCF7","24 h","10.0 µM",5.57499e-06,0.000561737,1.48199,0.00138504155124654,"LINCS L1000","l1000_results_up","up","CPC020_MCF7_24H:BRD-A83124583-003-01-4:10","BRD-A83124583",NA,NA,NA,"emf-sumo1-39",0.000561737,3.25046696945373,FALSE,"Upregula NQO1",4.81715954406073
375,"BNTX","PC3","24 h","10.0 µM",5.8815e-06,0.000195476,1.78613,0.00042571306939123,"LINCS L1000","l1000_results_up","up","CPC005_PC3_24H:BRD-A55484088-050-01-7:10","BRD-A55484088",NA,NA,NA,"bntx",0.000195476,3.70890655646452,FALSE,"Upregula NQO1",6.62458926769797
376,"sulforaphane","HA1E","6 h","10.0 µM",5.92978e-06,0.000985405,1.46909,0.00235849056603774,"LINCS L1000","l1000_results_up","up","CPC006_HA1E_6H:BRD-A58955223-001-01-2:10","BRD-A58955223",NA,NA,NA,"sulforaphane",0.000985405,3.00638523842106,FALSE,"Upregula NQO1",4.416650489912
377,"trichostatin-a","HEK293T","6 h","0.625 µM",5.99493e-06,6.9966e-05,2.05188,0.000239520958083832,"LINCS L1000","l1000_results_up","up","BRAF001_HEK293T_6H:BRD-A19037878-001-01-5:0.625","BRD-A19037878",NA,NA,NA,"trichostatin-a",6.9966e-05,4.15511295426543,FALSE,"Upregula NQO1",8.52579316859815
378,"15-delta-prostaglandin-j2","HA1E","6 h","10.0 µM",6.05368e-06,0.000198532,1.43379,0.000396825396825397,"LINCS L1000","l1000_results_up","up","CPC006_HA1E_6H:BRD-K61033289-001-01-2:10","BRD-K61033289",NA,NA,NA,"15-delta-prostaglandin-j2",0.000198532,3.70216948233489,FALSE,"Upregula NQO1",5.30813358207694
379,"chaetocin","SW948","6 h","0.08 µM",6.05701e-06,0.0010296,1.84803,0.00108695652173913,"LINCS L1000","l1000_results_up","up","CPC006_SW948_6H:BRD-A85860691-001-02-2:0.08","BRD-A85860691",NA,NA,NA,"chaetocin",0.0010296,2.98733146610367,FALSE,"Upregula NQO1",5.52067816930357
380,"BRD-A81282034","VCAP","24 h","10.0 µM",6.12276e-06,0.00207826,1.83712,0.00200803212851406,"LINCS L1000","l1000_results_up","up","CPC019_VCAP_24H:BRD-A81282034-001-02-9:10","BRD-A81282034",NA,NA,NA,"brd-a81282034",0.00207826,2.68230012111868,FALSE,"Upregula NQO1",4.92770719850956
381,"lovastatin","PC3","24 h","40.0 µM",6.20937e-06,6.69914e-05,1.14286,0.000283929585462805,"LINCS L1000","l1000_results_up","up","CPC006_PC3_24H:BRD-A70155556-001-04-4:40","BRD-A70155556",NA,NA,NA,"lovastatin",6.69914e-05,4.17398094613902,FALSE,"Upregula NQO1",4.77027586410444
382,"BRD-K62466453","VCAP","24 h","10.0 µM",6.32823e-06,0.00176586,2.19939,0.00266666666666667,"LINCS L1000","l1000_results_up","up","CPC008_VCAP_24H:BRD-K62466453-001-04-7:10","BRD-K62466453",NA,NA,NA,"brd-k62466453",0.00176586,2.75304373090432,FALSE,"Upregula NQO1",6.05501685131366
383,"KM-03949SC","VCAP","24 h","10.0 µM",6.40892e-06,0.000767279,2.04638,0.00136054421768707,"LINCS L1000","l1000_results_up","up","CPC019_VCAP_24H:BRD-K28120860-001-02-4:10","BRD-K28120860",NA,NA,NA,"km-03949sc",0.000767279,3.11504668803532,FALSE,"Upregula NQO1",6.37456924146173
384,"BRD-A26595446","MCF7","6 h","10.0 µM",6.57692e-06,0.00148721,1.17462,0.00146412884333821,"LINCS L1000","l1000_results_up","up","CPC014_MCF7_6H:BRD-A26595446-001-08-1:10","BRD-A26595446",NA,NA,NA,"brd-a26595446",0.00148721,2.82762770303026,FALSE,"Upregula NQO1",3.3213880525334
385,"entinostat","MCF7","24 h","0.078125 µM",6.70121e-06,0.000158075,2.32576,0.000295072292711714,"LINCS L1000","l1000_results_up","up","HDAC002_MCF7_24H:BRD-K77908580-001-04-7:0.078125","BRD-K77908580",NA,NA,NA,"entinostat",0.000158075,3.80113680951474,FALSE,"Upregula NQO1",8.84053194609701
386,"curcumin","JURKAT","24 h","10.0 µM",6.79735e-06,0.000177657,2.34898,0.000304599451720987,"LINCS L1000","l1000_results_up","up","PCLB001_JURKAT_24H:BRD-K07572174-001-22-0:10","BRD-K07572174",NA,NA,NA,"curcumin",0.000177657,3.75041767586685,FALSE,"Upregula NQO1",8.80965611225772
387,"BRD-K92980438","PC3","6 h","160.0 µM",6.91713e-06,0.0140028,1.24409,0.0666666666666667,"LINCS L1000","l1000_results_up","up","CPC006_PC3_6H:BRD-K92980438-001-01-7:160","BRD-K92980438",NA,NA,NA,"brd-k92980438",0.0140028,1.85378511411011,FALSE,"Upregula NQO1",2.30627552261325
388,"MW-STK33-1C","NOMO1","24 h","0.0 µM",6.94807e-06,3.58622e-05,1.34271,0.000176273576590869,"LINCS L1000","l1000_results_up","up","KMS002_NOMO1_24H:BRD-K38340366-001-12-4:0","BRD-K38340366",NA,NA,NA,"mw-stk33-1c",3.58622e-05,4.44536307175785,FALSE,"Upregula NQO1",5.96883345007999
389,"BRD-K16180117","VCAP","24 h","10.0 µM",7.06252e-06,7.48184e-05,1.9589,0.000203004466098254,"LINCS L1000","l1000_results_up","up","CPC013_VCAP_24H:BRD-K16180117-001-01-5:10","BRD-K16180117",NA,NA,NA,"brd-k16180117",7.48184e-05,4.12599158347544,FALSE,"Upregula NQO1",8.08240491287003
390,"benzbromarone","HT29","6 h","10.0 µM",7.14235e-06,0.000166192,2.23459,0.000310366232153942,"LINCS L1000","l1000_results_up","up","CPC010_HT29_6H:BRD-K11717138-001-25-3:10","BRD-K11717138",NA,NA,NA,"benzbromarone",0.000166192,3.77938988572325,FALSE,"Upregula NQO1",8.44538684473831
391,"BRD-K18163752","MCF7","6 h","10.0 µM",7.17705e-06,0.000536304,1.30364,0.00062111801242236,"LINCS L1000","l1000_results_up","up","CPC013_MCF7_6H:BRD-K18163752-001-01-9:10","BRD-K18163752",NA,NA,NA,"brd-k18163752",0.000536304,3.27058896385839,FALSE,"Upregula NQO1",4.26367059684436
392,"BRD-K06765193","VCAP","6 h","10.0 µM",7.2548e-06,0.00266064,2.83077,0.00409836065573771,"LINCS L1000","l1000_results_up","up","CPC010_VCAP_6H:BRD-K06765193-001-08-7:10","BRD-K06765193",NA,NA,NA,"brd-k06765193",0.00266064,2.57501388403195,FALSE,"Upregula NQO1",7.28927205250113
393,"wiskostatin","A375","6 h","10.0 µM",7.25561e-06,0.00935255,2.07075,0.00847457627118644,"LINCS L1000","l1000_results_up","up","CPC016_A375_6H:BRD-A18579359-001-02-3:10","BRD-A18579359",NA,NA,NA,"wiskostatin",0.00935255,2.02906996132638,FALSE,"Upregula NQO1",4.20169662241661
394,"BRD-K25375605","VCAP","24 h","10.0 µM",7.34668e-06,0.00605911,1.70199,0.00540540540540541,"LINCS L1000","l1000_results_up","up","CPC012_VCAP_24H:BRD-K25375605-001-01-9:10","BRD-K25375605",NA,NA,NA,"brd-k25375605",0.00605911,2.21759116304079,FALSE,"Upregula NQO1",3.7743179835838
395,"lonidamine","HA1E","24 h","177.6 µM",7.36794e-06,0.000603196,1.47151,0.000964320154291225,"LINCS L1000","l1000_results_up","up","CPC006_HA1E_24H:BRD-K78513633-001-07-4:177.6","BRD-K78513633",NA,NA,NA,"lonidamine",0.000603196,3.21954154708471,FALSE,"Upregula NQO1",4.73758758195063
396,"arachidonyl-trifluoro-methane","HCC515","6 h","80.0 µM",7.40762e-06,0.000690179,1.7599,0.00111982082866741,"LINCS L1000","l1000_results_up","up","CPC006_HCC515_6H:BRD-K07303502-001-02-5:80","BRD-K07303502",NA,NA,NA,"arachidonyl-trifluoro-methane",0.000690179,3.16103825907361,FALSE,"Upregula NQO1",5.56311123214364
397,"RS-I-002-6","VCAP","6 h","10.0 µM",7.47259e-06,0.000764056,2.60489,0.000739644970414201,"LINCS L1000","l1000_results_up","up","CPC013_VCAP_6H:BRD-K66254772-001-01-3:10","BRD-K66254772",NA,NA,NA,"rs-i-002-6",0.000764056,3.11687480948753,FALSE,"Upregula NQO1",8.11911602248596
398,"phorbol-12-myristate-13-acetate","VCAP","24 h","10.0 µM",7.50624e-06,0.000532321,1.80888,0.00084530853761623,"LINCS L1000","l1000_results_up","up","CPC006_VCAP_24H:BRD-A15079084-001-02-9:10","BRD-A15079084",NA,NA,NA,"phorbol-12-myristate-13-acetate",0.000532321,3.27382640062375,FALSE,"Upregula NQO1",5.92195909956028
399,"CD-1530","PC3","24 h","40.0 µM",7.56724e-06,3.33744e-05,1.08748,0.000161550888529887,"LINCS L1000","l1000_results_up","up","CPC006_PC3_24H:BRD-K25737009-001-02-0:40","BRD-K25737009",NA,NA,NA,"cd-1530",3.33744e-05,4.4765865332388,FALSE,"Upregula NQO1",4.86819832316653
400,"NFKB-activation-inhibitor-II","PC3","6 h","6.0 µM",7.71842e-06,0.00429684,1.34521,0.008,"LINCS L1000","l1000_results_up","up","CPC006_PC3_6H:BRD-K83354763-001-01-1:6","BRD-K83354763",NA,NA,NA,"nfkb-activation-inhibitor-ii",0.00429684,2.36685081769399,FALSE,"Upregula NQO1",3.18391138847014
401,"vorinostat","VCAP","6 h","5.0 µM",7.82239e-06,4.21255e-05,1.24878,0.000178284899269032,"LINCS L1000","l1000_results_up","up","ERG005_VCAP_6H:BRD-K81418486-001-15-2:5","BRD-K81418486",NA,NA,NA,"vorinostat",4.21255e-05,4.37545493132055,FALSE,"Upregula NQO1",5.46398060913448
402,"BRD-K37365015","NEU.KCL","None h","10.0 µM",8.05508e-06,0.00298951,2.69742,0.00202429149797571,"LINCS L1000","l1000_results_up","up","NMH001_NEU.KCL_24H.4H:BRD-K37365015-001-01-0:10","BRD-K37365015",NA,NA,NA,"brd-k37365015",0.00298951,2.52439998951342,FALSE,"Upregula NQO1",6.8093670197133
403,"BRD-K86682249","MCF7","6 h","10.0 µM",8.12696e-06,0.0361942,1.05444,0.166666666666667,"LINCS L1000","l1000_results_up","up","CPC006_MCF7_6H:BRD-K86682249-001-05-7:10","BRD-K86682249",NA,NA,NA,"brd-k86682249",0.0361942,1.44136101813555,FALSE,"Upregula NQO1",1.51982871196285
404,"BRD-K58347372","VCAP","24 h","10.0 µM",8.14731e-06,0.00167985,1.93171,0.00200400801603206,"LINCS L1000","l1000_results_up","up","CPC013_VCAP_24H:BRD-K58347372-001-02-7:10","BRD-K58347372",NA,NA,NA,"brd-k58347372",0.00167985,2.77472949629835,FALSE,"Upregula NQO1",5.35997271529449
405,"kinetin-riboside","SW948","6 h","10.0 µM",8.25541e-06,0.000544974,1.9714,0.000517063081695967,"LINCS L1000","l1000_results_up","up","CPC006_SW948_6H:BRD-K94325918-001-03-8:10","BRD-K94325918",NA,NA,NA,"kinetin-riboside",0.000544974,3.26362421685341,FALSE,"Upregula NQO1",6.43390878110482
406,"K784-3131","HT29","6 h","10.0 µM",8.31388e-06,0.00121002,1.67092,0.00185873605947955,"LINCS L1000","l1000_results_up","up","CPC012_HT29_6H:BRD-A76490030-001-06-0:10","BRD-A76490030",NA,NA,NA,"k784-3131",0.00121002,2.91720745132169,FALSE,"Upregula NQO1",4.87442027456243
407,"BRD-A58924247","MCF7","24 h","10.0 µM",8.4954e-06,0.000194625,1.85515,0.000366568914956012,"LINCS L1000","l1000_results_up","up","CPC007_MCF7_24H:BRD-A58924247-001-08-5:10","BRD-A58924247",NA,NA,NA,"brd-a58924247",0.000194625,3.71080137442382,FALSE,"Upregula NQO1",6.88409316976236
408,"BG-FA-0953","VCAP","6 h","10.0 µM",8.52641e-06,0.00256576,2.27537,0.00458715596330275,"LINCS L1000","l1000_results_up","up","CPC013_VCAP_6H:BRD-K83643280-001-01-1:10","BRD-K83643280",NA,NA,NA,"bg-fa-0953",0.00256576,2.59078396976559,FALSE,"Upregula NQO1",5.89499212128553
409,"BRD-A60386802","MCF7","24 h","10.0 µM",8.53969e-06,0.00240711,1.68371,0.00497512437810945,"LINCS L1000","l1000_results_up","up","CPC013_MCF7_24H:BRD-A60386802-001-01-5:10","BRD-A60386802",NA,NA,NA,"brd-a60386802",0.00240711,2.6185040629026,FALSE,"Upregula NQO1",4.40880147574974
410,"trichostatin-a","U266","24 h","3.33 µM",8.56386e-06,4.83274e-05,3.27136,0.000149499177754522,"LINCS L1000","l1000_results_up","up","PCLB001_U266_24H:BRD-A19037878-001-02-3:3.33","BRD-A19037878",NA,NA,NA,"trichostatin-a",4.83274e-05,4.31580656914887,FALSE,"Upregula NQO1",14.1185569780508
411,"EMD-386088","VCAP","24 h","10.0 µM",8.5666e-06,0.00397419,1.56567,0.00546448087431694,"LINCS L1000","l1000_results_up","up","CPC004_VCAP_24H:BRD-K47659338-003-01-0:10","BRD-K47659338",NA,NA,NA,"emd-386088",0.00397419,2.40075137376897,FALSE,"Upregula NQO1",3.75878440336886
412,"thapsigargin","HA1E","24 h","10.0 µM",8.6441e-06,0.000121719,1.28695,0.000269541778975741,"LINCS L1000","l1000_results_up","up","CPC006_HA1E_24H:BRD-A62809825-001-01-7:10","BRD-A62809825",NA,NA,NA,"thapsigargin",0.000121719,3.91464162430817,FALSE,"Upregula NQO1",5.0379480384034
413,"BRD-A49848186","VCAP","6 h","10.0 µM",8.7567e-06,0.00194994,2.20491,0.00144092219020173,"LINCS L1000","l1000_results_up","up","CPC020_VCAP_6H:BRD-A49848186-003-01-2:10","BRD-A49848186",NA,NA,NA,"brd-a49848186",0.00194994,2.7099787517502,FALSE,"Upregula NQO1",5.97525924952154
414,"MLN-4924","PC3","6 h","11.1 µM",8.88579e-06,0.00415126,1.23191,0.01,"LINCS L1000","l1000_results_up","up","CPC006_PC3_6H:BRD-K67844266-001-01-3:11.1","BRD-K67844266",NA,NA,NA,"mln-4924",0.00415126,2.3818200652172,FALSE,"Upregula NQO1",2.93418795654173
415,"ST-024029","MCF7","24 h","10.0 µM",8.90319e-06,0.0198256,2.01776,0.0625,"LINCS L1000","l1000_results_up","up","CPC012_MCF7_24H:BRD-A09186529-001-01-5:10","BRD-A09186529",NA,NA,NA,"st-024029",0.0198256,1.70277366036617,FALSE,"Upregula NQO1",3.43578858094044
416,"sulforaphane","JURKAT","6 h","10.0 µM",9.12227e-06,0.000763664,1.97979,0.000629326620516048,"LINCS L1000","l1000_results_up","up","PCLB001_JURKAT_6H:BRD-A58955223-001-02-0:10","BRD-A58955223",NA,NA,NA,"sulforaphane",0.000763664,3.11709768205664,FALSE,"Upregula NQO1",6.17119881995891
417,"alvespimycin","VCAP","6 h","5.0 µM",9.1283e-06,0.0001701,1.22571,0.000341997264021888,"LINCS L1000","l1000_results_up","up","ERG005_VCAP_6H:BRD-A06304526-001-01-0:5","BRD-A06304526",NA,NA,NA,"alvespimycin",0.0001701,3.76929568638743,FALSE,"Upregula NQO1",4.62006341576194
418,"BRD-K54343811","MCF7","24 h","5.0 µM",9.31971e-06,9.84961e-05,2.27596,0.000215889464594128,"LINCS L1000","l1000_results_up","up","HDAC002_MCF7_24H:BRD-K54343811-001-01-1:5","BRD-K54343811",NA,NA,NA,"brd-k54343811",9.84961e-05,4.00658096525885,FALSE,"Upregula NQO1",9.11881801369053
419,"BRD-A18725729","MCF7","24 h","10.0 µM",9.33715e-06,0.00134142,2.11115,0.0015600624024961,"LINCS L1000","l1000_results_up","up","CPC010_MCF7_24H:BRD-A18725729-001-08-2:10","BRD-A18725729",NA,NA,NA,"brd-a18725729",0.00134142,2.87243522280162,FALSE,"Upregula NQO1",6.06414162061765
420,"DL-PDMP","A375","24 h","64.0 µM",9.36697e-06,9.04134e-05,1.26509,0.000252525252525253,"LINCS L1000","l1000_results_up","up","CPC006_A375_24H:BRD-K05653692-003-04-7:64","BRD-K05653692",NA,NA,NA,"dl-pdmp",9.04134e-05,4.04376719878587,FALSE,"Upregula NQO1",5.11572944551202
421,"vorinostat","HEK293T","24 h","10.0 µM",9.40144e-06,4.97745e-05,1.35398,0.000166251039068994,"LINCS L1000","l1000_results_up","up","BRAF001_HEK293T_24H:BRD-K81418486-001-15-2:10","BRD-K81418486",NA,NA,NA,"vorinostat",4.97745e-05,4.30299309389888,FALSE,"Upregula NQO1",5.8261665892772
422,"16,16-dimethylprostaglandin-e2","SW948","6 h","10.0 µM",9.59605e-06,0.00226473,2.38118,0.00229357798165138,"LINCS L1000","l1000_results_up","up","CPC006_SW948_6H:BRD-K92301463-001-03-0:10","BRD-K92301463",NA,NA,NA,"16,16-dimethylprostaglandin-e2",0.00226473,2.64498356694018,FALSE,"Upregula NQO1",6.29818196992661
423,"vemurafenib","HT29","6 h","10.0 µM",9.61721e-06,0.000190889,1.32822,0.0003813882532418,"LINCS L1000","l1000_results_up","up","CPC006_HT29_6H:BRD-K56343971-001-02-3:10","BRD-K56343971",NA,NA,NA,"vemurafenib",0.000190889,3.71921909715344,FALSE,"Upregula NQO1",4.93994118922114
424,"BRD-K00256256","HT29","6 h","10.0 µM",9.79251e-06,0.000365259,1.80776,0.000435729847494553,"LINCS L1000","l1000_results_up","up","CPC010_HT29_6H:BRD-K00256256-001-03-8:10","BRD-K00256256",NA,NA,NA,"brd-k00256256",0.000365259,3.4373990742241,FALSE,"Upregula NQO1",6.21399255041937
425,"skatole","PC3","24 h","10.0 µM",9.83365e-06,0.00161012,1.61047,0.00119904076738609,"LINCS L1000","l1000_results_up","up","CPC002_PC3_24H:BRD-K73824630-001-03-2:10","BRD-K73824630",NA,NA,NA,"skatole",0.00161012,2.79314175539937,FALSE,"Upregula NQO1",4.49827100281802
426,"zileuton","VCAP","24 h","10.0 µM",9.91821e-06,7.80143e-05,1.07643,0.000195198126097989,"LINCS L1000","l1000_results_up","up","CPC011_VCAP_24H:BRD-A56359832-001-08-7:10","BRD-A56359832",NA,NA,NA,"zileuton",7.80143e-05,4.10782578395217,FALSE,"Upregula NQO1",4.42178690861964
427,"isoliquiritigenin","VCAP","6 h","10.0 µM",9.96385e-06,0.00241169,1.54995,0.00309597523219814,"LINCS L1000","l1000_results_up","up","CPC006_VCAP_6H:BRD-K33583600-001-09-6:10","BRD-K33583600",NA,NA,NA,"isoliquiritigenin",0.00241169,2.61767851740328,FALSE,"Upregula NQO1",4.05727081804922
428,"BRD-A68274214","VCAP","24 h","10.0 µM",9.9867e-06,0.000140928,1.84832,0.000226090888537192,"LINCS L1000","l1000_results_up","up","CPC013_VCAP_24H:BRD-A68274214-001-01-7:10","BRD-A68274214",NA,NA,NA,"brd-a68274214",0.000140928,3.85100271138038,FALSE,"Upregula NQO1",7.11788533149858
429,"BRD-K05331696","PC3","24 h","10.0 µM",1.00695e-05,0.00119526,1.7732,0.000934579439252336,"LINCS L1000","l1000_results_up","up","CPC010_PC3_24H:BRD-K05331696-001-02-4:10","BRD-K05331696",NA,NA,NA,"brd-k05331696",0.00119526,2.92253761414407,FALSE,"Upregula NQO1",5.18224369740027
430,"BRD-K18711687","VCAP","24 h","10.0 µM",1.0097e-05,0.00325254,2.35344,0.00134048257372654,"LINCS L1000","l1000_results_up","up","CPC008_VCAP_24H:BRD-K18711687-019-01-7:10","BRD-K18711687",NA,NA,NA,"brd-k18711687",0.00325254,2.48777735374487,FALSE,"Upregula NQO1",5.85483473539732
431,"isoliquiritigenin","SW948","6 h","10.0 µM",1.03803e-05,0.000751803,1.97289,0.000843881856540084,"LINCS L1000","l1000_results_up","up","CPC006_SW948_6H:BRD-K33583600-001-09-6:10","BRD-K33583600",NA,NA,NA,"isoliquiritigenin",0.000751803,3.12389594560698,FALSE,"Upregula NQO1",6.16310307212856
432,"K784-3188","HT29","6 h","10.0 µM",1.03867e-05,0.000215155,1.88071,0.000408329930583912,"LINCS L1000","l1000_results_up","up","CPC010_HT29_6H:BRD-A72180425-001-10-6:10","BRD-A72180425",NA,NA,NA,"k784-3188",0.000215155,3.66724855686854,FALSE,"Upregula NQO1",6.89703103338823
433,"imiloxan","VCAP","6 h","10.0 µM",1.06095e-05,0.00178979,1.94832,0.00109051254089422,"LINCS L1000","l1000_results_up","up","CPC005_VCAP_6H:BRD-A10903566-003-02-8:10","BRD-A10903566",NA,NA,NA,"imiloxan",0.00178979,2.74719792275835,FALSE,"Upregula NQO1",5.35242065686854
434,"n-bromoacetyltryptamine","NEU.KCL","None h","10.0 µM",1.0698e-05,0.000575417,2.78943,0.00060459492140266,"LINCS L1000","l1000_results_up","up","NMH001_NEU.KCL_24H.4H:BRD-K35553576-001-01-4:10","BRD-K35553576",NA,NA,NA,"n-bromoacetyltryptamine",0.000575417,3.24001731155044,FALSE,"Upregula NQO1",9.03780148935813
435,"quiflapon","MCF7","24 h","80.0 µM",1.07381e-05,0.000158986,0.88538,0.000344234079173838,"LINCS L1000","l1000_results_up","up","CPC006_MCF7_24H:BRD-K39503511-001-02-1:80","BRD-K39503511",NA,NA,NA,"quiflapon",0.000158986,3.79864111712886,FALSE,"Upregula NQO1",3.36324087228355
436,"T-5345967","MCF7","6 h","160.0 µM",1.08432e-05,0.0402428,1.14102,0.166666666666667,"LINCS L1000","l1000_results_up","up","CPC006_MCF7_6H:BRD-K38985961-001-06-7:160","BRD-K38985961",NA,NA,NA,"t-5345967",0.0402428,1.3953118097055,FALSE,"Upregula NQO1",1.59207868111017
437,"canertinib","VCAP","24 h","10.0 µM",1.08918e-05,0.000249526,1.73456,0.000327868852459016,"LINCS L1000","l1000_results_up","up","CPC014_VCAP_24H:BRD-K50168500-001-01-2:10","BRD-K50168500",NA,NA,NA,"canertinib",0.000249526,3.60288419525812,FALSE,"Upregula NQO1",6.24941880972692
438,"BRD-K42499654","VCAP","24 h","10.0 µM",1.0897e-05,0.000328356,2.35193,0.000438404208680403,"LINCS L1000","l1000_results_up","up","CPC009_VCAP_24H:BRD-K42499654-001-06-5:10","BRD-K42499654",NA,NA,NA,"brd-k42499654",0.000328356,3.48365504350587,FALSE,"Upregula NQO1",8.19331280647276
439,"EMF-sumo1-11","HT29","6 h","10.0 µM",1.10152e-05,0.00082961,1.12521,0.000859845227858985,"LINCS L1000","l1000_results_up","up","CPC014_HT29_6H:BRD-A77467113-001-01-8:10","BRD-A77467113",NA,NA,NA,"emf-sumo1-11",0.00082961,3.08112602166404,FALSE,"Upregula NQO1",3.4669138108366
440,"SA-25547","VCAP","6 h","10.0 µM",1.14636e-05,0.000551342,1.63213,0.000730460189919649,"LINCS L1000","l1000_results_up","up","CPC019_VCAP_6H:BRD-K96076993-001-01-7:10","BRD-K96076993",NA,NA,NA,"sa-25547",0.000551342,3.2585789226786,FALSE,"Upregula NQO1",5.31842441707142
441,"suloctidil","PC3","6 h","10.0 µM",1.16153e-05,0.00369499,1.33341,0.0050251256281407,"LINCS L1000","l1000_results_up","up","CPC003_PC3_6H:BRD-A34205397-001-03-7:10","BRD-A34205397",NA,NA,NA,"suloctidil",0.00369499,2.43238673262794,FALSE,"Upregula NQO1",3.24336879315342
442,"CGK-733","PC3","24 h","10.0 µM",1.168e-05,0.000215157,1.75797,0.0004212299915754,"LINCS L1000","l1000_results_up","up","CPC003_PC3_24H:BRD-A50737080-001-01-4:10","BRD-A50737080",NA,NA,NA,"cgk-733",0.000215157,3.66724451984906,FALSE,"Upregula NQO1",6.44690584855904
443,"GSK-429286A","VCAP","6 h","10.0 µM",1.17107e-05,0.000219322,2.4022,0.000269323996768112,"LINCS L1000","l1000_results_up","up","CPC013_VCAP_6H:BRD-A10523515-001-01-2:10","BRD-A10523515",NA,NA,NA,"gsk-429286a",0.000219322,3.65891780243381,FALSE,"Upregula NQO1",8.78945234500649
444,"wiskostatin","NPC","24 h","10.0 µM",1.1885e-05,0.00247341,2.25681,0.00190114068441065,"LINCS L1000","l1000_results_up","up","CPC016_NPC_24H:BRD-A18579359-001-02-3:10","BRD-A18579359",NA,NA,NA,"wiskostatin",0.00247341,2.60670388769094,FALSE,"Upregula NQO1",5.88283540077979
445,"QL-XI-92","PC3","6 h","10.0 µM",1.20468e-05,0.0157799,1.44348,0.0158730158730159,"LINCS L1000","l1000_results_up","up","CPC014_PC3_6H:BRD-U73238814-000-01-7:10","BRD-U73238814",NA,NA,NA,"ql-xi-92",0.0157799,1.80189575331835,FALSE,"Upregula NQO1",2.60100048199997
446,"CT-200783","VCAP","6 h","10.0 µM",1.21088e-05,0.000186086,1.55616,0.000342465753424657,"LINCS L1000","l1000_results_up","up","CPC006_VCAP_6H:BRD-K02822062-001-01-3:10","BRD-K02822062",NA,NA,NA,"ct-200783",0.000186086,3.73028629936497,FALSE,"Upregula NQO1",5.80492232761979
447,"tozasertib","HT29","6 h","10.0 µM",1.21408e-05,0.00105781,2.36478,0.00122549019607843,"LINCS L1000","l1000_results_up","up","CPC013_HT29_6H:BRD-K59369769-001-07-0:10","BRD-K59369769",NA,NA,NA,"tozasertib",0.00105781,2.97559233169755,FALSE,"Upregula NQO1",7.03662123415173
448,"zeranol","VCAP","24 h","10.0 µM",1.21416e-05,0.000349813,1.05208,0.000337495781302734,"LINCS L1000","l1000_results_up","up","CPC011_VCAP_24H:BRD-A24381660-001-15-2:10","BRD-A24381660",NA,NA,NA,"zeranol",0.000349813,3.4561640549964,FALSE,"Upregula NQO1",3.63616107898062
449,"CA-074-Me","PC3","24 h","10.0 µM",1.22757e-05,0.00165253,1.55862,0.00131926121372032,"LINCS L1000","l1000_results_up","up","CPC005_PC3_24H:BRD-A56020723-001-02-0:10","BRD-A56020723",NA,NA,NA,"ca-074-me",0.00165253,2.78185064759652,FALSE,"Upregula NQO1",4.33584805635688
450,"EMF-sumo1-2","HEPG2","6 h","10.0 µM",1.23534e-05,0.0119603,1.65311,0.0227272727272727,"LINCS L1000","l1000_results_up","up","CPC014_HEPG2_6H:BRD-A93893742-001-07-1:10","BRD-A93893742",NA,NA,NA,"emf-sumo1-2",0.0119603,1.92225792680994,FALSE,"Upregula NQO1",3.17770380138878
451,"parthenolide","VCAP","6 h","10.0 µM",1.23839e-05,0.00165129,2.69959,0.00120481927710843,"LINCS L1000","l1000_results_up","up","CPC002_VCAP_6H:BRD-K98548675-001-02-6:10","BRD-K98548675",NA,NA,NA,"parthenolide",0.00165129,2.78217664912375,FALSE,"Upregula NQO1",7.51073626020798
452,"butein","VCAP","6 h","10.0 µM",1.24886e-05,0.00144091,2.65723,0.00056274620146314,"LINCS L1000","l1000_results_up","up","CPC003_VCAP_6H:BRD-K17497770-001-01-0:10","BRD-K17497770",NA,NA,NA,"butein",0.00144091,2.84136314460171,FALSE,"Upregula NQO1",7.55015538873001
453,"BRD-A84909344","MCF7","24 h","10.0 µM",1.27169e-05,0.0113356,2.07763,0.0256410256410256,"LINCS L1000","l1000_results_up","up","CPC007_MCF7_24H:BRD-A84909344-001-08-6:10","BRD-A84909344",NA,NA,NA,"brd-a84909344",0.0113356,1.94555548746576,FALSE,"Upregula NQO1",4.04214444742348
454,"BRD-K56411643","MCF7","24 h","10.0 µM",1.27804e-05,0.000165558,0.824215,0.000251193167545843,"LINCS L1000","l1000_results_up","up","CPC006_MCF7_24H:BRD-K56411643-001-02-6:10","BRD-K56411643",NA,NA,NA,"brd-k56411643",0.000165558,3.78104982867264,FALSE,"Upregula NQO1",3.11639798453942
455,"telmisartan","VCAP","24 h","10.0 µM",1.30273e-05,0.00173139,1.04076,0.000892857142857143,"LINCS L1000","l1000_results_up","up","CPC011_VCAP_24H:BRD-K73999723-001-07-1:10","BRD-K73999723",NA,NA,NA,"telmisartan",0.00173139,2.76160509516883,FALSE,"Upregula NQO1",2.87416811884791
456,"tacedinaline","MCF7","24 h","0.078125 µM",1.31428e-05,0.00750422,2.30183,0.00129366106080207,"LINCS L1000","l1000_results_up","up","HDAC002_MCF7_24H:BRD-K52313696-001-01-6:0.078125","BRD-K52313696",NA,NA,NA,"tacedinaline",0.00750422,2.1246944423015,FALSE,"Upregula NQO1",4.89068540812287
457,"BRD-K29160485","MCF7","24 h","10.0 µM",1.31746e-05,0.0325969,1.68977,0.0909090909090909,"LINCS L1000","l1000_results_up","up","CPC010_MCF7_24H:BRD-K29160485-001-02-4:10","BRD-K29160485",NA,NA,NA,"brd-k29160485",0.0325969,1.48682369983727,FALSE,"Upregula NQO1",2.51239008327402
458,"EMF-sumo1-3","HEPG2","6 h","10.0 µM",1.36862e-05,0.00516548,1.63929,0.005,"LINCS L1000","l1000_results_up","up","CPC014_HEPG2_6H:BRD-K94018295-001-06-5:10","BRD-K94018295",NA,NA,NA,"emf-sumo1-3",0.00516548,2.28688931564186,FALSE,"Upregula NQO1",3.74887478623854
459,"curcumin","A375","24 h","10.0 µM",1.38004e-05,0.000603748,1.47561,0.000613496932515337,"LINCS L1000","l1000_results_up","up","PCLB001_A375_24H:BRD-K07572174-001-22-0:10","BRD-K07572174",NA,NA,NA,"curcumin",0.000603748,3.21914429489948,FALSE,"Upregula NQO1",4.75020151299663
460,"MD-049","VCAP","6 h","10.0 µM",1.38282e-05,0.00150208,3.00884,0.0010351966873706,"LINCS L1000","l1000_results_up","up","CPC012_VCAP_6H:BRD-K74797618-001-01-9:10","BRD-K74797618",NA,NA,NA,"md-049",0.00150208,2.82330693641752,FALSE,"Upregula NQO1",8.49487884257049
461,"BRD-K36772364","VCAP","6 h","10.0 µM",1.39488e-05,0.00408701,2.79258,0.00305810397553517,"LINCS L1000","l1000_results_up","up","CPC010_VCAP_6H:BRD-K36772364-001-06-4:10","BRD-K36772364",NA,NA,NA,"brd-k36772364",0.00408701,2.38859429966558,FALSE,"Upregula NQO1",6.6703406693601
462,"quinoclamine","HT29","24 h","11.1 µM",1.40242e-05,0.000166911,1.46054,0.000289268151576511,"LINCS L1000","l1000_results_up","up","CPC006_HT29_24H:BRD-K66792149-001-01-8:11.1","BRD-K66792149",NA,NA,NA,"quinoclamine",0.000166911,3.77751504090087,FALSE,"Upregula NQO1",5.51721181783735
463,"Broad-Sai-595","MCF7","24 h","0.15625 µM",1.40486e-05,0.000178151,2.23309,0.00023719165085389,"LINCS L1000","l1000_results_up","up","HDAC002_MCF7_24H:BRD-K29107232-001-01-3:0.15625","BRD-K29107232",NA,NA,NA,"broad-sai-595",0.000178151,3.7492117355175,FALSE,"Upregula NQO1",8.37232723446676
464,"BRD-K19826688","MCF7","24 h","10.0 µM",1.43014e-05,0.000213734,2.29726,0.000259336099585062,"LINCS L1000","l1000_results_up","up","HDAC002_MCF7_24H:BRD-K19826688-001-01-9:10","BRD-K19826688",NA,NA,NA,"brd-k19826688",0.000213734,3.67012638640934,FALSE,"Upregula NQO1",8.43123454244273
465,"BRD-K59460069","VCAP","6 h","10.0 µM",1.49886e-05,0.00513487,2.36074,0.00662251655629139,"LINCS L1000","l1000_results_up","up","CPC013_VCAP_6H:BRD-K59460069-001-01-7:10","BRD-K59460069",NA,NA,NA,"brd-k59460069",0.00513487,2.28947054700289,FALSE,"Upregula NQO1",5.4048446991316
466,"BRD-A35769934","VCAP","6 h","30.0 µM",1.57242e-05,0.0037015,1.73974,0.00161030595813205,"LINCS L1000","l1000_results_up","up","ERG004_VCAP_6H:BRD-A35769934:30","BRD-A35769934",NA,NA,NA,"brd-a35769934",0.0037015,2.43162224628178,FALSE,"Upregula NQO1",4.23039048674626
467,"BRD-A36275421","MCF7","24 h","10.0 µM",1.60163e-05,0.000121932,1.67942,0.000213995292103574,"LINCS L1000","l1000_results_up","up","CPC010_MCF7_24H:BRD-A36275421-001-18-6:10","BRD-A36275421",NA,NA,NA,"brd-a36275421",0.000121932,3.91388230258808,FALSE,"Upregula NQO1",6.57305221661248
468,"BRD-K88668992","PC3","24 h","10.0 µM",1.61481e-05,0.0134535,1.51099,0.0147058823529412,"LINCS L1000","l1000_results_up","up","CPC010_PC3_24H:BRD-K88668992-001-02-0:10","BRD-K88668992",NA,NA,NA,"brd-k88668992",0.0134535,1.87116471692942,FALSE,"Upregula NQO1",2.82731117563318
469,"wortmannin","HT29","6 h","10.0 µM",1.61682e-05,0.00180016,1.74341,0.00150375939849624,"LINCS L1000","l1000_results_up","up","CPC004_HT29_6H:BRD-A11678676-001-03-4:10","BRD-A11678676",NA,NA,NA,"wortmannin",0.00180016,2.74468889265838,FALSE,"Upregula NQO1",4.78511806234954
470,"phorbol-myristate-acetate","HL60","6 h","1.11111 µM",1.61922e-05,9.93847e-05,1.91073,0.00020772746157042,"LINCS L1000","l1000_results_up","up","AML001_HL60_6H:BRD-K68552125:1.11111","BRD-K68552125",NA,NA,NA,"phorbol-myristate-acetate",9.93847e-05,4.00268046889257,FALSE,"Upregula NQO1",7.64804165232709
471,"AM-580","MCF7","24 h","10.0 µM",1.62861e-05,0.00126362,0.961629,0.00105596620908131,"LINCS L1000","l1000_results_up","up","CPC006_MCF7_24H:BRD-K06854232-001-03-3:10","BRD-K06854232",NA,NA,NA,"am-580",0.00126362,2.89838350889786,FALSE,"Upregula NQO1",2.78716963527794
472,"BI-2536","HA1E","24 h","10.0 µM",1.64558e-05,0.000114943,1.42854,0.000213219616204691,"LINCS L1000","l1000_results_up","up","CPC006_HA1E_24H:BRD-K64890080-001-03-9:10","BRD-K64890080",NA,NA,NA,"bi-2536",0.000114943,3.93951747201489,FALSE,"Upregula NQO1",5.62775828947215
473,"manumycin-a","MCF7","24 h","10.0 µM",1.67005e-05,0.000301122,0.860337,0.000352609308885755,"LINCS L1000","l1000_results_up","up","CPC006_MCF7_24H:BRD-A77216878-001-01-4:10","BRD-A77216878",NA,NA,NA,"manumycin-a",0.000301122,3.52125751373477,FALSE,"Upregula NQO1",3.02946812559403
474,"QL-XII-47","MCF10A","24 h","10.0 µM",1.67596e-05,0.000162404,1.6417,0.000241896468311563,"LINCS L1000","l1000_results_up","up","LJP001_MCF10A_24H:BRD-K99252563-001-01-1:10","BRD-K99252563",NA,NA,NA,"ql-xii-47",0.000162404,3.78940327831816,FALSE,"Upregula NQO1",6.22106336201491
475,"alvespimycin","VCAP","6 h","20.0 µM",1.69505e-05,0.000454616,0.846961,0.000401606425702811,"LINCS L1000","l1000_results_up","up","ERG005_VCAP_6H:BRD-A06304526-001-01-0:20","BRD-A06304526",NA,NA,NA,"alvespimycin",0.000454616,3.34235528354851,FALSE,"Upregula NQO1",2.83084457330953
476,"sulforaphane","PC3","24 h","10.0 µM",1.69786e-05,0.0102682,1.5954,0.00840336134453781,"LINCS L1000","l1000_results_up","up","PCLB001_PC3_24H:BRD-A58955223-001-02-0:10","BRD-A58955223",NA,NA,NA,"sulforaphane",0.0102682,1.98850568089946,FALSE,"Upregula NQO1",3.17246196330699
477,"TG100-115","VCAP","24 h","10.0 µM",1.72542e-05,0.000302219,1.76754,0.000261985852763951,"LINCS L1000","l1000_results_up","up","CPC013_VCAP_24H:BRD-K64785675-001-01-6:10","BRD-K64785675",NA,NA,NA,"tg100-115",0.000302219,3.51967823577539,FALSE,"Upregula NQO1",6.22117206886243
478,"GW-405833","A375","24 h","40.0 µM",1.7256e-05,0.00026508,1.3555,0.000394166338194718,"LINCS L1000","l1000_results_up","up","CPC006_A375_24H:BRD-K10705233-003-02-8:40","BRD-K10705233",NA,NA,NA,"gw-405833",0.00026508,3.57662303808094,FALSE,"Upregula NQO1",4.84811252811871
479,"4-hydroxyretinoic-acid","VCAP","24 h","10.0 µM",1.72664e-05,9.62904e-05,2.77403,0.000168690958164642,"LINCS L1000","l1000_results_up","up","CPC014_VCAP_24H:BRD-A96799240-001-01-7:10","BRD-A96799240",NA,NA,NA,"4-hydroxyretinoic-acid",9.62904e-05,4.01641700918753,FALSE,"Upregula NQO1",11.1416612759965
480,"sirolimus","HT29","6 h","10.0 µM",1.7375e-05,0.00211424,1.67341,0.00142857142857143,"LINCS L1000","l1000_results_up","up","CPC004_HT29_6H:BRD-A79768653-001-02-1:10","BRD-A79768653",NA,NA,NA,"sirolimus",0.00211424,2.67484571487178,FALSE,"Upregula NQO1",4.47611356772358
481,"GW-405833","HT29","6 h","40.0 µM",1.75554e-05,0.00330711,1.09921,0.00161290322580645,"LINCS L1000","l1000_results_up","up","CPC006_HT29_6H:BRD-K10705233-003-02-8:40","BRD-K10705233",NA,NA,NA,"gw-405833",0.00330711,2.48055135948651,FALSE,"Upregula NQO1",2.72664685986116
482,"4-hydroxyretinoic-acid","VCAP","6 h","10.0 µM",1.76226e-05,0.0301861,1.87991,0.0476190476190476,"LINCS L1000","l1000_results_up","up","CPC014_VCAP_6H:BRD-A96799240-001-01-7:10","BRD-A96799240",NA,NA,NA,"4-hydroxyretinoic-acid",0.0301861,1.52019299356483,FALSE,"Upregula NQO1",2.85782601053246
483,"BRD-K68007270","VCAP","24 h","10.0 µM",1.76667e-05,0.00131573,1.97037,0.00129533678756477,"LINCS L1000","l1000_results_up","up","CPC019_VCAP_24H:BRD-K68007270-001-01-0:10","BRD-K68007270",NA,NA,NA,"brd-k68007270",0.00131573,2.88083322283503,FALSE,"Upregula NQO1",5.67630735727745
484,"BMS-345541","PC3","6 h","10.0 µM",1.77457e-05,0.000251535,1.89562,0.000261437908496732,"LINCS L1000","l1000_results_up","up","CPC014_PC3_6H:BRD-K13566078-003-01-1:10","BRD-K13566078",NA,NA,NA,"bms-345541",0.000251535,3.59940157621724,FALSE,"Upregula NQO1",6.82309761590893
485,"geldanamycin","VCAP","24 h","10.0 µM",1.80297e-05,0.000327388,1.4767,0.000352112676056338,"LINCS L1000","l1000_results_up","up","CPC006_VCAP_24H:BRD-A19500257:10","BRD-A19500257",NA,NA,NA,"geldanamycin",0.000327388,3.48493724315649,FALSE,"Upregula NQO1",5.14620682696919
486,"RS-I-002-6","SKB","24 h","10.0 µM",1.81999e-05,0.0012134,2.757,0.000701754385964912,"LINCS L1000","l1000_results_up","up","CPC013_SKB_24H:BRD-K66254772-001-01-3:10","BRD-K66254772",NA,NA,NA,"rs-i-002-6",0.0012134,2.91599600939197,FALSE,"Upregula NQO1",8.03940099789366
487,"BRD-K66884694","PC3","6 h","10.0 µM",1.82905e-05,0.00330253,1.95845,0.0025974025974026,"LINCS L1000","l1000_results_up","up","CPC008_PC3_6H:BRD-K66884694-001-05-3:10","BRD-K66884694",NA,NA,NA,"brd-k66884694",0.00330253,2.48115322858845,FALSE,"Upregula NQO1",4.85921454052904
488,"16,16-dimethylprostaglandin-e2","HA1E","24 h","10.0 µM",1.92818e-05,0.00171062,1.18345,0.00122399020807834,"LINCS L1000","l1000_results_up","up","CPC006_HA1E_24H:BRD-K92301463-001-03-0:10","BRD-K92301463",NA,NA,NA,"16,16-dimethylprostaglandin-e2",0.00171062,2.7668464546506,FALSE,"Upregula NQO1",3.27442443675625
489,"BRD-A89049230","MCF7","24 h","10.0 µM",1.93956e-05,0.0018273,1.66386,0.00251889168765743,"LINCS L1000","l1000_results_up","up","CPC010_MCF7_24H:BRD-A89049230-001-03-4:10","BRD-A89049230",NA,NA,NA,"brd-a89049230",0.0018273,2.73819014577892,FALSE,"Upregula NQO1",4.55596505595571
490,"cediranib","VCAP","24 h","10.0 µM",1.94714e-05,0.000440639,2.2553,0.000390167772142021,"LINCS L1000","l1000_results_up","up","CPC014_VCAP_24H:BRD-K86930074-001-01-9:10","BRD-K86930074",NA,NA,NA,"cediranib",0.000440639,3.3559170670236,FALSE,"Upregula NQO1",7.56859976125833
491,"nilotinib","HT29","6 h","10.0 µM",1.98232e-05,0.00229907,1.44773,0.00226757369614513,"LINCS L1000","l1000_results_up","up","CPC014_HT29_6H:BRD-K81528515-001-03-9:10","BRD-K81528515",NA,NA,NA,"nilotinib",0.00229907,2.63844780552458,FALSE,"Upregula NQO1",3.8197600414921
492,"BRD-K82685933","VCAP","24 h","10.0 µM",1.99783e-05,0.00127108,2.26496,0.000712250712250712,"LINCS L1000","l1000_results_up","up","CPC013_VCAP_24H:BRD-K82685933-001-02-2:10","BRD-K82685933",NA,NA,NA,"brd-k82685933",0.00127108,2.89582711469763,FALSE,"Upregula NQO1",6.55893258170553
493,"7b-cis","A375","6 h","10.0 µM",2.00519e-05,0.000983515,1.90054,0.00069589422407794,"LINCS L1000","l1000_results_up","up","CPC006_A375_6H:BRD-K61829047-001-01-6:10","BRD-K61829047",NA,NA,NA,"7b-cis",0.000983515,3.00721901208674,FALSE,"Upregula NQO1",5.71534002123133
494,"GW-405833","HT29","24 h","40.0 µM",2.02615e-05,0.000146917,1.37187,0.000206953642384106,"LINCS L1000","l1000_results_up","up","CPC006_HT29_24H:BRD-K10705233-003-02-8:40","BRD-K10705233",NA,NA,NA,"gw-405833",0.000146917,3.83292794839609,FALSE,"Upregula NQO1",5.25827886456614
495,"GDC-0879","HT29","6 h","10.0 µM",2.03171e-05,0.000467045,1.51226,0.000415973377703827,"LINCS L1000","l1000_results_up","up","CPC014_HT29_6H:BRD-K67578145-001-01-4:10","BRD-K67578145",NA,NA,NA,"gdc-0879",0.000467045,3.33064127294533,FALSE,"Upregula NQO1",5.03679557142431
496,"palbociclib","BT20","24 h","0.4 µM",2.04781e-05,0.000757486,1.51042,0.000574712643678161,"LINCS L1000","l1000_results_up","up","LJP001_BT20_24H:BRD-K51313569-001-03-7:0.4","BRD-K51313569",NA,NA,NA,"palbociclib",0.000757486,3.12062538946451,FALSE,"Upregula NQO1",4.71345500075499
497,"NSC-632839","HT29","6 h","10.0 µM",2.07035e-05,0.000244317,1.02574,0.000342231348391513,"LINCS L1000","l1000_results_up","up","CPC006_HT29_6H:BRD-K74402642-003-01-2:10","BRD-K74402642",NA,NA,NA,"nsc-632839",0.000244317,3.61204631301295,FALSE,"Upregula NQO1",3.70502038510991
498,"APHA-compound-8","VCAP","24 h","10.0 µM",2.11515e-05,0.000619262,2.1437,0.000565930956423316,"LINCS L1000","l1000_results_up","up","CPC014_VCAP_24H:BRD-K74733595-001-02-9:10","BRD-K74733595",NA,NA,NA,"apha-compound-8",0.000619262,3.20812556894352,FALSE,"Upregula NQO1",6.87725878214422
499,"BRD-K82732294","PC3","24 h","10.0 µM",2.11995e-05,0.000415922,1.34125,0.000393700787401575,"LINCS L1000","l1000_results_up","up","CPC009_PC3_24H:BRD-K82732294-001-05-8:10","BRD-K82732294",NA,NA,NA,"brd-k82732294",0.000415922,3.38098810722365,FALSE,"Upregula NQO1",4.53475029881372
500,"BRD-A24054354","VCAP","6 h","10.0 µM",2.14648e-05,0.00285603,1.32076,0.00130378096479791,"LINCS L1000","l1000_results_up","up","CPC006_VCAP_6H:BRD-A24054354-001-05-7:10","BRD-A24054354",NA,NA,NA,"brd-a24054354",0.00285603,2.544237235003,FALSE,"Upregula NQO1",3.36032677050256
501,"tanespimycin","VCAP","48 h","1.0 µM",2.15015e-05,0.000379094,0.577748,0.000325309043591412,"LINCS L1000","l1000_results_up","up","ERG005_VCAP_48H:BRD-A61304759-001-01-0:1","BRD-A61304759",NA,NA,NA,"tanespimycin",0.000379094,3.42125308918874,FALSE,"Upregula NQO1",1.97662212977262
502,"sorafenib","VCAP","24 h","10.0 µM",2.16516e-05,0.000525242,2.03083,0.000340947834981248,"LINCS L1000","l1000_results_up","up","CPC013_VCAP_24H:BRD-K23984367-075-05-3:10","BRD-K23984367",NA,NA,NA,"sorafenib",0.000525242,3.27964055364322,FALSE,"Upregula NQO1",6.66039242555525
503,"radicicol","PC3","6 h","10.0 µM",2.23949e-05,0.000656172,1.52275,0.00047438330170778,"LINCS L1000","l1000_results_up","up","CPC014_PC3_6H:BRD-K33551950-001-01-6:10","BRD-K33551950",NA,NA,NA,"radicicol",0.000656172,3.18298230565515,FALSE,"Upregula NQO1",4.84688630593638
504,"arachidonyl-trifluoro-methane","MCF7","6 h","10.0 µM",2.26339e-05,0.0168004,1.73264,0.0238095238095238,"LINCS L1000","l1000_results_up","up","HOG003_MCF7_6H:BRD-K07303502-001-02-5:10","BRD-K07303502",NA,NA,NA,"arachidonyl-trifluoro-methane",0.0168004,1.77468037805243,FALSE,"Upregula NQO1",3.07488221022876
505,"BO2-inhibits-RAD51","MCF7","24 h","40.0 µM",2.2736e-05,0.000210864,0.833127,0.000222271615914648,"LINCS L1000","l1000_results_up","up","CPC006_MCF7_24H:BRD-K10882151-001-06-8:40","BRD-K10882151",NA,NA,NA,"bo2-inhibits-rad51",0.000210864,3.67599755935909,FALSE,"Upregula NQO1",3.06257281863616
506,"BRD-K23582869","VCAP","24 h","10.0 µM",2.30864e-05,0.00546903,1.72052,0.0045662100456621,"LINCS L1000","l1000_results_up","up","CPC019_VCAP_24H:BRD-K23582869-001-01-3:10","BRD-K23582869",NA,NA,NA,"brd-k23582869",0.00546903,2.26208969432536,FALSE,"Upregula NQO1",3.89197056088066
507,"BRD-K92317137","PC3","24 h","10.0 µM",2.33972e-05,0.000141042,0.86243,0.000214730513205927,"LINCS L1000","l1000_results_up","up","CPC006_PC3_24H:BRD-K92317137-001-04-0:10","BRD-K92317137",NA,NA,NA,"brd-k92317137",0.000141042,3.85065154229406,FALSE,"Upregula NQO1",3.32091740962067
508,"BRD-A36275421","PC3","6 h","10.0 µM",2.3416e-05,0.000287446,1.19211,0.000292141396435875,"LINCS L1000","l1000_results_up","up","CPC006_PC3_6H:BRD-A36275421-001-11-1:10","BRD-A36275421",NA,NA,NA,"brd-a36275421",0.000287446,3.54144373046909,FALSE,"Upregula NQO1",4.22179048552951
509,"BRD-K85266146","MCF7","6 h","10.0 µM",2.36352e-05,0.00392768,1.24986,0.00286532951289398,"LINCS L1000","l1000_results_up","up","CPC013_MCF7_6H:BRD-K85266146-001-01-3:10","BRD-K85266146",NA,NA,NA,"brd-k85266146",0.00392768,2.40586390273218,FALSE,"Upregula NQO1",3.00699305746884
510,"GSK-1070916","A375","24 h","5.0 µM",2.38592e-05,0.000510372,1.3013,0.00042863266180883,"LINCS L1000","l1000_results_up","up","PRISM001_A375_24H:BRD-K36740062-001-02-5:5","BRD-K36740062",NA,NA,NA,"gsk-1070916",0.000510372,3.29211315987282,FALSE,"Upregula NQO1",4.2840268549425
511,"PHCCC","VCAP","6 h","10.0 µM",2.43123e-05,0.00520564,1.92801,0.00167224080267559,"LINCS L1000","l1000_results_up","up","CPC005_VCAP_6H:BRD-A48257147-001-01-9:10","BRD-A48257147",NA,NA,NA,"phccc",0.00520564,2.28352586915407,FALSE,"Upregula NQO1",4.40266071098775
512,"temsirolimus","SW948","6 h","10.0 µM",2.44093e-05,0.00119697,2.16113,0.000658327847267939,"LINCS L1000","l1000_results_up","up","CPC006_SW948_6H:BRD-A62025033-001-01-8:10","BRD-A62025033",NA,NA,NA,"temsirolimus",0.00119697,2.92191673430347,FALSE,"Upregula NQO1",6.31464191200526
513,"securinine","MCF7","24 h","10.0 µM",2.44482e-05,0.00824866,1.27146,0.0111111111111111,"LINCS L1000","l1000_results_up","up","CPC015_MCF7_24H:BRD-A25775766-001-03-3:10","BRD-A25775766",NA,NA,NA,"securinine",0.00824866,2.08361659713161,FALSE,"Upregula NQO1",2.64923515858895
514,"phorbol-12-myristate-13-acetate","SW948","6 h","10.0 µM",2.45189e-05,0.000495451,2.09438,0.000425531914893617,"LINCS L1000","l1000_results_up","up","CPC006_SW948_6H:BRD-A15079084-001-02-9:10","BRD-A15079084",NA,NA,NA,"phorbol-12-myristate-13-acetate",0.000495451,3.30499929068808,FALSE,"Upregula NQO1",6.9219244144313
515,"kinetin-riboside","HT29","6 h","10.0 µM",2.50258e-05,0.00265117,1.29827,0.00146842878120411,"LINCS L1000","l1000_results_up","up","CPC006_HT29_6H:BRD-K94325918-001-03-8:10","BRD-K94325918",NA,NA,NA,"kinetin-riboside",0.00265117,2.5765624232685,FALSE,"Upregula NQO1",3.34507369725679
516,"altrenogest","VCAP","24 h","10.0 µM",2.50637e-05,0.000461255,1.40623,0.000399201596806387,"LINCS L1000","l1000_results_up","up","CPC004_VCAP_24H:BRD-A27554692-001-01-3:10","BRD-A27554692",NA,NA,NA,"altrenogest",0.000461255,3.33605891305914,FALSE,"Upregula NQO1",4.69126612531115
517,"FL-HDAC-025","MCF7","24 h","10.0 µM",2.5463e-05,0.000250446,2.66018,0.000244917952485917,"LINCS L1000","l1000_results_up","up","HDAC002_MCF7_24H:BRD-K03641750-001-01-3:10","BRD-K03641750",NA,NA,NA,"fl-hdac-025",0.000250446,3.60128590025636,FALSE,"Upregula NQO1",9.58006872614397
518,"vorinostat","NOMO1","24 h","9.99 µM",2.56398e-05,5.40824e-05,0.685582,0.000133120340788072,"LINCS L1000","l1000_results_up","up","KMS002_NOMO1_24H:BRD-K81418486-001-01-2:9.99","BRD-K81418486",NA,NA,NA,"vorinostat",5.40824e-05,4.26694404407032,FALSE,"Upregula NQO1",2.92534003162182
519,"BRD-K75971499","NEU.KCL","None h","10.0 µM",2.56416e-05,0.0104692,2.49041,0.0133333333333333,"LINCS L1000","l1000_results_up","up","NMH001_NEU.KCL_24H.4H:BRD-K75971499-001-01-3:10","BRD-K75971499",NA,NA,NA,"brd-k75971499",0.0104692,1.98008650350356,FALSE,"Upregula NQO1",4.9312272291903
520,"BRD-K18724229","VCAP","24 h","10.0 µM",2.6273e-05,0.000448313,1.9269,0.000359712230215827,"LINCS L1000","l1000_results_up","up","CPC009_VCAP_24H:BRD-K18724229-019-01-5:10","BRD-K18724229",NA,NA,NA,"brd-k18724229",0.000448313,3.34841866745496,FALSE,"Upregula NQO1",6.45206793031897
521,"BRD-K01621458","MCF7","24 h","0.15625 µM",2.69678e-05,0.000282864,2.13774,0.000241487563390485,"LINCS L1000","l1000_results_up","up","HDAC002_MCF7_24H:BRD-K01621458-001-01-2:0.15625","BRD-K01621458",NA,NA,NA,"brd-k01621458",0.000282864,3.54842232152926,FALSE,"Upregula NQO1",7.58560433362597
522,"trichostatin-a","HL60","6 h","10.0 µM",2.69909e-05,0.000132474,1.90865,0.000188146754468485,"LINCS L1000","l1000_results_up","up","AML001_HL60_6H:BRD-A19037878:10","BRD-A19037878",NA,NA,NA,"trichostatin-a",0.000132474,3.87786935013876,FALSE,"Upregula NQO1",7.40149533514234
523,"BO2-inhibits-RAD51","PC3","6 h","40.0 µM",2.72786e-05,0.00200237,1.14174,0.000849617672047579,"LINCS L1000","l1000_results_up","up","CPC006_PC3_6H:BRD-K10882151-001-06-8:40","BRD-K10882151",NA,NA,NA,"bo2-inhibits-rad51",0.00200237,2.69845567005787,FALSE,"Upregula NQO1",3.08093477673188
524,"15-delta-prostaglandin-j2","HCC515","6 h","10.0 µM",2.7386e-05,0.00609832,1.76735,0.00431034482758621,"LINCS L1000","l1000_results_up","up","CPC006_HCC515_6H:BRD-K61033289-001-01-2:10","BRD-K61033289",NA,NA,NA,"15-delta-prostaglandin-j2",0.00609832,2.21478979043507,FALSE,"Upregula NQO1",3.91430873612541
525,"necrostatin-1","A375","24 h","160.0 µM",2.77988e-05,0.00605936,1.22675,0.00429184549356223,"LINCS L1000","l1000_results_up","up","CPC006_A375_24H:BRD-A36318220-001-04-7:160","BRD-A36318220",NA,NA,NA,"necrostatin-1",0.00605936,2.21757324433975,FALSE,"Upregula NQO1",2.72040797749379
526,"BRD-K94493764","VCAP","24 h","10.0 µM",2.83547e-05,0.00303559,1.75212,0.00116822429906542,"LINCS L1000","l1000_results_up","up","CPC013_VCAP_24H:BRD-K94493764-001-01-3:10","BRD-K94493764",NA,NA,NA,"brd-k94493764",0.00303559,2.51775688651894,FALSE,"Upregula NQO1",4.41141219600756
527,"aminopurvalanol-a","A375","6 h","10.0 µM",2.83551e-05,0.000750788,1.90714,0.000448631673396142,"LINCS L1000","l1000_results_up","up","CPC016_A375_6H:BRD-K07762753-001-02-8:10","BRD-K07762753",NA,NA,NA,"aminopurvalanol-a",0.000750788,3.12448267741381,FALSE,"Upregula NQO1",5.95882589340298
528,"thioridazine","VCAP","6 h","20.0 µM",2.86236e-05,0.000215772,0.807113,0.000228050171037628,"LINCS L1000","l1000_results_up","up","ERG005_VCAP_6H:BRD-A84481105-003-15-6:20","BRD-A84481105",NA,NA,NA,"thioridazine",0.000215772,3.6660049129175,FALSE,"Upregula NQO1",2.95888022327958
529,"BRD-K10554164","A375","6 h","10.0 µM",2.86994e-05,0.000723057,1.28294,0.00040950040950041,"LINCS L1000","l1000_results_up","up","CPC012_A375_6H:BRD-K10554164-001-01-9:10","BRD-K10554164",NA,NA,NA,"brd-k10554164",0.000723057,3.14082746507102,FALSE,"Upregula NQO1",4.02949318803821
530,"HDACi1,2+3_mix","MCF7","24 h","1.25 µM",2.87131e-05,0.000265084,2.12707,0.000231535077564251,"LINCS L1000","l1000_results_up","up","HDAC002_MCF7_24H:BRD2492_+_BRD3308:1.25","BRD2492+BRD3308",NA,NA,NA,"hdaci1,2+3_mix",0.000265084,3.57661648472037,FALSE,"Upregula NQO1",7.60771362615415
531,"BRD-K88198340","VCAP","6 h","10.0 µM",2.90403e-05,0.00107958,1.50006,0.000350140056022409,"LINCS L1000","l1000_results_up","up","CPC007_VCAP_6H:BRD-K88198340-001-05-0:10","BRD-K88198340",NA,NA,NA,"brd-k88198340",0.00107958,2.96674516966025,FALSE,"Upregula NQO1",4.45029575920056
532,"BRD-K93578426","VCAP","24 h","10.0 µM",2.91424e-05,0.000335013,2.10777,0.000279407655769768,"LINCS L1000","l1000_results_up","up","CPC013_VCAP_24H:BRD-K93578426-001-01-2:10","BRD-K93578426",NA,NA,NA,"brd-k93578426",0.000335013,3.47493834007145,FALSE,"Upregula NQO1",7.3243707850524
533,"BRD-K39345836","PC3","6 h","10.0 µM",2.97121e-05,0.00380246,1.33464,0.00193423597678917,"LINCS L1000","l1000_results_up","up","CPC007_PC3_6H:BRD-K39345836-001-05-8:10","BRD-K39345836",NA,NA,NA,"brd-k39345836",0.00380246,2.41993534581425,FALSE,"Upregula NQO1",3.22974250993753
534,"JAK3-Inhibitor-II","NPC","24 h","10.0 µM",2.97366e-05,0.00476384,1.90292,0.0031055900621118,"LINCS L1000","l1000_results_up","up","CPC017_NPC_24H:BRD-K52850071-001-01-2:10","BRD-K52850071",NA,NA,NA,"jak3-inhibitor-ii",0.00476384,2.32204283331101,FALSE,"Upregula NQO1",4.41866174836418
535,"FU-JMBII105B","HT29","6 h","10.0 µM",2.98166e-05,0.0242731,1.88168,0.024390243902439,"LINCS L1000","l1000_results_up","up","CPC007_HT29_6H:BRD-K25662647-001-05-1:10","BRD-K25662647",NA,NA,NA,"fu-jmbii105b",0.0242731,1.61487475490337,FALSE,"Upregula NQO1",3.03867752880657
536,"WR-216174","HT29","6 h","10.0 µM",2.99058e-05,0.00564358,1.58039,0.00191938579654511,"LINCS L1000","l1000_results_up","up","CPC017_HT29_6H:BRD-K26669427-001-01-0:10","BRD-K26669427",NA,NA,NA,"wr-216174",0.00564358,2.24844531427799,FALSE,"Upregula NQO1",3.5534204902318
537,"BRD-K86574132","HA1E","24 h","48.0 µM",2.99655e-05,0.000914072,1.13646,0.000570776255707763,"LINCS L1000","l1000_results_up","up","CPC006_HA1E_24H:BRD-K86574132-001-04-9:48","BRD-K86574132",NA,NA,NA,"brd-k86574132",0.000914072,3.03901959423209,FALSE,"Upregula NQO1",3.453724208061
538,"CD-1530","VCAP","24 h","40.0 µM",3.02029e-05,0.000255337,1.47091,0.000245037980887037,"LINCS L1000","l1000_results_up","up","CPC006_VCAP_24H:BRD-K25737009-001-02-0:40","BRD-K25737009",NA,NA,NA,"cd-1530",0.000255337,3.59288624852701,FALSE,"Upregula NQO1",5.28481231182086
539,"RO-28-1675","HA1E","24 h","160.0 µM",3.02764e-05,0.000254797,1.31472,0.000236854571293226,"LINCS L1000","l1000_results_up","up","CPC006_HA1E_24H:BRD-K21672174-001-02-2:160","BRD-K21672174",NA,NA,NA,"ro-28-1675",0.000254797,3.59380568972411,FALSE,"Upregula NQO1",4.72484821639408
540,"lansoprazole","VCAP","24 h","10.0 µM",3.04535e-05,0.000442649,1.01046,0.000281452293836195,"LINCS L1000","l1000_results_up","up","CPC011_VCAP_24H:BRD-A49172652-001-23-0:10","BRD-A49172652",NA,NA,NA,"lansoprazole",0.000442649,3.35394051256934,FALSE,"Upregula NQO1",3.38902273033081
541,"RITA","HA1E","6 h","10.0 µM",3.13442e-05,0.0109058,1.18181,0.00714285714285714,"LINCS L1000","l1000_results_up","up","CPC006_HA1E_6H:BRD-K00317371-001-02-0:10","BRD-K00317371",NA,NA,NA,"rita",0.0109058,1.96234247104428,FALSE,"Upregula NQO1",2.31911595570485
542,"ilomastat","A375","6 h","10.0 µM",3.13467e-05,0.0109906,1.29107,0.00613496932515337,"LINCS L1000","l1000_results_up","up","CPC018_A375_6H:BRD-K51662849-001-03-9:10","BRD-K51662849",NA,NA,NA,"ilomastat",0.0109906,1.95897859787894,FALSE,"Upregula NQO1",2.52917849836356
543,"JNK-9L","PC3","6 h","10.0 µM",3.14122e-05,0.000231312,1.76374,0.000189358076121947,"LINCS L1000","l1000_results_up","up","CPC014_PC3_6H:BRD-K19220233-001-01-5:10","BRD-K19220233",NA,NA,NA,"jnk-9l",0.000231312,3.6358018363232,FALSE,"Upregula NQO1",6.41260913079669
544,"fostamatinib","A375","24 h","10.0 µM",3.20709e-05,0.000302224,1.26676,0.000243427458617332,"LINCS L1000","l1000_results_up","up","CPC006_A375_24H:BRD-K20285085-001-01-4:10","BRD-K20285085",NA,NA,NA,"fostamatinib",0.000302224,3.51967105073922,FALSE,"Upregula NQO1",4.45857850023441
545,"SA-792709","A375","6 h","10.0 µM",3.26201e-05,0.00232072,1.25239,0.00129032258064516,"LINCS L1000","l1000_results_up","up","CPC018_A375_6H:BRD-K51290057-001-01-0:10","BRD-K51290057",NA,NA,NA,"sa-792709",0.00232072,2.63437725497297,FALSE,"Upregula NQO1",3.29926773035559
546,"wortmannin","HT29","6 h","10.0 µM",3.29817e-05,0.00405766,2.21422,0.0015015015015015,"LINCS L1000","l1000_results_up","up","CPC013_HT29_6H:BRD-A75409952:10","BRD-A75409952",NA,NA,NA,"wortmannin",0.00405766,2.39172434624059,FALSE,"Upregula NQO1",5.29580388193283
547,"BRD-K78062244","SKB","24 h","10.0 µM",3.30985e-05,0.00399136,2.06467,0.00174520069808028,"LINCS L1000","l1000_results_up","up","CPC014_SKB_24H:BRD-K78062244-001-06-5:10","BRD-K78062244",NA,NA,NA,"brd-k78062244",0.00399136,2.39887909933638,FALSE,"Upregula NQO1",4.95289371002684
548,"AT-SUMO-1","HT29","6 h","10.0 µM",3.35104e-05,0.00390087,1.35062,0.00130378096479791,"LINCS L1000","l1000_results_up","up","CPC014_HT29_6H:BRD-A25337146-003-07-0:10","BRD-A25337146",NA,NA,NA,"at-sumo-1",0.00390087,2.40883852270113,FALSE,"Upregula NQO1",3.2534254855306
549,"temsirolimus","A375","24 h","10.0 µM",3.39778e-05,0.000929506,1.25834,0.000517063081695967,"LINCS L1000","l1000_results_up","up","CPC006_A375_24H:BRD-A62025033-001-01-8:10","BRD-A62025033",NA,NA,NA,"temsirolimus",0.000929506,3.03174780249404,FALSE,"Upregula NQO1",3.81496952979035
550,"SA-1447005","ASC","24 h","10.0 µM",3.44004e-05,0.00312664,1.69027,0.00122699386503067,"LINCS L1000","l1000_results_up","up","CPC012_ASC_24H:BRD-A63583287-001-01-8:10","BRD-A63583287",NA,NA,NA,"sa-1447005",0.00312664,2.5049221203605,FALSE,"Upregula NQO1",4.23399471238175
551,"AS-605240","MCF10A","24 h","0.4 µM",3.48401e-05,0.0026915,1.32755,0.00131061598951507,"LINCS L1000","l1000_results_up","up","LJP001_MCF10A_24H:BRD-K41895714-001-03-0:0.4","BRD-K41895714",NA,NA,NA,"as-605240",0.0026915,2.57000561584829,FALSE,"Upregula NQO1",3.4118109553194
552,"NVP-TAE684","HT29","6 h","10.0 µM",3.50919e-05,0.00111314,1.44803,0.000427350427350427,"LINCS L1000","l1000_results_up","up","CPC014_HT29_6H:BRD-K50140147-001-02-8:10","BRD-K50140147",NA,NA,NA,"nvp-tae684",0.00111314,2.95345021086402,FALSE,"Upregula NQO1",4.27668450883743
553,"BRD-K75999307","VCAP","6 h","10.0 µM",3.52383e-05,0.00390391,1.27791,0.00146412884333821,"LINCS L1000","l1000_results_up","up","CPC008_VCAP_6H:BRD-K75999307-001-05-7:10","BRD-K75999307",NA,NA,NA,"brd-k75999307",0.00390391,2.40850020303248,FALSE,"Upregula NQO1",3.07784649445723
554,"thiazolopyrimidine","HCC515","24 h","40.0 µM",3.54385e-05,0.00163325,1.8098,0.00112612612612613,"LINCS L1000","l1000_results_up","up","CPC006_HCC515_24H:BRD-A75517195-001-01-3:40","BRD-A75517195",NA,NA,NA,"thiazolopyrimidine",0.00163325,2.78694733313815,FALSE,"Upregula NQO1",5.04381728351342
555,"MLN-4924","MCF7","6 h","11.1 µM",3.58239e-05,0.00287678,0.908378,0.00129198966408269,"LINCS L1000","l1000_results_up","up","CPC006_MCF7_6H:BRD-K67844266-001-01-3:11.1","BRD-K67844266",NA,NA,NA,"mln-4924",0.00287678,2.54109334924603,FALSE,"Upregula NQO1",2.30827329440141
556,"BMS-754807","A375","24 h","10.0 µM",3.59878e-05,0.00020125,1.40896,0.000172592336900242,"LINCS L1000","l1000_results_up","up","CPC006_A375_24H:BRD-K13049116-001-01-6:10","BRD-K13049116",NA,NA,NA,"bms-754807",0.00020125,3.69626411096009,FALSE,"Upregula NQO1",5.20788828177833
557,"estradiol","VCAP","48 h","20.0 µM",3.62927e-05,0.000326137,0.594205,0.00025182573659028,"LINCS L1000","l1000_results_up","up","ERG005_VCAP_48H:BRD-K18910433-001-14-3:20","BRD-K18910433",NA,NA,NA,"estradiol",0.000326137,3.48659992801314,FALSE,"Upregula NQO1",2.07175511022505
558,"BRD-K66037923","PC3","6 h","10.0 µM",3.73944e-05,0.0109566,1.93933,0.0112359550561798,"LINCS L1000","l1000_results_up","up","CPC008_PC3_6H:BRD-K66037923-001-04-4:10","BRD-K66037923",NA,NA,NA,"brd-k66037923",0.0109566,1.96032419314369,FALSE,"Upregula NQO1",3.80171551748934
559,"PD-160170","A375","6 h","10.0 µM",3.75991e-05,0.0465442,1.35057,0.0666666666666667,"LINCS L1000","l1000_results_up","up","CPC016_A375_6H:BRD-K12079898-001-01-8:10","BRD-K12079898",NA,NA,NA,"pd-160170",0.0465442,1.33213442993361,FALSE,"Upregula NQO1",1.79914079703543
560,"pyrrolidine-dithiocarbamate","A375","6 h","10.0 µM",3.78239e-05,0.0116981,1.34517,0.0072992700729927,"LINCS L1000","l1000_results_up","up","CPC016_A375_6H:BRD-K80970344-201-02-9:10","BRD-K80970344",NA,NA,NA,"pyrrolidine-dithiocarbamate",0.0116981,1.93188467043529,FALSE,"Upregula NQO1",2.59871330212944
561,"estradiol","VCAP","6 h","5.0 µM",3.93069e-05,0.00122934,1.08456,0.000358294518093873,"LINCS L1000","l1000_results_up","up","ERG005_VCAP_6H:BRD-K18910433-001-14-3:5","BRD-K18910433",NA,NA,NA,"estradiol",0.00122934,2.91032798716831,FALSE,"Upregula NQO1",3.15642532176326
562,"NSC-632839","HT29","6 h","10.0 µM",3.96533e-05,0.000640318,1.04528,0.000392464678178964,"LINCS L1000","l1000_results_up","up","CPC018_HT29_6H:BRD-K37392901-003-01-7:10","BRD-K37392901",NA,NA,NA,"nsc-632839",0.000640318,3.19360428953801,FALSE,"Upregula NQO1",3.33821069176829
563,"ST-638","VCAP","24 h","10.0 µM",3.97132e-05,0.0428259,1.82349,0.0416666666666667,"LINCS L1000","l1000_results_up","up","CPC005_VCAP_24H:BRD-K51476772-001-01-9:10","BRD-K51476772",NA,NA,NA,"st-638",0.0428259,1.36829350142896,FALSE,"Upregula NQO1",2.4950695169207
564,"BRD-K66037923","A375","6 h","10.0 µM",3.98516e-05,0.00738315,1.78096,0.00359712230215827,"LINCS L1000","l1000_results_up","up","CPC008_A375_6H:BRD-K66037923-001-04-4:10","BRD-K66037923",NA,NA,NA,"brd-k66037923",0.00738315,2.13175830813036,FALSE,"Upregula NQO1",3.79657627644784
565,"parthenolide","MCF7","6 h","10.0 µM",4.01296e-05,0.0266202,1.11926,0.0285714285714286,"LINCS L1000","l1000_results_up","up","CPC013_MCF7_6H:BRD-A66395008-001-03-8:10","BRD-A66395008",NA,NA,NA,"parthenolide",0.0266202,1.57478868595488,FALSE,"Upregula NQO1",1.76259798464186
566,"trichostatin-a","JURKAT","6 h","0.63 µM",4.03222e-05,0.00169734,3.3393,0.000661813368630046,"LINCS L1000","l1000_results_up","up","PCLB001_JURKAT_6H:BRD-A19037878-001-02-3:0.63","BRD-A19037878",NA,NA,NA,"trichostatin-a",0.00169734,2.77023115395003,FALSE,"Upregula NQO1",9.25063289238533
567,"BMS-754807","MCF7","6 h","10.0 µM",4.05646e-05,0.00246129,1.08058,0.00107181136120043,"LINCS L1000","l1000_results_up","up","CPC006_MCF7_6H:BRD-K13049116-001-01-6:10","BRD-K13049116",NA,NA,NA,"bms-754807",0.00246129,2.60883721279873,FALSE,"Upregula NQO1",2.81905731540605
568,"mycophenolic-acid","PC3","24 h","10.0 µM",4.13634e-05,0.000820197,2.13352,0.000422654268808115,"LINCS L1000","l1000_results_up","up","CPC004_PC3_24H:BRD-K31542390-001-01-5:10","BRD-K31542390",NA,NA,NA,"mycophenolic-acid",0.000820197,3.08608182354625,FALSE,"Upregula NQO1",6.5842172921724
569,"BI-2536","MCF10A","6 h","10.0 µM",4.16089e-05,0.00174375,1.95232,0.000623830318153462,"LINCS L1000","l1000_results_up","up","LJP001_MCF10A_6H:BRD-K64890080-001-09-6:10","BRD-K64890080",NA,NA,NA,"bi-2536",0.00174375,2.75851577938233,FALSE,"Upregula NQO1",5.3855055264037
570,"deforolimus","VCAP","24 h","10.0 µM",4.18187e-05,0.0020288,2.10658,0.000505561172901921,"LINCS L1000","l1000_results_up","up","CPC013_VCAP_24H:BRD-K29733039-001-01-1:10","BRD-K29733039",NA,NA,NA,"deforolimus",0.0020288,2.69276076379836,FALSE,"Upregula NQO1",5.67251596980235
571,"wortmannin","HT29","6 h","10.0 µM",4.18511e-05,0.00289422,1.69167,0.000980392156862745,"LINCS L1000","l1000_results_up","up","CPC004_HT29_6H:BRD-A75409952:10","BRD-A75409952",NA,NA,NA,"wortmannin",0.00289422,2.53846845968741,FALSE,"Upregula NQO1",4.2942509391994
572,"U-0126","HT29","6 h","10.0 µM",4.18915e-05,0.000751709,1.11706,0.000400801603206413,"LINCS L1000","l1000_results_up","up","CPC018_HT29_6H:BRD-K18787491-001-07-8:10","BRD-K18787491",NA,NA,NA,"u-0126",0.000751709,3.12395025003734,FALSE,"Upregula NQO1",3.48963986630672
573,"cucurbitacin-i","HT29","6 h","10.0 µM",4.23414e-05,0.000362917,1.00219,0.000287935502447452,"LINCS L1000","l1000_results_up","up","CPC006_HT29_6H:BRD-A28105619-001-01-3:10","BRD-A28105619",NA,NA,NA,"cucurbitacin-i",0.000362917,3.44019268781138,FALSE,"Upregula NQO1",3.44772670979768
574,"BRD-K00910650","PC3","6 h","10.0 µM",4.2945e-05,0.0069297,1.8617,0.00309597523219814,"LINCS L1000","l1000_results_up","up","CPC008_PC3_6H:BRD-K00910650-001-01-6:10","BRD-K00910650",NA,NA,NA,"brd-k00910650",0.0069297,2.15928556642207,FALSE,"Upregula NQO1",4.01994193900796
575,"mianserin","A375","6 h","10.0 µM",4.29713e-05,0.0297482,1.68159,0.025,"LINCS L1000","l1000_results_up","up","CPC016_A375_6H:BRD-A19661776-003-13-6:10","BRD-A19661776",NA,NA,NA,"mianserin",0.0297482,1.52653930737131,FALSE,"Upregula NQO1",2.56701323388252
576,"BRD-K56411643","PC3","6 h","10.0 µM",4.3393e-05,0.000747312,1.13506,0.000426803243704652,"LINCS L1000","l1000_results_up","up","CPC006_PC3_6H:BRD-K56411643-001-02-6:10","BRD-K56411643",NA,NA,NA,"brd-k56411643",0.000747312,3.12649804398237,FALSE,"Upregula NQO1",3.54876286980263
577,"BRD-K75999307","HT29","6 h","10.0 µM",4.34934e-05,0.00733721,1.59095,0.00240384615384615,"LINCS L1000","l1000_results_up","up","CPC008_HT29_6H:BRD-K75999307-001-05-7:10","BRD-K75999307",NA,NA,NA,"brd-k75999307",0.00733721,2.13446905070361,FALSE,"Upregula NQO1",3.3958335362169
578,"15-delta-prostaglandin-j2","HT29","6 h","10.0 µM",4.42545e-05,0.00535576,1.03673,0.0025974025974026,"LINCS L1000","l1000_results_up","up","CPC006_HT29_6H:BRD-K61033289-001-01-2:10","BRD-K61033289",NA,NA,NA,"15-delta-prostaglandin-j2",0.00535576,2.27117889264042,FALSE,"Upregula NQO1",2.35459929336711
579,"trichostatin-a","HEK293T","24 h","0.625 µM",4.43052e-05,0.000195068,1.37218,0.000161056530842326,"LINCS L1000","l1000_results_up","up","BRAF001_HEK293T_24H:BRD-A19037878-001-01-5:0.625","BRD-A19037878",NA,NA,NA,"trichostatin-a",0.000195068,3.70981396875649,FALSE,"Upregula NQO1",5.09053253164829
580,"necrostatin-1","MCF7","24 h","160.0 µM",4.44946e-05,0.00513371,0.773906,0.00324675324675325,"LINCS L1000","l1000_results_up","up","CPC006_MCF7_24H:BRD-A36318220-001-04-7:160","BRD-A36318220",NA,NA,NA,"necrostatin-1",0.00513371,2.28956866798966,FALSE,"Upregula NQO1",1.7719109295692
581,"BRD-A95944315","VCAP","24 h","10.0 µM",4.49829e-05,0.00122455,1.71992,0.000327118089630357,"LINCS L1000","l1000_results_up","up","CPC013_VCAP_24H:BRD-A95944315-001-01-0:10","BRD-A95944315",NA,NA,NA,"brd-a95944315",0.00122455,2.91202347735775,FALSE,"Upregula NQO1",5.00844741917714
582,"RS-I-002-6","HT29","6 h","10.0 µM",4.50536e-05,0.00686384,1.91613,0.00273224043715847,"LINCS L1000","l1000_results_up","up","CPC013_HT29_6H:BRD-K66254772-001-01-3:10","BRD-K66254772",NA,NA,NA,"rs-i-002-6",0.00686384,2.16343284869184,FALSE,"Upregula NQO1",4.14541858436389
583,"quinoclamine","HCC515","24 h","11.1 µM",4.55396e-05,0.00100205,1.41117,0.000583771161704612,"LINCS L1000","l1000_results_up","up","CPC006_HCC515_24H:BRD-K66792149-001-01-8:11.1","BRD-K66792149",NA,NA,NA,"quinoclamine",0.00100205,2.99911060762813,FALSE,"Upregula NQO1",4.23225491616658
584,"terreic-acid","PC3","6 h","10.0 µM",4.58398e-05,0.00667164,1.84252,0.0025062656641604,"LINCS L1000","l1000_results_up","up","CPC014_PC3_6H:BRD-A64228451-001-06-8:10","BRD-A64228451",NA,NA,NA,"terreic-acid",0.00667164,2.17576739615803,FALSE,"Upregula NQO1",4.00889494276909
585,"apoptosis-activator-II","NPC","24 h","10.0 µM",4.65784e-05,0.0131292,2.09748,0.00421940928270042,"LINCS L1000","l1000_results_up","up","CPC016_NPC_24H:BRD-K15164005-001-02-3:10","BRD-K15164005",NA,NA,NA,"apoptosis-activator-ii",0.0131292,1.88176173591893,FALSE,"Upregula NQO1",3.94695760585524
586,"BRD-K06765193","HT29","6 h","10.0 µM",4.68857e-05,0.00461024,2.15574,0.00166944908180301,"LINCS L1000","l1000_results_up","up","CPC013_HT29_6H:BRD-K06765193-001-05-3:10","BRD-K06765193",NA,NA,NA,"brd-k06765193",0.00461024,2.33627646550784,FALSE,"Upregula NQO1",5.03640462775387
587,"BRD-K17830172","MCF7","24 h","10.0 µM",4.77171e-05,0.00407113,1.55759,0.00078064012490242,"LINCS L1000","l1000_results_up","up","CPC010_MCF7_24H:BRD-K17830172-001-11-5:10","BRD-K17830172",NA,NA,NA,"brd-k17830172",0.00407113,2.39028502943558,FALSE,"Upregula NQO1",3.72308405899856
588,"wortmannin","PC3","6 h","10.0 µM",4.90384e-05,0.000765233,1.75437,0.000404858299595142,"LINCS L1000","l1000_results_up","up","CPC003_PC3_6H:BRD-A75409952:10","BRD-A75409952",NA,NA,NA,"wortmannin",0.000765233,3.11620630967339,FALSE,"Upregula NQO1",5.46697886350171
589,"BRD-K01621458","MCF7","24 h","5.0 µM",4.91421e-05,0.000512791,2.06298,0.000263574064312072,"LINCS L1000","l1000_results_up","up","HDAC002_MCF7_24H:BRD-K01621458-001-01-2:5","BRD-K01621458",NA,NA,NA,"brd-k01621458",0.000512791,3.29005960572917,FALSE,"Upregula NQO1",6.78732716542717
590,"BRD-K66884694","HT29","6 h","10.0 µM",4.93043e-05,0.000911127,1.59985,0.000405186385737439,"LINCS L1000","l1000_results_up","up","CPC008_HT29_6H:BRD-K66884694-001-05-3:10","BRD-K66884694",NA,NA,NA,"brd-k66884694",0.000911127,3.04042108344958,FALSE,"Upregula NQO1",4.86421767035682
591,"trichostatin-a","VCAP","6 h","10.0 µM",4.95661e-05,0.00029567,1.37434,0.0002211900022119,"LINCS L1000","l1000_results_up","up","CPC008_VCAP_6H:BRD-A19037878:10","BRD-A19037878",NA,NA,NA,"trichostatin-a",0.00029567,3.52919273869815,FALSE,"Upregula NQO1",4.85031074850242
592,"BRD-K65148867","PC3","24 h","10.0 µM",5.07792e-05,0.0364759,1.57472,0.0454545454545455,"LINCS L1000","l1000_results_up","up","CPC009_PC3_24H:BRD-K65148867-001-01-4:10","BRD-K65148867",NA,NA,NA,"brd-k65148867",0.0364759,1.43799398359595,FALSE,"Upregula NQO1",2.26443788584821
593,"BRD-K61718261","VCAP","24 h","10.0 µM",5.16831e-05,0.00590194,2.57013,0.00172413793103448,"LINCS L1000","l1000_results_up","up","CPC008_VCAP_24H:BRD-K61718261-001-04-4:10","BRD-K61718261",NA,NA,NA,"brd-k61718261",0.00590194,2.22900520991592,FALSE,"Upregula NQO1",5.72883316016122
594,"cyclopentene","MCF7","24 h","1.25 µM",5.25837e-05,0.000400046,2.04864,0.000231857175979597,"LINCS L1000","l1000_results_up","up","HDAC002_MCF7_24H:BRD-K98109757-001-01-0:1.25","BRD-K98109757",NA,NA,NA,"cyclopentene",0.000400046,3.39789006767817,FALSE,"Upregula NQO1",6.96105350824821
595,"7b-cis","HA1E","6 h","10.0 µM",5.43668e-05,0.0021018,1.3019,0.000724112961622013,"LINCS L1000","l1000_results_up","up","CPC006_HA1E_6H:BRD-K61829047-001-01-6:10","BRD-K61829047",NA,NA,NA,"7b-cis",0.0021018,2.67740861229866,FALSE,"Upregula NQO1",3.48571827235163
596,"prostaglandin","SKB","24 h","10.0 µM",5.49287e-05,0.00489261,2.38168,0.0011454753722795,"LINCS L1000","l1000_results_up","up","CPC014_SKB_24H:BRD-K09436313-001-01-2:10","BRD-K09436313",NA,NA,NA,"prostaglandin",0.00489261,2.31045940136624,FALSE,"Upregula NQO1",5.50277494704594
597,"BRD-K92317137","HA1E","24 h","10.0 µM",5.56812e-05,0.000361701,1.27243,0.000201126307320998,"LINCS L1000","l1000_results_up","up","CPC006_HA1E_24H:BRD-K92317137-001-04-0:10","BRD-K92317137",NA,NA,NA,"brd-k92317137",0.000361701,3.44165029053647,FALSE,"Upregula NQO1",4.37925907918732
598,"BRD-K60895275","MCF7","6 h","10.0 µM",5.6317e-05,0.0160778,1.57634,0.00704225352112676,"LINCS L1000","l1000_results_up","up","CPC020_MCF7_6H:BRD-K60895275-001-06-0:10","BRD-K60895275",NA,NA,NA,"brd-k60895275",0.0160778,1.7937733780519,FALSE,"Upregula NQO1",2.82759672675832
599,"HTS-11203SC","MCF7","24 h","10.0 µM",5.63328e-05,0.027876,1.28695,0.0277777777777778,"LINCS L1000","l1000_results_up","up","CPC019_MCF7_24H:BRD-K78549347-001-02-6:10","BRD-K78549347",NA,NA,NA,"hts-11203sc",0.027876,1.55476954415214,FALSE,"Upregula NQO1",2.0009106648466
600,"BRD-A59145032","MCF7","6 h","10.0 µM",5.69739e-05,0.00347588,1.10437,0.00118343195266272,"LINCS L1000","l1000_results_up","up","CPC014_MCF7_6H:BRD-A59145032-003-01-6:10","BRD-A59145032",NA,NA,NA,"brd-a59145032",0.00347588,2.45893522538719,FALSE,"Upregula NQO1",2.71557429486085
601,"trifluoperazine","VCAP","48 h","20.0 µM",6.11001e-05,0.0034445,0.521317,0.000968992248062015,"LINCS L1000","l1000_results_up","up","ERG005_VCAP_48H:BRD-K89732114-300-06-3:20","BRD-K89732114",NA,NA,NA,"trifluoperazine",0.0034445,2.46287381091183,FALSE,"Upregula NQO1",1.28393798648312
602,"BRD-K10361096","PC3","6 h","10.0 µM",6.14186e-05,0.00344501,1.77788,0.0010752688172043,"LINCS L1000","l1000_results_up","up","CPC008_PC3_6H:BRD-K10361096-001-04-6:10","BRD-K10361096",NA,NA,NA,"brd-k10361096",0.00344501,2.46280951310657,FALSE,"Upregula NQO1",4.37857977716191
603,"cerulenin","VCAP","6 h","44.4 µM",6.20789e-05,0.00319255,1.36875,0.00099601593625498,"LINCS L1000","l1000_results_up","up","CPC006_VCAP_6H:BRD-K52075040-001-03-0:44.4","BRD-K52075040",NA,NA,NA,"cerulenin",0.00319255,2.49586229232483,FALSE,"Upregula NQO1",3.41621151261961
604,"KU-0060648","HCC515","24 h","10.0 µM",6.23073e-05,0.00043672,1.55911,0.000244081034903588,"LINCS L1000","l1000_results_up","up","CPC006_HCC515_24H:BRD-K09499853-305-01-1:10","BRD-K09499853",NA,NA,NA,"ku-0060648",0.00043672,3.3597969187021,FALSE,"Upregula NQO1",5.23829297391762
605,"BI-2536","MCF10A","24 h","2.0 µM",6.27343e-05,0.0041453,1.48419,0.00122850122850123,"LINCS L1000","l1000_results_up","up","LJP001_MCF10A_24H:BRD-K64890080-001-09-6:2","BRD-K64890080",NA,NA,NA,"bi-2536",0.0041453,2.38244403359865,FALSE,"Upregula NQO1",3.53599961022678
606,"K784-3187","PC3","24 h","10.0 µM",6.29127e-05,0.00489839,1.33257,0.00176991150442478,"LINCS L1000","l1000_results_up","up","CPC012_PC3_24H:BRD-A39093044-001-05-4:10","BRD-A39093044",NA,NA,NA,"k784-3187",0.00489839,2.309946640178,FALSE,"Upregula NQO1",3.078165594302
607,"geldanamycin","PC3","6 h","10.0 µM",6.31289e-05,0.00460903,1.19845,0.00136054421768707,"LINCS L1000","l1000_results_up","up","CPC003_PC3_6H:BRD-A19500257:10","BRD-A19500257",NA,NA,NA,"geldanamycin",0.00460903,2.33639046506011,FALSE,"Upregula NQO1",2.80004715285128
608,"BRD-A30083233","VCAP","6 h","10.0 µM",6.35001e-05,0.00112313,1.59469,0.000303951367781155,"LINCS L1000","l1000_results_up","up","CPC013_VCAP_6H:BRD-A30083233-001-01-4:10","BRD-A30083233",NA,NA,NA,"brd-a30083233",0.00112313,2.94956997213119,FALSE,"Upregula NQO1",4.70364973885789
609,"BRD-K64024097","MCF7","24 h","10.0 µM",6.36336e-05,0.000556775,2.07048,0.000246426811237063,"LINCS L1000","l1000_results_up","up","HDAC002_MCF7_24H:BRD-K64024097-001-02-8:10","BRD-K64024097",NA,NA,NA,"brd-k64024097",0.000556775,3.25432027340791,FALSE,"Upregula NQO1",6.73800503968561
610,"BRD-K19499941","HT29","6 h","10.0 µM",6.42038e-05,0.00472145,1.34191,0.00147710487444609,"LINCS L1000","l1000_results_up","up","CPC014_HT29_6H:BRD-K19499941-001-05-9:10","BRD-K19499941",NA,NA,NA,"brd-k19499941",0.00472145,2.32592460511773,FALSE,"Upregula NQO1",3.12118148685353
611,"etacrynic-acid","VCAP","24 h","10.0 µM",6.42887e-05,0.0034966,1.47396,0.00123304562268804,"LINCS L1000","l1000_results_up","up","CPC005_VCAP_24H:BRD-K63630713-001-15-9:10","BRD-K63630713",NA,NA,NA,"etacrynic-acid",0.0034966,2.45635404676675,FALSE,"Upregula NQO1",3.62056761077232
612,"megestrol","VCAP","6 h","10.0 µM",6.44315e-05,0.00172028,1.61757,0.000547945205479452,"LINCS L1000","l1000_results_up","up","CPC005_VCAP_6H:BRD-K19507340-001-03-1:10","BRD-K19507340",NA,NA,NA,"megestrol",0.00172028,2.7644008597447,FALSE,"Upregula NQO1",4.47161189869723
613,"ST-4029573","VCAP","24 h","10.0 µM",6.49604e-05,0.00284192,2.25958,0.000919117647058824,"LINCS L1000","l1000_results_up","up","CPC013_VCAP_24H:BRD-K16798053-001-01-0:10","BRD-K16798053",NA,NA,NA,"st-4029573",0.00284192,2.54638815161881,FALSE,"Upregula NQO1",5.75376773963483
614,"PD-184352","MCF10A","24 h","0.4 µM",6.51099e-05,0.00118184,1.51703,0.000440528634361233,"LINCS L1000","l1000_results_up","up","LJP001_MCF10A_24H:BRD-K05104363-001-05-0:0.4","BRD-K05104363",NA,NA,NA,"pd-184352",0.00118184,2.92744131518112,FALSE,"Upregula NQO1",4.44101629836921
615,"BRD-K61894884","MCF7","24 h","10.0 µM",6.52914e-05,0.000761642,2.00986,0.000275558004960044,"LINCS L1000","l1000_results_up","up","HDAC002_MCF7_24H:BRD-K61894884-001-01-6:10","BRD-K61894884",NA,NA,NA,"brd-k61894884",0.000761642,3.11824911522061,FALSE,"Upregula NQO1",6.26724416671729
616,"NFKB-activation-inhibitor-II","VCAP","6 h","6.0 µM",6.64578e-05,0.00880882,1.34594,0.00232558139534884,"LINCS L1000","l1000_results_up","up","CPC006_VCAP_6H:BRD-K83354763-001-01-1:6","BRD-K83354763",NA,NA,NA,"nfkb-activation-inhibitor-ii",0.00880882,2.05508226432477,FALSE,"Upregula NQO1",2.76601742284527
617,"BRD-K51377689","VCAP","6 h","10.0 µM",6.64918e-05,0.0245825,1.3236,0.0087719298245614,"LINCS L1000","l1000_results_up","up","CPC009_VCAP_6H:BRD-K51377689-001-04-5:10","BRD-K51377689",NA,NA,NA,"brd-k51377689",0.0245825,1.60937395216583,FALSE,"Upregula NQO1",2.1301673630867
618,"BL003-049-HDAC3","PC3","24 h","10.0 µM",6.70949e-05,0.000294108,0.930143,0.000191975427145325,"LINCS L1000","l1000_results_up","up","HDAC001_PC3_24H:BRD-K47503321-001-01-3:10","BRD-K47503321",NA,NA,NA,"bl003-049-hdac3",0.000294108,3.53149316213488,FALSE,"Upregula NQO1",3.28479364430763
619,"geldanamycin","VCAP","6 h","20.0 µM",6.71623e-05,0.00108023,1.04509,0.000359324469996407,"LINCS L1000","l1000_results_up","up","ERG005_VCAP_6H:BRD-A19500257-001-01-3:20","BRD-A19500257",NA,NA,NA,"geldanamycin",0.00108023,2.96648376572031,FALSE,"Upregula NQO1",3.10024251871664
620,"MLN-4924","NKDBA","24 h","1.2333 µM",6.76674e-05,0.0021753,3.17517,0.000509683995922528,"LINCS L1000","l1000_results_up","up","MUC.CP002_NKDBA_24H:BRD-K67844266-001-01-3:1.2333","BRD-K67844266",NA,NA,NA,"mln-4924",0.0021753,2.66248084015302,FALSE,"Upregula NQO1",8.45382928922868
621,"piperlongumine","VCAP","6 h","10.0 µM",6.85752e-05,0.00049903,1.4203,0.000258531540847983,"LINCS L1000","l1000_results_up","up","CPC006_VCAP_6H:BRD-K24132293-001-16-0:10","BRD-K24132293",NA,NA,NA,"piperlongumine",0.00049903,3.30187334527275,FALSE,"Upregula NQO1",4.68965071229089
622,"BRD-K68313733","VCAP","6 h","10.0 µM",6.87292e-05,0.00498522,1.71543,0.0015600624024961,"LINCS L1000","l1000_results_up","up","CPC014_VCAP_6H:BRD-K68313733-001-07-0:10","BRD-K68313733",NA,NA,NA,"brd-k68313733",0.00498522,2.30231567131867,FALSE,"Upregula NQO1",3.94946137205019
623,"K784-3187","MCF7","24 h","10.0 µM",6.92244e-05,0.00214692,1.80145,0.000651465798045603,"LINCS L1000","l1000_results_up","up","CPC012_MCF7_24H:BRD-A39093044-001-05-4:10","BRD-A39093044",NA,NA,NA,"k784-3187",0.00214692,2.66818413823998,FALSE,"Upregula NQO1",4.80660031583241
624,"BRD-K05331696","VCAP","6 h","10.0 µM",6.9572e-05,0.0276648,2.08914,0.0144927536231884,"LINCS L1000","l1000_results_up","up","CPC010_VCAP_6H:BRD-K05331696-001-02-4:10","BRD-K05331696",NA,NA,NA,"brd-k05331696",0.0276648,1.5580724651285,FALSE,"Upregula NQO1",3.25503150979855
625,"cucurbitacin-i","VCAP","6 h","10.0 µM",6.97672e-05,0.00124286,1.44382,0.000422297297297297,"LINCS L1000","l1000_results_up","up","CPC001_VCAP_6H:BRD-A49680073-001-01-9:10","BRD-A49680073",NA,NA,NA,"cucurbitacin-i",0.00124286,2.90557778901867,FALSE,"Upregula NQO1",4.19513132334093
626,"BO2-inhibits-RAD51","SW948","6 h","40.0 µM",6.98844e-05,0.00742306,1.76869,0.00213675213675214,"LINCS L1000","l1000_results_up","up","CPC006_SW948_6H:BRD-K10882151-001-06-8:40","BRD-K10882151",NA,NA,NA,"bo2-inhibits-rad51",0.00742306,2.12941702906558,FALSE,"Upregula NQO1",3.76627860513801
627,"auranofin","MCF7","6 h","1.11 µM",7.09795e-05,0.0188163,1.37102,0.00490196078431373,"LINCS L1000","l1000_results_up","up","HOG003_MCF7_6H:BRD-A79465854-001-01-3:1.11","BRD-A79465854",NA,NA,NA,"auranofin",0.0188163,1.72546577132111,FALSE,"Upregula NQO1",2.36564808179667
628,"manumycin-a","MCF7","6 h","10.0 µM",7.40137e-05,0.00228908,1.03545,0.000673854447439353,"LINCS L1000","l1000_results_up","up","CPC005_MCF7_6H:BRD-K78599730-001-02-6:10","BRD-K78599730",NA,NA,NA,"manumycin-a",0.00228908,2.6403390291029,FALSE,"Upregula NQO1",2.7339390476846
629,"penfluridol","MCF7","6 h","30.0 µM",7.59814e-05,0.000666124,0.932814,0.000310366232153942,"LINCS L1000","l1000_results_up","up","CPC006_MCF7_6H:BRD-K15409150-001-02-5:30","BRD-K15409150",NA,NA,NA,"penfluridol",0.000666124,3.17644491872297,FALSE,"Upregula NQO1",2.96303229041365
630,"CT-200783","HT29","24 h","10.0 µM",7.61766e-05,0.00129885,1.27471,0.000404694455685957,"LINCS L1000","l1000_results_up","up","CPC006_HT29_24H:BRD-K02822062-001-01-3:10","BRD-K02822062",NA,NA,NA,"ct-200783",0.00129885,2.88644100130094,FALSE,"Upregula NQO1",3.67937520876832
631,"BAY-11-7821","PC3","6 h","10.0 µM",7.65833e-05,0.00650899,1.11206,0.00225225225225225,"LINCS L1000","l1000_results_up","up","CPC006_PC3_6H:BRD-K15025317-001-05-2:10","BRD-K15025317",NA,NA,NA,"bay-11-7821",0.00650899,2.18648639568014,FALSE,"Upregula NQO1",2.43150406118006
632,"7b-cis","VCAP","6 h","10.0 µM",7.72012e-05,0.000795151,1.17331,0.000323310701584223,"LINCS L1000","l1000_results_up","up","CPC006_VCAP_6H:BRD-K61829047-001-01-6:10","BRD-K61829047",NA,NA,NA,"7b-cis",0.000795151,3.09955039053892,FALSE,"Upregula NQO1",3.63673346872322
633,"tubastatin-a","PC3","6 h","2.5 µM",7.7497e-05,0.00239017,1.02607,0.000547045951859956,"LINCS L1000","l1000_results_up","up","HDAC001_PC3_6H:BRD-K00627859-001-02-3:2.5","BRD-K00627859",NA,NA,NA,"tubastatin-a",0.00239017,2.62157120891115,FALSE,"Upregula NQO1",2.68991557032747
634,"kinetin-riboside","HA1E","24 h","10.0 µM",7.75663e-05,0.000483167,1.28912,0.000211819529760644,"LINCS L1000","l1000_results_up","up","CPC006_HA1E_24H:BRD-K94325918-001-03-8:10","BRD-K94325918",NA,NA,NA,"kinetin-riboside",0.000483167,3.315902735412,FALSE,"Upregula NQO1",4.27459653427431
635,"BRD-K77547920","VCAP","6 h","10.0 µM",7.8767e-05,0.00575457,1.50358,0.00185185185185185,"LINCS L1000","l1000_results_up","up","CPC009_VCAP_6H:BRD-K77547920-001-04-2:10","BRD-K77547920",NA,NA,NA,"brd-k77547920",0.00575457,2.2399871227039,FALSE,"Upregula NQO1",3.36799983795513
636,"BRD-K60067222","A375","6 h","10.0 µM",7.89913e-05,0.00876558,1.3297,0.00136425648021828,"LINCS L1000","l1000_results_up","up","CPC019_A375_6H:BRD-K60067222-001-01-1:10","BRD-K60067222",NA,NA,NA,"brd-k60067222",0.00876558,2.05721934226662,FALSE,"Upregula NQO1",2.73548455941192
637,"SA-792709","MCF7","24 h","10.0 µM",8.00998e-05,0.00245009,1.61098,0.000744047619047619,"LINCS L1000","l1000_results_up","up","CPC018_MCF7_24H:BRD-K51290057-001-01-0:10","BRD-K51290057",NA,NA,NA,"sa-792709",0.00245009,2.61081796225364,FALSE,"Upregula NQO1",4.20597552083137
638,"narciclasine","MCF7","6 h","10.0 µM",8.05959e-05,0.000357441,0.950508,0.000190803281816447,"LINCS L1000","l1000_results_up","up","CPC006_MCF7_6H:BRD-K06792661-001-01-9:10","BRD-K06792661",NA,NA,NA,"narciclasine",0.000357441,3.44679563355253,FALSE,"Upregula NQO1",3.27620682405675
639,"BRD-K07005393","VCAP","24 h","10.0 µM",8.08445e-05,0.000781018,1.50149,0.000269759913676828,"LINCS L1000","l1000_results_up","up","CPC019_VCAP_24H:BRD-K07005393-001-01-0:10","BRD-K07005393",NA,NA,NA,"brd-k07005393",0.000781018,3.10733895689019,FALSE,"Upregula NQO1",4.66563837038105
640,"isoliquiritigenin","A375","24 h","10.0 µM",8.10707e-05,0.00161474,1.22906,0.000486381322957199,"LINCS L1000","l1000_results_up","up","CPC006_A375_24H:BRD-K33583600-001-09-6:10","BRD-K33583600",NA,NA,NA,"isoliquiritigenin",0.00161474,2.7918973963394,FALSE,"Upregula NQO1",3.4314094139449
641,"BRD-K52914903","VCAP","24 h","10.0 µM",8.49151e-05,0.000607612,1.99596,0.000221483942414175,"LINCS L1000","l1000_results_up","up","CPC013_VCAP_24H:BRD-K52914903-001-01-0:10","BRD-K52914903",NA,NA,NA,"brd-k52914903",0.000607612,3.21637365764941,FALSE,"Upregula NQO1",6.41975316572191
642,"UK-356618","A375","24 h","10.0 µM",8.53824e-05,0.0104467,1.19282,0.00363636363636364,"LINCS L1000","l1000_results_up","up","CPC006_A375_24H:BRD-K57011718-001-01-5:10","BRD-K57011718",NA,NA,NA,"uk-356618",0.0104467,1.98102087683792,FALSE,"Upregula NQO1",2.36300132230981
643,"RS-I-002-6","MCF7","24 h","10.0 µM",8.68913e-05,0.000740489,1.483,0.000252079657171666,"LINCS L1000","l1000_results_up","up","CPC013_MCF7_24H:BRD-K66254772-001-01-3:10","BRD-K66254772",NA,NA,NA,"rs-i-002-6",0.000740489,3.13048138856044,FALSE,"Upregula NQO1",4.64250389923514
644,"BRD-K65955264","HT29","6 h","10.0 µM",8.80288e-05,0.00424876,1.57898,0.000914076782449726,"LINCS L1000","l1000_results_up","up","CPC010_HT29_6H:BRD-K65955264-005-03-8:10","BRD-K65955264",NA,NA,NA,"brd-k65955264",0.00424876,2.37173780024008,FALSE,"Upregula NQO1",3.74492655182308
645,"tozasertib","A375","6 h","10.0 µM",8.94361e-05,0.00342782,1.70872,0.000846023688663283,"LINCS L1000","l1000_results_up","up","CPC006_A375_6H:BRD-K87947369-001-01-6:10","BRD-K87947369",NA,NA,NA,"tozasertib",0.00342782,2.46498199160858,FALSE,"Upregula NQO1",4.21196402870142
646,"MLN-4924","HT29","6 h","11.1 µM",9.08029e-05,0.00437662,0.957487,0.00116009280742459,"LINCS L1000","l1000_results_up","up","CPC006_HT29_6H:BRD-K67844266-001-01-3:11.1","BRD-K67844266",NA,NA,NA,"mln-4924",0.00437662,2.35886115936526,FALSE,"Upregula NQO1",2.25857889489717
647,"BRD-K04279026","A375","6 h","10.0 µM",9.09489e-05,0.035561,1.77476,0.0285714285714286,"LINCS L1000","l1000_results_up","up","CPC008_A375_6H:BRD-K04279026-001-04-3:10","BRD-K04279026",NA,NA,NA,"brd-k04279026",0.035561,1.44902603486787,FALSE,"Upregula NQO1",2.57167344564209
648,"tozasertib","VCAP","24 h","10.0 µM",9.18665e-05,0.0110577,2.0048,0.0024330900243309,"LINCS L1000","l1000_results_up","up","CPC013_VCAP_24H:BRD-K59369769-001-07-0:10","BRD-K59369769",NA,NA,NA,"tozasertib",0.0110577,1.95633519682737,FALSE,"Upregula NQO1",3.92206080259952
649,"Merck60","MCF7","6 h","10.0 µM",9.2056e-05,0.00294104,0.87085,0.000610873549175321,"LINCS L1000","l1000_results_up","up","HDAC001_MCF7_6H:BRD-K04466929-001-05-1:10","BRD-K04466929",NA,NA,NA,"merck60",0.00294104,2.53149906877374,FALSE,"Upregula NQO1",2.20455596404161
650,"arachidonyl-trifluoro-methane","HCC515","24 h","80.0 µM",9.29222e-05,0.000536199,1.55176,0.0001998001998002,"LINCS L1000","l1000_results_up","up","CPC006_HCC515_24H:BRD-K07303502-001-02-5:80","BRD-K07303502",NA,NA,NA,"arachidonyl-trifluoro-methane",0.000536199,3.27067400030257,FALSE,"Upregula NQO1",5.07530108670952
651,"U-0126","HT29","6 h","10.0 µM",9.33725e-05,0.00157636,1.41725,0.000406834825061025,"LINCS L1000","l1000_results_up","up","CPC014_HT29_6H:BRD-K91701654-001-01-5:10","BRD-K91701654",NA,NA,NA,"u-0126",0.00157636,2.8023445938519,FALSE,"Upregula NQO1",3.97162287563661
652,"SSR-69071","PC3","6 h","10.0 µM",9.3958e-05,0.00982281,1.23846,0.00206611570247934,"LINCS L1000","l1000_results_up","up","CPC003_PC3_6H:BRD-K72895815-001-01-4:10","BRD-K72895815",NA,NA,NA,"ssr-69071",0.00982281,2.00776425631458,FALSE,"Upregula NQO1",2.48653572087536
653,"withaferin-a","VCAP","6 h","20.0 µM",9.42661e-05,0.000405157,0.744999,0.000146993973247097,"LINCS L1000","l1000_results_up","up","ERG005_VCAP_6H:BRD-K88378636-001-02-8:20","BRD-K88378636",NA,NA,NA,"withaferin-a",0.000405157,3.3923766532764,FALSE,"Upregula NQO1",2.52731721431427
654,"BRD-K73945663","VCAP","6 h","10.0 µM",9.44324e-05,0.0155764,1.52089,0.00341296928327645,"LINCS L1000","l1000_results_up","up","CPC019_VCAP_6H:BRD-K73945663-001-01-9:10","BRD-K73945663",NA,NA,NA,"brd-k73945663",0.0155764,1.80753290871695,FALSE,"Upregula NQO1",2.74905872553853
655,"KO-143","HA1E","24 h","40.0 µM",9.60786e-05,0.00100022,1.39201,0.00025706940874036,"LINCS L1000","l1000_results_up","up","CPC006_HA1E_24H:BRD-K64642496-001-01-6:40","BRD-K64642496",NA,NA,NA,"ko-143",0.00100022,2.99990446572237,FALSE,"Upregula NQO1",4.17589701533019
656,"BRD-K00313977","VCAP","24 h","10.0 µM",9.633e-05,0.00176259,1.5769,0.000489236790606654,"LINCS L1000","l1000_results_up","up","CPC009_VCAP_24H:BRD-K00313977-019-01-1:10","BRD-K00313977",NA,NA,NA,"brd-k00313977",0.00176259,2.75384869816326,FALSE,"Upregula NQO1",4.34254401213364
657,"lovastatin","A375","6 h","40.0 µM",9.6407e-05,0.0243954,2.17713,0.0119047619047619,"LINCS L1000","l1000_results_up","up","CPC006_A375_6H:BRD-A70155556-001-04-4:40","BRD-A70155556",NA,NA,NA,"lovastatin",0.0243954,1.6126920565692,FALSE,"Upregula NQO1",3.51104025711849
658,"BRD-A36275421","HT29","6 h","10.0 µM",9.695e-05,0.00125225,1.01398,0.00043859649122807,"LINCS L1000","l1000_results_up","up","CPC006_HT29_6H:BRD-A36275421-001-11-1:10","BRD-A36275421",NA,NA,NA,"brd-a36275421",0.00125225,2.90230895963845,FALSE,"Upregula NQO1",2.94288323889419
659,"BRD-K88742110","MCF7","6 h","0.625 µM",9.6966e-05,0.00212945,0.856743,0.000420168067226891,"LINCS L1000","l1000_results_up","up","HDAC001_MCF7_6H:BRD-K88742110-001-01-2:0.625","BRD-K88742110",NA,NA,NA,"brd-k88742110",0.00212945,2.67173255280978,FALSE,"Upregula NQO1",2.28898816249191
660,"BRD-K34092011","VCAP","24 h","10.0 µM",9.91262e-05,0.00153501,1.54824,0.000391849529780564,"LINCS L1000","l1000_results_up","up","CPC019_VCAP_24H:BRD-K34092011-001-01-7:10","BRD-K34092011",NA,NA,NA,"brd-k34092011",0.00153501,2.813888790916,FALSE,"Upregula NQO1",4.35657518164779
661,"parthenolide","PC3","24 h","10.0 µM",9.93964e-05,0.00403409,1.23875,0.000953288846520496,"LINCS L1000","l1000_results_up","up","CPC002_PC3_24H:BRD-K98548675-001-02-6:10","BRD-K98548675",NA,NA,NA,"parthenolide",0.00403409,2.39425441696426,FALSE,"Upregula NQO1",2.96588265901448
662,"sulforaphane","HCC515","24 h","10.0 µM",9.97919e-05,0.00766264,1.52204,0.00177619893428064,"LINCS L1000","l1000_results_up","up","CPC006_HCC515_24H:BRD-A58955223-001-01-2:10","BRD-A58955223",NA,NA,NA,"sulforaphane",0.00766264,2.11562157763868,FALSE,"Upregula NQO1",3.22006066602918
663,"BRD-K32636001","A375","6 h","10.0 µM",0.000100042,0.000896837,1.65177,0.00026567481402763,"LINCS L1000","l1000_results_up","up","CPC008_A375_6H:BRD-K32636001-001-01-5:10","BRD-K32636001",NA,NA,NA,"brd-k32636001",0.000896837,3.04728648274543,FALSE,"Upregula NQO1",5.03341639360441
664,"BRD-K80346834","HT29","6 h","10.0 µM",0.000100699,0.0113076,1.79396,0.0028328611898017,"LINCS L1000","l1000_results_up","up","CPC013_HT29_6H:BRD-K80346834-001-01-5:10","BRD-K80346834",NA,NA,NA,"brd-k80346834",0.0113076,1.94662956283421,FALSE,"Upregula NQO1",3.49217557054206
665,"trichostatin-a","PC3","24 h","10.0 µM",0.000100918,0.000237226,0.962258,0.000125203455615375,"LINCS L1000","l1000_results_up","up","ASG001_PC3_24H:BRD-A19037878-001-04-9:10","BRD-A19037878",NA,NA,NA,"trichostatin-a",0.000237226,3.6248377139683,FALSE,"Upregula NQO1",3.48802908896771
666,"BRD-K74980345","HT29","6 h","10.0 µM",0.00010109,0.00634104,1.89553,0.000933706816059757,"LINCS L1000","l1000_results_up","up","CPC010_HT29_6H:BRD-K74980345-019-03-9:10","BRD-K74980345",NA,NA,NA,"brd-k74980345",0.00634104,2.19783950722552,FALSE,"Upregula NQO1",4.16607072113118
667,"geldanamycin","VCAP","24 h","10.0 µM",0.000101145,0.000868941,1.37227,0.000265745415891576,"LINCS L1000","l1000_results_up","up","CPC011_VCAP_24H:BRD-A19500257:10","BRD-A19500257",NA,NA,NA,"geldanamycin",0.000868941,3.06100971059887,FALSE,"Upregula NQO1",4.20053179556351
668,"BRD-K86574132","HT29","24 h","48.0 µM",0.00010135,0.000461338,1.21075,0.000174337517433752,"LINCS L1000","l1000_results_up","up","CPC006_HT29_24H:BRD-K86574132-001-04-9:48","BRD-K86574132",NA,NA,NA,"brd-k86574132",0.000461338,3.33598077146887,FALSE,"Upregula NQO1",4.03903871905593
669,"tyrphostin-AG-82","HT29","6 h","10.0 µM",0.000102812,0.0239853,1.25996,0.00434782608695652,"LINCS L1000","l1000_results_up","up","CPC004_HT29_6H:BRD-K03670461-001-02-0:10","BRD-K03670461",NA,NA,NA,"tyrphostin-ag-82",0.0239853,1.62005484515598,FALSE,"Upregula NQO1",2.04120430270273
670,"WR-216174","VCAP","6 h","10.0 µM",0.000102902,0.0185543,1.43686,0.00448430493273543,"LINCS L1000","l1000_results_up","up","CPC001_VCAP_6H:BRD-K26669427-001-01-0:10","BRD-K26669427",NA,NA,NA,"wr-216174",0.0185543,1.73155542567908,FALSE,"Upregula NQO1",2.48800272894125
671,"BRD-K42419294","PHH","24 h","10.0 µM",0.000103156,0.00386989,2.00806,0.000669344042838019,"LINCS L1000","l1000_results_up","up","CPC014_PHH_24H:BRD-K42419294-001-01-0:10","BRD-K42419294",NA,NA,NA,"brd-k42419294",0.00386989,2.41230137944413,FALSE,"Upregula NQO1",4.84404590800657
672,"BRD-K55487965","HT29","6 h","10.0 µM",0.000103434,0.0475876,1.61119,0.0256410256410256,"LINCS L1000","l1000_results_up","up","CPC008_HT29_6H:BRD-K55487965-001-04-3:10","BRD-K55487965",NA,NA,NA,"brd-k55487965",0.0475876,1.32250619755551,FALSE,"Upregula NQO1",2.13080876043946
673,"niguldipine","HT29","24 h","10.0 µM",0.000103554,0.000671893,1.27506,0.000240384615384615,"LINCS L1000","l1000_results_up","up","CPC006_HT29_24H:BRD-A43331270-001-01-6:10","BRD-A43331270",NA,NA,NA,"niguldipine",0.000671893,3.17269988350799,FALSE,"Upregula NQO1",4.04538271346569
674,"BRD-K09661167","HT29","6 h","10.0 µM",0.000104397,0.0261203,1.43096,0.0108695652173913,"LINCS L1000","l1000_results_up","up","CPC012_HT29_6H:BRD-K09661167-001-06-1:10","BRD-K09661167",NA,NA,NA,"brd-k09661167",0.0261203,1.58302183935729,FALSE,"Upregula NQO1",2.2652409312467
675,"NSC-632839","SW620","6 h","10.0 µM",0.000105236,0.00167865,1.91088,0.000468164794007491,"LINCS L1000","l1000_results_up","up","CPC006_SW620_6H:BRD-K74402642-003-01-2:10","BRD-K74402642",NA,NA,NA,"nsc-632839",0.00167865,2.77503984520439,FALSE,"Upregula NQO1",5.30276813940416
676,"BRD-K00541156","MCF7","24 h","10.0 µM",0.000105886,0.0453435,1.48408,0.0303030303030303,"LINCS L1000","l1000_results_up","up","CPC010_MCF7_24H:BRD-K00541156-001-04-2:10","BRD-K00541156",NA,NA,NA,"brd-k00541156",0.0453435,1.34348496034491,FALSE,"Upregula NQO1",1.99383915994867
677,"BRD-K58214070","MCF7","24 h","10.0 µM",0.000106558,0.00821311,1.76556,0.00135135135135135,"LINCS L1000","l1000_results_up","up","CPC007_MCF7_24H:BRD-K58214070-001-07-3:10","BRD-K58214070",NA,NA,NA,"brd-k58214070",0.00821311,2.08549236053162,FALSE,"Upregula NQO1",3.6820618920602
678,"BO2-inhibits-RAD51","HA1E","24 h","40.0 µM",0.000106902,0.00146132,1.34675,0.000346620450606586,"LINCS L1000","l1000_results_up","up","CPC006_HA1E_24H:BRD-K10882151-001-06-8:40","BRD-K10882151",NA,NA,NA,"bo2-inhibits-rad51",0.00146132,2.83525467180232,FALSE,"Upregula NQO1",3.81837922924977
679,"BRD-K43194109","A549","24 h","5.01 µM",0.000106946,0.00293285,2.67502,0.000539374325782093,"LINCS L1000","l1000_results_up","up","DOS045_A549_24H:BRD-K43194109-001-01-3:5.01","BRD-K43194109",NA,NA,NA,"brd-k43194109",0.00293285,2.53271014835192,FALSE,"Upregula NQO1",6.77505030104436
680,"BRD-K95352812","PC3","6 h","10.0 µM",0.000107506,0.00153656,1.378,0.000405350628293474,"LINCS L1000","l1000_results_up","up","CPC007_PC3_6H:BRD-K95352812-019-02-2:10","BRD-K95352812",NA,NA,NA,"brd-k95352812",0.00153656,2.81345047663106,FALSE,"Upregula NQO1",3.8769347567976
681,"BMS-754807","A375","6 h","10.0 µM",0.000107771,0.00413251,1.6996,0.000843170320404722,"LINCS L1000","l1000_results_up","up","CPC006_A375_6H:BRD-K13049116-001-01-6:10","BRD-K13049116",NA,NA,NA,"bms-754807",0.00413251,2.38378608683345,FALSE,"Upregula NQO1",4.05148283318213
682,"SA-1447005","HT29","6 h","10.0 µM",0.000108074,0.0101567,1.49162,0.00222222222222222,"LINCS L1000","l1000_results_up","up","CPC012_HT29_6H:BRD-A63583287-001-01-8:10","BRD-A63583287",NA,NA,NA,"sa-1447005",0.0101567,1.99324737518104,FALSE,"Upregula NQO1",2.97316764976754
683,"BRD-K35832492","MCF7","24 h","0.3125 µM",0.000109147,0.000794013,2.53157,0.00023696682464455,"LINCS L1000","l1000_results_up","up","HDAC002_MCF7_24H:BRD-K35832492-001-01-3:0.3125","BRD-K35832492",NA,NA,NA,"brd-k35832492",0.000794013,3.10017238701617,FALSE,"Upregula NQO1",7.84830340979853
684,"JWE-035","HT29","6 h","10.0 µM",0.000109765,0.00138799,1.27431,0.000383288616328095,"LINCS L1000","l1000_results_up","up","CPC014_HT29_6H:BRD-K83972459-001-01-9:10","BRD-K83972459",NA,NA,NA,"jwe-035",0.00138799,2.85761366281522,FALSE,"Upregula NQO1",3.64148566666206
685,"entinostat","MCF7","24 h","1.25 µM",0.000110889,0.000746233,1.96395,0.000249128051818635,"LINCS L1000","l1000_results_up","up","HDAC002_MCF7_24H:BRD-K77908580-001-04-7:1.25","BRD-K77908580",NA,NA,NA,"entinostat",0.000746233,3.1271255494509,FALSE,"Upregula NQO1",6.1415182228441
686,"butein","A375","6 h","10.0 µM",0.000111856,0.00757088,1.20773,0.00168634064080944,"LINCS L1000","l1000_results_up","up","CPC018_A375_6H:BRD-K17497770-001-01-0:10","BRD-K17497770",NA,NA,NA,"butein",0.00757088,2.12085363741777,FALSE,"Upregula NQO1",2.56141856351856
687,"BRD-K60297835","MCF7","24 h","10.0 µM",0.000112189,0.00405556,1.25074,0.00100200400801603,"LINCS L1000","l1000_results_up","up","CPC019_MCF7_24H:BRD-K60297835-001-01-3:10","BRD-K60297835",NA,NA,NA,"brd-k60297835",0.00405556,2.39194916904395,FALSE,"Upregula NQO1",2.99170650369003
688,"MDM2-inhibitor","MCF7","6 h","10.0 µM",0.0001127,0.0360609,1.60836,0.0142857142857143,"LINCS L1000","l1000_results_up","up","CPC017_MCF7_6H:BRD-K84987553-001-01-1:10","BRD-K84987553",NA,NA,NA,"mdm2-inhibitor",0.0360609,1.44296343845233,FALSE,"Upregula NQO1",2.32080467586918
689,"thioridazine","VCAP","24 h","20.0 µM",0.00011288,0.000598332,0.852484,0.00018037518037518,"LINCS L1000","l1000_results_up","up","ERG005_VCAP_24H:BRD-A84481105-003-15-6:20","BRD-A84481105",NA,NA,NA,"thioridazine",0.000598332,3.22305776959355,FALSE,"Upregula NQO1",2.74760517965419
690,"trichostatin-a","VCAP","6 h","10.0 µM",0.00011308,0.00136038,1.645,0.000386548125241593,"LINCS L1000","l1000_results_up","up","CPC011_VCAP_6H:BRD-A19037878:10","BRD-A19037878",NA,NA,NA,"trichostatin-a",0.00136038,2.86633976159192,FALSE,"Upregula NQO1",4.71512890781871
691,"BG-STK33-59","NOMO1","24 h","3.33 µM",0.000113254,0.000529375,1.61977,0.00020550760378134,"LINCS L1000","l1000_results_up","up","KMS002_NOMO1_24H:BRD-K48188942-001-01-1:3.33","BRD-K48188942",NA,NA,NA,"bg-stk33-59",0.000529375,3.27623657232522,FALSE,"Upregula NQO1",5.30674971275522
692,"ST-4029573","MCF7","24 h","10.0 µM",0.000113428,0.00563799,1.33673,0.00131233595800525,"LINCS L1000","l1000_results_up","up","CPC013_MCF7_24H:BRD-K16798053-001-01-0:10","BRD-K16798053",NA,NA,NA,"st-4029573",0.00563799,2.24887569876393,FALSE,"Upregula NQO1",3.00613961280871
693,"BRD-K22129929","MCF7","24 h","10.0 µM",0.000113546,0.0138822,1.81716,0.00196078431372549,"LINCS L1000","l1000_results_up","up","CPC010_MCF7_24H:BRD-K22129929-001-07-9:10","BRD-K22129929",NA,NA,NA,"brd-k22129929",0.0138822,1.85754170303475,FALSE,"Upregula NQO1",3.37545048108662
694,"piceatannol","A375","6 h","10.0 µM",0.00011491,0.0100346,1.31781,0.00208768267223382,"LINCS L1000","l1000_results_up","up","CPC018_A375_6H:BRD-K26241953-001-01-0:10","BRD-K26241953",NA,NA,NA,"piceatannol",0.0100346,1.99849993471163,FALSE,"Upregula NQO1",2.63364319896234
695,"BRD-K26510616","MCF7","24 h","5.0 µM",0.000115593,0.00081188,1.99979,0.000250125062531266,"LINCS L1000","l1000_results_up","up","HDAC002_MCF7_24H:BRD-K26510616-001-01-7:5","BRD-K26510616",NA,NA,NA,"brd-k26510616",0.00081188,3.09050815695229,FALSE,"Upregula NQO1",6.18036730719162
696,"vemurafenib","MDAMB231","24 h","10.0 µM",0.000116884,0.00247177,1.30673,0.000552791597567717,"LINCS L1000","l1000_results_up","up","LJP001_MDAMB231_24H:BRD-K56343971-001-04-9:10","BRD-K56343971",NA,NA,NA,"vemurafenib",0.00247177,2.60699194312125,FALSE,"Upregula NQO1",3.40663458183483
697,"purmorphamine","A375","24 h","44.4 µM",0.000117181,0.00795107,1.18129,0.00197628458498024,"LINCS L1000","l1000_results_up","up","CPC006_A375_24H:BRD-K73397362-001-03-3:44.4","BRD-K73397362",NA,NA,NA,"purmorphamine",0.00795107,2.09957442306347,FALSE,"Upregula NQO1",2.48020627022064
698,"BRD-A60386802","MCF7","6 h","10.0 µM",0.000117696,0.00610382,1.22107,0.00100806451612903,"LINCS L1000","l1000_results_up","up","CPC013_MCF7_6H:BRD-A60386802-001-01-5:10","BRD-A60386802",NA,NA,NA,"brd-a60386802",0.00610382,2.21439828209108,FALSE,"Upregula NQO1",2.70393531031296
699,"retinol","VCAP","6 h","10.0 µM",0.000118653,0.00416089,2.03532,0.000615384615384615,"LINCS L1000","l1000_results_up","up","CPC014_VCAP_6H:BRD-K22429181-001-08-4:10","BRD-K22429181",NA,NA,NA,"retinol",0.00416089,2.38081376534728,FALSE,"Upregula NQO1",4.84571787288662
700,"sirolimus","HA1E","6 h","10.0 µM",0.000119622,0.004138,1.07468,0.00108459869848156,"LINCS L1000","l1000_results_up","up","CPC006_HA1E_6H:BRD-A79768653-001-02-1:10","BRD-A79768653",NA,NA,NA,"sirolimus",0.004138,2.38320951367028,FALSE,"Upregula NQO1",2.56118760015118
701,"cefotaxime","VCAP","24 h","10.0 µM",0.000121703,0.0242387,1.53911,0.00709219858156028,"LINCS L1000","l1000_results_up","up","CPC009_VCAP_24H:BRD-A67981824-236-01-2:10","BRD-A67981824",NA,NA,NA,"cefotaxime",0.0242387,1.61549067650107,FALSE,"Upregula NQO1",2.48641785510955
702,"SA-792728","HA1E","6 h","40.0 µM",0.000121818,0.00858434,1.20934,0.00237529691211401,"LINCS L1000","l1000_results_up","up","CPC006_HA1E_6H:BRD-K20755323-001-02-6:40","BRD-K20755323",NA,NA,NA,"sa-792728",0.00858434,2.0662930895976,FALSE,"Upregula NQO1",2.49885088497396
703,"PF-750","MCF7","24 h","80.0 µM",0.0001219,0.000934092,0.75902,0.000259268861809697,"LINCS L1000","l1000_results_up","up","CPC006_MCF7_24H:BRD-K83213911-001-02-8:80","BRD-K83213911",NA,NA,NA,"pf-750",0.000934092,3.02961034740518,FALSE,"Upregula NQO1",2.29953484588748
704,"parthenolide","SKM1","6 h","10.0 µM",0.00012265,0.0232708,1.31657,0.00641025641025641,"LINCS L1000","l1000_results_up","up","KHW001_SKM1_6H:BRD-K81651477-001-01-9:10","BRD-K81651477",NA,NA,NA,"parthenolide",0.0232708,1.63318868634742,FALSE,"Upregula NQO1",2.15020722878442
705,"CHEMBL-399379","MCF7","6 h","80.0 µM",0.000123763,0.00149375,0.855248,0.000378357926598562,"LINCS L1000","l1000_results_up","up","CPC006_MCF7_6H:BRD-K43620258-001-01-6:80","BRD-K43620258",NA,NA,NA,"chembl-399379",0.00149375,2.82572208170779,FALSE,"Upregula NQO1",2.41669315893642
706,"everolimus","SKB","24 h","10.0 µM",0.000123804,0.00158805,2.28312,0.000355239786856128,"LINCS L1000","l1000_results_up","up","CPC014_SKB_24H:BRD-K13514097-001-01-2:10","BRD-K13514097",NA,NA,NA,"everolimus",0.00158805,2.79913582786469,FALSE,"Upregula NQO1",6.39076299131442
707,"XAV-939","HCC515","24 h","11.1 µM",0.000124015,0.0110463,1.61173,0.00431034482758621,"LINCS L1000","l1000_results_up","up","CPC006_HCC515_24H:BRD-K12762134-001-01-3:11.1","BRD-K12762134",NA,NA,NA,"xav-939",0.0110463,1.95678316620239,FALSE,"Upregula NQO1",3.15380613246338
708,"AG-592","NPC","24 h","10.0 µM",0.000125495,0.00361996,1.82659,0.000682128240109141,"LINCS L1000","l1000_results_up","up","CPC016_NPC_24H:BRD-K89930444-001-01-9:10","BRD-K89930444",NA,NA,NA,"ag-592",0.00361996,2.4412962283274,FALSE,"Upregula NQO1",4.45924727770055
709,"MST-312","PC3","24 h","11.1 µM",0.000126226,0.000454235,0.874412,0.000183016105417277,"LINCS L1000","l1000_results_up","up","CPC006_PC3_24H:BRD-K19894101-001-01-6:11.1","BRD-K19894101",NA,NA,NA,"mst-312",0.000454235,3.34271940529629,FALSE,"Upregula NQO1",2.92291396062394
710,"linsitinib","MCF7","24 h","10.0 µM",0.000126315,0.00366726,0.720633,0.000843170320404722,"LINCS L1000","l1000_results_up","up","CPC006_MCF7_24H:BRD-K08589866-001-01-0:10","BRD-K08589866",NA,NA,NA,"linsitinib",0.00366726,2.43565829850342,FALSE,"Upregula NQO1",1.75521574662541
711,"manumycin-a","MCF7","24 h","9.08 µM",0.000127306,0.00345816,0.723352,0.000783699059561128,"LINCS L1000","l1000_results_up","up","CPC006_MCF7_24H:BRD-K78599730-001-02-6:9.08","BRD-K78599730",NA,NA,NA,"manumycin-a",0.00345816,2.46115491692977,FALSE,"Upregula NQO1",1.78028133147098
712,"BRD-K28366633","PC3","6 h","10.0 µM",0.000127427,0.00356174,1.1988,0.000687285223367698,"LINCS L1000","l1000_results_up","up","CPC009_PC3_6H:BRD-K28366633-001-05-2:10","BRD-K28366633",NA,NA,NA,"brd-k28366633",0.00356174,2.44833778635692,FALSE,"Upregula NQO1",2.93506733828468
713,"SID-26681509","HCC515","6 h","88.8 µM",0.000127644,0.0261369,1.45694,0.0103092783505155,"LINCS L1000","l1000_results_up","up","CPC006_HCC515_6H:BRD-K08417745-001-02-9:88.8","BRD-K08417745",NA,NA,NA,"sid-26681509",0.0261369,1.58274592374596,FALSE,"Upregula NQO1",2.30596584614244
714,"BRD-K06765193","HT29","6 h","10.0 µM",0.000128059,0.00586962,1.97477,0.00108695652173913,"LINCS L1000","l1000_results_up","up","CPC010_HT29_6H:BRD-K06765193-001-08-7:10","BRD-K06765193",NA,NA,NA,"brd-k06765193",0.00586962,2.23139001412634,FALSE,"Upregula NQO1",4.40648205819627
715,"TER-14687","A375","6 h","10.0 µM",0.00012833,0.00501344,1.74616,0.00099601593625498,"LINCS L1000","l1000_results_up","up","CPC016_A375_6H:BRD-A33833419-003-01-1:10","BRD-A33833419",NA,NA,NA,"ter-14687",0.00501344,2.29986417825421,FALSE,"Upregula NQO1",4.01593083350038
716,"necrostatin-1","HT29","24 h","160.0 µM",0.000129467,0.0382672,1.4694,0.0158730158730159,"LINCS L1000","l1000_results_up","up","CPC006_HT29_24H:BRD-A36318220-001-04-7:160","BRD-A36318220",NA,NA,NA,"necrostatin-1",0.0382672,1.41717331381512,FALSE,"Upregula NQO1",2.08239446731994
717,"irinotecan","VCAP","24 h","10.0 µM",0.000132179,0.00141848,1.12016,0.000336134453781513,"LINCS L1000","l1000_results_up","up","CPC011_VCAP_24H:BRD-K08547377-311-11-2:10","BRD-K08547377",NA,NA,NA,"irinotecan",0.00141848,2.84817678320325,FALSE,"Upregula NQO1",3.19041370547295
718,"cerulenin","HA1E","6 h","44.4 µM",0.00013384,0.00566565,1.22782,0.00112485939257593,"LINCS L1000","l1000_results_up","up","CPC006_HA1E_6H:BRD-K52075040-001-03-0:44.4","BRD-K52075040",NA,NA,NA,"cerulenin",0.00566565,2.24675025787129,FALSE,"Upregula NQO1",2.75860490161952
719,"canertinib","HT29","6 h","10.0 µM",0.000134395,0.00516214,1.26593,0.0011001100110011,"LINCS L1000","l1000_results_up","up","CPC014_HT29_6H:BRD-K50168500-001-01-2:10","BRD-K50168500",NA,NA,NA,"canertinib",0.00516214,2.28717022133361,FALSE,"Upregula NQO1",2.89539739829286
720,"cadmium-chloride","HA1E","6 h","20.1 µM",0.000134845,0.0132864,1.43138,0.00303030303030303,"LINCS L1000","l1000_results_up","up","CRCGN001_HA1E_6H:BRD-K26756156-001-01-2:20.1","BRD-K26756156",NA,NA,NA,"cadmium-chloride",0.0132864,1.87659267683969,FALSE,"Upregula NQO1",2.6861172257748
721,"KO-143","PC3","6 h","40.0 µM",0.000135047,0.0181158,1.16364,0.00444444444444444,"LINCS L1000","l1000_results_up","up","CPC006_PC3_6H:BRD-K64642496-001-01-6:40","BRD-K64642496",NA,NA,NA,"ko-143",0.0181158,1.74194248261128,FALSE,"Upregula NQO1",2.02699395046579
722,"HDACi1,2+3_mix","MCF7","24 h","5.0 µM",0.000135328,0.000960012,1.92791,0.000251193167545843,"LINCS L1000","l1000_results_up","up","HDAC002_MCF7_24H:BRD2492_+_BRD3308:5","BRD2492+BRD3308",NA,NA,NA,"hdaci1,2+3_mix",0.000960012,3.01772333831334,FALSE,"Upregula NQO1",5.81789900116766
723,"BRD-K86574132","HCC515","24 h","48.0 µM",0.000138909,0.00125587,1.28468,0.000303951367781155,"LINCS L1000","l1000_results_up","up","CPC006_HCC515_24H:BRD-K86574132-001-04-9:48","BRD-K86574132",NA,NA,NA,"brd-k86574132",0.00125587,2.90105531378724,FALSE,"Upregula NQO1",3.72692774051619
724,"dorsomorphin","SW620","6 h","10.0 µM",0.000139329,0.0206839,1.7741,0.00606060606060606,"LINCS L1000","l1000_results_up","up","CPC006_SW620_6H:BRD-K54233340-300-01-0:10","BRD-K54233340",NA,NA,NA,"dorsomorphin",0.0206839,1.68436757056895,FALSE,"Upregula NQO1",2.98823650694637
725,"I-OMe-AG-538","VCAP","24 h","10.0 µM",0.000139342,0.0319884,1.64397,0.00884955752212389,"LINCS L1000","l1000_results_up","up","CPC005_VCAP_24H:BRD-K35377380-001-01-4:10","BRD-K35377380",NA,NA,NA,"i-ome-ag-538",0.0319884,1.49500748197119,FALSE,"Upregula NQO1",2.45774745013617
726,"BRD-K88707333","VCAP","6 h","10.0 µM",0.000140632,0.00674914,1.25692,0.00114285714285714,"LINCS L1000","l1000_results_up","up","CPC008_VCAP_6H:BRD-K88707333-001-04-0:10","BRD-K88707333",NA,NA,NA,"brd-k88707333",0.00674914,2.17075156302814,FALSE,"Upregula NQO1",2.72846105460133
727,"BRD-K41087962","A375","24 h","0.63 µM",0.000141585,0.0328418,1.12903,0.0116279069767442,"LINCS L1000","l1000_results_up","up","CPC006_A375_24H:BRD-K41087962-001-01-7:0.63","BRD-K41087962",NA,NA,NA,"brd-k41087962",0.0328418,1.4835730480007,FALSE,"Upregula NQO1",1.67499847838423
728,"BRD-K68313733","VCAP","6 h","10.0 µM",0.00014173,0.00100223,1.41876,0.000226963231956423,"LINCS L1000","l1000_results_up","up","CPC007_VCAP_6H:BRD-K68313733-001-11-2:10","BRD-K68313733",NA,NA,NA,"brd-k68313733",0.00100223,2.99903260155417,FALSE,"Upregula NQO1",4.254907493781
729,"STK-064652","MCF7","6 h","10.0 µM",0.000142542,0.0195729,0.821814,0.0065359477124183,"LINCS L1000","l1000_results_up","up","CPC006_MCF7_6H:BRD-A13195221-001-01-1:10","BRD-A13195221",NA,NA,NA,"stk-064652",0.0195729,1.70834482274823,FALSE,"Upregula NQO1",1.40394169216202
730,"BRD-K20032655","VCAP","6 h","10.0 µM",0.000143345,0.0334191,1.90343,0.0149253731343284,"LINCS L1000","l1000_results_up","up","CPC013_VCAP_6H:BRD-K20032655-001-01-0:10","BRD-K20032655",NA,NA,NA,"brd-k20032655",0.0334191,1.47600525014271,FALSE,"Upregula NQO1",2.80947267327914
731,"teniposide","VCAP","24 h","1.25 µM",0.000144147,0.00375423,1.35656,0.000761614623000762,"LINCS L1000","l1000_results_up","up","CPC006_VCAP_24H:BRD-A35588707-001-03-0:1.25","BRD-A35588707",NA,NA,NA,"teniposide",0.00375423,2.42547912418377,FALSE,"Upregula NQO1",3.29030796070274
732,"danazol","VCAP","24 h","10.0 µM",0.000144324,0.00128965,1.2482,0.00029655990510083,"LINCS L1000","l1000_results_up","up","CPC004_VCAP_24H:BRD-A92537424-001-03-9:10","BRD-A92537424",NA,NA,NA,"danazol",0.00128965,2.88952813752476,FALSE,"Upregula NQO1",3.6067090212584
733,"parthenolide","PC3","24 h","20.0 µM",0.000146215,0.000767544,1.05633,0.000196966712625566,"LINCS L1000","l1000_results_up","up","CPC006_PC3_24H:BRD-K81651477-001-03-5:20","BRD-K81651477",NA,NA,NA,"parthenolide",0.000767544,3.11489671890032,FALSE,"Upregula NQO1",3.29035885107597
734,"torin-2","MDAMB231","24 h","10.0 µM",0.00014733,0.000713827,1.29342,0.000185597624350408,"LINCS L1000","l1000_results_up","up","LJP001_MDAMB231_24H:BRD-K68174511-001-02-5:10","BRD-K68174511",NA,NA,NA,"torin-2",0.000713827,3.14640702918892,FALSE,"Upregula NQO1",4.06962577969354
735,"tubastatin-a","MCF7","24 h","5.0 µM",0.000147785,0.000962808,2.386,0.000237529691211401,"LINCS L1000","l1000_results_up","up","HDAC002_MCF7_24H:BRD-K00627859-001-03-1:5","BRD-K00627859",NA,NA,NA,"tubastatin-a",0.000962808,3.01646030981639,FALSE,"Upregula NQO1",7.1972742992219
736,"manumycin-a","MCF7","6 h","10.0 µM",0.000148287,0.00664551,1.19701,0.00114942528735632,"LINCS L1000","l1000_results_up","up","CPC005_MCF7_6H:BRD-K78599730-001-03-4:10","BRD-K78599730",NA,NA,NA,"manumycin-a",0.00664551,2.17747168414389,FALSE,"Upregula NQO1",2.60645538063707
737,"tozasertib","HT29","6 h","10.0 µM",0.000149961,0.00641149,1.85158,0.0012970168612192,"LINCS L1000","l1000_results_up","up","CPC010_HT29_6H:BRD-K59369769-001-08-8:10","BRD-K59369769",NA,NA,NA,"tozasertib",0.00641149,2.19304103076498,FALSE,"Upregula NQO1",4.06059091174382
738,"geldanamycin","PC3","6 h","10.0 µM",0.000153052,0.0215575,1.58435,0.00680272108843537,"LINCS L1000","l1000_results_up","up","CPC014_PC3_6H:BRD-A19500257:10","BRD-A19500257",NA,NA,NA,"geldanamycin",0.0215575,1.66640160522733,FALSE,"Upregula NQO1",2.64016338324192
739,"GW-405833","SW948","6 h","40.0 µM",0.000153961,0.0128405,1.82801,0.0026246719160105,"LINCS L1000","l1000_results_up","up","CPC006_SW948_6H:BRD-K10705233-003-02-8:40","BRD-K10705233",NA,NA,NA,"gw-405833",0.0128405,1.89141806481755,FALSE,"Upregula NQO1",3.45753113666712
740,"7b-cis","HCC515","6 h","10.0 µM",0.000154353,0.0256503,1.41225,0.00704225352112676,"LINCS L1000","l1000_results_up","up","CPC006_HCC515_6H:BRD-K61829047-001-01-6:10","BRD-K61829047",NA,NA,NA,"7b-cis",0.0256503,1.59090755111424,FALSE,"Upregula NQO1",2.24675918906109
741,"BRD-A49848186","PC3","24 h","10.0 µM",0.000154449,0.0122831,1.56214,0.00201612903225806,"LINCS L1000","l1000_results_up","up","CPC020_PC3_24H:BRD-A49848186-003-01-2:10","BRD-A49848186",NA,NA,NA,"brd-a49848186",0.0122831,1.91069201243029,FALSE,"Upregula NQO1",2.98476842029785
742,"BRD-K73125384","HT29","6 h","10.0 µM",0.000155882,0.0237752,1.8387,0.00352112676056338,"LINCS L1000","l1000_results_up","up","CPC010_HT29_6H:BRD-K73125384-001-05-7:10","BRD-K73125384",NA,NA,NA,"brd-k73125384",0.0237752,1.62387582103488,FALSE,"Upregula NQO1",2.98582047213683
743,"XAV-939","PC3","24 h","11.1 µM",0.000157138,0.00701586,0.900914,0.000999000999000999,"LINCS L1000","l1000_results_up","up","CPC006_PC3_24H:BRD-K12762134-001-01-3:11.1","BRD-K12762134",NA,NA,NA,"xav-939",0.00701586,2.15391908580993,FALSE,"Upregula NQO1",1.94049585927337
744,"SA-3676","MCF7","24 h","10.0 µM",0.000159342,0.00149666,1.236,0.00029603315571344,"LINCS L1000","l1000_results_up","up","CPC019_MCF7_24H:BRD-A00420644-001-01-7:10","BRD-A00420644",NA,NA,NA,"sa-3676",0.00149666,2.82487684821723,FALSE,"Upregula NQO1",3.49154778439649
745,"BRD-K67118123","MCF7","24 h","10.0 µM",0.000160004,0.0179472,1.5428,0.00515463917525773,"LINCS L1000","l1000_results_up","up","CPC007_MCF7_24H:BRD-K67118123-001-06-4:10","BRD-K67118123",NA,NA,NA,"brd-k67118123",0.0179472,1.74600329747019,FALSE,"Upregula NQO1",2.69373388733701
746,"etacrynic-acid","VCAP","24 h","10.0 µM",0.000160321,0.00474106,1.06279,0.000767459708365311,"LINCS L1000","l1000_results_up","up","CPC020_VCAP_24H:BRD-K63630713-001-22-5:10","BRD-K63630713",NA,NA,NA,"etacrynic-acid",0.00474106,2.32412454847686,FALSE,"Upregula NQO1",2.47005632887572
747,"AM-404","VCAP","24 h","10.0 µM",0.000161171,0.0138795,0.891065,0.00236406619385343,"LINCS L1000","l1000_results_up","up","CPC011_VCAP_24H:BRD-K55462201-001-05-7:10","BRD-K55462201",NA,NA,NA,"am-404",0.0138795,1.85762617877686,FALSE,"Upregula NQO1",1.6552656709918
748,"tremulacin","PC3","24 h","10.0 µM",0.000162741,0.00858749,1.54683,0.00109769484083425,"LINCS L1000","l1000_results_up","up","CPC010_PC3_24H:BRD-A61856038-001-05-3:10","BRD-A61856038",NA,NA,NA,"tremulacin",0.00858749,2.06613375566134,FALSE,"Upregula NQO1",3.19595767726963
749,"BRD-K93578426","VCAP","6 h","10.0 µM",0.000165171,0.00767147,1.87732,0.00101626016260163,"LINCS L1000","l1000_results_up","up","CPC013_VCAP_6H:BRD-K93578426-001-01-2:10","BRD-K93578426",NA,NA,NA,"brd-k93578426",0.00767147,2.11512140896908,FALSE,"Upregula NQO1",3.97075972348584
750,"AG-957","MCF7","6 h","10.0 µM",0.000165995,0.0397459,1.40876,0.0120481927710843,"LINCS L1000","l1000_results_up","up","CPC004_MCF7_6H:BRD-K36737713-001-01-6:10","BRD-K36737713",NA,NA,NA,"ag-957",0.0397459,1.40070766447197,FALSE,"Upregula NQO1",1.97326092940153
751,"BRD-K07079548","MCF7","24 h","10.0 µM",0.000168112,0.00942952,1.31403,0.00129366106080207,"LINCS L1000","l1000_results_up","up","CPC017_MCF7_24H:BRD-K07079548-001-01-9:10","BRD-K07079548",NA,NA,NA,"brd-k07079548",0.00942952,2.02551041401315,FALSE,"Upregula NQO1",2.66158144932569
752,"radicicol","MCF7","6 h","10.0 µM",0.000168141,0.00256977,1.01144,0.000478927203065134,"LINCS L1000","l1000_results_up","up","CPC014_MCF7_6H:BRD-K33551950-001-01-6:10","BRD-K33551950",NA,NA,NA,"radicicol",0.00256977,2.59010574522932,FALSE,"Upregula NQO1",2.61973655495475
753,"FL-HDAC-025","MCF7","24 h","2.5 µM",0.000169133,0.00137505,1.94411,0.000268240343347639,"LINCS L1000","l1000_results_up","up","HDAC002_MCF7_24H:BRD-K03641750-001-01-3:2.5","BRD-K03641750",NA,NA,NA,"fl-hdac-025",0.00137505,2.86168150959423,FALSE,"Upregula NQO1",5.56342363961725
754,"vorinostat","MCF7","24 h","0.0195312 µM",0.000170353,0.000953121,2.32024,0.000223313979455114,"LINCS L1000","l1000_results_up","up","HDAC002_MCF7_24H:BRD-K81418486-001-10-3:0.0195312","BRD-K81418486",NA,NA,NA,"vorinostat",0.000953121,3.02085196158985,FALSE,"Upregula NQO1",7.00910155535924
755,"K784-3187","HT29","6 h","10.0 µM",0.000171375,0.00411434,1.44845,0.000675675675675676,"LINCS L1000","l1000_results_up","up","CPC012_HT29_6H:BRD-A39093044-001-05-4:10","BRD-A39093044",NA,NA,NA,"k784-3187",0.00411434,2.38569982201842,FALSE,"Upregula NQO1",3.45556690720257
756,"tozasertib","A375","24 h","10.0 µM",0.000172158,0.000527175,1.20795,0.000146886016451234,"LINCS L1000","l1000_results_up","up","CPC006_A375_24H:BRD-K87947369-001-01-6:10","BRD-K87947369",NA,NA,NA,"tozasertib",0.000527175,3.27804519329167,FALSE,"Upregula NQO1",3.95971469123668
757,"wortmannin","HT29","6 h","10.0 µM",0.00017244,0.00466572,1.57662,0.0007097232079489,"LINCS L1000","l1000_results_up","up","CPC017_HT29_6H:BRD-A75409952:10","BRD-A75409952",NA,NA,NA,"wortmannin",0.00466572,2.33108132771622,FALSE,"Upregula NQO1",3.67522944290395
758,"geldanamycin","VCAP","48 h","20.0 µM",0.000172586,0.000369426,0.672669,0.000121521448535666,"LINCS L1000","l1000_results_up","up","ERG005_VCAP_48H:BRD-A19500257-001-01-3:20","BRD-A19500257",NA,NA,NA,"geldanamycin",0.000369426,3.43247254241183,FALSE,"Upregula NQO1",2.30891787263162
759,"BRD-K36772364","HT29","6 h","10.0 µM",0.000173029,0.015474,1.79252,0.00238095238095238,"LINCS L1000","l1000_results_up","up","CPC010_HT29_6H:BRD-K36772364-001-06-4:10","BRD-K36772364",NA,NA,NA,"brd-k36772364",0.015474,1.81039740747842,FALSE,"Upregula NQO1",3.24517356085322
760,"piperlongumine","HT29","6 h","10.0 µM",0.000174779,0.00398632,1.5481,0.000649350649350649,"LINCS L1000","l1000_results_up","up","CPC004_HT29_6H:BRD-K24132293-001-13-7:10","BRD-K24132293",NA,NA,NA,"piperlongumine",0.00398632,2.39942784144687,FALSE,"Upregula NQO1",3.7145542413439
761,"BRD-K62459624","HT29","6 h","10.0 µM",0.00017486,0.00382117,1.35003,0.00063653723742839,"LINCS L1000","l1000_results_up","up","CPC012_HT29_6H:BRD-K62459624-001-08-7:10","BRD-K62459624",NA,NA,NA,"brd-k62459624",0.00382117,2.41780364055823,FALSE,"Upregula NQO1",3.26410744886283
762,"vorinostat","HT29","6 h","10.0 µM",0.000175145,0.00093753,1.42828,0.000228154232261008,"LINCS L1000","l1000_results_up","up","CPC018_HT29_6H:BRD-K81418486:10","BRD-K81418486",NA,NA,NA,"vorinostat",0.00093753,3.02801482639918,FALSE,"Upregula NQO1",4.32485301624942
763,"sulforaphane","VCAP","6 h","10.0 µM",0.000175737,0.00885516,1.31742,0.00149476831091181,"LINCS L1000","l1000_results_up","up","CPC006_VCAP_6H:BRD-A58955223-001-01-2:10","BRD-A58955223",NA,NA,NA,"sulforaphane",0.00885516,2.05280358732661,FALSE,"Upregula NQO1",2.70440450201582
764,"trichostatin-a","MCF7","6 h","10.0 µM",0.000176841,0.00166275,1.24708,0.000304043782304652,"LINCS L1000","l1000_results_up","up","CPC015_MCF7_6H:BRD-A19037878:10","BRD-A19037878",NA,NA,NA,"trichostatin-a",0.00166275,2.77917304349381,FALSE,"Upregula NQO1",3.46585111908026
765,"cerulenin","HCC515","6 h","44.4 µM",0.000179058,0.0165034,1.39193,0.0028328611898017,"LINCS L1000","l1000_results_up","up","CPC006_HCC515_6H:BRD-K52075040-001-03-0:44.4","BRD-K52075040",NA,NA,NA,"cerulenin",0.0165034,1.78242657402096,FALSE,"Upregula NQO1",2.481013021177
766,"niclosamide","SW948","6 h","10.0 µM",0.000182078,0.00735844,1.85951,0.00133689839572193,"LINCS L1000","l1000_results_up","up","CPC006_SW948_6H:BRD-K35960502-001-10-1:10","BRD-K35960502",NA,NA,NA,"niclosamide",0.00735844,2.13321424696714,FALSE,"Upregula NQO1",3.96673322437786
767,"SA-792541","A375","24 h","10.0 µM",0.000182907,0.00395241,1.23512,0.000612745098039216,"LINCS L1000","l1000_results_up","up","CPC006_A375_24H:BRD-K68143200-001-05-9:10","BRD-K68143200",NA,NA,NA,"sa-792541",0.00395241,2.40313801056676,FALSE,"Upregula NQO1",2.96816381961121
768,"niguldipine","SW948","6 h","10.0 µM",0.000183842,0.00728434,1.82904,0.00143266475644699,"LINCS L1000","l1000_results_up","up","CPC006_SW948_6H:BRD-A43331270-001-01-6:10","BRD-A43331270",NA,NA,NA,"niguldipine",0.00728434,2.13760979150456,FALSE,"Upregula NQO1",3.90977381305349
769,"AG-957","VCAP","6 h","10.0 µM",0.000186149,0.00919106,1.64554,0.00144300144300144,"LINCS L1000","l1000_results_up","up","CPC004_VCAP_6H:BRD-K36737713-001-01-6:10","BRD-K36737713",NA,NA,NA,"ag-957",0.00919106,2.03663439877671,FALSE,"Upregula NQO1",3.35136336856302
770,"FU-JMBII227B","PC3","6 h","10.0 µM",0.000186798,0.00930562,1.23909,0.0012970168612192,"LINCS L1000","l1000_results_up","up","CPC007_PC3_6H:BRD-K92895207-001-05-7:10","BRD-K92895207",NA,NA,NA,"fu-jmbii227b",0.00930562,2.03125468608952,FALSE,"Upregula NQO1",2.51690736898666
771,"wortmannin","PC3","6 h","10.0 µM",0.000186839,0.00204355,1.39947,0.000384024577572965,"LINCS L1000","l1000_results_up","up","CPC004_PC3_6H:BRD-K87343924-001-02-4:10","BRD-K87343924",NA,NA,NA,"wortmannin",0.00204355,2.68961473184109,FALSE,"Upregula NQO1",3.76403512876965
772,"ivermectin","PC3","6 h","10.0 µM",0.000187046,0.0244376,1.3636,0.00531914893617021,"LINCS L1000","l1000_results_up","up","CPC003_PC3_6H:BRD-A48570745-001-01-1:10","BRD-A48570745",NA,NA,NA,"ivermectin",0.0244376,1.61194144809957,FALSE,"Upregula NQO1",2.19804335862858
773,"K784-3187","PC3","6 h","10.0 µM",0.0001886,0.00212762,1.22289,0.000367242012486228,"LINCS L1000","l1000_results_up","up","CPC007_PC3_6H:BRD-A39093044-001-09-6:10","BRD-A39093044",NA,NA,NA,"k784-3187",0.00212762,2.67210593588821,FALSE,"Upregula NQO1",3.26769162793833
774,"sulforaphane","A375","24 h","10.0 µM",0.000191182,0.00909667,1.17971,0.00159744408945687,"LINCS L1000","l1000_results_up","up","PCLB001_A375_24H:BRD-A58955223-001-02-0:10","BRD-A58955223",NA,NA,NA,"sulforaphane",0.00909667,2.04111755990927,FALSE,"Upregula NQO1",2.40792679660057
775,"BRD-K58214070","PC3","6 h","10.0 µM",0.00019178,0.00175815,1.25124,0.000309789343246592,"LINCS L1000","l1000_results_up","up","CPC007_PC3_6H:BRD-K58214070-001-07-3:10","BRD-K58214070",NA,NA,NA,"brd-k58214070",0.00175815,2.75494407499987,FALSE,"Upregula NQO1",3.44709622440284
776,"tretinoin","VCAP","24 h","20.0 µM",0.000196783,0.00479952,0.549923,0.000641848523748395,"LINCS L1000","l1000_results_up","up","ERG005_VCAP_24H:BRD-K71879491-001-17-6:20","BRD-K71879491",NA,NA,NA,"tretinoin",0.00479952,2.31880219424422,FALSE,"Upregula NQO1",1.27516265906536
777,"withaferin-a","MCF7","6 h","3.33 µM",0.000197579,0.00293508,1.30356,0.000477099236641221,"LINCS L1000","l1000_results_up","up","HOG003_MCF7_6H:BRD-K88378636-001-02-8:3.33","BRD-K88378636",NA,NA,NA,"withaferin-a",0.00293508,2.53238005690868,FALSE,"Upregula NQO1",3.30110934698388
778,"bisbenzimide","PC3","6 h","10.0 µM",0.000199159,0.00237286,1.09167,0.000368324125230203,"LINCS L1000","l1000_results_up","up","CPC003_PC3_6H:BRD-K08554278-001-02-4:10","BRD-K08554278",NA,NA,NA,"bisbenzimide",0.00237286,2.62472788463183,FALSE,"Upregula NQO1",2.86533668981603
779,"neratinib","HCC515","6 h","10.0 µM",0.000200272,0.00953815,1.39662,0.00140449438202247,"LINCS L1000","l1000_results_up","up","CPC006_HCC515_6H:BRD-K85606544-001-01-8:10","BRD-K85606544",NA,NA,NA,"neratinib",0.00953815,2.02053585199441,FALSE,"Upregula NQO1",2.82192078161243
780,"panobinostat","PC3","6 h","0.625 µM",0.000200846,0.000706101,1.02102,0.00018491124260355,"LINCS L1000","l1000_results_up","up","HDAC001_PC3_6H:BRD-K02130563-001-05-6:0.625","BRD-K02130563",NA,NA,NA,"panobinostat",0.000706101,3.15113317344478,FALSE,"Upregula NQO1",3.21736999275059
781,"BI-2536","SKBR3","24 h","10.0 µM",0.000202989,0.00171219,1.82179,0.000269687162891046,"LINCS L1000","l1000_results_up","up","LJP001_SKBR3_24H:BRD-K64890080-001-09-6:10","BRD-K64890080",NA,NA,NA,"bi-2536",0.00171219,2.7664480437634,FALSE,"Upregula NQO1",5.03988738164773
782,"K784-3188","VCAP","6 h","10.0 µM",0.000203141,0.0104573,2.3209,0.0015552099533437,"LINCS L1000","l1000_results_up","up","CPC010_VCAP_6H:BRD-A72180425-001-10-6:10","BRD-A72180425",NA,NA,NA,"k784-3188",0.0104573,1.9805804327217,FALSE,"Upregula NQO1",4.5967291263038
783,"BRD-K61894884","MCF7","24 h","5.0 µM",0.000204272,0.0016771,2.26445,0.000282007896221094,"LINCS L1000","l1000_results_up","up","HDAC002_MCF7_24H:BRD-K61894884-001-01-6:5","BRD-K61894884",NA,NA,NA,"brd-k61894884",0.0016771,2.77544104105916,FALSE,"Upregula NQO1",6.28484746542641
784,"BRD-K58547240","VCAP","6 h","10.0 µM",0.000207266,0.0116666,2.02104,0.00151285930408472,"LINCS L1000","l1000_results_up","up","CPC013_VCAP_6H:BRD-K58547240-001-01-4:10","BRD-K58547240",NA,NA,NA,"brd-k58547240",0.0116666,1.93305569205923,FALSE,"Upregula NQO1",3.90678287587939
785,"BRD-K62459624","PC3","6 h","10.0 µM",0.000207632,0.00559328,1.61389,0.000687285223367698,"LINCS L1000","l1000_results_up","up","CPC014_PC3_6H:BRD-K62459624-001-07-9:10","BRD-K62459624",NA,NA,NA,"brd-k62459624",0.00559328,2.25233343931449,FALSE,"Upregula NQO1",3.63501841437526
786,"sotalol","VCAP","24 h","10.0 µM",0.000209118,0.0140684,1.16216,0.00165562913907285,"LINCS L1000","l1000_results_up","up","CPC011_VCAP_24H:BRD-A33168282-003-13-1:10","BRD-A33168282",NA,NA,NA,"sotalol",0.0140684,1.85175529209499,FALSE,"Upregula NQO1",2.15203593026112
787,"SPB02303","MCF7","6 h","10.0 µM",0.000209772,0.0317769,1.80707,0.00775193798449612,"LINCS L1000","l1000_results_up","up","CPC012_MCF7_6H:BRD-K99532291-001-03-1:10","BRD-K99532291",NA,NA,NA,"spb02303",0.0317769,1.49788847272215,FALSE,"Upregula NQO1",2.70678932240201
788,"mesalazine","VCAP","24 h","10.0 µM",0.000212185,0.00420369,1.18092,0.000447828034034931,"LINCS L1000","l1000_results_up","up","CPC011_VCAP_24H:BRD-K28849549-001-09-2:10","BRD-K28849549",NA,NA,NA,"mesalazine",0.00420369,2.3763693183939,FALSE,"Upregula NQO1",2.80630205547773
789,"dasatinib","MDAMB231","24 h","0.08 µM",0.000212732,0.00129007,1.2342,0.00024588148512417,"LINCS L1000","l1000_results_up","up","LJP001_MDAMB231_24H:BRD-K49328571-001-06-9:0.08","BRD-K49328571",NA,NA,NA,"dasatinib",0.00129007,2.88938672397289,FALSE,"Upregula NQO1",3.56608109472734
790,"SC-I-004","MCF7","6 h","10.0 µM",0.000215021,0.0488581,1.68867,0.0172413793103448,"LINCS L1000","l1000_results_up","up","CPC012_MCF7_6H:BRD-K30993697-001-01-1:10","BRD-K30993697",NA,NA,NA,"sc-i-004",0.0488581,1.31106342593319,FALSE,"Upregula NQO1",2.2139534754706
791,"sulforaphane","HEPG2","24 h","2.5 µM",0.000215834,0.0440935,1.49399,0.0119047619047619,"LINCS L1000","l1000_results_up","up","PCLB001_HEPG2_24H:BRD-A58955223-001-02-0:2.5","BRD-A58955223",NA,NA,NA,"sulforaphane",0.0440935,1.35562542690837,FALSE,"Upregula NQO1",2.02529083154683
792,"AS-601245","SKBR3","24 h","0.08 µM",0.000216283,0.0473807,1.27923,0.0181818181818182,"LINCS L1000","l1000_results_up","up","LJP001_SKBR3_24H:BRD-A60245366-001-02-9:0.08","BRD-A60245366",NA,NA,NA,"as-601245",0.0473807,1.32439852732175,FALSE,"Upregula NQO1",1.6942103281058
793,"BRD-K35832492","MCF7","24 h","10.0 µM",0.000216684,0.00116296,2.06513,0.000227169468423444,"LINCS L1000","l1000_results_up","up","HDAC002_MCF7_24H:BRD-K35832492-001-01-3:10","BRD-K35832492",NA,NA,NA,"brd-k35832492",0.00116296,2.93443522256994,FALSE,"Upregula NQO1",6.05999021118586
794,"linifanib","PC3","6 h","10.0 µM",0.000217275,0.0011565,1.56843,0.000196347928529354,"LINCS L1000","l1000_results_up","up","CPC014_PC3_6H:BRD-K99749624-001-01-3:10","BRD-K99749624",NA,NA,NA,"linifanib",0.0011565,2.93685436289336,FALSE,"Upregula NQO1",4.60625048839284
795,"BRD-K57019930","VCAP","24 h","10.0 µM",0.000218518,0.00329914,1.48022,0.000361532899493854,"LINCS L1000","l1000_results_up","up","CPC013_VCAP_24H:BRD-K57019930-001-01-0:10","BRD-K57019930",NA,NA,NA,"brd-k57019930",0.00329914,2.48159925464641,FALSE,"Upregula NQO1",3.67331284871272
796,"tretinoin","A375","24 h","40.0 µM",0.000218735,0.0105201,1.15594,0.00130548302872063,"LINCS L1000","l1000_results_up","up","CPC006_A375_24H:BRD-K64634304-001-01-5:40","BRD-K64634304",NA,NA,NA,"tretinoin",0.0105201,1.97798013192736,FALSE,"Upregula NQO1",2.28642635370011
797,"MW-A1-12","PC3","6 h","10.0 µM",0.00022001,0.0152144,1.03583,0.00273972602739726,"LINCS L1000","l1000_results_up","up","CPC006_PC3_6H:BRD-K78867378-001-07-3:10","BRD-K78867378",NA,NA,NA,"mw-a1-12",0.0152144,1.81774516994579,FALSE,"Upregula NQO1",1.88287497938494
798,"trichostatin-a","HL60","6 h","1.11111 µM",0.000221451,0.000798716,1.56483,0.00018875047187618,"LINCS L1000","l1000_results_up","up","AML001_HL60_6H:BRD-A19037878:1.11111","BRD-A19037878",NA,NA,NA,"trichostatin-a",0.000798716,3.09760761562749,FALSE,"Upregula NQO1",4.84722932516236
799,"retinol","VCAP","6 h","10.0 µM",0.000222271,0.0374965,1.64167,0.0111111111111111,"LINCS L1000","l1000_results_up","up","CPC014_VCAP_6H:BRD-K13927029-001-01-9:10","BRD-K13927029",NA,NA,NA,"retinol",0.0374965,1.42600926831564,FALSE,"Upregula NQO1",2.34103663551573
800,"NFKB-activation-inhibitor-II","PC3","24 h","6.0 µM",0.000223163,0.0123617,0.9311,0.00148148148148148,"LINCS L1000","l1000_results_up","up","CPC006_PC3_24H:BRD-K83354763-001-01-1:6","BRD-K83354763",NA,NA,NA,"nfkb-activation-inhibitor-ii",0.0123617,1.90792180029487,FALSE,"Upregula NQO1",1.77646598825456
801,"BRD-A81282034","PC3","6 h","10.0 µM",0.000229758,0.0185092,1.41476,0.0027027027027027,"LINCS L1000","l1000_results_up","up","CPC019_PC3_6H:BRD-A81282034-001-02-9:10","BRD-A81282034",NA,NA,NA,"brd-a81282034",0.0185092,1.73261235180862,FALSE,"Upregula NQO1",2.45123065084476
802,"malonoben","PC3","6 h","10.0 µM",0.000231257,0.005484,1.3461,0.000697836706210747,"LINCS L1000","l1000_results_up","up","CPC003_PC3_6H:BRD-K38477985-001-01-8:10","BRD-K38477985",NA,NA,NA,"malonoben",0.005484,2.26090255388252,FALSE,"Upregula NQO1",3.04340092778127
803,"BRD-A49848186","HT29","6 h","10.0 µM",0.000231691,0.00452968,1.45121,0.000593471810089021,"LINCS L1000","l1000_results_up","up","CPC020_HT29_6H:BRD-A49848186-003-01-2:10","BRD-A49848186",NA,NA,NA,"brd-a49848186",0.00452968,2.34393247770969,FALSE,"Upregula NQO1",3.40153825097708
804,"K784-3188","MCF7","24 h","10.0 µM",0.000234313,0.00294119,1.40164,0.00040453074433657,"LINCS L1000","l1000_results_up","up","CPC010_MCF7_24H:BRD-A72180425-001-10-6:10","BRD-A72180425",NA,NA,NA,"k784-3188",0.00294119,2.53147691929223,FALSE,"Upregula NQO1",3.54821930915677
805,"avicin-g","U266","24 h","1.11 µM",0.000238583,0.00111989,3.95723,0.000172443524745646,"LINCS L1000","l1000_results_up","up","PCLB001_U266_24H:BRD-A33746814-001-01-0:1.11","BRD-A33746814",NA,NA,NA,"avicin-g",0.00111989,2.9508246333469,FALSE,"Upregula NQO1",11.6770917638193
806,"HC-toxin","PC3","6 h","10.0 µM",0.000242986,0.00202274,1.49377,0.000324569944823109,"LINCS L1000","l1000_results_up","up","CPC014_PC3_6H:BRD-A39646320-001-01-3:10","BRD-A39646320",NA,NA,NA,"hc-toxin",0.00202274,2.69405993721043,FALSE,"Upregula NQO1",4.02430591240683
807,"WH-4025","BT20","24 h","0.08 µM",0.000243004,0.00909542,1.021,0.00094876660341556,"LINCS L1000","l1000_results_up","up","LJP001_BT20_24H:BRD-K29385665-001-01-1:0.08","BRD-K29385665",NA,NA,NA,"wh-4025",0.00909542,2.04117724168341,FALSE,"Upregula NQO1",2.08404196375876
808,"BRD-A43155244","HT29","6 h","10.0 µM",0.000244513,0.00427502,1.37954,0.000538213132400431,"LINCS L1000","l1000_results_up","up","CPC012_HT29_6H:BRD-A43155244-001-01-2:10","BRD-A43155244",NA,NA,NA,"brd-a43155244",0.00427502,2.36906184915351,FALSE,"Upregula NQO1",3.26821558338123
809,"radicicol","MCF7","24 h","10.0 µM",0.000246656,0.00459198,2.7575,0.000477554918815664,"LINCS L1000","l1000_results_up","up","ASG001_MCF7_24H:BRD-A39996500-001-01-4:10","BRD-A39996500",NA,NA,NA,"radicicol",0.00459198,2.33800001214069,FALSE,"Upregula NQO1",6.44703503347796
810,"TUL_XIX002","NOMO1","24 h","0.04 µM",0.000248478,0.000925577,1.54601,0.000191131498470948,"LINCS L1000","l1000_results_up","up","KMS002_NOMO1_24H:BRD-K03763695-001-01-3:0.04","BRD-K03763695",NA,NA,NA,"tul_xix002",0.000925577,3.03358744586399,FALSE,"Upregula NQO1",4.68995652718019
811,"BRD-K90999434","A375","24 h","10.0 µM",0.000248642,0.00353109,1.15525,0.000526038926880589,"LINCS L1000","l1000_results_up","up","CPC006_A375_24H:BRD-K90999434-003-01-9:10","BRD-K90999434",NA,NA,NA,"brd-k90999434",0.00353109,2.45209121304997,FALSE,"Upregula NQO1",2.83277837387598
812,"isoliquiritigenin","HCC515","24 h","10.0 µM",0.000248857,0.0267639,1.24918,0.00460829493087558,"LINCS L1000","l1000_results_up","up","CPC006_HCC515_24H:BRD-K33583600-001-09-6:10","BRD-K33583600",NA,NA,NA,"isoliquiritigenin",0.0267639,1.57245060147716,FALSE,"Upregula NQO1",1.96427384235324
813,"BAS-09104376","VCAP","24 h","10.0 µM",0.000250225,0.00196751,1.98865,0.00026581605528974,"LINCS L1000","l1000_results_up","up","CPC013_VCAP_24H:BRD-K55991774-001-01-1:10","BRD-K55991774",NA,NA,NA,"bas-09104376",0.00196751,2.70608305163279,FALSE,"Upregula NQO1",5.38145206062956
814,"MLN-4924","NKDBA","24 h","11.1 µM",0.000251032,0.00853489,2.61894,0.000944287063267233,"LINCS L1000","l1000_results_up","up","MUC.CP002_NKDBA_24H:BRD-K67844266-001-01-3:11.1","BRD-K67844266",NA,NA,NA,"mln-4924",0.00853489,2.06880207181941,FALSE,"Upregula NQO1",5.41806849797073
815,"arachidonyl-trifluoro-methane","HT29","6 h","80.0 µM",0.000252081,0.00215071,1.1353,0.000363901018922853,"LINCS L1000","l1000_results_up","up","CPC006_HT29_6H:BRD-K07303502-001-02-5:80","BRD-K07303502",NA,NA,NA,"arachidonyl-trifluoro-methane",0.00215071,2.66741814558211,FALSE,"Upregula NQO1",3.02831982067937
816,"curcumin","JURKAT","6 h","2.5 µM",0.000254356,0.0198737,2.89379,0.0022271714922049,"LINCS L1000","l1000_results_up","up","PCLB001_JURKAT_6H:BRD-K07572174-001-22-0:2.5","BRD-K07572174",NA,NA,NA,"curcumin",0.0198737,1.70172127028365,FALSE,"Upregula NQO1",4.92442399473412
817,"MLN-2238","MCF7","6 h","10.0 µM",0.000254714,0.00380089,0.80154,0.000492368291482029,"LINCS L1000","l1000_results_up","up","CPC006_MCF7_6H:BRD-K78659596-001-01-3:10","BRD-K78659596",NA,NA,NA,"mln-2238",0.00380089,2.42011469895367,FALSE,"Upregula NQO1",1.93981873579932
818,"CD-00491SC","MCF7","24 h","10.0 µM",0.000254974,0.0282453,1.5425,0.00689655172413793,"LINCS L1000","l1000_results_up","up","CPC019_MCF7_24H:BRD-K99311057-001-02-6:10","BRD-K99311057",NA,NA,NA,"cd-00491sc",0.0282453,1.54905380815893,FALSE,"Upregula NQO1",2.38941549908515
819,"dorsomorphin","SW948","6 h","10.0 µM",0.000257147,0.00234294,1.88658,0.000275482093663912,"LINCS L1000","l1000_results_up","up","CPC006_SW948_6H:BRD-K54233340-300-01-0:10","BRD-K54233340",NA,NA,NA,"dorsomorphin",0.00234294,2.63023883304306,FALSE,"Upregula NQO1",4.96215597764237
820,"BRD-K52695588","PC3","6 h","10.0 µM",0.000258081,0.0160001,1.60126,0.00215982721382289,"LINCS L1000","l1000_results_up","up","CPC008_PC3_6H:BRD-K52695588-003-01-3:10","BRD-K52695588",NA,NA,NA,"brd-k52695588",0.0160001,1.79587730301205,FALSE,"Upregula NQO1",2.87566649022107
821,"BRD-K80346834","VCAP","6 h","10.0 µM",0.00025846,0.0210288,1.90766,0.00294117647058823,"LINCS L1000","l1000_results_up","up","CPC013_VCAP_6H:BRD-K80346834-001-01-5:10","BRD-K80346834",NA,NA,NA,"brd-k80346834",0.0210288,1.67718550944624,FALSE,"Upregula NQO1",3.19949970895021
822,"trichostatin-a","NPC","24 h","10.0 µM",0.000258607,0.000598863,1.09798,0.000122955858846674,"LINCS L1000","l1000_results_up","up","NMH002_NPC_24H:BRD-K68202742-001-08-2:10","BRD-K68202742",NA,NA,NA,"trichostatin-a",0.000598863,3.22267251842726,FALSE,"Upregula NQO1",3.53842997178276
823,"belinostat","VCAP","24 h","10.0 µM",0.000267559,0.00232462,1.76899,0.000289435600578871,"LINCS L1000","l1000_results_up","up","CPC013_VCAP_24H:BRD-K17743125-001-03-5:10","BRD-K17743125",NA,NA,NA,"belinostat",0.00232462,2.633648030039,FALSE,"Upregula NQO1",4.6588970286587
824,"panobinostat","PC3","6 h","0.15625 µM",0.000267961,0.000935489,0.989029,0.000184877056757256,"LINCS L1000","l1000_results_up","up","HDAC001_PC3_6H:BRD-K02130563-001-05-6:0.15625","BRD-K02130563",NA,NA,NA,"panobinostat",0.000935489,3.02896131481003,FALSE,"Upregula NQO1",2.99573058022525
825,"danusertib","MCF7","24 h","10.0 µM",0.000270541,0.0105138,1.49539,0.00126582278481013,"LINCS L1000","l1000_results_up","up","CPC013_MCF7_24H:BRD-K07881437-001-01-2:10","BRD-K07881437",NA,NA,NA,"danusertib",0.0105138,1.978240288657,FALSE,"Upregula NQO1",2.95824074525479
826,"Y-27632","HA1E","24 h","4.0 µM",0.000271086,0.00893422,1.1482,0.000744601638123604,"LINCS L1000","l1000_results_up","up","CPC006_HA1E_24H:BRD-A58280226-001-01-2:4","BRD-A58280226",NA,NA,NA,"y-27632",0.00893422,2.04894335748208,FALSE,"Upregula NQO1",2.35259676306093
827,"trichostatin-a","HEK293T","6 h","2.5 µM",0.000271458,0.00169191,1.7178,0.000246730816679003,"LINCS L1000","l1000_results_up","up","BRAF001_HEK293T_6H:BRD-A19037878-001-01-5:2.5","BRD-A19037878",NA,NA,NA,"trichostatin-a",0.00169191,2.77162274268171,FALSE,"Upregula NQO1",4.76109354737865
828,"HG-5-88-01","HT29","6 h","10.0 µM",0.000275481,0.0167607,2.08919,0.00271739130434783,"LINCS L1000","l1000_results_up","up","CPC013_HT29_6H:BRD-U44700465-000-01-4:10","BRD-U44700465",NA,NA,NA,"hg-5-88-01",0.0167607,1.77570784729351,FALSE,"Upregula NQO1",3.70979107748714
829,"quinoclamine","SW948","6 h","11.1 µM",0.000275822,0.00522852,1.87076,0.000583090379008746,"LINCS L1000","l1000_results_up","up","CPC006_SW948_6H:BRD-K66792149-001-01-8:11.1","BRD-K66792149",NA,NA,NA,"quinoclamine",0.00522852,2.28162122638986,FALSE,"Upregula NQO1",4.26836572548109
830,"SN-38","VCAP","24 h","0.35 µM",0.00027595,0.00214181,1.21289,0.000295420974889217,"LINCS L1000","l1000_results_up","up","CPC006_VCAP_24H:BRD-A36630025-001-02-6:0.35","BRD-A36630025",NA,NA,NA,"sn-38",0.00214181,2.669219058066,FALSE,"Upregula NQO1",3.23746910333767
831,"BRD-K87726525","HT29","6 h","10.0 µM",0.000276961,0.0221052,1.55975,0.00334448160535117,"LINCS L1000","l1000_results_up","up","CPC008_HT29_6H:BRD-K87726525-001-05-6:10","BRD-K87726525",NA,NA,NA,"brd-k87726525",0.0221052,1.65550555139808,FALSE,"Upregula NQO1",2.58217478379315
832,"piperlongumine","HT29","6 h","10.0 µM",0.000280927,0.00326327,1.08724,0.000380083618396047,"LINCS L1000","l1000_results_up","up","CPC006_HT29_6H:BRD-K24132293-001-16-0:10","BRD-K24132293",NA,NA,NA,"piperlongumine",0.00326327,2.48634699159398,FALSE,"Upregula NQO1",2.70325590314064
833,"isoliquiritigenin","PC3","6 h","10.0 µM",0.000281363,0.0308639,1.4345,0.00689655172413793,"LINCS L1000","l1000_results_up","up","CPC006_PC3_6H:BRD-K33583600-001-09-6:10","BRD-K33583600",NA,NA,NA,"isoliquiritigenin",0.0308639,1.5105491968256,FALSE,"Upregula NQO1",2.16688282284632
834,"cyclopentene","MCF7","24 h","10.0 µM",0.000281851,0.0021118,1.79775,0.000285062713797035,"LINCS L1000","l1000_results_up","up","HDAC002_MCF7_24H:BRD-K98109757-001-01-0:10","BRD-K98109757",NA,NA,NA,"cyclopentene",0.0021118,2.67534721445701,FALSE,"Upregula NQO1",4.80960545479009
835,"ST-012030","VCAP","24 h","10.0 µM",0.000283567,0.00340036,1.80024,0.000376364320662401,"LINCS L1000","l1000_results_up","up","CPC013_VCAP_24H:BRD-A98670841-001-01-1:10","BRD-A98670841",NA,NA,NA,"st-012030",0.00340036,2.46847510127041,FALSE,"Upregula NQO1",4.44384761631105
836,"rifaximin","VCAP","24 h","10.0 µM",0.000289168,0.00468304,0.854611,0.000398247710075667,"LINCS L1000","l1000_results_up","up","CPC011_VCAP_24H:BRD-K89708791-001-01-8:10","BRD-K89708791",NA,NA,NA,"rifaximin",0.00468304,2.32947213269302,FALSE,"Upregula NQO1",1.99079250879292
837,"danusertib","VCAP","24 h","10.0 µM",0.000291742,0.00182589,1.72277,0.00025974025974026,"LINCS L1000","l1000_results_up","up","CPC013_VCAP_24H:BRD-K07881437-001-01-2:10","BRD-K07881437",NA,NA,NA,"danusertib",0.00182589,2.73852538990796,FALSE,"Upregula NQO1",4.71784938597174
838,"parthenolide","HCC515","6 h","20.0 µM",0.000292454,0.00814044,1.43363,0.00072992700729927,"LINCS L1000","l1000_results_up","up","CPC006_HCC515_6H:BRD-K81651477-001-03-5:20","BRD-K81651477",NA,NA,NA,"parthenolide",0.00814044,2.08935212036785,FALSE,"Upregula NQO1",2.99535788032295
839,"fostamatinib","HCC515","24 h","10.0 µM",0.000293952,0.00832891,1.37101,0.000963391136801541,"LINCS L1000","l1000_results_up","up","CPC006_HCC515_24H:BRD-K20285085-001-01-4:10","BRD-K20285085",NA,NA,NA,"fostamatinib",0.00832891,2.07941183076122,FALSE,"Upregula NQO1",2.85089441409194
840,"KN-93","NPC","24 h","10.0 µM",0.000294816,0.00231106,1.92658,0.000257334019557386,"LINCS L1000","l1000_results_up","up","CPC016_NPC_24H:BRD-K93480852-001-02-2:10","BRD-K93480852",NA,NA,NA,"kn-93",0.00231106,2.63618877917227,FALSE,"Upregula NQO1",5.07882857817772
841,"radicicol","MCF7","24 h","10.0 µM",0.000297455,0.00147588,0.975525,0.00023906287353574,"LINCS L1000","l1000_results_up","up","DEB001_MCF7_24H:BRD-A39996500-001-01-4:10","BRD-A39996500",NA,NA,NA,"radicicol",0.00147588,2.83094895244282,FALSE,"Upregula NQO1",2.76166147683179
842,"BRD-K55116708","A375","6 h","10.0 µM",0.000300655,0.018649,1.1976,0.00255102040816327,"LINCS L1000","l1000_results_up","up","CPC019_A375_6H:BRD-K55116708-001-01-6:10","BRD-K55116708",NA,NA,NA,"brd-k55116708",0.018649,1.72934445104702,FALSE,"Upregula NQO1",2.07106291457391
843,"trichostatin-a","NPC","24 h","10.0 µM",0.000309382,0.0012382,1.80316,0.000171585449553878,"LINCS L1000","l1000_results_up","up","CPC016_NPC_24H:BRD-A19037878:10","BRD-A19037878",NA,NA,NA,"trichostatin-a",0.0012382,2.90720920032311,FALSE,"Upregula NQO1",5.24216334165463
844,"SID-26681509","HA1E","24 h","88.8 µM",0.000310769,0.000921711,1.29552,0.000150308131669923,"LINCS L1000","l1000_results_up","up","CPC006_HA1E_24H:BRD-K08417745-001-02-9:88.8","BRD-K08417745",NA,NA,NA,"sid-26681509",0.000921711,3.03540522946703,FALSE,"Upregula NQO1",3.93242818287913
845,"pifithrin-mu","A375","6 h","10.0 µM",0.000314783,0.0100424,1.38265,0.00112107623318386,"LINCS L1000","l1000_results_up","up","CPC018_A375_6H:BRD-K96799727-001-01-7:10","BRD-K96799727",NA,NA,NA,"pifithrin-mu",0.0100424,1.99816248418324,FALSE,"Upregula NQO1",2.76275935875595
846,"geldanamycin","VCAP","6 h","5.0 µM",0.000320254,0.00264911,0.963888,0.000338180588434224,"LINCS L1000","l1000_results_up","up","ERG005_VCAP_6H:BRD-A19500257-001-01-3:5","BRD-A19500257",NA,NA,NA,"geldanamycin",0.00264911,2.57690000795375,FALSE,"Upregula NQO1",2.48384299486652
847,"BRD-K01121114","HCC515","24 h","10.0 µM",0.000326717,0.00632088,1.21268,0.000811688311688312,"LINCS L1000","l1000_results_up","up","CPC006_HCC515_24H:BRD-K01121114-001-01-9:10","BRD-K01121114",NA,NA,NA,"brd-k01121114",0.00632088,2.1992224545437,FALSE,"Upregula NQO1",2.66695308617606
848,"L-161982","VCAP","24 h","10.0 µM",0.000327052,0.0067431,1.41908,0.000613496932515337,"LINCS L1000","l1000_results_up","up","CPC004_VCAP_24H:BRD-K39733634-001-01-8:10","BRD-K39733634",NA,NA,NA,"l-161982",0.0067431,2.17114039969958,FALSE,"Upregula NQO1",3.08102191840568
849,"BRD-A18411371","HT29","6 h","10.0 µM",0.000327752,0.00393444,1.90706,0.000429737859905458,"LINCS L1000","l1000_results_up","up","CPC010_HT29_6H:BRD-A18411371-001-10-6:10","BRD-A18411371",NA,NA,NA,"brd-a18411371",0.00393444,2.40511707327113,FALSE,"Upregula NQO1",4.58670256575245
850,"BI-78D3","MCF7","6 h","10.0 µM",0.00032801,0.047222,0.990056,0.00943396226415094,"LINCS L1000","l1000_results_up","up","CPC014_MCF7_6H:BRD-K73982490-001-01-1:10","BRD-K73982490",NA,NA,NA,"bi-78d3",0.047222,1.32585562313256,FALSE,"Upregula NQO1",1.31267131481613
851,"BRD-K05359840","VCAP","6 h","10.0 µM",0.000329189,0.0342541,1.00811,0.00442477876106195,"LINCS L1000","l1000_results_up","up","CPC008_VCAP_6H:BRD-K05359840-001-05-3:10","BRD-K05359840",NA,NA,NA,"brd-k05359840",0.0342541,1.46528743874651,FALSE,"Upregula NQO1",1.47717091987474
852,"vorinostat","HT29","6 h","10.0 µM",0.000329418,0.003103,1.65186,0.000355113636363636,"LINCS L1000","l1000_results_up","up","CPC013_HT29_6H:BRD-K81418486:10","BRD-K81418486",NA,NA,NA,"vorinostat",0.003103,2.50821822441583,FALSE,"Upregula NQO1",4.14322535618354
853,"trichostatin-a","NEU.KCL","None h","10.0 µM",0.00033144,0.00123813,1.97563,0.000152578577967653,"LINCS L1000","l1000_results_up","up","NMH002_NEU.KCL_24H.4H:BRD-K68202742-001-08-2:10","BRD-K68202742",NA,NA,NA,"trichostatin-a",0.00123813,2.90723375328152,FALSE,"Upregula NQO1",5.74361821999556
854,"K784-3188","HT29","6 h","10.0 µM",0.000332446,0.00598457,1.1835,0.000520833333333333,"LINCS L1000","l1000_results_up","up","CPC014_HT29_6H:BRD-A72180425-001-06-4:10","BRD-A72180425",NA,NA,NA,"k784-3188",0.00598457,2.22296704882249,FALSE,"Upregula NQO1",2.63088150228142
855,"16,16-dimethylprostaglandin-e2","HA1E","6 h","10.0 µM",0.00033346,0.0147039,1.1848,0.00175746924428823,"LINCS L1000","l1000_results_up","up","CPC006_HA1E_6H:BRD-K92301463-001-03-0:10","BRD-K92301463",NA,NA,NA,"16,16-dimethylprostaglandin-e2",0.0147039,1.83256745954854,FALSE,"Upregula NQO1",2.17122592607311
856,"salermide","PC3","24 h","120.0 µM",0.000333801,0.000856445,0.859195,0.000136986301369863,"LINCS L1000","l1000_results_up","up","CPC006_PC3_24H:BRD-A67788537-001-01-7:120","BRD-A67788537",NA,NA,NA,"salermide",0.000856445,3.06730052173929,FALSE,"Upregula NQO1",2.63540927177579
857,"ERK-inhibitor-11E","A375","24 h","0.5 µM",0.000333911,0.00289956,1.0732,0.000342231348391513,"LINCS L1000","l1000_results_up","up","CPC006_A375_24H:BRD-K93725829-001-01-2:0.5","BRD-K93725829",NA,NA,NA,"erk-inhibitor-11e",0.00289956,2.5376679000562,FALSE,"Upregula NQO1",2.72342519034031
858,"BI-2536","HCC515","24 h","10.0 µM",0.000337059,0.00158681,1.36885,0.000198452073824171,"LINCS L1000","l1000_results_up","up","CPC006_HCC515_24H:BRD-K64890080-001-03-9:10","BRD-K64890080",NA,NA,NA,"bi-2536",0.00158681,2.79947507128641,FALSE,"Upregula NQO1",3.8320614513304
859,"ST-4062971","HEPG2","6 h","10.0 µM",0.000337754,0.00613968,1.27316,0.000611620795107034,"LINCS L1000","l1000_results_up","up","CPC014_HEPG2_6H:BRD-K46062088-001-01-4:10","BRD-K46062088",NA,NA,NA,"st-4062971",0.00613968,2.21185426368877,FALSE,"Upregula NQO1",2.81604437435799
860,"BRD-K91355947","VCAP","24 h","10.0 µM",0.000339606,0.00484765,1.58071,0.000361794500723589,"LINCS L1000","l1000_results_up","up","CPC013_VCAP_24H:BRD-K91355947-001-01-7:10","BRD-K91355947",NA,NA,NA,"brd-k91355947",0.00484765,2.3144687437419,FALSE,"Upregula NQO1",3.65850388792026
861,"BRD-A20488704","VCAP","6 h","10.0 µM",0.000345281,0.0286098,1.83841,0.00355871886120996,"LINCS L1000","l1000_results_up","up","CPC013_VCAP_6H:BRD-A20488704-001-01-7:10","BRD-A20488704",NA,NA,NA,"brd-a20488704",0.0286098,1.54348517816817,FALSE,"Upregula NQO1",2.83755858639615
862,"withaferin-a","MCF7","24 h","1.0 µM",0.000345856,0.00430253,1.02495,0.000441891294741494,"LINCS L1000","l1000_results_up","up","DEB001_MCF7_24H:BRD-K88378636-001-02-8:1","BRD-K88378636",NA,NA,NA,"withaferin-a",0.00430253,2.36627609281004,FALSE,"Upregula NQO1",2.42531468132565
863,"tropicamide","VCAP","6 h","10.0 µM",0.000348143,0.00885579,1.43975,0.000758150113722517,"LINCS L1000","l1000_results_up","up","CPC005_VCAP_6H:BRD-A79672927-001-10-8:10","BRD-A79672927",NA,NA,NA,"tropicamide",0.00885579,2.05277269056232,FALSE,"Upregula NQO1",2.9554794812371
864,"altanserin","VCAP","24 h","10.0 µM",0.000356315,0.0185818,0.874539,0.00168350168350168,"LINCS L1000","l1000_results_up","up","CPC011_VCAP_24H:BRD-K00610438-311-04-8:10","BRD-K00610438",NA,NA,NA,"altanserin",0.0185818,1.73091221864143,FALSE,"Upregula NQO1",1.51375024077846
865,"BRD-K85266146","VCAP","24 h","10.0 µM",0.00035665,0.00708464,1.9624,0.000589622641509434,"LINCS L1000","l1000_results_up","up","CPC013_VCAP_24H:BRD-K85266146-001-01-3:10","BRD-K85266146",NA,NA,NA,"brd-k85266146",0.00708464,2.14968221316327,FALSE,"Upregula NQO1",4.2185363751116
866,"sirolimus","PC3","6 h","10.0 µM",0.00035718,0.00446085,1.66793,0.000370507595405706,"LINCS L1000","l1000_results_up","up","CPC014_PC3_6H:BRD-K84937637-001-03-2:10","BRD-K84937637",NA,NA,NA,"sirolimus",0.00446085,2.35058238004633,FALSE,"Upregula NQO1",3.92060686915068
867,"BRD-K98834634","VCAP","24 h","10.0 µM",0.000362152,0.00740532,1.3727,0.000833333333333333,"LINCS L1000","l1000_results_up","up","CPC019_VCAP_24H:BRD-K98834634-001-01-2:10","BRD-K98834634",NA,NA,NA,"brd-k98834634",0.00740532,2.13045616992718,FALSE,"Upregula NQO1",2.92447718445904
868,"BRD-K24156250","PC3","6 h","10.0 µM",0.000364408,0.00904642,1.54452,0.000851063829787234,"LINCS L1000","l1000_results_up","up","CPC008_PC3_6H:BRD-K24156250-001-06-1:10","BRD-K24156250",NA,NA,NA,"brd-k24156250",0.00904642,2.04352325304289,FALSE,"Upregula NQO1",3.1562625347898
869,"JW-7-24-1","MCF7","24 h","10.0 µM",0.000367482,0.00234944,1.70408,0.000251762336354481,"LINCS L1000","l1000_results_up","up","CPC013_MCF7_24H:BRD-U68942961-000-01-2:10","BRD-U68942961",NA,NA,NA,"jw-7-24-1",0.00234944,2.62903564151213,FALSE,"Upregula NQO1",4.48008705598798
870,"BRD-K86899078","VCAP","6 h","10.0 µM",0.000368476,0.0107632,1.25934,0.000988142292490119,"LINCS L1000","l1000_results_up","up","CPC019_VCAP_6H:BRD-K86899078-001-01-2:10","BRD-K86899078",NA,NA,NA,"brd-k86899078",0.0107632,1.96805858966127,FALSE,"Upregula NQO1",2.47845490430403
871,"thioridazine","MCF7","6 h","10.0 µM",0.000372456,0.0389515,0.914097,0.0072992700729927,"LINCS L1000","l1000_results_up","up","CPC005_MCF7_6H:BRD-A84481105-003-17-2:10","BRD-A84481105",NA,NA,NA,"thioridazine",0.0389515,1.40947581323713,FALSE,"Upregula NQO1",1.28839761245262
872,"trichostatin-a","A375","6 h","10.0 µM",0.000374694,0.00266571,1.17445,0.00029753049687593,"LINCS L1000","l1000_results_up","up","CPC016_A375_6H:BRD-A19037878:10","BRD-A19037878",NA,NA,NA,"trichostatin-a",0.00266571,2.57418709882698,FALSE,"Upregula NQO1",3.02325403821734
873,"thiotepa","VCAP","24 h","10.0 µM",0.000377668,0.0301282,1.1287,0.00436681222707424,"LINCS L1000","l1000_results_up","up","CPC004_VCAP_24H:BRD-K09631521-001-05-7:10","BRD-K09631521",NA,NA,NA,"thiotepa",0.0301282,1.52102681434122,FALSE,"Upregula NQO1",1.71678296534693
874,"SA-792728","MCF7","24 h","10.0 µM",0.000378667,0.0197938,1.45487,0.00331125827814569,"LINCS L1000","l1000_results_up","up","CPC018_MCF7_24H:BRD-K20755323-001-01-8:10","BRD-K20755323",NA,NA,NA,"sa-792728",0.0197938,1.70347082223587,FALSE,"Upregula NQO1",2.4783285951463
875,"GW-405833","HA1E","6 h","40.0 µM",0.000379859,0.00940334,1.11806,0.00089126559714795,"LINCS L1000","l1000_results_up","up","CPC006_HA1E_6H:BRD-K10705233-003-02-8:40","BRD-K10705233",NA,NA,NA,"gw-405833",0.00940334,2.02671786066332,FALSE,"Upregula NQO1",2.26599217129323
876,"methiazole","SKM1","6 h","10.0 µM",0.000388295,0.00875157,1.22279,0.000713775874375446,"LINCS L1000","l1000_results_up","up","KHW001_SKM1_6H:BRD-K02764365-001-05-2:10","BRD-K02764365",NA,NA,NA,"methiazole",0.00875157,2.05791402912935,FALSE,"Upregula NQO1",2.51639669567908
877,"BRD-K39345836","PC3","24 h","10.0 µM",0.000390625,0.015758,1.36123,0.00150375939849624,"LINCS L1000","l1000_results_up","up","CPC007_PC3_24H:BRD-K39345836-001-05-8:10","BRD-K39345836",NA,NA,NA,"brd-k39345836",0.015758,1.80249890385674,FALSE,"Upregula NQO1",2.45361558289691
878,"BRD-U86222656","MCF7","24 h","10.0 µM",0.000394603,0.0309402,1.36983,0.00505050505050505,"LINCS L1000","l1000_results_up","up","CPC010_MCF7_24H:BRD-U86222656-000-01-7:10","BRD-U86222656",NA,NA,NA,"brd-u86222656",0.0309402,1.50947688331229,FALSE,"Upregula NQO1",2.06772671906768
879,"BRD-K44410738","A549","24 h","4.94 µM",0.000403624,0.00351227,2.41119,0.00034794711203897,"LINCS L1000","l1000_results_up","up","DOS045_A549_24H:BRD-K44410738-001-01-1:4.94","BRD-K44410738",NA,NA,NA,"brd-k44410738",0.00351227,2.4544121058061,FALSE,"Upregula NQO1",5.91805392539862
880,"phloretin","HT29","24 h","177.6 µM",0.000405398,0.0165945,1.14744,0.00185873605947955,"LINCS L1000","l1000_results_up","up","CPC006_HT29_24H:BRD-K15563106-001-08-1:177.6","BRD-K15563106",NA,NA,NA,"phloretin",0.0165945,1.78003582855289,FALSE,"Upregula NQO1",2.04248431111473
881,"NVP-TAE684","HT29","6 h","10.0 µM",0.000405668,0.00238453,1.10933,0.000243368216110976,"LINCS L1000","l1000_results_up","up","CPC014_HT29_6H:BRD-K50140147-001-01-0:10","BRD-K50140147",NA,NA,NA,"nvp-tae684",0.00238453,2.62259720929533,FALSE,"Upregula NQO1",2.90932576218759
882,"F-1566-0341","PC3","6 h","10.0 µM",0.000409551,0.00261614,1.14468,0.000256805341551104,"LINCS L1000","l1000_results_up","up","CPC014_PC3_6H:BRD-K69852452-001-02-6:10","BRD-K69852452",NA,NA,NA,"f-1566-0341",0.00261614,2.58233901891024,FALSE,"Upregula NQO1",2.95595182816617
883,"DC-45-A2","HA1E","24 h","11.1 µM",0.000409928,0.0078668,1.20378,0.000656167979002625,"LINCS L1000","l1000_results_up","up","CPC006_HA1E_24H:BRD-K79983625-001-01-1:11.1","BRD-K79983625",NA,NA,NA,"dc-45-a2",0.0078668,2.10420189088851,FALSE,"Upregula NQO1",2.53299615221378
884,"vorinostat","HT29","6 h","10.0 µM",0.000415554,0.00157911,1.41647,0.000208550573514077,"LINCS L1000","l1000_results_up","up","CPC019_HT29_6H:BRD-K81418486:10","BRD-K81418486",NA,NA,NA,"vorinostat",0.00157911,2.80158761620509,FALSE,"Upregula NQO1",3.96836481072602
885,"BRD-K23282736","PC3","24 h","10.0 µM",0.000415907,0.00392101,1.17118,0.000361794500723589,"LINCS L1000","l1000_results_up","up","CPC019_PC3_24H:BRD-K23282736-001-01-1:10","BRD-K23282736",NA,NA,NA,"brd-k23282736",0.00392101,2.40660205008967,FALSE,"Upregula NQO1",2.81856418902402
886,"SA-792728","MCF7","6 h","40.0 µM",0.000416131,0.0127813,0.940214,0.00130039011703511,"LINCS L1000","l1000_results_up","up","CPC006_MCF7_6H:BRD-K20755323-001-02-6:40","BRD-K20755323",NA,NA,NA,"sa-792728",0.0127813,1.89342497136437,FALSE,"Upregula NQO1",1.78022466602638
887,"16,16-dimethylprostaglandin-e2","MCF7","6 h","10.0 µM",0.00041833,0.0290465,1.02737,0.00364963503649635,"LINCS L1000","l1000_results_up","up","CPC006_MCF7_6H:BRD-K92301463-001-03-0:10","BRD-K92301463",NA,NA,NA,"16,16-dimethylprostaglandin-e2",0.0290465,1.53690619106236,FALSE,"Upregula NQO1",1.57897131351174
888,"MD-II-008-P","HT29","6 h","10.0 µM",0.000419173,0.0129284,1.84033,0.00117508813160987,"LINCS L1000","l1000_results_up","up","CPC013_HT29_6H:BRD-K09854848-001-01-0:10","BRD-K09854848",NA,NA,NA,"md-ii-008-p",0.0129284,1.8884552194481,FALSE,"Upregula NQO1",3.47538079400692
889,"WH-4025","MDAMB231","24 h","10.0 µM",0.000421325,0.00151227,1.26422,0.000177430801987225,"LINCS L1000","l1000_results_up","up","LJP001_MDAMB231_24H:BRD-K29385665-001-01-1:10","BRD-K29385665",NA,NA,NA,"wh-4025",0.00151227,2.82037066317227,FALSE,"Upregula NQO1",3.56556899979565
890,"parthenolide","MCF7","24 h","10.0 µM",0.00042185,0.00211974,0.696661,0.000226090888537192,"LINCS L1000","l1000_results_up","up","CPC006_MCF7_24H:BRD-K98548675-001-02-6:10","BRD-K98548675",NA,NA,NA,"parthenolide",0.00211974,2.67371740486841,FALSE,"Upregula NQO1",1.86267464099303
891,"GSK-429286A","MCF10A","24 h","2.0 µM",0.000423134,0.0422527,1.1637,0.00819672131147541,"LINCS L1000","l1000_results_up","up","LJP001_MCF10A_24H:BRD-A10523515-001-03-8:2","BRD-A10523515",NA,NA,NA,"gsk-429286a",0.0422527,1.37414553387085,FALSE,"Upregula NQO1",1.59909315776551
892,"parthenolide","MCF7","6 h","20.0 µM",0.000426275,0.00503036,0.89197,0.000436681222707424,"LINCS L1000","l1000_results_up","up","CPC006_MCF7_6H:BRD-K81651477-001-03-5:20","BRD-K81651477",NA,NA,NA,"parthenolide",0.00503036,2.29840093334986,FALSE,"Upregula NQO1",2.05010468052008
893,"TH02453-036-P1","A375","24 h","11.1 µM",0.000429096,0.0367504,1.32927,0.00564971751412429,"LINCS L1000","l1000_results_up","up","CPC006_A375_24H:BRD-K79382620-001-01-1:11.1","BRD-K79382620",NA,NA,NA,"th02453-036-p1",0.0367504,1.43473792959074,FALSE,"Upregula NQO1",1.90715408766709
894,"estradiol","VCAP","6 h","1.0 µM",0.000431468,0.00871862,0.913135,0.000554016620498615,"LINCS L1000","l1000_results_up","up","ERG005_VCAP_6H:BRD-K18910433-001-14-3:1","BRD-K18910433",NA,NA,NA,"estradiol",0.00871862,2.05955225059654,FALSE,"Upregula NQO1",1.88064924434847
895,"BRD-K92317137","HCC515","24 h","10.0 µM",0.000434313,0.00300164,1.3459,0.000298418382572366,"LINCS L1000","l1000_results_up","up","CPC006_HCC515_24H:BRD-K92317137-001-04-0:10","BRD-K92317137",NA,NA,NA,"brd-k92317137",0.00300164,2.52264139583317,FALSE,"Upregula NQO1",3.39522305465186
896,"BRD-A93015352","VCAP","24 h","10.0 µM",0.000436386,0.00301223,1.50807,0.000267165375367352,"LINCS L1000","l1000_results_up","up","CPC013_VCAP_24H:BRD-A93015352-003-01-1:10","BRD-A93015352",NA,NA,NA,"brd-a93015352",0.00301223,2.52111187048022,FALSE,"Upregula NQO1",3.8020131785151
897,"tretinoin","HA1E","6 h","40.0 µM",0.000439089,0.0245669,1.21454,0.00248756218905473,"LINCS L1000","l1000_results_up","up","CPC006_HA1E_6H:BRD-K64634304-001-01-5:40","BRD-K64634304",NA,NA,NA,"tretinoin",0.0245669,1.60964964196653,FALSE,"Upregula NQO1",1.95498387615403
898,"SID-26681509","HA1E","6 h","88.8 µM",0.000445303,0.00813453,1.15935,0.000711237553342817,"LINCS L1000","l1000_results_up","up","CPC006_HA1E_6H:BRD-K08417745-001-02-9:88.8","BRD-K08417745",NA,NA,NA,"sid-26681509",0.00813453,2.08966753483569,FALSE,"Upregula NQO1",2.42265605651176
899,"TW-37","PC3","6 h","10.0 µM",0.000446639,0.0257864,1.32123,0.00288184438040346,"LINCS L1000","l1000_results_up","up","CPC006_PC3_6H:BRD-K28360340-001-01-8:10","BRD-K28360340",NA,NA,NA,"tw-37",0.0257864,1.5886092848208,FALSE,"Upregula NQO1",2.09891824538379
900,"BRD-A18411371","PC3","24 h","10.0 µM",0.000450233,0.027832,1.21675,0.00340136054421769,"LINCS L1000","l1000_results_up","up","CPC010_PC3_24H:BRD-A18411371-001-10-6:10","BRD-A18411371",NA,NA,NA,"brd-a18411371",0.027832,1.55545558426047,FALSE,"Upregula NQO1",1.89260058214892
901,"vemurafenib","SW948","6 h","10.0 µM",0.000454664,0.0359023,1.84495,0.00581395348837209,"LINCS L1000","l1000_results_up","up","CPC006_SW948_6H:BRD-K56343971-001-02-3:10","BRD-K56343971",NA,NA,NA,"vemurafenib",0.0359023,1.44487772843248,FALSE,"Upregula NQO1",2.66572716507151
902,"manumycin-a","MCF7","6 h","10.0 µM",0.00045479,0.00452549,0.76851,0.000413393964448119,"LINCS L1000","l1000_results_up","up","CPC006_MCF7_6H:BRD-A77216878-001-01-4:10","BRD-A77216878",NA,NA,NA,"manumycin-a",0.00452549,2.34433439043116,FALSE,"Upregula NQO1",1.80164442239025
903,"GSK-429286A","VCAP","24 h","10.0 µM",0.000455373,0.00382362,1.40532,0.000306372549019608,"LINCS L1000","l1000_results_up","up","CPC013_VCAP_24H:BRD-A10523515-001-01-2:10","BRD-A10523515",NA,NA,NA,"gsk-429286a",0.00382362,2.41752527541881,FALSE,"Upregula NQO1",3.39739662005157
904,"MD-II-008-P","VCAP","6 h","10.0 µM",0.000459846,0.0117429,1.52276,0.00107758620689655,"LINCS L1000","l1000_results_up","up","CPC013_VCAP_6H:BRD-K09854848-001-01-0:10","BRD-K09854848",NA,NA,NA,"md-ii-008-p",0.0117429,1.93022463746074,FALSE,"Upregula NQO1",2.93926886893972
905,"7b-cis","PC3","6 h","10.0 µM",0.000464254,0.0124855,0.969844,0.00125,"LINCS L1000","l1000_results_up","up","CPC006_PC3_6H:BRD-K61829047-001-01-6:10","BRD-K61829047",NA,NA,NA,"7b-cis",0.0124855,1.90359406101044,FALSE,"Upregula NQO1",1.84618927850661
906,"AKT-inhibitor-IV","HCC515","24 h","10.0 µM",0.000465227,0.0054312,1.16143,0.000489715964740451,"LINCS L1000","l1000_results_up","up","CPC006_HCC515_24H:BRD-K28296557-005-14-6:10","BRD-K28296557",NA,NA,NA,"akt-inhibitor-iv",0.0054312,2.26510420433367,FALSE,"Upregula NQO1",2.63075997603925
907,"KIN001-127","HT29","6 h","10.0 µM",0.000467982,0.00999138,1.12622,0.000875656742556918,"LINCS L1000","l1000_results_up","up","CPC014_HT29_6H:BRD-A29901043-001-01-0:10","BRD-A29901043",NA,NA,NA,"kin001-127",0.00999138,2.00037452328614,FALSE,"Upregula NQO1",2.25286179561531
908,"HG-5-113-01","SKBR3","6 h","10.0 µM",0.000474646,0.0038687,1.10538,0.000322061191626409,"LINCS L1000","l1000_results_up","up","LJP001_SKBR3_6H:BRD-K93747373-001-01-6:10","BRD-K93747373",NA,NA,NA,"hg-5-113-01",0.0038687,2.41243494652483,FALSE,"Upregula NQO1",2.66665734118962
909,"vorinostat","VCAP","24 h","10.0 µM",0.000475533,0.00227822,1.71352,0.000209687565527364,"LINCS L1000","l1000_results_up","up","CPC005_VCAP_24H:BRD-K81418486:10","BRD-K81418486",NA,NA,NA,"vorinostat",0.00227822,2.64240433988262,FALSE,"Upregula NQO1",4.52781268447567
910,"triciribine","MCF7","6 h","10.0 µM",0.000476566,0.0187163,1.05054,0.00167785234899329,"LINCS L1000","l1000_results_up","up","CPC014_MCF7_6H:BRD-A11706664-001-01-1:10","BRD-A11706664",NA,NA,NA,"triciribine",0.0187163,1.72778000220072,FALSE,"Upregula NQO1",1.81510200351194
911,"fostamatinib","MDAMB231","24 h","10.0 µM",0.000477487,0.00359391,1.13482,0.000335457900033546,"LINCS L1000","l1000_results_up","up","LJP001_MDAMB231_24H:BRD-K20285085-001-03-0:10","BRD-K20285085",NA,NA,NA,"fostamatinib",0.00359391,2.44443280285108,FALSE,"Upregula NQO1",2.77399123333146
912,"BRD-K35832492","MCF7","24 h","5.0 µM",0.000480303,0.00276081,1.73689,0.000261233019853709,"LINCS L1000","l1000_results_up","up","HDAC002_MCF7_24H:BRD-K35832492-001-01-3:5","BRD-K35832492",NA,NA,NA,"brd-k35832492",0.00276081,2.55896348064465,FALSE,"Upregula NQO1",4.44463807989689
913,"BRD-K87726525","PC3","6 h","10.0 µM",0.000481254,0.0387473,1.54627,0.00515463917525773,"LINCS L1000","l1000_results_up","up","CPC008_PC3_6H:BRD-K87726525-001-05-6:10","BRD-K87726525",NA,NA,NA,"brd-k87726525",0.0387473,1.4117585547307,FALSE,"Upregula NQO1",2.18295990042343
914,"pyrrolidine-dithiocarbamate","HT29","6 h","10.0 µM",0.000484898,0.0239545,1.48689,0.00227272727272727,"LINCS L1000","l1000_results_up","up","CPC016_HT29_6H:BRD-K80970344-201-02-9:10","BRD-K80970344",NA,NA,NA,"pyrrolidine-dithiocarbamate",0.0239545,1.62061288969864,FALSE,"Upregula NQO1",2.40967309956401
915,"amiodarone","A375","24 h","10.0 µM",0.000491154,0.0055528,1.12659,0.00051413881748072,"LINCS L1000","l1000_results_up","up","CPC006_A375_24H:BRD-K17561142-003-16-8:10","BRD-K17561142",NA,NA,NA,"amiodarone",0.0055528,2.2554879686057,FALSE,"Upregula NQO1",2.54101019055149
916,"BRD-K99633092","MCF7","24 h","10.0 µM",0.000492645,0.0426857,1.33421,0.00833333333333333,"LINCS L1000","l1000_results_up","up","CPC010_MCF7_24H:BRD-K99633092-001-02-0:10","BRD-K99633092",NA,NA,NA,"brd-k99633092",0.0426857,1.36971759221713,FALSE,"Upregula NQO1",1.82749090871202
917,"BRD-K24156250","HT29","6 h","10.0 µM",0.000493936,0.00768084,1.34648,0.000640204865556978,"LINCS L1000","l1000_results_up","up","CPC008_HT29_6H:BRD-K24156250-001-06-1:10","BRD-K24156250",NA,NA,NA,"brd-k24156250",0.00768084,2.11459128160705,FALSE,"Upregula NQO1",2.84725486885826
918,"radicicol","PC3","24 h","10.0 µM",0.000494442,0.00196414,0.655306,0.000198688654877807,"LINCS L1000","l1000_results_up","up","ASG001_PC3_24H:BRD-A39996500-001-01-4:10","BRD-A39996500",NA,NA,NA,"radicicol",0.00196414,2.70682755979728,FALSE,"Upregula NQO1",1.77380034090051
919,"geldanamycin","HL60","6 h","1.11111 µM",0.000495479,0.00449732,1.5049,0.00036403349108118,"LINCS L1000","l1000_results_up","up","AML001_HL60_6H:BRD-A19500257:1.11111","BRD-A19500257",NA,NA,NA,"geldanamycin",0.00449732,2.34704620976587,FALSE,"Upregula NQO1",3.53206984107666
920,"CGK-733","PC3","6 h","10.0 µM",0.000500264,0.0193065,0.986333,0.00151285930408472,"LINCS L1000","l1000_results_up","up","CPC003_PC3_6H:BRD-A50737080-001-01-4:10","BRD-A50737080",NA,NA,NA,"cgk-733",0.0193065,1.71429645063586,FALSE,"Upregula NQO1",1.69086716104502
921,"BRD-K51556300","VCAP","24 h","10.0 µM",0.000502348,0.00365565,1.64476,0.000295333727111636,"LINCS L1000","l1000_results_up","up","CPC019_VCAP_24H:BRD-K51556300-001-01-9:10","BRD-K51556300",NA,NA,NA,"brd-k51556300",0.00365565,2.43703539126014,FALSE,"Upregula NQO1",4.00833833012903
922,"BRD-K59460069","MCF7","6 h","10.0 µM",0.000503013,0.0284129,0.948585,0.00288184438040346,"LINCS L1000","l1000_results_up","up","CPC013_MCF7_6H:BRD-K59460069-001-01-7:10","BRD-K59460069",NA,NA,NA,"brd-k59460069",0.0284129,1.5464844371774,FALSE,"Upregula NQO1",1.46697193983993
923,"BRD-K98404142","SW948","6 h","11.1 µM",0.000503182,0.04339,1.68811,0.00763358778625954,"LINCS L1000","l1000_results_up","up","CPC006_SW948_6H:BRD-K98404142-001-01-9:11.1","BRD-K98404142",NA,NA,NA,"brd-k98404142",0.04339,1.36261034987079,FALSE,"Upregula NQO1",2.30023615772038
924,"BRD-K61105081","HT29","6 h","10.0 µM",0.000505994,0.0305352,1.17538,0.00302114803625378,"LINCS L1000","l1000_results_up","up","CPC019_HT29_6H:BRD-K61105081-001-01-8:10","BRD-K61105081",NA,NA,NA,"brd-k61105081",0.0305352,1.51519923110902,FALSE,"Upregula NQO1",1.78093487226092
925,"cucurbitacin-i","SW948","6 h","10.0 µM",0.000508934,0.00438411,1.86574,0.000319795330988168,"LINCS L1000","l1000_results_up","up","CPC006_SW948_6H:BRD-A28105619-001-01-3:10","BRD-A28105619",NA,NA,NA,"cucurbitacin-i",0.00438411,2.35811855767294,FALSE,"Upregula NQO1",4.39963611779271
926,"CP-724714","VCAP","24 h","10.0 µM",0.000511623,0.00610293,1.72715,0.000387897595034911,"LINCS L1000","l1000_results_up","up","CPC013_VCAP_24H:BRD-K76908866-001-01-9:10","BRD-K76908866",NA,NA,NA,"cp-724714",0.00610293,2.21446161132934,FALSE,"Upregula NQO1",3.82470737200748
927,"neurodazine","VCAP","24 h","10.0 µM",0.000512407,0.0375417,1.50671,0.00578034682080925,"LINCS L1000","l1000_results_up","up","CPC014_VCAP_24H:BRD-K22631935-001-01-9:10","BRD-K22631935",NA,NA,NA,"neurodazine",0.0375417,1.42548606512163,FALSE,"Upregula NQO1",2.14779410917941
928,"quiflapon","HA1E","24 h","80.0 µM",0.000518866,0.00467399,0.954804,0.000374672161858374,"LINCS L1000","l1000_results_up","up","CPC006_HA1E_24H:BRD-K39503511-001-02-1:80","BRD-K39503511",NA,NA,NA,"quiflapon",0.00467399,2.33031222111569,FALSE,"Upregula NQO1",2.22499142997015
929,"tubastatin-a","MCF7","24 h","10.0 µM",0.000523047,0.00354126,2.12141,0.00030248033877798,"LINCS L1000","l1000_results_up","up","HDAC002_MCF7_24H:BRD-K00627859-001-03-1:10","BRD-K00627859",NA,NA,NA,"tubastatin-a",0.00354126,2.45084218608571,FALSE,"Upregula NQO1",5.19924112198409
930,"BRD-K62466453","VCAP","6 h","10.0 µM",0.000529467,0.046418,1.15741,0.00549450549450549,"LINCS L1000","l1000_results_up","up","CPC008_VCAP_6H:BRD-K62466453-001-04-7:10","BRD-K62466453",NA,NA,NA,"brd-k62466453",0.046418,1.33331357580763,FALSE,"Upregula NQO1",1.54319046577551
931,"BRD-K70524666","A375","6 h","10.0 µM",0.000529638,0.0244182,0.93786,0.00213219616204691,"LINCS L1000","l1000_results_up","up","CPC012_A375_6H:BRD-K70524666-001-01-2:10","BRD-K70524666",NA,NA,NA,"brd-k70524666",0.0244182,1.61228635344927,FALSE,"Upregula NQO1",1.51209887944593
932,"NSC-23766","HCC515","24 h","160.0 µM",0.000530054,0.0217772,1.32529,0.00167785234899329,"LINCS L1000","l1000_results_up","up","CPC006_HCC515_24H:BRD-A80213327-305-03-4:160","BRD-A80213327",NA,NA,NA,"nsc-23766",0.0217772,1.6619979603342,FALSE,"Upregula NQO1",2.20262927685131
933,"CP-55940","MCF7","24 h","10.0 µM",0.000532718,0.0475418,1.23246,0.00793650793650794,"LINCS L1000","l1000_results_up","up","CPC017_MCF7_24H:BRD-A03816571-001-01-0:10","BRD-A03816571",NA,NA,NA,"cp-55940",0.0475418,1.32292437929129,FALSE,"Upregula NQO1",1.63045138050135
934,"BRD-K49010888","NOMO1","24 h","3.35 µM",0.000534532,0.00192014,1.44224,0.000232558139534884,"LINCS L1000","l1000_results_up","up","KMS002_NOMO1_24H:BRD-K49010888-001-01-2:3.35","BRD-K49010888",NA,NA,NA,"brd-k49010888",0.00192014,2.71666710514496,FALSE,"Upregula NQO1",3.91808596572427
935,"BRD-K52321331","VCAP","24 h","10.0 µM",0.00053762,0.00407201,1.61891,0.000347584289190129,"LINCS L1000","l1000_results_up","up","CPC009_VCAP_24H:BRD-K52321331-019-01-2:10","BRD-K52321331",NA,NA,NA,"brd-k52321331",0.00407201,2.3901911641341,FALSE,"Upregula NQO1",3.86950437752833
936,"HDACi1,2+3_mix","MCF7","24 h","10.0 µM",0.000537817,0.00212305,2.08436,0.000227014755959137,"LINCS L1000","l1000_results_up","up","HDAC002_MCF7_24H:BRD2492_+_BRD3308:10","BRD2492+BRD3308",NA,NA,NA,"hdaci1,2+3_mix",0.00212305,2.6730397776341,FALSE,"Upregula NQO1",5.57157719090941
937,"15-delta-prostaglandin-j2","PC3","6 h","10.0 µM",0.000540997,0.0130096,0.940062,0.000908265213442325,"LINCS L1000","l1000_results_up","up","CPC006_PC3_6H:BRD-K61033289-001-01-2:10","BRD-K61033289",NA,NA,NA,"15-delta-prostaglandin-j2",0.0130096,1.88573605627956,FALSE,"Upregula NQO1",1.77270880853828
938,"15-delta-prostaglandin-j2","SKB","24 h","10.0 µM",0.00054718,0.0117385,1.72642,0.000719424460431655,"LINCS L1000","l1000_results_up","up","CPC014_SKB_24H:BRD-K05396879-001-05-9:10","BRD-K05396879",NA,NA,NA,"15-delta-prostaglandin-j2",0.0117385,1.93038739570708,FALSE,"Upregula NQO1",3.33265940769661
939,"sirolimus","HA1E","6 h","11.1 µM",0.000553581,0.0169562,1.20395,0.00151285930408472,"LINCS L1000","l1000_results_up","up","CPC006_HA1E_6H:BRD-A23770159-001-02-3:11.1","BRD-A23770159",NA,NA,NA,"sirolimus",0.0169562,1.77067146952867,FALSE,"Upregula NQO1",2.13179991573905
940,"MW-STK33-1C","NOMO1","24 h","1.11 µM",0.000554542,0.00165953,1.43406,0.00018034265103697,"LINCS L1000","l1000_results_up","up","KMS002_NOMO1_24H:BRD-K38340366-001-12-4:1.11","BRD-K38340366",NA,NA,NA,"mw-stk33-1c",0.00165953,2.78001489226611,FALSE,"Upregula NQO1",3.98670815640313
941,"BRD-K92158425","A375","6 h","10.0 µM",0.000555677,0.00209726,1.45628,0.000174947515745276,"LINCS L1000","l1000_results_up","up","CPC008_A375_6H:BRD-K92158425-001-01-5:10","BRD-K92158425",NA,NA,NA,"brd-k92158425",0.00209726,2.67834772615564,FALSE,"Upregula NQO1",3.90042422664593
942,"parthenolide","SW620","6 h","10.0 µM",0.000555864,0.0350651,1.45999,0.00413223140495868,"LINCS L1000","l1000_results_up","up","CPC006_SW620_6H:BRD-K98548675-001-02-6:10","BRD-K98548675",NA,NA,NA,"parthenolide",0.0350651,1.45512491822574,FALSE,"Upregula NQO1",2.12446782936039
943,"BMS-536924","HCC515","24 h","11.1 µM",0.000560694,0.00524382,1.31148,0.000427715996578272,"LINCS L1000","l1000_results_up","up","CPC006_HCC515_24H:BRD-K34581968-001-01-2:11.1","BRD-K34581968",NA,NA,NA,"bms-536924",0.00524382,2.28035222437105,FALSE,"Upregula NQO1",2.99063633521814
944,"lovastatin","A375","24 h","40.0 µM",0.000561874,0.00154467,1.07681,0.00015316281206923,"LINCS L1000","l1000_results_up","up","CPC006_A375_24H:BRD-A70155556-001-04-4:40","BRD-A70155556",NA,NA,NA,"lovastatin",0.00154467,2.81116428807534,FALSE,"Upregula NQO1",3.02708981704241
945,"BRD-K86574132","HA1E","6 h","48.0 µM",0.000565094,0.0385998,1.08765,0.00471698113207547,"LINCS L1000","l1000_results_up","up","CPC006_HA1E_6H:BRD-K86574132-001-04-9:48","BRD-K86574132",NA,NA,NA,"brd-k86574132",0.0385998,1.41341494556455,FALSE,"Upregula NQO1",1.53730076554328
946,"HDAC3-selective","MCF7","24 h","0.078125 µM",0.000566531,0.0073091,2.16184,0.000378501135503407,"LINCS L1000","l1000_results_up","up","HDAC002_MCF7_24H:BRD-K29313308-001-02-4:0.078125","BRD-K29313308",NA,NA,NA,"hdac3-selective",0.0073091,2.13613609624284,FALSE,"Upregula NQO1",4.61798445830163
947,"BRD-K05153001","PC3","6 h","10.0 µM",0.000567971,0.00839813,1.1683,0.000632111251580278,"LINCS L1000","l1000_results_up","up","CPC007_PC3_6H:BRD-K05153001-001-05-5:10","BRD-K05153001",NA,NA,NA,"brd-k05153001",0.00839813,2.07581740692532,FALSE,"Upregula NQO1",2.42517747651085
948,"BRD-K45205755","PC3","6 h","10.0 µM",0.00057601,0.00721811,1.45181,0.000445831475702185,"LINCS L1000","l1000_results_up","up","CPC009_PC3_6H:BRD-K45205755-001-01-2:10","BRD-K45205755",NA,NA,NA,"brd-k45205755",0.00721811,2.14157650381863,FALSE,"Upregula NQO1",3.10916218400892
949,"vorinostat","PC3","24 h","10.0 µM",0.000578867,0.00409863,1.1667,0.000329815303430079,"LINCS L1000","l1000_results_up","up","CPC010_PC3_24H:BRD-K81418486:10","BRD-K81418486",NA,NA,NA,"vorinostat",0.00409863,2.38736128544322,FALSE,"Upregula NQO1",2.78533441172661
950,"BRD-K85266146","VCAP","6 h","10.0 µM",0.000583445,0.00772883,1.4611,0.00043630017452007,"LINCS L1000","l1000_results_up","up","CPC013_VCAP_6H:BRD-K85266146-001-01-3:10","BRD-K85266146",NA,NA,NA,"brd-k85266146",0.00772883,2.11188624515052,FALSE,"Upregula NQO1",3.08567699278942
951,"radicicol","VCAP","48 h","1.0 µM",0.000589658,0.00143628,0.547092,0.000133815067576609,"LINCS L1000","l1000_results_up","up","ERG005_VCAP_48H:BRD-A39996500-001-01-4:1","BRD-A39996500",NA,NA,NA,"radicicol",0.00143628,2.84276088697319,FALSE,"Upregula NQO1",1.55525173917594
952,"EI-231","PC3","6 h","10.0 µM",0.000591167,0.00642065,1.57642,0.000361271676300578,"LINCS L1000","l1000_results_up","up","CPC014_PC3_6H:BRD-A74904029-001-05-7:10","BRD-A74904029",NA,NA,NA,"ei-231",0.00642065,2.19242100353181,FALSE,"Upregula NQO1",3.45617631838761
953,"CHEMBL-399379","VCAP","24 h","80.0 µM",0.00059194,0.00418056,1.15322,0.000336021505376344,"LINCS L1000","l1000_results_up","up","CPC006_VCAP_24H:BRD-K43620258-001-01-6:80","BRD-K43620258",NA,NA,NA,"chembl-399379",0.00418056,2.37876553912925,FALSE,"Upregula NQO1",2.74323999503463
954,"zaprinast","MCF7","6 h","10.0 µM",0.000599098,0.0385693,1.70355,0.00409836065573771,"LINCS L1000","l1000_results_up","up","CPD001_MCF7_6H:BRD-K16542329-001-10-1:10","BRD-K16542329",NA,NA,NA,"zaprinast",0.0385693,1.413758243138,FALSE,"Upregula NQO1",2.40840785509775
955,"ABT-737","HT29","24 h","11.1 µM",0.000602891,0.00836982,1.27962,0.000649772579597141,"LINCS L1000","l1000_results_up","up","CPC006_HT29_24H:BRD-K56301217-001-01-7:11.1","BRD-K56301217",NA,NA,NA,"abt-737",0.00836982,2.07728388177345,FALSE,"Upregula NQO1",2.65813400079494
956,"fipronil","VCAP","24 h","10.0 µM",0.000608321,0.0401958,0.965271,0.00396825396825397,"LINCS L1000","l1000_results_up","up","CPC004_VCAP_24H:BRD-A50675702-001-04-8:10","BRD-A50675702",NA,NA,NA,"fipronil",0.0401958,1.39581932333633,FALSE,"Upregula NQO1",1.34734391405618
957,"CVF-SUMO-14","HT29","6 h","10.0 µM",0.000608561,0.0324975,1.30489,0.00269541778975741,"LINCS L1000","l1000_results_up","up","CPC020_HT29_6H:BRD-A93393712-001-01-1:10","BRD-A93393712",NA,NA,NA,"cvf-sumo-14",0.0324975,1.48815004757393,FALSE,"Upregula NQO1",1.94187211557874
958,"BRD-A18411371","PC3","6 h","10.0 µM",0.000611391,0.0130532,0.920376,0.000870322019147084,"LINCS L1000","l1000_results_up","up","CPC010_PC3_6H:BRD-A18411371-001-10-6:10","BRD-A18411371",NA,NA,NA,"brd-a18411371",0.0130532,1.8842830077142,FALSE,"Upregula NQO1",1.73424885750796
959,"BRD-K27169919","PC3","6 h","10.0 µM",0.000617419,0.0133612,1.11121,0.0008058017727639,"LINCS L1000","l1000_results_up","up","CPC010_PC3_6H:BRD-K27169919-001-07-2:10","BRD-K27169919",NA,NA,NA,"brd-k27169919",0.0133612,1.87415453512585,FALSE,"Upregula NQO1",2.08257926097719
960,"YM-155","HT29","6 h","10.0 µM",0.000618362,0.0121426,1.6473,0.000979431929480901,"LINCS L1000","l1000_results_up","up","CPC013_HT29_6H:BRD-K24681473-004-01-4:10","BRD-K24681473",NA,NA,NA,"ym-155",0.0121426,1.91568831122167,FALSE,"Upregula NQO1",3.15571335507545
961,"pifithrin-mu","HA1E","6 h","10.0 µM",0.000622355,0.00808553,1.1315,0.000556792873051225,"LINCS L1000","l1000_results_up","up","CPC006_HA1E_6H:BRD-K96799727-001-02-5:10","BRD-K96799727",NA,NA,NA,"pifithrin-mu",0.00808553,2.09229150716991,FALSE,"Upregula NQO1",2.36742784036275
962,"pimozide","HT29","24 h","10.0 µM",0.000626595,0.00423975,1.1012,0.000321853878339234,"LINCS L1000","l1000_results_up","up","CPC006_HT29_24H:BRD-K01292756-001-10-2:10","BRD-K01292756",NA,NA,NA,"pimozide",0.00423975,2.37265975114818,FALSE,"Upregula NQO1",2.61277291796438
963,"wortmannin","VCAP","6 h","20.0 µM",0.00063146,0.00566533,0.620145,0.0003725782414307,"LINCS L1000","l1000_results_up","up","ERG005_VCAP_6H:BRD-A75409952-001-01-6:20","BRD-A75409952",NA,NA,NA,"wortmannin",0.00566533,2.24677478782973,FALSE,"Upregula NQO1",1.39332615079867
964,"neratinib","MCF7","6 h","10.0 µM",0.000632588,0.0487421,0.711246,0.00689655172413793,"LINCS L1000","l1000_results_up","up","CPC006_MCF7_6H:BRD-K85606544-001-01-8:10","BRD-K85606544",NA,NA,NA,"neratinib",0.0487421,1.31209576364606,FALSE,"Upregula NQO1",0.933222863510207
965,"BRD-A95820578","VCAP","24 h","10.0 µM",0.000632801,0.00463832,1.63407,0.000294290759270159,"LINCS L1000","l1000_results_up","up","CPC013_VCAP_24H:BRD-A95820578-001-01-4:10","BRD-A95820578",NA,NA,NA,"brd-a95820578",0.00463832,2.33363929247247,FALSE,"Upregula NQO1",3.81332995865049
966,"BRD-K17739445","VCAP","24 h","10.0 µM",0.000640771,0.0454417,1.40774,0.00411522633744856,"LINCS L1000","l1000_results_up","up","CPC009_VCAP_24H:BRD-K17739445-019-01-2:10","BRD-K17739445",NA,NA,NA,"brd-k17739445",0.0454417,1.34254542978804,FALSE,"Upregula NQO1",1.88995490332981
967,"NSC-23766","SW948","6 h","160.0 µM",0.000644493,0.011851,1.52099,0.00062266500622665,"LINCS L1000","l1000_results_up","up","CPC006_SW948_6H:BRD-A80213327-305-03-4:160","BRD-A80213327",NA,NA,NA,"nsc-23766",0.011851,1.92624500187681,FALSE,"Upregula NQO1",2.92979938540461
968,"withaferin-a","MCF7","6 h","1.11 µM",0.000646028,0.0162367,1.1789,0.00119047619047619,"LINCS L1000","l1000_results_up","up","HOG003_MCF7_6H:BRD-K88378636-001-02-8:1.11","BRD-K88378636",NA,NA,NA,"withaferin-a",0.0162367,1.78950223355677,FALSE,"Upregula NQO1",2.10964418314008
969,"flavokavain-b","MCF7","24 h","10.0 µM",0.00064692,0.0187086,1.08817,0.00150829562594269,"LINCS L1000","l1000_results_up","up","CPC015_MCF7_24H:BRD-K30296925-001-02-1:10","BRD-K30296925",NA,NA,NA,"flavokavain-b",0.0187086,1.72795871036335,FALSE,"Upregula NQO1",1.88031282985609
970,"vorinostat","MCF7","24 h","0.0390625 µM",0.000647646,0.00300016,2.06152,0.000238379022646007,"LINCS L1000","l1000_results_up","up","HDAC002_MCF7_24H:BRD-K81418486-001-10-3:0.0390625","BRD-K81418486",NA,NA,NA,"vorinostat",0.00300016,2.52285558352561,FALSE,"Upregula NQO1",5.20091724254972
971,"auranofin","VCAP","6 h","10.0 µM",0.000647751,0.00526479,1.12012,0.000365497076023392,"LINCS L1000","l1000_results_up","up","CPC006_VCAP_6H:BRD-A79465854-001-01-3:10","BRD-A79465854",NA,NA,NA,"auranofin",0.00526479,2.27861894711099,FALSE,"Upregula NQO1",2.55232665503796
972,"RU-24969","VCAP","24 h","10.0 µM",0.000647777,0.0213068,1.06551,0.00132450331125828,"LINCS L1000","l1000_results_up","up","CPC004_VCAP_24H:BRD-K00234327-001-01-4:10","BRD-K00234327",NA,NA,NA,"ru-24969",0.0213068,1.67148177068455,FALSE,"Upregula NQO1",1.78098054148209
973,"BRD-K49861754","VCAP","24 h","10.0 µM",0.000650838,0.0136339,1.41805,0.000670690811535882,"LINCS L1000","l1000_results_up","up","CPC013_VCAP_24H:BRD-K49861754-001-04-3:10","BRD-K49861754",NA,NA,NA,"brd-k49861754",0.0136339,1.86537989572758,FALSE,"Upregula NQO1",2.64520196113649
974,"AS-601245","SKBR3","24 h","0.4 µM",0.000651897,0.0445081,1.15754,0.00657894736842105,"LINCS L1000","l1000_results_up","up","LJP001_SKBR3_24H:BRD-A60245366-001-02-9:0.4","BRD-A60245366",NA,NA,NA,"as-601245",0.0445081,1.35156094485762,FALSE,"Upregula NQO1",1.56448585611049
975,"SID-26681509","HT29","24 h","88.8 µM",0.000659316,0.00463875,1.08701,0.00032478077297824,"LINCS L1000","l1000_results_up","up","CPC006_HT29_24H:BRD-K08417745-001-02-9:88.8","BRD-K08417745",NA,NA,NA,"sid-26681509",0.00463875,2.33359903264316,FALSE,"Upregula NQO1",2.53664548447344
976,"bromocriptine","PC3","24 h","10.0 µM",0.000671264,0.0336563,0.925726,0.00327868852459016,"LINCS L1000","l1000_results_up","up","CPC002_PC3_24H:BRD-A69960130-066-01-4:10","BRD-A69960130",NA,NA,NA,"bromocriptine",0.0336563,1.47293362983097,FALSE,"Upregula NQO1",1.36353295740891
977,"BRD-K51556300","NOMO1","24 h","0.04 µM",0.000672377,0.00278316,1.39314,0.000224215246636771,"LINCS L1000","l1000_results_up","up","KMS002_NOMO1_24H:BRD-K51556300-001-01-9:0.04","BRD-K51556300",NA,NA,NA,"brd-k51556300",0.00278316,2.55546182596215,FALSE,"Upregula NQO1",3.5601160882209
978,"BRD-K99530743","A375","6 h","10.0 µM",0.000672544,0.0160862,1.47677,0.00115740740740741,"LINCS L1000","l1000_results_up","up","CPC008_A375_6H:BRD-K99530743-001-01-3:10","BRD-K99530743",NA,NA,NA,"brd-k99530743",0.0160862,1.79354653600918,FALSE,"Upregula NQO1",2.64865571798228
979,"parthenolide","HT29","6 h","10.0 µM",0.000673867,0.0230519,1.64126,0.00175131348511383,"LINCS L1000","l1000_results_up","up","CPC013_HT29_6H:BRD-K28120222-001-05-0:10","BRD-K28120222",NA,NA,NA,"parthenolide",0.0230519,1.63729327307222,FALSE,"Upregula NQO1",2.68722395736251
980,"BRD-K86899078","HT29","6 h","10.0 µM",0.000678138,0.0347144,1.3321,0.00294985250737463,"LINCS L1000","l1000_results_up","up","CPC019_HT29_6H:BRD-K86899078-001-01-2:10","BRD-K86899078",NA,NA,NA,"brd-k86899078",0.0347144,1.45949033664223,FALSE,"Upregula NQO1",1.94418707744111
981,"dacinostat","VCAP","6 h","10.0 µM",0.000682258,0.00427236,1.49469,0.000302206104563312,"LINCS L1000","l1000_results_up","up","CPC014_VCAP_6H:BRD-K56957086-001-04-8:10","BRD-K56957086",NA,NA,NA,"dacinostat",0.00427236,2.36933215967186,FALSE,"Upregula NQO1",3.54141708573993
982,"bortezomib","HT29","6 h","0.04 µM",0.000682294,0.0057032,1.04968,0.00039032006245121,"LINCS L1000","l1000_results_up","up","CPC006_HT29_6H:BRD-K88510285-001-01-2:0.04","BRD-K88510285",NA,NA,NA,"bortezomib",0.0057032,2.24388139829507,FALSE,"Upregula NQO1",2.35535742616237
983,"BRD-K36772364","PC3","6 h","10.0 µM",0.000692791,0.0136324,0.96446,0.000715307582260372,"LINCS L1000","l1000_results_up","up","CPC010_PC3_6H:BRD-K36772364-001-06-4:10","BRD-K36772364",NA,NA,NA,"brd-k36772364",0.0136324,1.86542767938165,FALSE,"Upregula NQO1",1.79913037965643
984,"BRD-K88542532","VCAP","6 h","10.0 µM",0.00069726,0.0329651,1.46026,0.00251889168765743,"LINCS L1000","l1000_results_up","up","CPC013_VCAP_6H:BRD-K88542532-001-01-6:10","BRD-K88542532",NA,NA,NA,"brd-k88542532",0.0329651,1.48194560248111,FALSE,"Upregula NQO1",2.16402588547906
985,"parthenolide","HCC515","24 h","20.0 µM",0.000697496,0.0064689,1.29153,0.000356125356125356,"LINCS L1000","l1000_results_up","up","CPC006_HCC515_24H:BRD-K81651477-001-03-5:20","BRD-K81651477",NA,NA,NA,"parthenolide",0.0064689,2.18916956238307,FALSE,"Upregula NQO1",2.8273781649046
986,"gossypol","PC3","24 h","11.1 µM",0.000697794,0.00338379,0.848731,0.000237135404315864,"LINCS L1000","l1000_results_up","up","CPC006_PC3_24H:BRD-K19295594-001-08-5:11.1","BRD-K19295594",NA,NA,NA,"gossypol",0.00338379,2.47059659736799,FALSE,"Upregula NQO1",2.09687192068073
987,"fostamatinib","HA1E","6 h","10.0 µM",0.000701871,0.00469206,1.39236,0.000266311584553928,"LINCS L1000","l1000_results_up","up","CPC006_HA1E_6H:BRD-K20285085-001-01-4:10","BRD-K20285085",NA,NA,NA,"fostamatinib",0.00469206,2.32863644295414,FALSE,"Upregula NQO1",3.24230023771163
988,"sulforaphane","SW620","6 h","10.0 µM",0.000702,0.0232289,1.68375,0.00141242937853107,"LINCS L1000","l1000_results_up","up","CPC006_SW620_6H:BRD-A58955223-001-01-2:10","BRD-A58955223",NA,NA,NA,"sulforaphane",0.0232289,1.63397135564278,FALSE,"Upregula NQO1",2.75119927006353
989,"manumycin-a","VCAP","6 h","10.0 µM",0.0007155,0.00754707,1.56889,0.000424268137462876,"LINCS L1000","l1000_results_up","up","CPC005_VCAP_6H:BRD-K78599730-001-03-4:10","BRD-K78599730",NA,NA,NA,"manumycin-a",0.00754707,2.12222162185533,FALSE,"Upregula NQO1",3.32953228031261
990,"BRD-K90999434","HA1E","6 h","10.0 µM",0.00071573,0.00725769,0.930125,0.00043010752688172,"LINCS L1000","l1000_results_up","up","CPC006_HA1E_6H:BRD-K90999434-003-01-9:10","BRD-K90999434",NA,NA,NA,"brd-k90999434",0.00725769,2.13920158589636,FALSE,"Upregula NQO1",1.98972487508186
991,"dephostatin","VCAP","24 h","10.0 µM",0.000718419,0.00808784,1.32762,0.000400641025641026,"LINCS L1000","l1000_results_up","up","CPC004_VCAP_24H:BRD-K60274257-001-01-1:10","BRD-K60274257",NA,NA,NA,"dephostatin",0.00808784,2.09216744888645,FALSE,"Upregula NQO1",2.77760334849062
992,"BRD-A43155244","VCAP","6 h","10.0 µM",0.000721935,0.0173233,1.94335,0.00109529025191676,"LINCS L1000","l1000_results_up","up","CPC012_VCAP_6H:BRD-A43155244-001-01-2:10","BRD-A43155244",NA,NA,NA,"brd-a43155244",0.0173233,1.76136937356142,FALSE,"Upregula NQO1",3.42295717211058
993,"tacrolimus","SW948","6 h","22.2 µM",0.000728202,0.03677,1.32476,0.00373134328358209,"LINCS L1000","l1000_results_up","up","CPC006_SW948_6H:BRD-K08845546-001-02-2:22.2","BRD-K08845546",NA,NA,NA,"tacrolimus",0.03677,1.43450637013114,FALSE,"Upregula NQO1",1.90037665889493
994,"triclosan","NPC","24 h","10.0 µM",0.000733833,0.013148,1.64974,0.000798722044728434,"LINCS L1000","l1000_results_up","up","CPC015_NPC_24H:BRD-K41731458-001-04-5:10","BRD-K41731458",NA,NA,NA,"triclosan",0.013148,1.88114030459041,FALSE,"Upregula NQO1",3.10339240609499
995,"10-DEBC","MCF7","24 h","24.0 µM",0.000736572,0.0295531,0.640975,0.00234741784037559,"LINCS L1000","l1000_results_up","up","CPC006_MCF7_24H:BRD-K70792160-003-02-0:24","BRD-K70792160",NA,NA,NA,"10-debc",0.0295531,1.52939695666834,FALSE,"Upregula NQO1",0.98030521430049
996,"geldanamycin","HT29","6 h","10.0 µM",0.000738978,0.0112401,1.37273,0.000705218617771509,"LINCS L1000","l1000_results_up","up","CPC017_HT29_6H:BRD-A19500257:10","BRD-A19500257",NA,NA,NA,"geldanamycin",0.0112401,1.94922982495424,FALSE,"Upregula NQO1",2.67576625760943
997,"H-9","VCAP","24 h","10.0 µM",0.000740919,0.00360799,1.75899,0.000228310502283105,"LINCS L1000","l1000_results_up","up","CPC014_VCAP_24H:BRD-K09790412-001-03-8:10","BRD-K09790412",NA,NA,NA,"h-9",0.00360799,2.44273467483044,FALSE,"Upregula NQO1",4.29674586567999
998,"afatinib","MCF7","6 h","10.0 µM",0.000749049,0.0250824,1.19146,0.00187265917602996,"LINCS L1000","l1000_results_up","up","CPC013_MCF7_6H:BRD-K66175015-001-01-7:10","BRD-K66175015",NA,NA,NA,"afatinib",0.0250824,1.60063091054911,FALSE,"Upregula NQO1",1.90708770468284
999,"ACDPP","VCAP","24 h","30.0 µM",0.000751571,0.0474735,1.18421,0.00526315789473684,"LINCS L1000","l1000_results_up","up","ERG004_VCAP_24H:BRD-K68633617-003-01-1:30","BRD-K68633617",NA,NA,NA,"acdpp",0.0474735,1.3235487485923,FALSE,"Upregula NQO1",1.56735966357049
1000,"gemcitabine","PC3","6 h","0.08 µM",0.000755161,0.0343182,0.892315,0.00324675324675325,"LINCS L1000","l1000_results_up","up","CPC006_PC3_6H:BRD-K15108141-001-01-7:0.08","BRD-K15108141",NA,NA,NA,"gemcitabine",0.0343182,1.46447549910329,FALSE,"Upregula NQO1",1.30677345498235
1001,"BRD-K30381304","MCF7","6 h","10.0 µM",0.000763609,0.0157737,1.67857,0.000919963201471941,"LINCS L1000","l1000_results_up","up","CPC012_MCF7_6H:BRD-K30381304-001-06-3:10","BRD-K30381304",NA,NA,NA,"brd-k30381304",0.0157737,1.80206642327819,FALSE,"Upregula NQO1",3.02489463612207
1002,"vorinostat","A375","6 h","10.0 µM",0.000763885,0.00495382,1.57087,0.000321750321750322,"LINCS L1000","l1000_results_up","up","CPC016_A375_6H:BRD-K81418486:10","BRD-K81418486",NA,NA,NA,"vorinostat",0.00495382,2.30505977781214,FALSE,"Upregula NQO1",3.62094925317176
1003,"ST-4062971","MCF7","6 h","10.0 µM",0.000768983,0.0118503,0.814656,0.000667556742323097,"LINCS L1000","l1000_results_up","up","CPC014_MCF7_6H:BRD-K46062088-001-01-4:10","BRD-K46062088",NA,NA,NA,"st-4062971",0.0118503,1.92627065499604,FALSE,"Upregula NQO1",1.56924794671645
1004,"phorbol-myristate-acetate","HL60","24 h","10.0 µM",0.0007703,0.00223609,2.18119,0.000142571998859424,"LINCS L1000","l1000_results_up","up","AML001_HL60_24H:BRD-K68552125:10","BRD-K68552125",NA,NA,NA,"phorbol-myristate-acetate",0.00223609,2.65051072059028,FALSE,"Upregula NQO1",5.78126747864431
1005,"MW-STK33-2B","NOMO1","24 h","0.37 µM",0.000771358,0.00515261,1.46348,0.000305250305250305,"LINCS L1000","l1000_results_up","up","KMS002_NOMO1_24H:BRD-K78930611-001-07-6:0.37","BRD-K78930611",NA,NA,NA,"mw-stk33-2b",0.00515261,2.28797272795572,FALSE,"Upregula NQO1",3.34840232790864
1006,"PTB1","HA1E","24 h","10.0 µM",0.000774971,0.0392206,1.20788,0.00336700336700337,"LINCS L1000","l1000_results_up","up","CPC006_HA1E_24H:BRD-K16554956-001-01-5:10","BRD-K16554956",NA,NA,NA,"ptb1",0.0392206,1.40648576674432,FALSE,"Upregula NQO1",1.69886602793513
1007,"trichostatin-a","PC3","6 h","2.0 µM",0.000775127,0.00336922,1.0705,0.000230361667818475,"LINCS L1000","l1000_results_up","up","ASG001_PC3_6H:BRD-A19037878-001-04-9:2","BRD-A19037878",NA,NA,NA,"trichostatin-a",0.00336922,2.47247062996083,FALSE,"Upregula NQO1",2.64677980937307
1008,"BRD-K14027855","VCAP","24 h","10.0 µM",0.000776886,0.00382906,1.69866,0.000223164472216023,"LINCS L1000","l1000_results_up","up","CPC009_VCAP_24H:BRD-K14027855-019-01-8:10","BRD-K14027855",NA,NA,NA,"brd-k14027855",0.00382906,2.41690782835987,FALSE,"Upregula NQO1",4.10550465172178
1009,"geldanamycin","HT29","6 h","10.0 µM",0.000782534,0.0114868,1.10164,0.000607164541590771,"LINCS L1000","l1000_results_up","up","CPC004_HT29_6H:BRD-A19500257:10","BRD-A19500257",NA,NA,NA,"geldanamycin",0.0114868,1.93980094049377,FALSE,"Upregula NQO1",2.13696230808555
1010,"K784-3187","SKB","24 h","10.0 µM",0.000784491,0.0119951,3.1631,0.000574712643678161,"LINCS L1000","l1000_results_up","up","CPC012_SKB_24H:BRD-A39093044-001-05-4:10","BRD-A39093044",NA,NA,NA,"k784-3187",0.0119951,1.92099612708196,FALSE,"Upregula NQO1",6.07630284957296
1011,"thioridazine","VCAP","48 h","20.0 µM",0.000788571,0.00279394,0.588364,0.000186046511627907,"LINCS L1000","l1000_results_up","up","ERG005_VCAP_48H:BRD-A84481105-003-15-6:20","BRD-A84481105",NA,NA,NA,"thioridazine",0.00279394,2.55378292461722,FALSE,"Upregula NQO1",1.50255393665949
1012,"benzylpenicillin","HT29","6 h","10.0 µM",0.000789204,0.0201368,1.22291,0.00129032258064516,"LINCS L1000","l1000_results_up","up","CPC004_HT29_6H:BRD-K55191674-237-12-6:10","BRD-K55191674",NA,NA,NA,"benzylpenicillin",0.0201368,1.69600954335342,FALSE,"Upregula NQO1",2.07406703066233
1013,"7b-cis","HA1E","24 h","10.0 µM",0.000800493,0.0110101,1.03665,0.000579038795599305,"LINCS L1000","l1000_results_up","up","CPC006_HA1E_24H:BRD-K61829047-001-01-6:10","BRD-K61829047",NA,NA,NA,"7b-cis",0.0110101,1.95820873650046,FALSE,"Upregula NQO1",2.0299770866932
1014,"CGS-15943","MCF7","24 h","10.0 µM",0.000802553,0.00950261,1.26464,0.000492125984251968,"LINCS L1000","l1000_results_up","up","CPC005_MCF7_24H:BRD-K49049886-001-03-8:10","BRD-K49049886",NA,NA,NA,"cgs-15943",0.00950261,2.02215709440399,FALSE,"Upregula NQO1",2.55730074786707
1015,"BRD-K83816656","PC3","24 h","10.0 µM",0.000803021,0.00751331,0.97743,0.000356252226576416,"LINCS L1000","l1000_results_up","up","CPC019_PC3_24H:BRD-K83816656-001-01-9:10","BRD-K83816656",NA,NA,NA,"brd-k83816656",0.00751331,2.1241686917523,FALSE,"Upregula NQO1",2.07622620437945
1016,"trichostatin-a","NEU","24 h","10.0 µM",0.000805246,0.00229681,1.7659,0.000150875075437538,"LINCS L1000","l1000_results_up","up","NMH002_NEU_24H:BRD-K68202742-001-08-2:10","BRD-K68202742",NA,NA,NA,"trichostatin-a",0.00229681,2.63887492964802,FALSE,"Upregula NQO1",4.65998923826543
1017,"geldanamycin","VCAP","6 h","10.0 µM",0.000808074,0.0134396,1.21117,0.000814995925020375,"LINCS L1000","l1000_results_up","up","CPC001_VCAP_6H:BRD-A19500257:10","BRD-A19500257",NA,NA,NA,"geldanamycin",0.0134396,1.87161365690555,FALSE,"Upregula NQO1",2.26684231283429
1018,"flumazenil","VCAP","24 h","10.0 µM",0.000809826,0.00478842,0.796877,0.000260688216892597,"LINCS L1000","l1000_results_up","up","CPC011_VCAP_24H:BRD-K98769987-001-17-9:10","BRD-K98769987",NA,NA,NA,"flumazenil",0.00478842,2.31980776392922,FALSE,"Upregula NQO1",1.84860145149663
1019,"sirolimus","PC3","6 h","10.0 µM",0.000810502,0.0180122,1.20943,0.00135869565217391,"LINCS L1000","l1000_results_up","up","CPC006_PC3_6H:BRD-A79768653-001-02-1:10","BRD-A79768653",NA,NA,NA,"sirolimus",0.0180122,1.74443323945649,FALSE,"Upregula NQO1",2.10976989279586
1020,"radicicol","MCF7","24 h","5.0 µM",0.000812116,0.00484182,0.956879,0.000314169022934339,"LINCS L1000","l1000_results_up","up","DEB001_MCF7_24H:BRD-A39996500-001-01-4:5","BRD-A39996500",NA,NA,NA,"radicicol",0.00484182,2.31499135997066,FALSE,"Upregula NQO1",2.21516661753737
1021,"BRD-K38625260","VCAP","24 h","10.0 µM",0.000826059,0.0172396,1.57301,0.00121506682867558,"LINCS L1000","l1000_results_up","up","CPC009_VCAP_24H:BRD-K38625260-019-01-0:10","BRD-K38625260",NA,NA,NA,"brd-k38625260",0.0172396,1.7634728150663,FALSE,"Upregula NQO1",2.77396037282744
1022,"MLN-2238","HT29","6 h","10.0 µM",0.000831533,0.00460497,1.07769,0.000284090909090909,"LINCS L1000","l1000_results_up","up","CPC006_HT29_6H:BRD-K78659596-001-01-3:10","BRD-K78659596",NA,NA,NA,"mln-2238",0.00460497,2.33677319475636,FALSE,"Upregula NQO1",2.51831710425698
1023,"tretinoin","VCAP","6 h","1.0 µM",0.000836517,0.0199436,0.649906,0.0006765899864682,"LINCS L1000","l1000_results_up","up","ERG005_VCAP_6H:BRD-K71879491-001-17-6:1","BRD-K71879491",NA,NA,NA,"tretinoin",0.0199436,1.70019644487005,FALSE,"Upregula NQO1",1.10496787069971
1024,"BRD-K74486276","VCAP","6 h","10.0 µM",0.000836787,0.0246454,1.7557,0.00156494522691706,"LINCS L1000","l1000_results_up","up","CPC019_VCAP_6H:BRD-K74486276-001-01-2:10","BRD-K74486276",NA,NA,NA,"brd-k74486276",0.0246454,1.60826412876172,FALSE,"Upregula NQO1",2.82362933086695
1025,"scriptaid","NPC","24 h","10.0 µM",0.000851209,0.00331898,1.87207,0.000182882223847842,"LINCS L1000","l1000_results_up","up","CPC015_NPC_24H:BRD-K22503835-001-06-0:10","BRD-K22503835",NA,NA,NA,"scriptaid",0.00331898,2.47899536461936,FALSE,"Upregula NQO1",4.64085285224296
1026,"tubastatin-a","MCF7","24 h","0.078125 µM",0.000854079,0.00704133,1.71285,0.00033311125916056,"LINCS L1000","l1000_results_up","up","HDAC002_MCF7_24H:BRD-K00627859-001-03-1:0.078125","BRD-K00627859",NA,NA,NA,"tubastatin-a",0.00704133,2.15234530149617,FALSE,"Upregula NQO1",3.68664464966772
1027,"perhexiline","PC3","6 h","10.0 µM",0.000858167,0.0206061,1.2338,0.00133333333333333,"LINCS L1000","l1000_results_up","up","CPC006_PC3_6H:BRD-A19633847-050-20-6:10","BRD-A19633847",NA,NA,NA,"perhexiline",0.0206061,1.68600419690358,FALSE,"Upregula NQO1",2.08019197813964
1028,"trichostatin-a","HL60","24 h","0.37037 µM",0.000860697,0.00310129,1.70828,0.000172651933701658,"LINCS L1000","l1000_results_up","up","AML001_HL60_24H:BRD-A19037878:0.37037","BRD-A19037878",NA,NA,NA,"trichostatin-a",0.00310129,2.50845762121478,FALSE,"Upregula NQO1",4.28514798516878
1029,"BRD-K96635690","A549","24 h","4.92 µM",0.000861877,0.0155877,2.24583,0.000865800865800866,"LINCS L1000","l1000_results_up","up","DOS045_A549_24H:BRD-K96635690-001-01-6:4.92","BRD-K96635690",NA,NA,NA,"brd-k96635690",0.0155877,1.80721796120616,FALSE,"Upregula NQO1",4.05870431381563
1030,"CHEMBL-399379","SW948","6 h","80.0 µM",0.0008653,0.00560131,1.81246,0.000271517784414879,"LINCS L1000","l1000_results_up","up","CPC006_SW948_6H:BRD-K43620258-001-01-6:80","BRD-K43620258",NA,NA,NA,"chembl-399379",0.00560131,2.25171039098707,FALSE,"Upregula NQO1",4.08113501524843
1031,"vorinostat","HEK293T","6 h","2.5 µM",0.000875221,0.00574328,1.33266,0.000338753387533875,"LINCS L1000","l1000_results_up","up","BRAF001_HEK293T_6H:BRD-K81418486-001-15-2:2.5","BRD-K81418486",NA,NA,NA,"vorinostat",0.00574328,2.24084001020487,FALSE,"Upregula NQO1",2.98627784799963
1032,"quiflapon","HCC515","24 h","80.0 µM",0.000875666,0.0176305,1.19611,0.00127064803049555,"LINCS L1000","l1000_results_up","up","CPC006_HCC515_24H:BRD-K39503511-001-02-1:80","BRD-K39503511",NA,NA,NA,"quiflapon",0.0176305,1.75373537095866,FALSE,"Upregula NQO1",2.09766041455736
1033,"radicicol","PC3","6 h","1.0 µM",0.000882386,0.0167963,1.1483,0.000831946755407654,"LINCS L1000","l1000_results_up","up","DEB001_PC3_6H:BRD-A39996500-001-01-4:1","BRD-A39996500",NA,NA,NA,"radicicol",0.0167963,1.77478637699784,FALSE,"Upregula NQO1",2.03798719670662
1034,"BVT-948","MCF7","24 h","10.0 µM",0.000883332,0.0272438,1.1556,0.00198019801980198,"LINCS L1000","l1000_results_up","up","CPC005_MCF7_24H:BRD-A22713669-001-01-9:10","BRD-A22713669",NA,NA,NA,"bvt-948",0.0272438,1.56473231658555,FALSE,"Upregula NQO1",1.80820466504626
1035,"trichostatin-a","JURKAT","6 h","10.0 µM",0.000887591,0.00637371,1.83223,0.000337268128161889,"LINCS L1000","l1000_results_up","up","PCLB001_JURKAT_6H:BRD-A19037878-001-02-3:10","BRD-A19037878",NA,NA,NA,"trichostatin-a",0.00637371,2.19560770055242,FALSE,"Upregula NQO1",4.02285829718317
1036,"vorinostat","HEK293T","24 h","2.5 µM",0.000895198,0.00400689,0.968459,0.000237473284255521,"LINCS L1000","l1000_results_up","up","BRAF001_HEK293T_24H:BRD-K81418486-001-15-2:2.5","BRD-K81418486",NA,NA,NA,"vorinostat",0.00400689,2.39719257996529,FALSE,"Upregula NQO1",2.3215827288006
1037,"ISOX","MCF7","24 h","10.0 µM",0.000899132,0.00230057,0.733109,0.000159846547314578,"LINCS L1000","l1000_results_up","up","CPC006_MCF7_24H:BRD-K69840642-001-01-4:10","BRD-K69840642",NA,NA,NA,"isox",0.00230057,2.63816454781487,FALSE,"Upregula NQO1",1.93406217348401
1038,"BRD-K49010888","HT29","6 h","10.0 µM",0.000903904,0.0223398,1.09233,0.0010989010989011,"LINCS L1000","l1000_results_up","up","CPC019_HT29_6H:BRD-K49010888-001-01-2:10","BRD-K49010888",NA,NA,NA,"brd-k49010888",0.0223398,1.65092071928152,FALSE,"Upregula NQO1",1.80335022929278
1039,"ST-4062971","HT29","6 h","10.0 µM",0.000904727,0.034682,0.830415,0.00266666666666667,"LINCS L1000","l1000_results_up","up","CPC014_HT29_6H:BRD-K46062088-001-01-4:10","BRD-K46062088",NA,NA,NA,"st-4062971",0.034682,1.45989586610013,FALSE,"Upregula NQO1",1.21231942564754
1040,"mycophenolate-mofetil","PC3","24 h","10.0 µM",0.000913272,0.00935883,1.35221,0.000541418516513265,"LINCS L1000","l1000_results_up","up","CPC003_PC3_24H:BRD-K92428153-001-01-0:10","BRD-K92428153",NA,NA,NA,"mycophenolate-mofetil",0.00935883,2.02877844146534,FALSE,"Upregula NQO1",2.74333449633385
1041,"BRD-K60870698","MCF7","6 h","10.0 µM",0.000913331,0.0208809,1.24101,0.00130208333333333,"LINCS L1000","l1000_results_up","up","CPC007_MCF7_6H:BRD-K60870698-001-08-8:10","BRD-K60870698",NA,NA,NA,"brd-k60870698",0.0208809,1.68025078648347,FALSE,"Upregula NQO1",2.08520802853385
1042,"15-delta-prostaglandin-j2","MCF7","6 h","10.0 µM",0.0009238,0.0307572,1.00004,0.00191570881226054,"LINCS L1000","l1000_results_up","up","CPC014_MCF7_6H:BRD-K05396879-001-05-9:10","BRD-K05396879",NA,NA,NA,"15-delta-prostaglandin-j2",0.0307572,1.51205320332764,FALSE,"Upregula NQO1",1.51211368545578
1043,"estradiol","VCAP","48 h","5.0 µM",0.000930359,0.0140508,0.763279,0.000686813186813187,"LINCS L1000","l1000_results_up","up","ERG005_VCAP_48H:BRD-K18910433-001-14-3:5","BRD-K18910433",NA,NA,NA,"estradiol",0.0140508,1.85229894795146,FALSE,"Upregula NQO1",1.41382088869345
1044,"MLN-4924","HCC515","24 h","11.1 µM",0.000936226,0.0057055,1.11856,0.000298418382572366,"LINCS L1000","l1000_results_up","up","CPC006_HCC515_24H:BRD-K67844266-001-01-3:11.1","BRD-K67844266",NA,NA,NA,"mln-4924",0.0057055,2.2437062902947,FALSE,"Upregula NQO1",2.50972010807204
1045,"KU-C103884","A375","6 h","10.0 µM",0.000937702,0.0420983,2.46321,0.00326797385620915,"LINCS L1000","l1000_results_up","up","CPC009_A375_6H:BRD-K92559570-001-03-3:10","BRD-K92559570",NA,NA,NA,"ku-c103884",0.0420983,1.37573544135022,FALSE,"Upregula NQO1",3.38872529648828
1046,"methylene-blue","MCF7","24 h","10.0 µM",0.000944302,0.0036062,0.6392,0.000220118864186661,"LINCS L1000","l1000_results_up","up","CPC006_MCF7_24H:BRD-K16406336-311-01-2:10","BRD-K16406336",NA,NA,NA,"methylene-blue",0.0036062,2.4429501909559,FALSE,"Upregula NQO1",1.56153376205901
1047,"NPK76-II-72-1","SKBR3","6 h","2.0 µM",0.000946836,0.0353496,1.1397,0.00227272727272727,"LINCS L1000","l1000_results_up","up","LJP001_SKBR3_6H:BRD-A68739437-001-02-8:2","BRD-A68739437",NA,NA,NA,"npk76-ii-72-1",0.0353496,1.45161549611816,FALSE,"Upregula NQO1",1.65440618092587
1048,"TW-37","VCAP","6 h","10.0 µM",0.00094722,0.00425771,1.15504,0.000200924251557163,"LINCS L1000","l1000_results_up","up","CPC006_VCAP_6H:BRD-K28360340-001-01-8:10","BRD-K28360340",NA,NA,NA,"tw-37",0.00425771,2.37082392243946,FALSE,"Upregula NQO1",2.73839646337448
1049,"thiazolopyrimidine","PC3","24 h","40.0 µM",0.000948912,0.0214232,0.770028,0.00127877237851662,"LINCS L1000","l1000_results_up","up","CPC006_PC3_24H:BRD-A75517195-001-01-3:40","BRD-A75517195",NA,NA,NA,"thiazolopyrimidine",0.0214232,1.66911565775517,FALSE,"Upregula NQO1",1.2852657917099
1050,"BRD-K05562558","A375","6 h","10.0 µM",0.00096157,0.043444,0.907236,0.00387596899224806,"LINCS L1000","l1000_results_up","up","CPC012_A375_6H:BRD-K05562558-001-01-3:10","BRD-K05562558",NA,NA,NA,"brd-k05562558",0.043444,1.36207019497648,FALSE,"Upregula NQO1",1.23571911540969
1051,"BRD-K79779816","VCAP","24 h","10.0 µM",0.000962356,0.0069872,1.28057,0.000310945273631841,"LINCS L1000","l1000_results_up","up","CPC013_VCAP_24H:BRD-K79779816-001-01-2:10","BRD-K79779816",NA,NA,NA,"brd-k79779816",0.0069872,2.15569682542274,FALSE,"Upregula NQO1",2.76052068373159
1052,"wortmannin","PC3","6 h","10.0 µM",0.000965277,0.00532313,1.41811,0.000298329355608592,"LINCS L1000","l1000_results_up","up","CPC020_PC3_6H:BRD-A75409952:10","BRD-A75409952",NA,NA,NA,"wortmannin",0.00532313,2.27383292747871,FALSE,"Upregula NQO1",3.22454521278684
1053,"CVF-SUMO-11","PC3","6 h","10.0 µM",0.000966909,0.0169403,1.22431,0.000947867298578199,"LINCS L1000","l1000_results_up","up","CPC020_PC3_6H:BRD-A50774520-001-01-5:10","BRD-A50774520",NA,NA,NA,"cvf-sumo-11",0.0169403,1.77107890290786,FALSE,"Upregula NQO1",2.16834961161912
1054,"cytarabine","PC3","24 h","10.0 µM",0.000967856,0.00987918,1.36332,0.000438981562774363,"LINCS L1000","l1000_results_up","up","CPC011_PC3_24H:BRD-K33106058-001-12-7:10","BRD-K33106058",NA,NA,NA,"cytarabine",0.00987918,2.00527910159196,FALSE,"Upregula NQO1",2.73383710478235
1055,"BRD-K78716413","A375","6 h","10.0 µM",0.000980845,0.0424931,2.13244,0.00266666666666667,"LINCS L1000","l1000_results_up","up","CPC006_A375_6H:BRD-K78716413-001-02-0:10","BRD-K78716413",NA,NA,NA,"brd-k78716413",0.0424931,1.37168158466045,FALSE,"Upregula NQO1",2.92502867839334
1056,"alvespimycin","VCAP","24 h","5.0 µM",0.000987192,0.00339923,0.548864,0.000188786105342647,"LINCS L1000","l1000_results_up","up","ERG005_VCAP_24H:BRD-A06304526-001-01-0:5","BRD-A06304526",NA,NA,NA,"alvespimycin",0.00339923,2.46861944902346,FALSE,"Upregula NQO1",1.35493634526881
1057,"wortmannin","PC3","6 h","10.0 µM",0.00101331,0.0122923,1.80597,0.000628140703517588,"LINCS L1000","l1000_results_up","up","CPC008_PC3_6H:BRD-A75409952:10","BRD-A75409952",NA,NA,NA,"wortmannin",0.0122923,1.91036684910272,FALSE,"Upregula NQO1",3.45006521847403
1058,"GR-235","VCAP","24 h","10.0 µM",0.00101721,0.0110222,1.37212,0.000536480686695279,"LINCS L1000","l1000_results_up","up","CPC014_VCAP_24H:BRD-K26674531-001-01-3:10","BRD-K26674531",NA,NA,NA,"gr-235",0.0110222,1.95773171287974,FALSE,"Upregula NQO1",2.68624283787655
1059,"losartan","PC3","24 h","160.0 µM",0.00101836,0.0286136,0.822617,0.00159744408945687,"LINCS L1000","l1000_results_up","up","CPC006_PC3_24H:BRD-K76205745-237-05-8:160","BRD-K76205745",NA,NA,NA,"losartan",0.0286136,1.54342749830177,FALSE,"Upregula NQO1",1.2696496983705
1060,"SA-792987","VCAP","24 h","10.0 µM",0.00102279,0.00941153,1.37916,0.000401767778224186,"LINCS L1000","l1000_results_up","up","CPC001_VCAP_24H:BRD-K82823804-001-01-7:10","BRD-K82823804",NA,NA,NA,"sa-792987",0.00941153,2.02633976907603,FALSE,"Upregula NQO1",2.7946467559189
1061,"lovastatin","HA1E","6 h","40.0 µM",0.00102411,0.0457745,1.18241,0.00348432055749129,"LINCS L1000","l1000_results_up","up","CPC006_HA1E_6H:BRD-A70155556-001-04-4:40","BRD-A70155556",NA,NA,NA,"lovastatin",0.0457745,1.33937639084772,FALSE,"Upregula NQO1",1.58369203830225
1062,"canertinib","PC3","6 h","10.0 µM",0.00102424,0.00909399,1.53217,0.000338753387533875,"LINCS L1000","l1000_results_up","up","CPC014_PC3_6H:BRD-K50168500-001-01-2:10","BRD-K50168500",NA,NA,NA,"canertinib",0.00909399,2.04124552769273,FALSE,"Upregula NQO1",3.12753516016497
1063,"AS-605240","HT29","6 h","10.0 µM",0.00102728,0.00792783,0.985571,0.000382995021064726,"LINCS L1000","l1000_results_up","up","CPC006_HT29_6H:BRD-K41895714-001-02-2:10","BRD-K41895714",NA,NA,NA,"as-605240",0.00792783,2.10084567119351,FALSE,"Upregula NQO1",2.07053256900385
1064,"wortmannin","PC3","6 h","10.0 µM",0.0010281,0.00412501,1.11436,0.000214270409256482,"LINCS L1000","l1000_results_up","up","ASG001_PC3_6H:BRD-A75409952-001-05-7:10","BRD-A75409952",NA,NA,NA,"wortmannin",0.00412501,2.38457499428022,FALSE,"Upregula NQO1",2.65727499062611
1065,"trichostatin-a","U266","24 h","1.11 µM",0.00102903,0.00365052,2.45848,0.000176553672316384,"LINCS L1000","l1000_results_up","up","PCLB001_U266_24H:BRD-A19037878-001-02-3:1.11","BRD-A19037878",NA,NA,NA,"trichostatin-a",0.00365052,2.43764526785986,FALSE,"Upregula NQO1",5.99290213812811
1066,"phorbol-myristate-acetate","HL60","24 h","1.11111 µM",0.00103485,0.00317194,1.58472,0.000161655350792111,"LINCS L1000","l1000_results_up","up","AML001_HL60_24H:BRD-K68552125:1.11111","BRD-K68552125",NA,NA,NA,"phorbol-myristate-acetate",0.00317194,2.49867503633406,FALSE,"Upregula NQO1",3.95970030357931
1067,"tacedinaline","MCF7","6 h","0.625 µM",0.00104684,0.00817935,0.726224,0.00036941263391208,"LINCS L1000","l1000_results_up","up","HDAC001_MCF7_6H:BRD-K52313696-001-08-1:0.625","BRD-K52313696",NA,NA,NA,"tacedinaline",0.00817935,2.08728120765258,FALSE,"Upregula NQO1",1.51583370774629
1068,"BRD-K24426149","VCAP","24 h","10.0 µM",0.00104922,0.0287985,1.44449,0.00159489633173844,"LINCS L1000","l1000_results_up","up","CPC007_VCAP_24H:BRD-K24426149-001-07-1:10","BRD-K24426149",NA,NA,NA,"brd-k24426149",0.0287985,1.5406301323341,FALSE,"Upregula NQO1",2.22542481985529
1069,"amlodipine","VCAP","24 h","10.0 µM",0.00105687,0.0306437,0.918896,0.00189035916824197,"LINCS L1000","l1000_results_up","up","CPC004_VCAP_24H:BRD-A22032524-074-04-0:10","BRD-A22032524",NA,NA,NA,"amlodipine",0.0306437,1.51365879802869,FALSE,"Upregula NQO1",1.39089501487337
1070,"alvespimycin","HT29","6 h","10.0 µM",0.00105755,0.0110463,1.15051,0.000528262017960909,"LINCS L1000","l1000_results_up","up","CPC014_HT29_6H:BRD-K83988098-003-01-8:10","BRD-K83988098",NA,NA,NA,"alvespimycin",0.0110463,1.95678316620239,FALSE,"Upregula NQO1",2.25129860054751
1071,"PKCbeta-inhibitor","MCF7","6 h","10.0 µM",0.00106231,0.0487743,0.71883,0.00421940928270042,"LINCS L1000","l1000_results_up","up","CPC006_MCF7_6H:BRD-K89687904-001-01-8:10","BRD-K89687904",NA,NA,NA,"pkcbeta-inhibitor",0.0487743,1.31180895480518,FALSE,"Upregula NQO1",0.942967630982606
1072,"PK-11195","PC3","24 h","160.0 µM",0.00106325,0.0329297,0.780558,0.00247524752475247,"LINCS L1000","l1000_results_up","up","CPC006_PC3_24H:BRD-A41451487-001-06-2:160","BRD-A41451487",NA,NA,NA,"pk-11195",0.0329297,1.4824122258304,FALSE,"Upregula NQO1",1.15710872216972
1073,"KO-143","VCAP","24 h","40.0 µM",0.00106371,0.00503544,1.22762,0.000227583067819754,"LINCS L1000","l1000_results_up","up","CPC006_VCAP_24H:BRD-K64642496-001-01-6:40","BRD-K64642496",NA,NA,NA,"ko-143",0.00503544,2.29796257451989,FALSE,"Upregula NQO1",2.82102481573211
1074,"CVF-SUMO-13","MCF7","6 h","10.0 µM",0.001074,0.0264264,0.896857,0.00130548302872063,"LINCS L1000","l1000_results_up","up","CPC014_MCF7_6H:BRD-A06929388-001-01-1:10","BRD-A06929388",NA,NA,NA,"cvf-sumo-13",0.0264264,1.57796199565085,FALSE,"Upregula NQO1",1.41520626153343
1075,"BRD-K78062244","PC3","6 h","10.0 µM",0.00108116,0.00649457,1.37427,0.000260010400416017,"LINCS L1000","l1000_results_up","up","CPC014_PC3_6H:BRD-K78062244-001-06-5:10","BRD-K78062244",NA,NA,NA,"brd-k78062244",0.00649457,2.18744959791031,FALSE,"Upregula NQO1",3.00614635892021
1076,"kinetin-riboside","HA1E","6 h","10.0 µM",0.00108256,0.0120457,1.05349,0.000522193211488251,"LINCS L1000","l1000_results_up","up","CPC006_HA1E_6H:BRD-K94325918-001-03-8:10","BRD-K94325918",NA,NA,NA,"kinetin-riboside",0.0120457,1.91916795720122,FALSE,"Upregula NQO1",2.02182425123191
1077,"BRD-K96396151","PC3","6 h","10.0106 µM",0.00108425,0.0413292,1.28821,0.00253164556962025,"LINCS L1000","l1000_results_up","up","ERG012_PC3_6H:BRD-K96396151-001-01-7:10.0106","BRD-K96396151",NA,NA,NA,"brd-k96396151",0.0413292,1.38374300117723,FALSE,"Upregula NQO1",1.78255157154653
1078,"BRD-K21672423","A375","6 h","10.0 µM",0.00109043,0.0102802,1.32246,0.000465766185374942,"LINCS L1000","l1000_results_up","up","CPC012_A375_6H:BRD-K21672423-001-01-3:10","BRD-K21672423",NA,NA,NA,"brd-k21672423",0.0102802,1.98799843611395,FALSE,"Upregula NQO1",2.62904841182325
1079,"wortmannin","HT29","6 h","10.0 µM",0.00109059,0.019841,1.11269,0.00108932461873638,"LINCS L1000","l1000_results_up","up","CPC014_HT29_6H:BRD-A75409952:10","BRD-A75409952",NA,NA,NA,"wortmannin",0.019841,1.70243644289064,FALSE,"Upregula NQO1",1.89428400563999
1080,"sulforaphane","A375","24 h","10.0 µM",0.00109082,0.0291602,1.03167,0.0015015015015015,"LINCS L1000","l1000_results_up","up","CPC006_A375_24H:BRD-A58955223-001-01-2:10","BRD-A58955223",NA,NA,NA,"sulforaphane",0.0291602,1.53520950166413,FALSE,"Upregula NQO1",1.58382958658183
1081,"BI-2536","MCF7","6 h","10.0 µM",0.00109558,0.00820045,1.46117,0.000390930414386239,"LINCS L1000","l1000_results_up","up","LJP001_MCF7_6H:BRD-K64890080-001-09-6:10","BRD-K64890080",NA,NA,NA,"bi-2536",0.00820045,2.08616231503646,FALSE,"Upregula NQO1",3.04823778986182
1082,"ST-056792","MCF7","6 h","10.0 µM",0.00109569,0.015089,1.6082,0.000677048070412999,"LINCS L1000","l1000_results_up","up","CPC012_MCF7_6H:BRD-K42308740-001-01-5:10","BRD-K42308740",NA,NA,NA,"st-056792",0.015089,1.82133954146183,FALSE,"Upregula NQO1",2.92907825057892
1083,"BRD-K61894884","MCF7","6 h","2.5 µM",0.00111877,0.00596572,0.746926,0.000256673511293635,"LINCS L1000","l1000_results_up","up","HDAC001_MCF7_6H:BRD-K61894884-001-01-6:2.5","BRD-K61894884",NA,NA,NA,"brd-k61894884",0.00596572,2.22433713402937,FALSE,"Upregula NQO1",1.66141523817202
1084,"fexaramine","PC3","24 h","10.0 µM",0.00112144,0.0279638,1.28453,0.00124069478908189,"LINCS L1000","l1000_results_up","up","CPC002_PC3_24H:BRD-K34170797-001-01-1:10","BRD-K34170797",NA,NA,NA,"fexaramine",0.0279638,1.55340381265113,FALSE,"Upregula NQO1",1.99539379946476
1085,"BRD-K87387614","VCAP","24 h","10.0 µM",0.00112334,0.0125323,1.65227,0.000557724484104852,"LINCS L1000","l1000_results_up","up","CPC019_VCAP_24H:BRD-K87387614-001-01-8:10","BRD-K87387614",NA,NA,NA,"brd-k87387614",0.0125323,1.90196921746212,FALSE,"Upregula NQO1",3.14256667893614
1086,"parthenolide","MCF7","24 h","10.0 µM",0.00112476,0.0266165,1.21177,0.00136054421768707,"LINCS L1000","l1000_results_up","up","CPC013_MCF7_24H:BRD-K28120222-001-05-0:10","BRD-K28120222",NA,NA,NA,"parthenolide",0.0266165,1.57484905369314,FALSE,"Upregula NQO1",1.90835483779373
1087,"PD-184352","MDAMB231","24 h","2.0 µM",0.00115296,0.00985952,1.04349,0.000385653682992673,"LINCS L1000","l1000_results_up","up","LJP001_MDAMB231_24H:BRD-K05104363-001-05-0:2","BRD-K05104363",NA,NA,NA,"pd-184352",0.00985952,2.0061442276983,FALSE,"Upregula NQO1",2.0933914401609
1088,"CVF-SUMO-11","HT29","6 h","10.0 µM",0.0011646,0.0140125,1.35271,0.000474608448030375,"LINCS L1000","l1000_results_up","up","CPC020_HT29_6H:BRD-A50774520-001-01-5:10","BRD-A50774520",NA,NA,NA,"cvf-sumo-11",0.0140125,1.85348437439697,FALSE,"Upregula NQO1",2.50722684809053
1089,"cyclopiazonic-acid","PC3","24 h","10.0 µM",0.00116611,0.0236493,1.10937,0.00107642626480086,"LINCS L1000","l1000_results_up","up","CPC002_PC3_24H:BRD-A10420615-001-03-6:10","BRD-A10420615",NA,NA,NA,"cyclopiazonic-acid",0.0236493,1.62618170949854,FALSE,"Upregula NQO1",1.80403720306639
1090,"niclosamide","A375","24 h","10.0 µM",0.00117631,0.00348048,0.99419,0.000163532297628782,"LINCS L1000","l1000_results_up","up","CPC006_A375_24H:BRD-K35960502-001-10-1:10","BRD-K35960502",NA,NA,NA,"niclosamide",0.00348048,2.4583608574971,FALSE,"Upregula NQO1",2.44407778091504
1091,"orantinib","VCAP","6 h","10.0 µM",0.00117802,0.0414411,1.47294,0.0022271714922049,"LINCS L1000","l1000_results_up","up","CPC014_VCAP_6H:BRD-K91696562-001-01-8:10","BRD-K91696562",NA,NA,NA,"orantinib",0.0414411,1.38256872532871,FALSE,"Upregula NQO1",2.03644077828567
1092,"EMF-sumo1-3","MCF7","24 h","10.0 µM",0.00119764,0.015195,1.06459,0.000604229607250755,"LINCS L1000","l1000_results_up","up","CPC014_MCF7_24H:BRD-K94018295-001-06-5:10","BRD-K94018295",NA,NA,NA,"emf-sumo1-3",0.015195,1.81829929558404,FALSE,"Upregula NQO1",1.93574324708581
1093,"BRD-K49010888","NOMO1","24 h","0.37 µM",0.00119977,0.00383912,1.34641,0.00021519259737465,"LINCS L1000","l1000_results_up","up","KMS002_NOMO1_24H:BRD-K49010888-001-01-2:0.37","BRD-K49010888",NA,NA,NA,"brd-k49010888",0.00383912,2.41576831285698,FALSE,"Upregula NQO1",3.25261461411377
1094,"lavendustin-c","VCAP","24 h","10.0 µM",0.00121102,0.00385573,1.64751,0.000168833361472227,"LINCS L1000","l1000_results_up","up","CPC014_VCAP_24H:BRD-K80725632-001-04-8:10","BRD-K80725632",NA,NA,NA,"lavendustin-c",0.00385573,2.4138933854579,FALSE,"Upregula NQO1",3.97691349147575
1095,"BRD-K92317137","HT29","6 h","10.0 µM",0.00121322,0.00771762,1.3218,0.000383435582822086,"LINCS L1000","l1000_results_up","up","CPC010_HT29_6H:BRD-K92317137-001-08-1:10","BRD-K92317137",NA,NA,NA,"brd-k92317137",0.00771762,2.11251660902013,FALSE,"Upregula NQO1",2.7923244538028
1096,"HEAT","MCF7","6 h","10.0 µM",0.0012163,0.0419266,1.64533,0.00274725274725275,"LINCS L1000","l1000_results_up","up","CPC017_MCF7_6H:BRD-A24429032-003-01-6:10","BRD-A24429032",NA,NA,NA,"heat",0.0419266,1.37751035488975,FALSE,"Upregula NQO1",2.26645911221075
1097,"aliskiren","VCAP","24 h","10.0 µM",0.00123053,0.0470616,1.13633,0.00314465408805032,"LINCS L1000","l1000_results_up","up","CPC004_VCAP_24H:BRD-K30020243-051-01-7:10","BRD-K30020243",NA,NA,NA,"aliskiren",0.0470616,1.32733331176776,FALSE,"Upregula NQO1",1.50828866216106
1098,"BRD-K29003210","HT29","6 h","10.0 µM",0.00123383,0.0491409,1.16029,0.00314465408805032,"LINCS L1000","l1000_results_up","up","CPC012_HT29_6H:BRD-K29003210-001-06-9:10","BRD-K29003210",NA,NA,NA,"brd-k29003210",0.0491409,1.30855689381739,FALSE,"Upregula NQO1",1.51830547832738
1099,"calcipotriol","HA1E","24 h","10.0 µM",0.00124625,0.00988619,1.54606,0.000333889816360601,"LINCS L1000","l1000_results_up","up","CRCGN001_HA1E_24H:BRD-A31158127-001-01-2:10","BRD-A31158127",NA,NA,NA,"calcipotriol",0.00988619,2.00497104720736,FALSE,"Upregula NQO1",3.09980553724542
1100,"BRD-K03358980","PC3","24 h","10.0 µM",0.00124692,0.0233331,0.967656,0.000919963201471941,"LINCS L1000","l1000_results_up","up","CPC019_PC3_24H:BRD-K03358980-001-01-6:10","BRD-K03358980",NA,NA,NA,"brd-k03358980",0.0233331,1.63202755767194,FALSE,"Upregula NQO1",1.5792412583466
1101,"diphencyprone","PC3","6 h","10.0 µM",0.00125354,0.0185597,1.27004,0.000749625187406297,"LINCS L1000","l1000_results_up","up","CPC011_PC3_6H:BRD-K51730347-001-03-1:10","BRD-K51730347",NA,NA,NA,"diphencyprone",0.0185597,1.73142904802004,FALSE,"Upregula NQO1",2.19898414814738
1102,"BRD-K88742110","PC3","6 h","10.0 µM",0.00125354,0.0124319,0.924964,0.000482392667631452,"LINCS L1000","l1000_results_up","up","HDAC001_PC3_6H:BRD-K88742110-001-01-2:10","BRD-K88742110",NA,NA,NA,"brd-k88742110",0.0124319,1.90546249191694,FALSE,"Upregula NQO1",1.76248420837346
1103,"STK-397047","HT29","6 h","10.0 µM",0.00125893,0.0169903,1.04301,0.00066006600660066,"LINCS L1000","l1000_results_up","up","CPC014_HT29_6H:BRD-K80622725-001-10-2:10","BRD-K80622725",NA,NA,NA,"stk-397047",0.0169903,1.76979895266749,FALSE,"Upregula NQO1",1.84591800562172
1104,"sirolimus","PC3","24 h","10.0 µM",0.00127203,0.00772188,1.55045,0.000284495021337127,"LINCS L1000","l1000_results_up","up","CPC004_PC3_24H:BRD-A79768653-001-02-1:10","BRD-A79768653",NA,NA,NA,"sirolimus",0.00772188,2.11227695170741,FALSE,"Upregula NQO1",3.27497979977475
1105,"trichostatin-a","HEK293T","24 h","2.5 µM",0.00127517,0.00361127,1.19409,0.000158957240502305,"LINCS L1000","l1000_results_up","up","BRAF001_HEK293T_24H:BRD-A19037878-001-01-5:2.5","BRD-A19037878",NA,NA,NA,"trichostatin-a",0.00361127,2.44234003992363,FALSE,"Upregula NQO1",2.91637381827241
1106,"BO2-inhibits-RAD51","HT29","24 h","40.0 µM",0.00127795,0.0102144,1.03892,0.000396196513470681,"LINCS L1000","l1000_results_up","up","CPC006_HT29_24H:BRD-K10882151-001-06-8:40","BRD-K10882151",NA,NA,NA,"bo2-inhibits-rad51",0.0102144,1.9907871390014,FALSE,"Upregula NQO1",2.06826857445134
1107,"BRD-K88742110","MCF7","6 h","10.0 µM",0.00131589,0.0113179,0.714964,0.000402414486921529,"LINCS L1000","l1000_results_up","up","HDAC001_MCF7_6H:BRD-K88742110-001-01-2:10","BRD-K88742110",NA,NA,NA,"brd-k88742110",0.0113179,1.94623414761929,FALSE,"Upregula NQO1",1.39148735111847
1108,"quiflapon","A375","24 h","80.0 µM",0.00132832,0.00534691,0.979131,0.000210128178188695,"LINCS L1000","l1000_results_up","up","CPC006_A375_24H:BRD-K39503511-001-02-1:80","BRD-K39503511",NA,NA,NA,"quiflapon",0.00534691,2.27189712594872,FALSE,"Upregula NQO1",2.2244849048273
1109,"bendroflumethiazide","VCAP","24 h","10.0 µM",0.00133164,0.00953168,0.854289,0.00033500837520938,"LINCS L1000","l1000_results_up","up","CPC020_VCAP_24H:BRD-A80017228-001-21-6:10","BRD-A80017228",NA,NA,NA,"bendroflumethiazide",0.00953168,2.02083054632632,FALSE,"Upregula NQO1",1.72637330659056
1110,"neratinib","MDAMB231","24 h","10.0 µM",0.00133187,0.0133295,0.88508,0.000536480686695279,"LINCS L1000","l1000_results_up","up","LJP001_MDAMB231_24H:BRD-K85606544-001-04-2:10","BRD-K85606544",NA,NA,NA,"neratinib",0.0133295,1.87518614100726,FALSE,"Upregula NQO1",1.65968974968271
1111,"BRD-K49010888","VCAP","6 h","10.0 µM",0.00133203,0.0299612,1.32946,0.00138504155124654,"LINCS L1000","l1000_results_up","up","CPC019_VCAP_6H:BRD-K49010888-001-01-2:10","BRD-K49010888",NA,NA,NA,"brd-k49010888",0.0299612,1.52344079634835,FALSE,"Upregula NQO1",2.02535360111328
1112,"elesclomol","SW948","6 h","10.0 µM",0.00133355,0.00670178,1.74984,0.000238663484486873,"LINCS L1000","l1000_results_up","up","CPC006_SW948_6H:BRD-K82135108-001-01-9:10","BRD-K82135108",NA,NA,NA,"elesclomol",0.00670178,2.17380983289499,FALSE,"Upregula NQO1",3.80381939799297
1113,"quinoclamine","HT29","6 h","11.1 µM",0.00133719,0.0131399,1.01263,0.000575705238917674,"LINCS L1000","l1000_results_up","up","CPC006_HT29_6H:BRD-K66792149-001-01-8:11.1","BRD-K66792149",NA,NA,NA,"quinoclamine",0.0131399,1.88140793992186,FALSE,"Upregula NQO1",1.90517012220307
1114,"HDAC1-selective","PC3","24 h","2.5 µM",0.00133982,0.00613115,0.728767,0.000264690312334569,"LINCS L1000","l1000_results_up","up","HDAC001_PC3_24H:BRD-K85133207-001-01-1:2.5","BRD-K85133207",NA,NA,NA,"hdac1-selective",0.00613115,2.21245805862804,FALSE,"Upregula NQO1",1.61236642201218
1115,"cucurbitacin-i","HCC515","6 h","10.0 µM",0.00134356,0.0132032,1.29488,0.00051413881748072,"LINCS L1000","l1000_results_up","up","CPC006_HCC515_6H:BRD-A28105619-001-01-3:10","BRD-A28105619",NA,NA,NA,"cucurbitacin-i",0.0132032,1.87932079804296,FALSE,"Upregula NQO1",2.43349491496987
1116,"PP-30","PC3","6 h","11.1 µM",0.00141938,0.0238921,1.18402,0.00119047619047619,"LINCS L1000","l1000_results_up","up","CPC006_PC3_6H:BRD-K30677119-001-01-0:11.1","BRD-K30677119",NA,NA,NA,"pp-30",0.0238921,1.6217456761886,FALSE,"Upregula NQO1",1.92017931552082
1117,"PF-750","HT29","24 h","80.0 µM",0.00143004,0.00843553,1.06621,0.000343878954607978,"LINCS L1000","l1000_results_up","up","CPC006_HT29_24H:BRD-K83213911-001-02-8:80","BRD-K83213911",NA,NA,NA,"pf-750",0.00843553,2.07388762571927,FALSE,"Upregula NQO1",2.21119972541815
1118,"SID-26681509","MCF7","6 h","88.8 µM",0.00143861,0.0179972,0.717492,0.00072463768115942,"LINCS L1000","l1000_results_up","up","CPC006_MCF7_6H:BRD-K08417745-001-02-9:88.8","BRD-K08417745",NA,NA,NA,"sid-26681509",0.0179972,1.74479505707107,FALSE,"Upregula NQO1",1.25187649508804
1119,"thiazolopyrimidine","A375","24 h","40.0 µM",0.00144481,0.00600917,0.977915,0.000216262975778547,"LINCS L1000","l1000_results_up","up","CPC006_A375_24H:BRD-A75517195-001-01-3:40","BRD-A75517195",NA,NA,NA,"thiazolopyrimidine",0.00600917,2.22118550958011,FALSE,"Upregula NQO1",2.17213062760103
1120,"rottlerin","A375","6 h","9.68 µM",0.00145139,0.0417025,1.74767,0.00209643605870021,"LINCS L1000","l1000_results_up","up","CPC006_A375_6H:BRD-K03816923-001-04-7:9.68","BRD-K03816923",NA,NA,NA,"rottlerin",0.0417025,1.37983790896725,FALSE,"Upregula NQO1",2.41150131836479
1121,"atracurium","VCAP","24 h","10.0 µM",0.00145624,0.0260044,0.979721,0.00108108108108108,"LINCS L1000","l1000_results_up","up","CPC011_VCAP_24H:BRD-A75935363-074-06-9:10","BRD-A75935363",NA,NA,NA,"atracurium",0.0260044,1.58495316225813,FALSE,"Upregula NQO1",1.55281189708069
1122,"RDR-01440SC","VCAP","24 h","10.0 µM",0.00146863,0.0142065,1.25159,0.000533902829684997,"LINCS L1000","l1000_results_up","up","CPC019_VCAP_24H:BRD-K19885561-001-02-5:10","BRD-K19885561",NA,NA,NA,"rdr-01440sc",0.0142065,1.84751290433244,FALSE,"Upregula NQO1",2.31232867593344
1123,"BRD-K62459624","PC3","6 h","10.0 µM",0.00146985,0.0224952,1.42327,0.00100908173562059,"LINCS L1000","l1000_results_up","up","CPC012_PC3_6H:BRD-K62459624-001-08-7:10","BRD-K62459624",NA,NA,NA,"brd-k62459624",0.0224952,1.64791014126213,FALSE,"Upregula NQO1",2.34542106675415
1124,"vorinostat","VCAP","24 h","10.0 µM",0.00148495,0.00800264,1.53664,0.000287521564117309,"LINCS L1000","l1000_results_up","up","CPC013_VCAP_24H:BRD-K81418486:10","BRD-K81418486",NA,NA,NA,"vorinostat",0.00800264,2.09676671947116,FALSE,"Upregula NQO1",3.22197561180817
1125,"BRD-K53592093","VCAP","6 h","10.0 µM",0.00149108,0.0239044,1.14537,0.000876424189307625,"LINCS L1000","l1000_results_up","up","CPC013_VCAP_6H:BRD-K53592093-001-01-3:10","BRD-K53592093",NA,NA,NA,"brd-k53592093",0.0239044,1.62152215261489,FALSE,"Upregula NQO1",1.85724282794052
1126,"AS-605240","A549","6 h","10.0 µM",0.00149556,0.036199,1.00628,0.00161030595813205,"LINCS L1000","l1000_results_up","up","CPC006_A549_6H:BRD-K41895714-001-02-2:10","BRD-K41895714",NA,NA,NA,"as-605240",0.036199,1.44130342671768,FALSE,"Upregula NQO1",1.45035481223747
1127,"BRD-K10436544","MCF7","24 h","5.0 µM",0.00150222,0.0150006,1.90532,0.000435729847494553,"LINCS L1000","l1000_results_up","up","HDAC002_MCF7_24H:BRD-K10436544-001-01-0:5","BRD-K10436544",NA,NA,NA,"brd-k10436544",0.0150006,1.82389136951247,FALSE,"Upregula NQO1",3.4750967041595
1128,"BRD-A58924247","PC3","6 h","10.0 µM",0.00153457,0.011402,1.03401,0.000427533133817871,"LINCS L1000","l1000_results_up","up","CPC007_PC3_6H:BRD-A58924247-001-08-5:10","BRD-A58924247",NA,NA,NA,"brd-a58924247",0.011402,1.94301896333189,FALSE,"Upregula NQO1",2.0091010382748
1129,"UK-356618","HA1E","24 h","10.0 µM",0.00155551,0.0287453,0.96127,0.00117508813160987,"LINCS L1000","l1000_results_up","up","CPC006_HA1E_24H:BRD-K57011718-001-01-5:10","BRD-K57011718",NA,NA,NA,"uk-356618",0.0287453,1.54143315448488,FALSE,"Upregula NQO1",1.48173344841168
1130,"HG-6-64-01","HT29","6 h","10.0 µM",0.00155557,0.0260838,1.77542,0.00105042016806723,"LINCS L1000","l1000_results_up","up","CPC013_HT29_6H:BRD-U37049823-000-01-2:10","BRD-U37049823",NA,NA,NA,"hg-6-64-01",0.0260838,1.58362913844577,FALSE,"Upregula NQO1",2.81160684497939
1131,"mevastatin","NPC","24 h","10.0 µM",0.00157092,0.043509,1.60476,0.00222222222222222,"LINCS L1000","l1000_results_up","up","CPC016_NPC_24H:BRD-K94441233-001-03-1:10","BRD-K94441233",NA,NA,NA,"mevastatin",0.043509,1.36142089830859,FALSE,"Upregula NQO1",2.18475380076969
1132,"lofepramine","VCAP","24 h","10.0 µM",0.00157093,0.0131658,1.00082,0.000385208012326656,"LINCS L1000","l1000_results_up","up","CPC011_VCAP_24H:BRD-K82147103-003-04-9:10","BRD-K82147103",NA,NA,NA,"lofepramine",0.0131658,1.88055274650629,FALSE,"Upregula NQO1",1.88209479975843
1133,"BRD-K86899078","VCAP","24 h","10.0 µM",0.0015876,0.00825654,1.05579,0.00030229746070133,"LINCS L1000","l1000_results_up","up","CPC019_VCAP_24H:BRD-K86899078-001-01-2:10","BRD-K86899078",NA,NA,NA,"brd-k86899078",0.00825654,2.08320191075672,FALSE,"Upregula NQO1",2.19942374535783
1134,"ST-4049616","VCAP","24 h","10.0 µM",0.00159221,0.0105209,1.55871,0.000327118089630357,"LINCS L1000","l1000_results_up","up","CPC013_VCAP_24H:BRD-K18587499-003-01-3:10","BRD-K18587499",NA,NA,NA,"st-4049616",0.0105209,1.97794710730061,FALSE,"Upregula NQO1",3.08304593562054
1135,"MLN-2238","VCAP","6 h","10.0 µM",0.00159401,0.00679078,1.06089,0.000234686693264492,"LINCS L1000","l1000_results_up","up","CPC006_VCAP_6H:BRD-K78659596-001-01-3:10","BRD-K78659596",NA,NA,NA,"mln-2238",0.00679078,2.16808033908614,FALSE,"Upregula NQO1",2.3000947509331
1136,"BRD-K41143549","VCAP","24 h","10.0 µM",0.00159726,0.0244452,1.09809,0.000844594594594595,"LINCS L1000","l1000_results_up","up","CPC005_VCAP_24H:BRD-K41143549-003-01-6:10","BRD-K41143549",NA,NA,NA,"brd-k41143549",0.0244452,1.61180640517695,FALSE,"Upregula NQO1",1.76990849546076
1137,"SPB02303","VCAP","24 h","10.0 µM",0.00160105,0.0102389,1.3914,0.000377073906485671,"LINCS L1000","l1000_results_up","up","CPC012_VCAP_24H:BRD-K99532291-001-03-1:10","BRD-K99532291",NA,NA,NA,"spb02303",0.0102389,1.98974669859368,FALSE,"Upregula NQO1",2.76853355642324
1138,"estradiol","VCAP","6 h","20.0 µM",0.00160487,0.00685803,0.871938,0.000220799293442261,"LINCS L1000","l1000_results_up","up","ERG005_VCAP_6H:BRD-K18910433-001-14-3:20","BRD-K18910433",NA,NA,NA,"estradiol",0.00685803,2.16380061942435,FALSE,"Upregula NQO1",1.88669998449963
1139,"ST-056792","HT29","6 h","10.0 µM",0.00160491,0.0175876,1.22193,0.000594883997620464,"LINCS L1000","l1000_results_up","up","CPC012_HT29_6H:BRD-K42308740-001-01-5:10","BRD-K42308740",NA,NA,NA,"st-056792",0.0175876,1.75479342022814,FALSE,"Upregula NQO1",2.14423472397938
1140,"BRD-K94493764","MCF7","6 h","10.0 µM",0.00161523,0.0348864,0.897214,0.00134048257372654,"LINCS L1000","l1000_results_up","up","CPC013_MCF7_6H:BRD-K94493764-001-01-3:10","BRD-K94493764",NA,NA,NA,"brd-k94493764",0.0348864,1.45734384398842,FALSE,"Upregula NQO1",1.30754929964022
1141,"vorinostat","PC3","6 h","5.0 µM",0.00162021,0.0098227,1.12344,0.000397930760047752,"LINCS L1000","l1000_results_up","up","DEB001_PC3_6H:BRD-K81418486-001-24-4:5","BRD-K81418486",NA,NA,NA,"vorinostat",0.0098227,2.00776911975595,FALSE,"Upregula NQO1",2.25560813989863
1142,"bortezomib","MCF7","6 h","0.04 µM",0.00162396,0.01002,0.692437,0.000349162011173184,"LINCS L1000","l1000_results_up","up","CPC006_MCF7_6H:BRD-K88510285-001-01-2:0.04","BRD-K88510285",NA,NA,NA,"bortezomib",0.01002,1.99913227846877,FALSE,"Upregula NQO1",1.38427315750608
1143,"triptolide","A375","24 h","0.08 µM",0.00162898,0.00264756,0.961283,0.000112523911331158,"LINCS L1000","l1000_results_up","up","CPC006_A375_24H:BRD-A13122391-001-01-9:0.08","BRD-A13122391",NA,NA,NA,"triptolide",0.00264756,2.57715418896414,FALSE,"Upregula NQO1",2.47737451023002
1144,"radicicol","PC3","24 h","10.0 µM",0.00163381,0.00701535,0.922765,0.000249687890137328,"LINCS L1000","l1000_results_up","up","DEB001_PC3_24H:BRD-A39996500-001-01-4:10","BRD-A39996500",NA,NA,NA,"radicicol",0.00701535,2.15395065688411,FALSE,"Upregula NQO1",1.98759027789967
1145,"GSK-1904529A","VCAP","24 h","10.0 µM",0.00164842,0.0286102,1.52073,0.000942507068803016,"LINCS L1000","l1000_results_up","up","CPC013_VCAP_24H:BRD-K04833372-001-01-3:10","BRD-K04833372",NA,NA,NA,"gsk-1904529a",0.0286102,1.54347910624253,FALSE,"Upregula NQO1",2.3472149812362
1146,"proscillaridin","MCF7","6 h","10.0 µM",0.00166698,0.0223751,1.11092,0.000737463126843658,"LINCS L1000","l1000_results_up","up","CPC015_MCF7_6H:BRD-A34806832-001-02-7:10","BRD-A34806832",NA,NA,NA,"proscillaridin",0.0223751,1.65023501503546,FALSE,"Upregula NQO1",1.8332790829032
1147,"geldanamycin","HT29","6 h","10.0 µM",0.00166807,0.0275962,0.775158,0.000968054211035818,"LINCS L1000","l1000_results_up","up","CPC018_HT29_6H:BRD-A19500257:10","BRD-A19500257",NA,NA,NA,"geldanamycin",0.0275962,1.55915071621922,FALSE,"Upregula NQO1",1.20858815088306
1148,"GSK-3-inhibitor-IX","MCF10A","24 h","10.0 µM",0.00167019,0.0453801,1.18118,0.0021551724137931,"LINCS L1000","l1000_results_up","up","LJP001_MCF10A_24H:BRD-K04923131-001-10-5:10","BRD-K04923131",NA,NA,NA,"gsk-3-inhibitor-ix",0.0453801,1.34313455143477,FALSE,"Upregula NQO1",1.58648366946372
1149,"RAN-27","PC3","6 h","10.0 µM",0.00167069,0.0125813,1.20022,0.000442477876106195,"LINCS L1000","l1000_results_up","up","CPC012_PC3_6H:BRD-K05114711-001-01-7:10","BRD-K05114711",NA,NA,NA,"ran-27",0.0125813,1.90027448181151,FALSE,"Upregula NQO1",2.28074743855981
1150,"HDAC1-selective","MCF7","24 h","10.0 µM",0.00167512,0.048139,2.01753,0.00215982721382289,"LINCS L1000","l1000_results_up","up","HDAC002_MCF7_24H:BRD-K85133207-001-01-1:10","BRD-K85133207",NA,NA,NA,"hdac1-selective",0.048139,1.31750293564372,FALSE,"Upregula NQO1",2.65810169774928
1151,"mosapride","PHH","24 h","10.0 µM",0.00168916,0.0238821,1.78104,0.000638569604086846,"LINCS L1000","l1000_results_up","up","CPC014_PHH_24H:BRD-A39052811-377-01-4:10","BRD-A39052811",NA,NA,NA,"mosapride",0.0238821,1.62192748749606,FALSE,"Upregula NQO1",2.88871773232998
1152,"mycophenolic-acid","A375","6 h","10.0 µM",0.00169157,0.0299034,1.09297,0.00115740740740741,"LINCS L1000","l1000_results_up","up","CPC018_A375_6H:BRD-K31542390-001-01-5:10","BRD-K31542390",NA,NA,NA,"mycophenolic-acid",0.0299034,1.52427942982638,FALSE,"Upregula NQO1",1.66599168841733
1153,"BMS-536924","VCAP","6 h","11.1 µM",0.00169884,0.00645779,1.00979,0.000195503421309873,"LINCS L1000","l1000_results_up","up","CPC006_VCAP_6H:BRD-K34581968-001-01-2:11.1","BRD-K34581968",NA,NA,NA,"bms-536924",0.00645779,2.18991608185278,FALSE,"Upregula NQO1",2.21135536029412
1154,"fluspirilene","A375","24 h","4.21 µM",0.00170204,0.0484802,0.983985,0.00245098039215686,"LINCS L1000","l1000_results_up","up","CPC006_A375_24H:BRD-K77947974-001-05-6:4.21","BRD-K77947974",NA,NA,NA,"fluspirilene",0.0484802,1.31443559720156,FALSE,"Upregula NQO1",1.29338491111238
1155,"PD-169316","VCAP","24 h","10.0 µM",0.00171472,0.0283259,1.23117,0.000896860986547085,"LINCS L1000","l1000_results_up","up","CPC001_VCAP_24H:BRD-K77133231-001-01-1:10","BRD-K77133231",NA,NA,NA,"pd-169316",0.0283259,1.54781628238869,FALSE,"Upregula NQO1",1.90562497238848
1156,"BRD-K80346834","MCF7","6 h","10.0 µM",0.00171518,0.042866,0.922363,0.00194931773879142,"LINCS L1000","l1000_results_up","up","CPC013_MCF7_6H:BRD-K80346834-001-01-5:10","BRD-K80346834",NA,NA,NA,"brd-k80346834",0.042866,1.36788704037499,FALSE,"Upregula NQO1",1.2616883942214
1157,"cercosporin","VCAP","24 h","10.0 µM",0.00171777,0.0217584,1.28655,0.000821692686935086,"LINCS L1000","l1000_results_up","up","CPC005_VCAP_24H:BRD-A78360835-001-01-1:10","BRD-A78360835",NA,NA,NA,"cercosporin",0.0217584,1.66237304356572,FALSE,"Upregula NQO1",2.13872603919948
1158,"palbociclib","BT20","24 h","2.0 µM",0.00172312,0.0188091,0.8654,0.000632911392405063,"LINCS L1000","l1000_results_up","up","LJP001_BT20_24H:BRD-K51313569-001-03-7:2","BRD-K51313569",NA,NA,NA,"palbociclib",0.0188091,1.72563198458704,FALSE,"Upregula NQO1",1.49336191946162
1159,"oxindole-I","MCF7","24 h","10.0 µM",0.00173196,0.010761,0.954644,0.000384467512495194,"LINCS L1000","l1000_results_up","up","CPC017_MCF7_24H:BRD-K51816706-001-01-7:10","BRD-K51816706",NA,NA,NA,"oxindole-i",0.010761,1.96814736860437,FALSE,"Upregula NQO1",1.87888007655395
1160,"ISOX","SW620","6 h","10.0 µM",0.00175009,0.0137367,1.43144,0.00043859649122807,"LINCS L1000","l1000_results_up","up","CPC006_SW620_6H:BRD-K69840642-001-01-4:10","BRD-K69840642",NA,NA,NA,"isox",0.0137367,1.86211758633932,FALSE,"Upregula NQO1",2.66550959778956
1161,"BRD-K87726525","PC3","24 h","10.0 µM",0.00175384,0.0328819,1.62567,0.00130039011703511,"LINCS L1000","l1000_results_up","up","CPC008_PC3_24H:BRD-K87726525-001-05-6:10","BRD-K87726525",NA,NA,NA,"brd-k87726525",0.0328819,1.48304309576474,FALSE,"Upregula NQO1",2.41093866949186
1162,"wortmannin","PC3","6 h","0.1 µM",0.00178289,0.0281771,1.10107,0.00104931794333683,"LINCS L1000","l1000_results_up","up","DEB001_PC3_6H:BRD-A75409952-001-05-7:0.1","BRD-A75409952",NA,NA,NA,"wortmannin",0.0281771,1.55010370671307,FALSE,"Upregula NQO1",1.70677268835056
1163,"ursolic-acid","HCC515","24 h","70.07 µM",0.00178722,0.0331373,1.22894,0.00137362637362637,"LINCS L1000","l1000_results_up","up","CPC006_HCC515_24H:BRD-K68185022-001-06-4:70.07","BRD-K68185022",NA,NA,NA,"ursolic-acid",0.0331373,1.479682880433,FALSE,"Upregula NQO1",1.81844147907934
1164,"BRD-K88742110","MCF7","24 h","2.5 µM",0.00178763,0.00818691,1.56981,0.000282246683601468,"LINCS L1000","l1000_results_up","up","HDAC002_MCF7_24H:BRD-K88742110-001-01-2:2.5","BRD-K88742110",NA,NA,NA,"brd-k88742110",0.00818691,2.08687998385231,FALSE,"Upregula NQO1",3.2760050674512
1165,"DG-041","SW948","6 h","40.0 µM",0.00179107,0.0453435,1.80269,0.00214132762312634,"LINCS L1000","l1000_results_up","up","CPC006_SW948_6H:BRD-K33272502-001-01-2:40","BRD-K33272502",NA,NA,NA,"dg-041",0.0453435,1.34348496034491,FALSE,"Upregula NQO1",2.42188690316416
1166,"T-5345967","HA1E","24 h","160.0 µM",0.00183302,0.0232551,0.808952,0.000706713780918728,"LINCS L1000","l1000_results_up","up","CPC006_HA1E_24H:BRD-K38985961-001-06-7:160","BRD-K38985961",NA,NA,NA,"t-5345967",0.0232551,1.63348178862484,FALSE,"Upregula NQO1",1.32140835987165
1167,"BRD-K87387614","PC3","24 h","10.0 µM",0.00184093,0.0252114,0.925431,0.000848896434634975,"LINCS L1000","l1000_results_up","up","CPC019_PC3_24H:BRD-K87387614-001-01-8:10","BRD-K87387614",NA,NA,NA,"brd-k87387614",0.0252114,1.59840303709258,FALSE,"Upregula NQO1",1.47921172101963
1168,"BRD-K61105081","VCAP","6 h","10.0 µM",0.00184619,0.0131723,1.16146,0.000373412994772218,"LINCS L1000","l1000_results_up","up","CPC019_VCAP_6H:BRD-K61105081-001-01-8:10","BRD-K61105081",NA,NA,NA,"brd-k61105081",0.0131723,1.88033838676207,FALSE,"Upregula NQO1",2.18393782268867
1169,"fludrocortisone","VCAP","6 h","10.0 µM",0.00185159,0.0370707,1.18238,0.00169779286926995,"LINCS L1000","l1000_results_up","up","CPC005_VCAP_6H:BRD-A38749782-001-03-3:10","BRD-A38749782",NA,NA,NA,"fludrocortisone",0.0370707,1.43096921318093,FALSE,"Upregula NQO1",1.69194937828087
1170,"Broad-Sai-370","MCF7","6 h","0.625 µM",0.00185327,0.00896951,0.700892,0.000269614451334592,"LINCS L1000","l1000_results_up","up","HDAC001_MCF7_6H:BRD-K83872150-001-01-3:0.625","BRD-K83872150",NA,NA,NA,"broad-sai-370",0.00896951,2.04723128160571,FALSE,"Upregula NQO1",1.43488802742719
1171,"betaxolol","VCAP","24 h","10.0 µM",0.00187089,0.0414537,0.739058,0.00160513643659711,"LINCS L1000","l1000_results_up","up","CPC011_VCAP_24H:BRD-A02759312-003-19-5:10","BRD-A02759312",NA,NA,NA,"betaxolol",0.0414537,1.38243669990578,FALSE,"Upregula NQO1",1.02170090255897
1172,"BRD-K78062244","PC3","6 h","10.0 µM",0.00187427,0.0288216,0.997609,0.0010351966873706,"LINCS L1000","l1000_results_up","up","CPC010_PC3_6H:BRD-K78062244-001-10-7:10","BRD-K78062244",NA,NA,NA,"brd-k78062244",0.0288216,1.54028191346363,FALSE,"Upregula NQO1",1.53659909940854
1173,"KU-C104495","A375","6 h","10.0 µM",0.00187961,0.0075921,1.30853,0.000226963231956423,"LINCS L1000","l1000_results_up","up","CPC008_A375_6H:BRD-K73044744-001-03-0:10","BRD-K73044744",NA,NA,NA,"ku-c104495",0.0075921,2.11963808019586,FALSE,"Upregula NQO1",2.77361001707869
1174,"SA-425500","PC3","24 h","10.0 µM",0.00188005,0.0194902,1.15393,0.000600240096038415,"LINCS L1000","l1000_results_up","up","CPC013_PC3_24H:BRD-K45818044-001-01-3:10","BRD-K45818044",NA,NA,NA,"sa-425500",0.0194902,1.71018370431744,FALSE,"Upregula NQO1",1.97343228192302
1175,"vorinostat","PC3","6 h","2.0 µM",0.00188332,0.00991295,1.16333,0.000314465408805031,"LINCS L1000","l1000_results_up","up","ASG001_PC3_6H:BRD-K81418486-001-24-4:2","BRD-K81418486",NA,NA,NA,"vorinostat",0.00991295,2.00379708435722,FALSE,"Upregula NQO1",2.33107726214529
1176,"BRD-K02562327","VCAP","24 h","10.0 µM",0.00189948,0.00794621,0.886425,0.000265886732252061,"LINCS L1000","l1000_results_up","up","CPC020_VCAP_24H:BRD-K02562327-001-01-6:10","BRD-K02562327",NA,NA,NA,"brd-k02562327",0.00794621,2.09983996172767,FALSE,"Upregula NQO1",1.86135063807445
1177,"BRD-K64525051","VCAP","6 h","10.0 µM",0.00190233,0.0302148,1.34104,0.00099304865938431,"LINCS L1000","l1000_results_up","up","CPC013_VCAP_6H:BRD-K64525051-001-01-0:10","BRD-K64525051",NA,NA,NA,"brd-k64525051",0.0302148,1.51978027611961,FALSE,"Upregula NQO1",2.03808614148744
1178,"BRD-K52785744","A549","24 h","5.08 µM",0.00190465,0.0124524,2.0858,0.000406008932196508,"LINCS L1000","l1000_results_up","up","DOS045_A549_24H:BRD-K52785744-001-01-7:5.08","BRD-K52785744",NA,NA,NA,"brd-k52785744",0.0124524,1.90474693721835,FALSE,"Upregula NQO1",3.97292116165004
1179,"BRD-K36354764","PC3","24 h","10.0 µM",0.00192367,0.0184163,0.932142,0.000491159135559921,"LINCS L1000","l1000_results_up","up","CPC009_PC3_24H:BRD-K36354764-001-04-2:10","BRD-K36354764",NA,NA,NA,"brd-k36354764",0.0184163,1.73479761903556,FALSE,"Upregula NQO1",1.61707772220304
1180,"BRD-A37735495","PC3","6 h","10.0 µM",0.00193438,0.0124638,1.00801,0.000336134453781513,"LINCS L1000","l1000_results_up","up","CPC010_PC3_6H:BRD-A37735495-001-10-6:10","BRD-A37735495",NA,NA,NA,"brd-a37735495",0.0124638,1.90434952850922,FALSE,"Upregula NQO1",1.91960336823258
1181,"BRD-K85565420","VCAP","24 h","10.0 µM",0.00194438,0.0118367,0.971002,0.000301023479831427,"LINCS L1000","l1000_results_up","up","ERG004_VCAP_24H:BRD-K85565420:10","BRD-K85565420",NA,NA,NA,"brd-k85565420",0.0118367,1.92676935939954,FALSE,"Upregula NQO1",1.87089690151568
1182,"ON-01910","VCAP","24 h","10.0 µM",0.00194558,0.0093694,1.30273,0.000283446712018141,"LINCS L1000","l1000_results_up","up","CPC013_VCAP_24H:BRD-K35687265-236-01-8:10","BRD-K35687265",NA,NA,NA,"on-01910",0.0093694,2.02828821968131,FALSE,"Upregula NQO1",2.64231191242544
1183,"torin-1","HT29","6 h","10.0 µM",0.00196354,0.0169342,1.03027,0.000482160077145612,"LINCS L1000","l1000_results_up","up","CPC014_HT29_6H:BRD-K40175214-001-01-7:10","BRD-K40175214",NA,NA,NA,"torin-1",0.0169342,1.77123531533421,FALSE,"Upregula NQO1",1.82485060832937
1184,"BRD-K14316227","PC3","6 h","10.0 µM",0.0019688,0.0352989,1.16678,0.00110132158590308,"LINCS L1000","l1000_results_up","up","CPC012_PC3_6H:BRD-K14316227-001-01-4:10","BRD-K14316227",NA,NA,NA,"brd-k14316227",0.0352989,1.45223882807885,FALSE,"Upregula NQO1",1.69444321982584
1185,"BRD-K86693415","VCAP","24 h","10.0 µM",0.00196892,0.0142443,1.32324,0.000395726157499011,"LINCS L1000","l1000_results_up","up","CPC012_VCAP_24H:BRD-K86693415-001-03-7:10","BRD-K86693415",NA,NA,NA,"brd-k86693415",0.0142443,1.84635888820106,FALSE,"Upregula NQO1",2.44317593522317
1186,"BRD-K87063901","VCAP","6 h","30.0 µM",0.00198946,0.0483392,1.24781,0.00190114068441065,"LINCS L1000","l1000_results_up","up","ERG004_VCAP_6H:BRD-K87063901-001-01-7:30","BRD-K87063901",NA,NA,NA,"brd-k87063901",0.0483392,1.31570054131895,FALSE,"Upregula NQO1",1.64174429246319
1187,"BRD-K93899689","VCAP","24 h","10.0 µM",0.001991,0.0165123,1.23135,0.000426803243704652,"LINCS L1000","l1000_results_up","up","CPC013_VCAP_24H:BRD-K93899689-001-01-4:10","BRD-K93899689",NA,NA,NA,"brd-k93899689",0.0165123,1.78219242959982,FALSE,"Upregula NQO1",2.19450264818774
1188,"wortmannin","PC3","6 h","10.0 µM",0.0020091,0.0200117,1.31313,0.000602772754671489,"LINCS L1000","l1000_results_up","up","CPC012_PC3_6H:BRD-A75409952:10","BRD-A75409952",NA,NA,NA,"wortmannin",0.0200117,1.69871601634835,FALSE,"Upregula NQO1",2.23063496254751
1189,"BRD-K92107474","A375","6 h","10.0 µM",0.00201491,0.0143762,1.37351,0.000368459837877671,"LINCS L1000","l1000_results_up","up","CPC010_A375_6H:BRD-K92107474-019-02-2:10","BRD-K92107474",NA,NA,NA,"brd-k92107474",0.0143762,1.84235589400341,FALSE,"Upregula NQO1",2.53049424397262
1190,"torin-2","HT29","6 h","10.0 µM",0.00202426,0.0150405,1.05579,0.000417536534446764,"LINCS L1000","l1000_results_up","up","CPC014_HT29_6H:BRD-K68174511-001-01-7:10","BRD-K68174511",NA,NA,NA,"torin-2",0.0150405,1.82273772600292,FALSE,"Upregula NQO1",1.92442826373662
1191,"kinetin-riboside","PC3","6 h","10.0 µM",0.00204471,0.0381657,1.11565,0.00120192307692308,"LINCS L1000","l1000_results_up","up","CPC006_PC3_6H:BRD-K94325918-001-03-8:10","BRD-K94325918",NA,NA,NA,"kinetin-riboside",0.0381657,1.41832676778129,FALSE,"Upregula NQO1",1.58235625847519
1192,"BRD-K64525051","VCAP","24 h","10.0 µM",0.00205489,0.0145278,1.2279,0.000384467512495194,"LINCS L1000","l1000_results_up","up","CPC013_VCAP_24H:BRD-K64525051-001-01-0:10","BRD-K64525051",NA,NA,NA,"brd-k64525051",0.0145278,1.83780014758774,FALSE,"Upregula NQO1",2.25663480122298
1193,"salermide","VCAP","24 h","120.0 µM",0.00205681,0.00713857,1.20363,0.000205803663305207,"LINCS L1000","l1000_results_up","up","CPC006_VCAP_24H:BRD-A67788537-001-01-7:120","BRD-A67788537",NA,NA,NA,"salermide",0.00713857,2.14638877748272,FALSE,"Upregula NQO1",2.58345792424153
1194,"indirubin","NPC","24 h","10.0 µM",0.00206289,0.0208612,1.84497,0.000570450656018254,"LINCS L1000","l1000_results_up","up","CPC015_NPC_24H:BRD-K19136521-001-03-0:10","BRD-K19136521",NA,NA,NA,"indirubin",0.0208612,1.68066071324464,FALSE,"Upregula NQO1",3.10076859611495
1195,"cediranib","HT29","6 h","10.0 µM",0.00207162,0.0445278,1.01898,0.0017636684303351,"LINCS L1000","l1000_results_up","up","CPC014_HT29_6H:BRD-K86930074-001-01-9:10","BRD-K86930074",NA,NA,NA,"cediranib",0.0445278,1.35136876167234,FALSE,"Upregula NQO1",1.37701774076889
1196,"EI-346-erlotinib-analog","MCF7","6 h","10.0 µM",0.00207309,0.0286731,0.8357,0.000915750915750916,"LINCS L1000","l1000_results_up","up","CPC014_MCF7_6H:BRD-U08759356-000-01-6:10","BRD-U08759356",NA,NA,NA,"ei-346-erlotinib-analog",0.0286731,1.54252535064916,FALSE,"Upregula NQO1",1.28908843553751
1197,"vorinostat","NPC","24 h","10.0 µM",0.0020761,0.00662114,1.50776,0.000185632077222944,"LINCS L1000","l1000_results_up","up","CPC016_NPC_24H:BRD-K81418486:10","BRD-K81418486",NA,NA,NA,"vorinostat",0.00662114,2.17906722912749,FALSE,"Upregula NQO1",3.28551040538927
1198,"AKT-inhibitor-1-2","MCF10A","24 h","10.0 µM",0.00207869,0.0226902,1.09369,0.000775795190069822,"LINCS L1000","l1000_results_up","up","LJP001_MCF10A_24H:BRD-K04887706-001-05-7:10","BRD-K04887706",NA,NA,NA,"akt-inhibitor-1-2",0.0226902,1.64416167606246,FALSE,"Upregula NQO1",1.79820318349275
1199,"niclosamide","NEU.KCL","None h","10.0 µM",0.00208173,0.0103115,1.46719,0.000240963855421687,"LINCS L1000","l1000_results_up","up","NMH002_NEU.KCL_24H.4H:BRD-K35960502-001-16-8:10","BRD-K35960502",NA,NA,NA,"niclosamide",0.0103115,1.98667815388832,FALSE,"Upregula NQO1",2.9148343206034
1200,"trichostatin-a","HT29","6 h","10.0 µM",0.00209011,0.0110235,1.58101,0.000322893122376493,"LINCS L1000","l1000_results_up","up","CPC013_HT29_6H:BRD-A19037878:10","BRD-A19037878",NA,NA,NA,"trichostatin-a",0.0110235,1.95768049356467,FALSE,"Upregula NQO1",3.09511243713068
1201,"RO-28-1675","PC3","6 h","160.0 µM",0.00209279,0.0234772,0.810064,0.000624609618988132,"LINCS L1000","l1000_results_up","up","CPC006_PC3_6H:BRD-K21672174-001-02-2:160","BRD-K21672174",NA,NA,NA,"ro-28-1675",0.0234772,1.62935370031458,FALSE,"Upregula NQO1",1.31988077589163
1202,"panobinostat","PC3","6 h","10.0 µM",0.00209725,0.00507294,0.88037,0.000175561797752809,"LINCS L1000","l1000_results_up","up","HDAC001_PC3_6H:BRD-K02130563-001-05-6:10","BRD-K02130563",NA,NA,NA,"panobinostat",0.00507294,2.29474027425327,FALSE,"Upregula NQO1",2.02022049524435
1203,"BRD-K51683034","VCAP","6 h","10.0 µM",0.00212113,0.0176239,1.4917,0.000467289719626168,"LINCS L1000","l1000_results_up","up","CPC013_VCAP_6H:BRD-K51683034-001-01-4:10","BRD-K51683034",NA,NA,NA,"brd-k51683034",0.0176239,1.75389798008626,FALSE,"Upregula NQO1",2.61628961689467
1204,"ST-056792","VCAP","6 h","10.0 µM",0.00214648,0.0274458,2.04883,0.000753012048192771,"LINCS L1000","l1000_results_up","up","CPC012_VCAP_6H:BRD-K42308740-001-01-5:10","BRD-K42308740",NA,NA,NA,"st-056792",0.0274458,1.5615241057269,FALSE,"Upregula NQO1",3.19929743353644
1205,"CAY-10618","SW948","6 h","10.0 µM",0.00215497,0.0271113,1.49035,0.000793650793650794,"LINCS L1000","l1000_results_up","up","CPC006_SW948_6H:BRD-K83289131-001-01-4:10","BRD-K83289131",NA,NA,NA,"cay-10618",0.0271113,1.56684965728893,FALSE,"Upregula NQO1",2.33515438674055
1206,"BRD-A58924247","HT29","6 h","10.0 µM",0.00216803,0.0155785,1.54982,0.000398406374501992,"LINCS L1000","l1000_results_up","up","CPC007_HT29_6H:BRD-A58924247-001-08-5:10","BRD-A58924247",NA,NA,NA,"brd-a58924247",0.0155785,1.8074743613672,FALSE,"Upregula NQO1",2.80125991473412
1207,"salmeterol","VCAP","6 h","10.0 µM",0.00217321,0.0387075,0.931465,0.00135135135135135,"LINCS L1000","l1000_results_up","up","CPC009_VCAP_6H:BRD-A01320529-001-08-3:10","BRD-A01320529",NA,NA,NA,"salmeterol",0.0387075,1.41220487753835,FALSE,"Upregula NQO1",1.31541941625626
1208,"BRD-K84023371","PC3","6 h","0.3125 µM",0.00218807,0.0206457,1.58707,0.000533049040511727,"LINCS L1000","l1000_results_up","up","ERG012_PC3_6H:BRD-K84023371-001-01-5:0.3125","BRD-K84023371",NA,NA,NA,"brd-k84023371",0.0206457,1.6851703876266,FALSE,"Upregula NQO1",2.67448336709054
1209,"JNK-9L","HT29","6 h","10.0 µM",0.00219358,0.00699309,1.03646,0.000172681747539285,"LINCS L1000","l1000_results_up","up","CPC014_HT29_6H:BRD-K19220233-001-01-5:10","BRD-K19220233",NA,NA,NA,"jnk-9l",0.00699309,2.15533088242016,FALSE,"Upregula NQO1",2.2339142463932
1210,"BRD-A18725729","PC3","6 h","10.0 µM",0.00222249,0.0297418,1.10894,0.000922509225092251,"LINCS L1000","l1000_results_up","up","CPC010_PC3_6H:BRD-A18725729-001-08-2:10","BRD-A18725729",NA,NA,NA,"brd-a18725729",0.0297418,1.52663275113311,FALSE,"Upregula NQO1",1.69294412304156
1211,"BRD-K19499941","VCAP","6 h","10.0 µM",0.00222685,0.0159702,1.26719,0.000446030330062444,"LINCS L1000","l1000_results_up","up","CPC014_VCAP_6H:BRD-K19499941-001-05-9:10","BRD-K19499941",NA,NA,NA,"brd-k19499941",0.0159702,1.79668964501665,FALSE,"Upregula NQO1",2.27674715126865
1212,"BRD-K60870698","MCF7","24 h","10.0 µM",0.00222812,0.00864385,1.26206,0.000223713646532439,"LINCS L1000","l1000_results_up","up","CPC007_MCF7_24H:BRD-K60870698-001-08-8:10","BRD-K60870698",NA,NA,NA,"brd-k60870698",0.00864385,2.06329277819989,FALSE,"Upregula NQO1",2.60399928365496
1213,"VU-0418947-2","VCAP","6 h","10.0 µM",0.00222889,0.0249662,1.08133,0.000750750750750751,"LINCS L1000","l1000_results_up","up","CPC008_VCAP_6H:BRD-K76907295-001-03-8:10","BRD-K76907295",NA,NA,NA,"vu-0418947-2",0.0249662,1.60264755474993,FALSE,"Upregula NQO1",1.73299088037774
1214,"torin-1","SKBR3","24 h","2.0 µM",0.00223112,0.0110455,1.42525,0.000252589037635767,"LINCS L1000","l1000_results_up","up","LJP001_SKBR3_24H:BRD-K40175214-001-03-3:2","BRD-K40175214",NA,NA,NA,"torin-1",0.0110455,1.95681462000748,FALSE,"Upregula NQO1",2.78895003716566
1215,"QL-X-138","MCF10A","24 h","10.0 µM",0.00223848,0.00812098,1.23982,0.000218770509735288,"LINCS L1000","l1000_results_up","up","LJP001_MCF10A_24H:BRD-K72636697-001-01-5:10","BRD-K72636697",NA,NA,NA,"ql-x-138",0.00812098,2.09039155907027,FALSE,"Upregula NQO1",2.5917092627665
1216,"fenretinide","SKB","24 h","10.0 µM",0.0022456,0.0242448,1.80653,0.000568504832291074,"LINCS L1000","l1000_results_up","up","CPC014_SKB_24H:BRD-K89085489-001-10-9:10","BRD-K89085489",NA,NA,NA,"fenretinide",0.0242448,1.61538139411206,FALSE,"Upregula NQO1",2.91823494990527
1217,"ispinesib","VCAP","24 h","10.0 µM",0.00225866,0.0243092,1.30476,0.000586510263929619,"LINCS L1000","l1000_results_up","up","CPC013_VCAP_24H:BRD-K64881305-001-01-1:10","BRD-K64881305",NA,NA,NA,"ispinesib",0.0243092,1.61422933327112,FALSE,"Upregula NQO1",2.10618186487883
1218,"curcumin","NPC","24 h","10.0 µM",0.00226258,0.0235986,1.11973,0.000629722921914358,"LINCS L1000","l1000_results_up","up","NMH002_NPC_24H:BRD-K74148702-001-05-3:10","BRD-K74148702",NA,NA,NA,"curcumin",0.0235986,1.62711376102606,FALSE,"Upregula NQO1",1.82192809163372
1219,"radicicol","PC3","6 h","2.0 µM",0.00228608,0.0280785,1.10766,0.000786782061369001,"LINCS L1000","l1000_results_up","up","ASG001_PC3_6H:BRD-A39996500-001-01-4:2","BRD-A39996500",NA,NA,NA,"radicicol",0.0280785,1.55162609665345,FALSE,"Upregula NQO1",1.71867416221916
1220,"MD-II-051","MCF7","24 h","10.0 µM",0.00228806,0.0379944,1.3721,0.00118623962040332,"LINCS L1000","l1000_results_up","up","CPC012_MCF7_24H:BRD-K86472598-001-02-7:10","BRD-K86472598",NA,NA,NA,"md-ii-051",0.0379944,1.42028040939161,FALSE,"Upregula NQO1",1.94876674972623
1221,"BRD-K62459624","SKB","24 h","10.0 µM",0.00231808,0.0235234,3.1812,0.000561482313307131,"LINCS L1000","l1000_results_up","up","CPC012_SKB_24H:BRD-K62459624-001-08-7:10","BRD-K62459624",NA,NA,NA,"brd-k62459624",0.0235234,1.62849990646828,FALSE,"Upregula NQO1",5.18058390245689
1222,"lylamine","VCAP","24 h","10.0 µM",0.00232316,0.0227594,1.08676,0.000593824228028504,"LINCS L1000","l1000_results_up","up","CPC001_VCAP_24H:BRD-K62289640-003-01-9:10","BRD-K62289640",NA,NA,NA,"lylamine",0.0227594,1.6428391913158,FALSE,"Upregula NQO1",1.78537191955436
1223,"BRD-K88198340","MCF7","24 h","10.0 µM",0.00232539,0.0138417,1.37191,0.000310462589257994,"LINCS L1000","l1000_results_up","up","CPC007_MCF7_24H:BRD-K88198340-001-05-0:10","BRD-K88198340",NA,NA,NA,"brd-k88198340",0.0138417,1.8588105677348,FALSE,"Upregula NQO1",2.55012080598105
1224,"AZD-6482","PC3","6 h","10.0 µM",0.00232987,0.0166394,1.33769,0.000365898280278083,"LINCS L1000","l1000_results_up","up","CPC014_PC3_6H:BRD-K58772419-001-01-3:10","BRD-K58772419",NA,NA,NA,"azd-6482",0.0166394,1.77886233798443,FALSE,"Upregula NQO1",2.37956636089839
1225,"trichostatin-a","VCAP","24 h","20.0 µM",0.00233056,0.00397465,0.985487,0.000114521300961979,"LINCS L1000","l1000_results_up","up","ERG005_VCAP_24H:BRD-A19037878-001-01-5:20","BRD-A19037878",NA,NA,NA,"trichostatin-a",0.00397465,2.40070110845682,FALSE,"Upregula NQO1",2.36585973326979
1226,"BRD-K76856691","A549","24 h","5.02 µM",0.00234013,0.0144109,2.04728,0.000395726157499011,"LINCS L1000","l1000_results_up","up","DOS045_A549_24H:BRD-K76856691-001-01-1:5.02","BRD-K76856691",NA,NA,NA,"brd-k76856691",0.0144109,1.84130889546442,FALSE,"Upregula NQO1",3.76967487550639
1227,"tretinoin","VCAP","6 h","5.0 µM",0.00235205,0.0259963,0.535507,0.000587199060481503,"LINCS L1000","l1000_results_up","up","ERG005_VCAP_6H:BRD-K71879491-001-17-6:5","BRD-K71879491",NA,NA,NA,"tretinoin",0.0259963,1.58508845987265,FALSE,"Upregula NQO1",0.848825965881025
1228,"BRD-K60870698","PC3","6 h","10.0 µM",0.00235584,0.0155806,1.0595,0.000390625,"LINCS L1000","l1000_results_up","up","CPC007_PC3_6H:BRD-K60870698-001-08-8:10","BRD-K60870698",NA,NA,NA,"brd-k60870698",0.0155806,1.80741582190917,FALSE,"Upregula NQO1",1.91495706331277
1229,"tipifarnib-P2","A375","24 h","10.0 µM",0.00235624,0.0266285,0.939854,0.000773993808049536,"LINCS L1000","l1000_results_up","up","CPC006_A375_24H:BRD-K62965247-001-01-5:10","BRD-K62965247",NA,NA,NA,"tipifarnib-p2",0.0266285,1.57465329695087,FALSE,"Upregula NQO1",1.47994419975246
1230,"auranofin","HCC515","6 h","10.0 µM",0.00236351,0.0279653,1.21515,0.000717875089734386,"LINCS L1000","l1000_results_up","up","CPC006_HCC515_6H:BRD-A79465854-001-01-3:10","BRD-A79465854",NA,NA,NA,"auranofin",0.0279653,1.55338051738184,FALSE,"Upregula NQO1",1.88759033569654
1231,"wortmannin","MCF7","6 h","10.0 µM",0.00237041,0.0290766,1.13681,8e-04,"LINCS L1000","l1000_results_up","up","CPC004_MCF7_6H:BRD-A75409952:10","BRD-A75409952",NA,NA,NA,"wortmannin",0.0290766,1.53645637799066,FALSE,"Upregula NQO1",1.74665897506357
1232,"APHA-compound-8","PC3","6 h","10.0 µM",0.00237472,0.0189535,1.41584,0.000552791597567717,"LINCS L1000","l1000_results_up","up","CPC014_PC3_6H:BRD-K74733595-001-02-9:10","BRD-K74733595",NA,NA,NA,"apha-compound-8",0.0189535,1.72231058040136,FALSE,"Upregula NQO1",2.43851621215546
1233,"BRD-K82034465","PC3","24 h","10.0 µM",0.00243758,0.0434241,1.47251,0.0013986013986014,"LINCS L1000","l1000_results_up","up","CPC010_PC3_24H:BRD-K82034465-001-03-7:10","BRD-K82034465",NA,NA,NA,"brd-k82034465",0.0434241,1.36226917389604,FALSE,"Upregula NQO1",2.00595498125366
1234,"THZ-2-98-01","MCF7","6 h","10.0 µM",0.0024378,0.0273865,1.38356,0.000634115409004439,"LINCS L1000","l1000_results_up","up","LJP001_MCF7_6H:BRD-K49327517-001-01-9:10","BRD-K49327517",NA,NA,NA,"thz-2-98-01",0.0273865,1.56246346711853,FALSE,"Upregula NQO1",2.16176195456652
1235,"BRD-A18725729","HT29","6 h","10.0 µM",0.00245811,0.0204167,1.51736,0.000535905680600214,"LINCS L1000","l1000_results_up","up","CPC010_HT29_6H:BRD-A18725729-001-08-2:10","BRD-A18725729",NA,NA,NA,"brd-a18725729",0.0204167,1.69001445263146,FALSE,"Upregula NQO1",2.56436032984487
1236,"troglitazone","VCAP","6 h","5.0 µM",0.00246366,0.0337605,0.533028,0.000733137829912023,"LINCS L1000","l1000_results_up","up","ERG005_VCAP_6H:BRD-A13084692-001-05-8:5","BRD-A13084692",NA,NA,NA,"troglitazone",0.0337605,1.47159113000749,FALSE,"Upregula NQO1",0.784399276845633
1237,"thiostrepton","HT29","6 h","10.0 µM",0.00247554,0.0181514,1.00814,0.000472143531633617,"LINCS L1000","l1000_results_up","up","CPC014_HT29_6H:BRD-A20697603-001-06-4:10","BRD-A20697603",NA,NA,NA,"thiostrepton",0.0181514,1.74108987262091,FALSE,"Upregula NQO1",1.75526234418404
1238,"cucurbitacin-i","PC3","6 h","10.0 µM",0.00249585,0.0189362,0.953142,0.000442869796279894,"LINCS L1000","l1000_results_up","up","CPC001_PC3_6H:BRD-A49680073-001-01-9:10","BRD-A49680073",NA,NA,NA,"cucurbitacin-i",0.0189362,1.72270716813148,FALSE,"Upregula NQO1",1.64198455564718
1239,"BRD-K73261812","VCAP","24 h","10.0 µM",0.00249827,0.0349225,1.01312,0.00132100396301189,"LINCS L1000","l1000_results_up","up","CPC006_VCAP_24H:BRD-K73261812-001-01-1:10","BRD-K73261812",NA,NA,NA,"brd-k73261812",0.0349225,1.45689467397731,FALSE,"Upregula NQO1",1.47600913209989
1240,"BRD-K62459624","HT29","6 h","10.0 µM",0.00250919,0.0216905,0.965451,0.000547945205479452,"LINCS L1000","l1000_results_up","up","CPC014_HT29_6H:BRD-K62459624-001-07-9:10","BRD-K62459624",NA,NA,NA,"brd-k62459624",0.0216905,1.66373043670235,FALSE,"Upregula NQO1",1.60625021384472
1241,"daunorubicin","U937","6 h","1.0 µM",0.00251929,0.0193086,1.02022,0.000428816466552316,"LINCS L1000","l1000_results_up","up","KHW001_U937_6H:BRD-A37630846-001-02-2:1","BRD-A37630846",NA,NA,NA,"daunorubicin",0.0193086,1.71424921427429,FALSE,"Upregula NQO1",1.74891133338691
1242,"carvedilol","HT29","6 h","10.0 µM",0.00252494,0.0460865,1.13508,0.00141242937853107,"LINCS L1000","l1000_results_up","up","CPC004_HT29_6H:BRD-A10977446-001-05-5:10","BRD-A10977446",NA,NA,NA,"carvedilol",0.0460865,1.33642627274777,FALSE,"Upregula NQO1",1.51695073367054
1243,"K3644","PC3","24 h","10.0 µM",0.00253844,0.0461061,1.82708,0.00224719101123595,"LINCS L1000","l1000_results_up","up","CPC014_PC3_24H:BRD-A67748489-001-06-8:10","BRD-A67748489",NA,NA,NA,"k3644",0.0461061,1.33624161211398,FALSE,"Upregula NQO1",2.44142032466121
1244,"HG-5-113-01","PC3","6 h","10.0 µM",0.0025452,0.0154727,1.35665,0.000368324125230203,"LINCS L1000","l1000_results_up","up","CPC013_PC3_6H:BRD-U82589721-000-01-4:10","BRD-U82589721",NA,NA,NA,"hg-5-113-01",0.0154727,1.81043389491177,FALSE,"Upregula NQO1",2.45612514353205
1245,"BCI-hydrochloride","HT29","6 h","10.0 µM",0.00255118,0.0168875,1.21093,0.000390167772142021,"LINCS L1000","l1000_results_up","up","CPC014_HT29_6H:BRD-A11007541-003-01-9:10","BRD-A11007541",NA,NA,NA,"bci-hydrochloride",0.0168875,1.77243463796991,FALSE,"Upregula NQO1",2.14629427615691
1246,"TG-101348","SW948","6 h","11.1 µM",0.00259509,0.0143145,1.43009,0.000278164116828929,"LINCS L1000","l1000_results_up","up","CPC006_SW948_6H:BRD-K12502280-001-01-5:11.1","BRD-K12502280",NA,NA,NA,"tg-101348",0.0143145,1.84422381711729,FALSE,"Upregula NQO1",2.63740603862127
1247,"BRD-K28035139","A549","24 h","5.13 µM",0.00261069,0.0255201,2.02649,0.000622277535780958,"LINCS L1000","l1000_results_up","up","DOS045_A549_24H:BRD-K28035139-001-01-1:5.13","BRD-K28035139",NA,NA,NA,"brd-k28035139",0.0255201,1.59311762817332,FALSE,"Upregula NQO1",3.22843694231696
1248,"IKK-2-inhibitor-V","HCC515","24 h","10.0 µM",0.00265767,0.0120116,1.09719,0.000266311584553928,"LINCS L1000","l1000_results_up","up","CPC006_HCC515_24H:BRD-K74305673-001-01-3:10","BRD-K74305673",NA,NA,NA,"ikk-2-inhibitor-v",0.0120116,1.92039913873456,FALSE,"Upregula NQO1",2.10704273102818
1249,"BRD-K88742110","PC3","24 h","0.625 µM",0.00266622,0.0136674,0.683139,0.000288101411696917,"LINCS L1000","l1000_results_up","up","HDAC001_PC3_24H:BRD-K88742110-001-01-2:0.625","BRD-K88742110",NA,NA,NA,"brd-k88742110",0.0136674,1.86431409501878,FALSE,"Upregula NQO1",1.27358566655703
1250,"BMS-536924","MCF7","6 h","11.1 µM",0.00267543,0.0275307,0.630641,0.00076103500761035,"LINCS L1000","l1000_results_up","up","CPC006_MCF7_6H:BRD-K34581968-001-01-2:11.1","BRD-K34581968",NA,NA,NA,"bms-536924",0.0275307,1.56018274602503,FALSE,"Upregula NQO1",0.983915207135973
1251,"WT-171","VCAP","24 h","10.0 µM",0.0026761,0.0248388,1.05615,0.000643500643500643,"LINCS L1000","l1000_results_up","up","CPC012_VCAP_24H:BRD-K74761218-001-03-5:10","BRD-K74761218",NA,NA,NA,"wt-171",0.0248388,1.604869389412,FALSE,"Upregula NQO1",1.69498280562748
1252,"pentobarbital","VCAP","24 h","10.0 µM",0.00269317,0.0312026,1.15316,0.00088261253309797,"LINCS L1000","l1000_results_up","up","CPC005_VCAP_24H:BRD-A44448661-001-02-2:10","BRD-A44448661",NA,NA,NA,"pentobarbital",0.0312026,1.50580921628262,FALSE,"Upregula NQO1",1.73643895584846
1253,"JAK3-inhibitor-VI","VCAP","6 h","10.0 µM",0.00270008,0.00962006,1.20348,0.000191975427145325,"LINCS L1000","l1000_results_up","up","CPC001_VCAP_6H:BRD-K04546108-066-01-5:10","BRD-K04546108",NA,NA,NA,"jak3-inhibitor-vi",0.00962006,2.01682221927324,FALSE,"Upregula NQO1",2.42720520445096
1254,"UGISS-451","VCAP","24 h","10.0 µM",0.00272655,0.0246102,1.15613,0.000546746856205577,"LINCS L1000","l1000_results_up","up","CPC013_VCAP_24H:BRD-K96274284-001-01-6:10","BRD-K96274284",NA,NA,NA,"ugiss-451",0.0246102,1.60888485689681,FALSE,"Upregula NQO1",1.86008004960411
1255,"CHEMBL-399379","HT29","6 h","80.0 µM",0.00276754,0.0239715,0.751186,0.000655307994757536,"LINCS L1000","l1000_results_up","up","CPC006_HT29_6H:BRD-K43620258-001-01-6:80","BRD-K43620258",NA,NA,NA,"chembl-399379",0.0239715,1.62030478943983,FALSE,"Upregula NQO1",1.21715027356015
1256,"BMS-754807","HA1E","6 h","10.0 µM",0.00277464,0.0222091,1.06181,0.000540540540540541,"LINCS L1000","l1000_results_up","up","CPC006_HA1E_6H:BRD-K13049116-001-01-6:10","BRD-K13049116",NA,NA,NA,"bms-754807",0.0222091,1.65346904041385,FALSE,"Upregula NQO1",1.75566996180183
1257,"oligomycin-a","SKB","24 h","10.0 µM",0.00280282,0.0277491,1.57239,0.000627352572145546,"LINCS L1000","l1000_results_up","up","CPC013_SKB_24H:BRD-K74133369-001-01-8:10","BRD-K74133369",NA,NA,NA,"oligomycin-a",0.0277491,1.55675109799616,FALSE,"Upregula NQO1",2.44781985897818
1258,"GSK-3-inhibitor-IX","SKBR3","6 h","10.0 µM",0.00280922,0.0287612,0.983999,0.000617283950617284,"LINCS L1000","l1000_results_up","up","LJP001_SKBR3_6H:BRD-K04923131-001-10-5:10","BRD-K04923131",NA,NA,NA,"gsk-3-inhibitor-ix",0.0287612,1.54119299789604,FALSE,"Upregula NQO1",1.5165323687367
1259,"AG-957","MCF7","24 h","10.0 µM",0.00282209,0.0486751,1.07373,0.00131578947368421,"LINCS L1000","l1000_results_up","up","CPC016_MCF7_24H:BRD-K36737713-001-01-6:10","BRD-K36737713",NA,NA,NA,"ag-957",0.0486751,1.31269314757571,FALSE,"Upregula NQO1",1.40947801334646
1260,"BRD-K49010888","NOMO1","24 h","1.12 µM",0.00283043,0.00905835,1.21654,0.00024265954865324,"LINCS L1000","l1000_results_up","up","KMS002_NOMO1_24H:BRD-K49010888-001-01-2:1.12","BRD-K49010888",NA,NA,NA,"brd-k49010888",0.00905835,2.04295090289218,FALSE,"Upregula NQO1",2.48533149140445
1261,"KM-00799","PC3","6 h","10.0 µM",0.00283547,0.0432994,1.11981,0.00132275132275132,"LINCS L1000","l1000_results_up","up","CPC012_PC3_6H:BRD-K87375115-001-06-6:10","BRD-K87375115",NA,NA,NA,"km-00799",0.0432994,1.36351812162572,FALSE,"Upregula NQO1",1.5268812277777
1262,"BRD-K46171503","VCAP","24 h","10.0 µM",0.00284706,0.0391159,1.18764,0.000999000999000999,"LINCS L1000","l1000_results_up","up","CPC013_VCAP_24H:BRD-K46171503-001-01-0:10","BRD-K46171503",NA,NA,NA,"brd-k46171503",0.0391159,1.40764667281826,FALSE,"Upregula NQO1",1.67177749450588
1263,"BRD-K69569876","VCAP","24 h","10.0 µM",0.00285929,0.015997,1.12482,0.000367107195301028,"LINCS L1000","l1000_results_up","up","CPC013_VCAP_24H:BRD-K69569876-001-01-6:10","BRD-K69569876",NA,NA,NA,"brd-k69569876",0.015997,1.79596145519447,FALSE,"Upregula NQO1",2.02013336403184
1264,"Ala-Ala-Phe-CMK","VCAP","6 h","10.0 µM",0.00286187,0.0342624,1.34491,0.000874125874125874,"LINCS L1000","l1000_results_up","up","CPC005_VCAP_6H:BRD-K93080877-001-02-1:10","BRD-K93080877",NA,NA,NA,"ala-ala-phe-cmk",0.0342624,1.46518221900477,FALSE,"Upregula NQO1",1.97053821816171
1265,"cytarabine","VCAP","24 h","10.0 µM",0.00286273,0.0171226,1.10469,0.000376789751318764,"LINCS L1000","l1000_results_up","up","CPC011_VCAP_24H:BRD-K33106058-001-12-7:10","BRD-K33106058",NA,NA,NA,"cytarabine",0.0171226,1.76643028872902,FALSE,"Upregula NQO1",1.95135787565606
1266,"XMD-892","PC3","6 h","10.0 µM",0.00286374,0.0211368,1.21836,0.000418585182084554,"LINCS L1000","l1000_results_up","up","CPC014_PC3_6H:BRD-K50387473-001-01-1:10","BRD-K50387473",NA,NA,NA,"xmd-892",0.0211368,1.67496076194518,FALSE,"Upregula NQO1",2.04070519392353
1267,"BRD-K30351863","VCAP","24 h","10.0 µM",0.0028726,0.0486442,1.47526,0.00177304964539007,"LINCS L1000","l1000_results_up","up","CPC008_VCAP_24H:BRD-K30351863-019-01-2:10","BRD-K30351863",NA,NA,NA,"brd-k30351863",0.0486442,1.31296893459723,FALSE,"Upregula NQO1",1.9369705504539
1268,"WH-4025","BT20","24 h","0.4 µM",0.00287522,0.0474311,0.816867,0.00145560407569141,"LINCS L1000","l1000_results_up","up","LJP001_BT20_24H:BRD-K29385665-001-01-1:0.4","BRD-K29385665",NA,NA,NA,"wh-4025",0.0474311,1.3239368032758,FALSE,"Upregula NQO1",1.08148028468149
1269,"arachidonyl-trifluoro-methane","MCF7","24 h","80.0 µM",0.00288434,0.00547745,0.766501,0.000122249388753056,"LINCS L1000","l1000_results_up","up","CPC006_MCF7_24H:BRD-K07303502-001-02-5:80","BRD-K07303502",NA,NA,NA,"arachidonyl-trifluoro-methane",0.00547745,2.2614215781348,FALSE,"Upregula NQO1",1.7333819010619
1270,"trichostatin-a","JURKAT","6 h","2.5 µM",0.0028858,0.0237213,2.114,0.000533902829684997,"LINCS L1000","l1000_results_up","up","PCLB001_JURKAT_6H:BRD-A19037878-001-02-3:2.5","BRD-A19037878",NA,NA,NA,"trichostatin-a",0.0237213,1.62486151398586,FALSE,"Upregula NQO1",3.43495724056611
1271,"BRD-K42489623","PC3","6 h","10.0 µM",0.00289438,0.0267495,0.945616,0.000634115409004439,"LINCS L1000","l1000_results_up","up","CPC009_PC3_6H:BRD-K42489623-001-06-4:10","BRD-K42489623",NA,NA,NA,"brd-k42489623",0.0267495,1.57268433137249,FALSE,"Upregula NQO1",1.48715546669513
1272,"Broad-Sai-370","PC3","6 h","0.15625 µM",0.00295672,0.0237862,0.699998,0.000530222693531283,"LINCS L1000","l1000_results_up","up","HDAC001_PC3_6H:BRD-K83872150-001-01-3:0.15625","BRD-K83872150",NA,NA,NA,"broad-sai-370",0.0237862,1.62367493378656,FALSE,"Upregula NQO1",1.13656920630072
1273,"MD-049","MCF7","24 h","10.0 µM",0.00296484,0.0344758,1.30615,0.000829875518672199,"LINCS L1000","l1000_results_up","up","CPC012_MCF7_24H:BRD-K74797618-001-01-9:10","BRD-K74797618",NA,NA,NA,"md-049",0.0344758,1.46248564736953,FALSE,"Upregula NQO1",1.91022562831172
1274,"vorinostat","VCAP","6 h","10.0 µM",0.00297591,0.00950617,1.00049,0.000224719101123595,"LINCS L1000","l1000_results_up","up","CPC008_VCAP_6H:BRD-K81418486:10","BRD-K81418486",NA,NA,NA,"vorinostat",0.00950617,2.02199442343051,FALSE,"Upregula NQO1",2.02298520069799
1275,"trichostatin-a","PC3","6 h","1.11 µM",0.00298022,0.0106986,1.13875,0.000259000259000259,"LINCS L1000","l1000_results_up","up","PCLB001_PC3_6H:BRD-A19037878-001-02-3:1.11","BRD-A19037878",NA,NA,NA,"trichostatin-a",0.0106986,1.97067304960962,FALSE,"Upregula NQO1",2.24410393524295
1276,"RO-28-1675","PC3","24 h","160.0 µM",0.00298487,0.0100464,0.700403,0.000212585034013605,"LINCS L1000","l1000_results_up","up","CPC006_PC3_24H:BRD-K21672174-001-02-2:160","BRD-K21672174",NA,NA,NA,"ro-28-1675",0.0100464,1.99798953428573,FALSE,"Upregula NQO1",1.39939786378233
1277,"apicidin","PC3","6 h","0.625 µM",0.00298841,0.00792874,0.829685,0.000189143181388311,"LINCS L1000","l1000_results_up","up","HDAC001_PC3_6H:BRD-K64606589-001-02-7:0.625","BRD-K64606589",NA,NA,NA,"apicidin",0.00792874,2.10079582334129,FALSE,"Upregula NQO1",1.74299878268892
1278,"QL-XI-92","HT29","6 h","10.0 µM",0.00298934,0.0266479,0.890867,0.000624219725343321,"LINCS L1000","l1000_results_up","up","CPC014_HT29_6H:BRD-U73238814-000-01-7:10","BRD-U73238814",NA,NA,NA,"ql-xi-92",0.0266479,1.57433701006507,FALSE,"Upregula NQO1",1.40252488914564
1279,"tomelukast","VCAP","24 h","10.0 µM",0.00303121,0.0397989,0.698656,0.000975609756097561,"LINCS L1000","l1000_results_up","up","CPC011_VCAP_24H:BRD-K74765201-001-11-8:10","BRD-K74765201",NA,NA,NA,"tomelukast",0.0397989,1.40012893120601,FALSE,"Upregula NQO1",0.978208478560665
1280,"A-443644","PC3","6 h","10.0 µM",0.00303576,0.00811821,1.28023,0.000160771704180064,"LINCS L1000","l1000_results_up","up","CPC014_PC3_6H:BRD-K38615104-001-06-8:10","BRD-K38615104",NA,NA,NA,"a-443644",0.00811821,2.09053971864307,FALSE,"Upregula NQO1",2.67637166399842
1281,"withaferin-a","MCF7","6 h","1.0 µM",0.00304429,0.0411349,0.854358,0.00100908173562059,"LINCS L1000","l1000_results_up","up","DEB001_MCF7_6H:BRD-K88378636-001-02-8:1","BRD-K88378636",NA,NA,NA,"withaferin-a",0.0411349,1.38578955413756,FALSE,"Upregula NQO1",1.18396039189386
1282,"sirolimus","HCC515","24 h","10.0 µM",0.00305936,0.0161973,1.13332,0.000306842589751458,"LINCS L1000","l1000_results_up","up","CPC006_HCC515_24H:BRD-A79768653-001-02-1:10","BRD-A79768653",NA,NA,NA,"sirolimus",0.0161973,1.79055737390356,FALSE,"Upregula NQO1",2.02927448299238
1283,"GSK-3-inhibitor-IX","BT20","24 h","10.0 µM",0.0030603,0.0181001,0.811126,0.000373692077727952,"LINCS L1000","l1000_results_up","up","LJP001_BT20_24H:BRD-K04923131-001-10-5:10","BRD-K04923131",NA,NA,NA,"gsk-3-inhibitor-ix",0.0181001,1.74231902572042,FALSE,"Upregula NQO1",1.4132402620565
1284,"vorinostat","VCAP","24 h","5.0 µM",0.00306838,0.00872515,0.487982,0.000183587295759133,"LINCS L1000","l1000_results_up","up","ERG005_VCAP_24H:BRD-K81418486-001-15-2:5","BRD-K81418486",NA,NA,NA,"vorinostat",0.00872515,2.05922709805218,FALSE,"Upregula NQO1",1.0048657577617
1285,"BRD-K45044657","VCAP","24 h","10.0 µM",0.00307642,0.0301256,1.55298,0.000670241286863271,"LINCS L1000","l1000_results_up","up","CPC013_VCAP_24H:BRD-K45044657-001-01-4:10","BRD-K45044657",NA,NA,NA,"brd-k45044657",0.0301256,1.52106429465461,FALSE,"Upregula NQO1",2.36218242831272
1286,"cerulenin","HA1E","24 h","44.4 µM",0.00308672,0.00731925,0.988708,0.000166889185580774,"LINCS L1000","l1000_results_up","up","CPC006_HA1E_24H:BRD-K52075040-001-03-0:44.4","BRD-K52075040",NA,NA,NA,"cerulenin",0.00731925,2.13553341860678,FALSE,"Upregula NQO1",2.11141897524388
1287,"iodoacetic-acid","PC3","6 h","10.0 µM",0.00309,0.0231132,1.03793,0.000484730974309258,"LINCS L1000","l1000_results_up","up","CPC020_PC3_6H:BRD-K88868628-001-01-0:10","BRD-K88868628",NA,NA,NA,"iodoacetic-acid",0.0231132,1.6361399227107,FALSE,"Upregula NQO1",1.69819870997912
1288,"oligomycin-a","VCAP","24 h","10.0 µM",0.00311616,0.048798,1.66994,0.00140845070422535,"LINCS L1000","l1000_results_up","up","CPC013_VCAP_24H:BRD-K74133369-001-01-8:10","BRD-K74133369",NA,NA,NA,"oligomycin-a",0.048798,1.31159797731621,FALSE,"Upregula NQO1",2.19028992623943
1289,"BRD-K47764688","VCAP","24 h","10.0 µM",0.00312849,0.0132519,1.17355,0.000271517784414879,"LINCS L1000","l1000_results_up","up","CPC013_VCAP_24H:BRD-K47764688-001-01-8:10","BRD-K47764688",NA,NA,NA,"brd-k47764688",0.0132519,1.87772185000197,FALSE,"Upregula NQO1",2.20360047706982
1290,"BRD-A84102390","VCAP","24 h","10.0 µM",0.00314895,0.0378213,1.17286,0.000798722044728434,"LINCS L1000","l1000_results_up","up","CPC013_VCAP_24H:BRD-A84102390-001-01-6:10","BRD-A84102390",NA,NA,NA,"brd-a84102390",0.0378213,1.42226354759242,FALSE,"Upregula NQO1",1.66811602442925
1291,"BRD-K16057611","VCAP","24 h","10.0 µM",0.00316427,0.025022,1.18491,0.00048661800486618,"LINCS L1000","l1000_results_up","up","CPC013_VCAP_24H:BRD-K16057611-001-01-6:10","BRD-K16057611",NA,NA,NA,"brd-k16057611",0.025022,1.60167798024412,FALSE,"Upregula NQO1",1.89784425557106
1292,"SA-792541","HA1E","24 h","10.0 µM",0.00320002,0.0249745,1.27366,0.000449842555105713,"LINCS L1000","l1000_results_up","up","CPC006_HA1E_24H:BRD-K68143200-001-05-9:10","BRD-K68143200",NA,NA,NA,"sa-792541",0.0249745,1.60250319777324,FALSE,"Upregula NQO1",2.04104422287586
1293,"MEK1-2-inhibitor","HT29","6 h","10.0 µM",0.00325408,0.0308755,1.00776,0.000718390804597701,"LINCS L1000","l1000_results_up","up","CPC018_HT29_6H:BRD-K12244279-001-02-5:10","BRD-K12244279",NA,NA,NA,"mek1-2-inhibitor",0.0308755,1.51038600068021,FALSE,"Upregula NQO1",1.52210659604549
1294,"AS-703026","HT29","6 h","10.0 µM",0.00325705,0.0406319,0.923456,0.00110619469026549,"LINCS L1000","l1000_results_up","up","CPC014_HT29_6H:BRD-K89014967-001-01-9:10","BRD-K89014967",NA,NA,NA,"as-703026",0.0406319,1.39113286902917,FALSE,"Upregula NQO1",1.2846499947022
1295,"VU-0420364-1","A375","6 h","10.0 µM",0.00326625,0.0208583,1.18123,0.000407497962510187,"LINCS L1000","l1000_results_up","up","CPC008_A375_6H:BRD-K88317944-001-01-5:10","BRD-K88317944",NA,NA,NA,"vu-0420364-1",0.0208583,1.68072109047828,FALSE,"Upregula NQO1",1.98531817370566
1296,"geldanamycin","VCAP","24 h","10.0 µM",0.00327473,0.0166831,0.800647,0.000333555703802535,"LINCS L1000","l1000_results_up","up","CPC004_VCAP_24H:BRD-A19500257:10","BRD-A19500257",NA,NA,NA,"geldanamycin",0.0166831,1.7777232469955,FALSE,"Upregula NQO1",1.42332878453721
1297,"BRD-K86574132","SW620","6 h","48.0 µM",0.00328548,0.0402647,1.27622,0.000950570342205323,"LINCS L1000","l1000_results_up","up","CPC006_SW620_6H:BRD-K86574132-001-04-9:48","BRD-K86574132",NA,NA,NA,"brd-k86574132",0.0402647,1.39507553235524,FALSE,"Upregula NQO1",1.7804232959024
1298,"BRD-K51556300","PC3","24 h","10.0 µM",0.00338248,0.0178571,0.96966,0.000323101777059774,"LINCS L1000","l1000_results_up","up","CPC019_PC3_24H:BRD-K51556300-001-01-9:10","BRD-K51556300",NA,NA,NA,"brd-k51556300",0.0178571,1.74818906931421,FALSE,"Upregula NQO1",1.69514901295121
1299,"CVF-SUMO-11","MCF7","24 h","10.0 µM",0.00341283,0.0391563,1.21155,0.000966183574879227,"LINCS L1000","l1000_results_up","up","CPC020_MCF7_24H:BRD-A50774520-001-01-5:10","BRD-A50774520",NA,NA,NA,"cvf-sumo-11",0.0391563,1.40719835276013,FALSE,"Upregula NQO1",1.70489116428654
1300,"geldanamycin","A375","6 h","10.0 µM",0.00342249,0.0390413,0.947249,0.000868055555555556,"LINCS L1000","l1000_results_up","up","CPC019_A375_6H:BRD-A19500257:10","BRD-A19500257",NA,NA,NA,"geldanamycin",0.0390413,1.40847572959585,FALSE,"Upregula NQO1",1.33417722638394
1301,"DAC-004","PC3","6 h","10.0 µM",0.00342646,0.0454931,1.02526,0.00134228187919463,"LINCS L1000","l1000_results_up","up","DEB001_PC3_6H:BRD-K73201151-001-06-5:10","BRD-K73201151",NA,NA,NA,"dac-004",0.0454931,1.34205446837949,FALSE,"Upregula NQO1",1.37595476425075
1302,"BRD-K46267071","A549","24 h","5.15 µM",0.00343174,0.013002,1.93897,0.000261985852763951,"LINCS L1000","l1000_results_up","up","DOS045_A549_24H:BRD-K46267071-001-01-8:5.15","BRD-K46267071",NA,NA,NA,"brd-k46267071",0.013002,1.88598983829654,FALSE,"Upregula NQO1",3.65687771676184
1303,"formoterol","VCAP","24 h","10.0 µM",0.00343939,0.0239383,0.934991,0.000451467268623025,"LINCS L1000","l1000_results_up","up","CPC011_VCAP_24H:BRD-K54006094-357-07-5:10","BRD-K54006094",NA,NA,NA,"formoterol",0.0239383,1.6209066946495,FALSE,"Upregula NQO1",1.51553317133703
1304,"arachidonyl-trifluoro-methane","HT29","24 h","80.0 µM",0.00344084,0.00751035,0.934095,0.000148610491900728,"LINCS L1000","l1000_results_up","up","CPC006_HT29_24H:BRD-K07303502-001-02-5:80","BRD-K07303502",NA,NA,NA,"arachidonyl-trifluoro-methane",0.00751035,2.12433982337842,FALSE,"Upregula NQO1",1.98433520731867
1305,"DG-041","HA1E","6 h","40.0 µM",0.00345109,0.029444,1.02878,0.000591016548463357,"LINCS L1000","l1000_results_up","up","CPC006_HA1E_6H:BRD-K33272502-001-01-2:40","BRD-K33272502",NA,NA,NA,"dg-041",0.029444,1.5310031909404,FALSE,"Upregula NQO1",1.57506546277566
1306,"BRD-K86574132","A375","24 h","48.0 µM",0.00345598,0.0166036,0.919157,0.000307787011388119,"LINCS L1000","l1000_results_up","up","CPC006_A375_24H:BRD-K86574132-001-04-9:48","BRD-K86574132",NA,NA,NA,"brd-k86574132",0.0166036,1.77979773782576,FALSE,"Upregula NQO1",1.63591354930671
1307,"BRD-K01621458","MCF7","24 h","10.0 µM",0.00345856,0.0107368,1.4302,0.000239520958083832,"LINCS L1000","l1000_results_up","up","HDAC002_MCF7_24H:BRD-K01621458-001-01-2:10","BRD-K01621458",NA,NA,NA,"brd-k01621458",0.0107368,1.96912513664589,FALSE,"Upregula NQO1",2.81624277043094
1308,"HG-5-113-01","HT29","6 h","10.0 µM",0.0034863,0.0372162,1.54897,0.000871839581517001,"LINCS L1000","l1000_results_up","up","CPC013_HT29_6H:BRD-U82589721-000-01-4:10","BRD-U82589721",NA,NA,NA,"hg-5-113-01",0.0372162,1.42926797304518,FALSE,"Upregula NQO1",2.21389321220779
1309,"AG-14361","HA1E","24 h","25.0 µM",0.00352605,0.0286273,0.908286,0.000575043128234618,"LINCS L1000","l1000_results_up","up","CPC006_HA1E_24H:BRD-K00615600-001-06-1:25","BRD-K00615600",NA,NA,NA,"ag-14361",0.0286273,1.54321961077674,FALSE,"Upregula NQO1",1.40168476739396
1310,"TG-101348","A375","24 h","11.1 µM",0.00353734,0.00820569,0.880589,0.000150625094140684,"LINCS L1000","l1000_results_up","up","CPC006_A375_24H:BRD-K12502280-001-01-5:11.1","BRD-K12502280",NA,NA,NA,"tg-101348",0.00820569,2.08588489412422,FALSE,"Upregula NQO1",1.83680729303195
1311,"trichostatin-a","HT29","6 h","10.0 µM",0.00354959,0.0166791,1.26731,0.000334336342360415,"LINCS L1000","l1000_results_up","up","CPC016_HT29_6H:BRD-A19037878:10","BRD-A19037878",NA,NA,NA,"trichostatin-a",0.0166791,1.77782738748599,FALSE,"Upregula NQO1",2.25305842643487
1312,"BRD-K71303366","PC3","24 h","10.0 µM",0.00355603,0.0259795,0.850777,0.000504795557799091,"LINCS L1000","l1000_results_up","up","CPC019_PC3_24H:BRD-K71303366-001-01-3:10","BRD-K71303366",NA,NA,NA,"brd-k71303366",0.0259795,1.5853692115898,FALSE,"Upregula NQO1",1.34879566172874
1313,"CHEMBL-1222381","HA1E","24 h","80.0 µM",0.00356335,0.0201649,0.911176,0.000434971726837755,"LINCS L1000","l1000_results_up","up","CPC006_HA1E_24H:BRD-K53903639-001-01-3:80","BRD-K53903639",NA,NA,NA,"chembl-1222381",0.0201649,1.69540392736605,FALSE,"Upregula NQO1",1.54481136892169
1314,"BRD-K10436544","MCF7","24 h","10.0 µM",0.00356658,0.0324735,1.83861,0.000655307994757536,"LINCS L1000","l1000_results_up","up","HDAC002_MCF7_24H:BRD-K10436544-001-01-0:10","BRD-K10436544",NA,NA,NA,"brd-k10436544",0.0324735,1.48847090050954,FALSE,"Upregula NQO1",2.73671748238584
1315,"BRD-K05649647","HA1E","24 h","20.0 µM",0.00356796,0.0138731,0.915269,0.000231535077564251,"LINCS L1000","l1000_results_up","up","CPC006_HA1E_24H:BRD-K05649647-001-03-7:20","BRD-K05649647",NA,NA,NA,"brd-k05649647",0.0138731,1.85782648323362,FALSE,"Upregula NQO1",1.70041098748276
1316,"tanespimycin","VCAP","24 h","20.0 µM",0.00356982,0.0106888,0.423636,0.000189250567751703,"LINCS L1000","l1000_results_up","up","ERG005_VCAP_24H:BRD-A61304759-001-01-0:20","BRD-A61304759",NA,NA,NA,"tanespimycin",0.0106888,1.97107104901305,FALSE,"Upregula NQO1",0.835016654919693
1317,"PHA-793887","BT20","24 h","2.0 µM",0.00359221,0.0383669,1.00495,0.000890471950133571,"LINCS L1000","l1000_results_up","up","LJP001_BT20_24H:BRD-K64800655-001-03-3:2","BRD-K64800655",NA,NA,NA,"pha-793887",0.0383669,1.416043289863,FALSE,"Upregula NQO1",1.42305270414782
1318,"kinetin-riboside","VCAP","24 h","10.0 µM",0.00361506,0.0296283,1.09931,0.000630119722747322,"LINCS L1000","l1000_results_up","up","CPC006_VCAP_24H:BRD-K94325918-001-03-8:10","BRD-K94325918",NA,NA,NA,"kinetin-riboside",0.0296283,1.52829326656922,FALSE,"Upregula NQO1",1.6800680708722
1319,"sarmentogenin","VCAP","6 h","10.0 µM",0.00366929,0.0191443,1.15616,0.000340136054421769,"LINCS L1000","l1000_results_up","up","CPC001_VCAP_6H:BRD-A89434049-001-02-1:10","BRD-A89434049",NA,NA,NA,"sarmentogenin",0.0191443,1.7179605087467,FALSE,"Upregula NQO1",1.98623722179259
1320,"BRD-A36275421","PC3","6 h","10.0 µM",0.00371839,0.0152292,0.812111,0.000254323499491353,"LINCS L1000","l1000_results_up","up","CPC010_PC3_6H:BRD-A36275421-001-18-6:10","BRD-A36275421",NA,NA,NA,"brd-a36275421",0.0152292,1.81732290984261,FALSE,"Upregula NQO1",1.47586792563519
1321,"oxaprozin","VCAP","24 h","10.0 µM",0.00371958,0.0186911,0.897646,0.000296647878967665,"LINCS L1000","l1000_results_up","up","CPC011_VCAP_24H:BRD-K25394294-001-11-5:10","BRD-K25394294",NA,NA,NA,"oxaprozin",0.0186911,1.72836513897042,FALSE,"Upregula NQO1",1.55146005353624
1322,"GDC-0941","MDAMB231","24 h","2.0 µM",0.00373377,0.0404175,0.936668,0.000988142292490119,"LINCS L1000","l1000_results_up","up","LJP001_MDAMB231_24H:BRD-K52911425-001-04-9:2","BRD-K52911425",NA,NA,NA,"gdc-0941",0.0404175,1.39343055301227,FALSE,"Upregula NQO1",1.3051818092289
1323,"PHA-793887","MDAMB231","24 h","2.0 µM",0.00375204,0.0181041,0.773607,0.000310848616723656,"LINCS L1000","l1000_results_up","up","LJP001_MDAMB231_24H:BRD-K64800655-001-03-3:2","BRD-K64800655",NA,NA,NA,"pha-793887",0.0181041,1.74222306017307,FALSE,"Upregula NQO1",1.34779595491131
1324,"pyroxamide","HT29","6 h","10.0 µM",0.00377623,0.0405248,1.27012,0.000851063829787234,"LINCS L1000","l1000_results_up","up","CPC013_HT29_6H:BRD-K11663430-001-01-5:10","BRD-K11663430",NA,NA,NA,"pyroxamide",0.0405248,1.39227911982579,FALSE,"Upregula NQO1",1.76836155567314
1325,"GSK-0660","PHH","24 h","10.0 µM",0.00387722,0.0281048,1.39036,0.000434216239687364,"LINCS L1000","l1000_results_up","up","CPC014_PHH_24H:BRD-K98684188-001-01-1:10","BRD-K98684188",NA,NA,NA,"gsk-0660",0.0281048,1.55121950089605,FALSE,"Upregula NQO1",2.15675354526584
1326,"BRD-K86574132","SW948","6 h","48.0 µM",0.00389282,0.0287333,1.50698,0.000463821892393321,"LINCS L1000","l1000_results_up","up","CPC006_SW948_6H:BRD-K86574132-001-04-9:48","BRD-K86574132",NA,NA,NA,"brd-k86574132",0.0287333,1.54161449271715,FALSE,"Upregula NQO1",2.32318220823489
1327,"saracatinib","MCF10A","24 h","10.0 µM",0.00391009,0.0148533,1.06476,0.000253036437246964,"LINCS L1000","l1000_results_up","up","LJP001_MCF10A_24H:BRD-K19540840-001-04-5:10","BRD-K19540840",NA,NA,NA,"saracatinib",0.0148533,1.82817704718363,FALSE,"Upregula NQO1",1.94656979275925
1328,"TUL_XXI035","NOMO1","24 h","0.37 µM",0.00396865,0.0120302,1.18218,0.000217533173809006,"LINCS L1000","l1000_results_up","up","KMS002_NOMO1_24H:BRD-K58466974-001-01-9:0.37","BRD-K58466974",NA,NA,NA,"tul_xxi035",0.0120302,1.91972715252928,FALSE,"Upregula NQO1",2.26946304517707
1329,"alvespimycin","VCAP","6 h","1.0 µM",0.00397598,0.0213189,0.517191,0.000393855848759354,"LINCS L1000","l1000_results_up","up","ERG005_VCAP_6H:BRD-A06304526-001-01-0:1","BRD-A06304526",NA,NA,NA,"alvespimycin",0.0213189,1.67123520753733,FALSE,"Upregula NQO1",0.864347808221439
1330,"BRD-K88742110","MCF7","24 h","1.25 µM",0.00398543,0.0153331,1.39609,0.00027708506511499,"LINCS L1000","l1000_results_up","up","HDAC002_MCF7_24H:BRD-K88742110-001-01-2:1.25","BRD-K88742110",NA,NA,NA,"brd-k88742110",0.0153331,1.81437003191745,FALSE,"Upregula NQO1",2.53302385785963
1331,"vorinostat","MCF7","6 h","1.0 µM",0.00400671,0.0171745,0.823457,0.0003125,"LINCS L1000","l1000_results_up","up","DEB001_MCF7_6H:BRD-K81418486-001-24-4:1","BRD-K81418486",NA,NA,NA,"vorinostat",0.0171745,1.76511589766881,FALSE,"Upregula NQO1",1.45349704174666
1332,"RS-I-002-6","MCF7","6 h","10.0 µM",0.00401615,0.0387821,0.81167,0.000819000819000819,"LINCS L1000","l1000_results_up","up","CPC013_MCF7_6H:BRD-K66254772-001-01-3:10","BRD-K66254772",NA,NA,NA,"rs-i-002-6",0.0387821,1.41136867814233,FALSE,"Upregula NQO1",1.14556561498778
1333,"menadione","VCAP","24 h","10.0 µM",0.00402124,0.0123749,1.12351,0.000194250194250194,"LINCS L1000","l1000_results_up","up","CPC006_VCAP_24H:BRD-K78126613-001-16-0:10","BRD-K78126613",NA,NA,NA,"menadione",0.0123749,1.90745830185893,FALSE,"Upregula NQO1",2.14304847672153
1334,"niguldipine","PC3","24 h","10.0 µM",0.00404198,0.0391505,0.863489,0.000936329588014981,"LINCS L1000","l1000_results_up","up","CPC002_PC3_24H:BRD-A62336480-001-02-5:10","BRD-A62336480",NA,NA,NA,"niguldipine",0.0391505,1.40726268709635,FALSE,"Upregula NQO1",1.21515585041814
1335,"axitinib","VCAP","24 h","10.0 µM",0.00411296,0.0221012,1.09976,0.000365363536719035,"LINCS L1000","l1000_results_up","up","CPC013_VCAP_24H:BRD-K29905972-001-03-0:10","BRD-K29905972",NA,NA,NA,"axitinib",0.0221012,1.65558414535426,FALSE,"Upregula NQO1",1.8207452196948
1336,"SA-792709","PC3","24 h","10.0 µM",0.00416778,0.0328215,1.57028,0.00051413881748072,"LINCS L1000","l1000_results_up","up","CPC004_PC3_24H:BRD-K51290057-001-01-0:10","BRD-K51290057",NA,NA,NA,"sa-792709",0.0328215,1.48384157481137,FALSE,"Upregula NQO1",2.33004674809479
1337,"BRD-K45044657","MCF7","6 h","10.0 µM",0.00418642,0.0276725,0.785002,0.000563380281690141,"LINCS L1000","l1000_results_up","up","CPC013_MCF7_6H:BRD-K45044657-001-01-4:10","BRD-K45044657",NA,NA,NA,"brd-k45044657",0.0276725,1.55795160388184,FALSE,"Upregula NQO1",1.22299512495045
1338,"EI-231","PHH","24 h","10.0 µM",0.00424874,0.0393229,1.49579,0.000702740688685875,"LINCS L1000","l1000_results_up","up","CPC014_PHH_24H:BRD-A74904029-001-05-7:10","BRD-A74904029",NA,NA,NA,"ei-231",0.0393229,1.40535446114623,FALSE,"Upregula NQO1",2.10211514943793
1339,"cerulenin","A375","6 h","44.4 µM",0.00425134,0.0449306,1.67072,0.000823723228995058,"LINCS L1000","l1000_results_up","up","CPC006_A375_6H:BRD-K52075040-001-03-0:44.4","BRD-K52075040",NA,NA,NA,"cerulenin",0.0449306,1.34745778183098,FALSE,"Upregula NQO1",2.25122466526066
1340,"BRD-K23582869","NOMO1","24 h","1.12 µM",0.00429164,0.0139309,1.17644,0.000246062992125984,"LINCS L1000","l1000_results_up","up","KMS002_NOMO1_24H:BRD-K23582869-001-01-3:1.12","BRD-K23582869",NA,NA,NA,"brd-k23582869",0.0139309,1.85602082525532,FALSE,"Upregula NQO1",2.18349713966337
1341,"BRD-K19826688","MCF7","24 h","2.5 µM",0.00429201,0.0135427,1.42638,0.000239520958083832,"LINCS L1000","l1000_results_up","up","HDAC002_MCF7_24H:BRD-K19826688-001-01-9:2.5","BRD-K19826688",NA,NA,NA,"brd-k19826688",0.0135427,1.86829474198739,FALSE,"Upregula NQO1",2.66489825407597
1342,"tacedinaline","PC3","6 h","0.15625 µM",0.00432803,0.0214695,0.78915,0.0003385240352065,"LINCS L1000","l1000_results_up","up","HDAC001_PC3_6H:BRD-K52313696-001-08-1:0.15625","BRD-K52313696",NA,NA,NA,"tacedinaline",0.0214695,1.66817806966573,FALSE,"Upregula NQO1",1.31644272367671
1343,"everolimus","PC3","6 h","10.0 µM",0.00435306,0.0172849,1.1992,0.000270562770562771,"LINCS L1000","l1000_results_up","up","CPC014_PC3_6H:BRD-K13514097-001-01-2:10","BRD-K13514097",NA,NA,NA,"everolimus",0.0172849,1.76233312868008,FALSE,"Upregula NQO1",2.11338988791316
1344,"BRD-K18163752","MCF7","24 h","10.0 µM",0.00435721,0.018616,1.02252,0.000283527076835838,"LINCS L1000","l1000_results_up","up","CPC013_MCF7_24H:BRD-K18163752-001-01-9:10","BRD-K18163752",NA,NA,NA,"brd-k18163752",0.018616,1.73011362972133,FALSE,"Upregula NQO1",1.76907578866265
1345,"AG-592","VCAP","24 h","10.0 µM",0.00436049,0.0216691,1.03438,0.000386398763523957,"LINCS L1000","l1000_results_up","up","CPC001_VCAP_24H:BRD-K89930444-001-01-9:10","BRD-K89930444",NA,NA,NA,"ag-592",0.0216691,1.66415912620444,FALSE,"Upregula NQO1",1.72137291696335
1346,"I-070754","MCF7","24 h","10.0 µM",0.0043742,0.0382429,1.01583,0.000706214689265537,"LINCS L1000","l1000_results_up","up","CPC013_MCF7_24H:BRD-K80981391-001-01-4:10","BRD-K80981391",NA,NA,NA,"i-070754",0.0382429,1.41744918213225,FALSE,"Upregula NQO1",1.4398874026854
1347,"rottlerin","HCC515","24 h","9.68 µM",0.00440023,0.0186957,0.92913,0.000278940027894003,"LINCS L1000","l1000_results_up","up","CPC006_HCC515_24H:BRD-K03816923-001-04-7:9.68","BRD-K03816923",NA,NA,NA,"rottlerin",0.0186957,1.72825826945354,FALSE,"Upregula NQO1",1.60577660589737
1348,"HG-5-113-01","MCF7","6 h","10.0 µM",0.00440138,0.0421143,1.19764,0.000838926174496644,"LINCS L1000","l1000_results_up","up","LJP001_MCF7_6H:BRD-K93747373-001-01-6:10","BRD-K93747373",NA,NA,NA,"hg-5-113-01",0.0421143,1.37557041350892,FALSE,"Upregula NQO1",1.64743815003483
1349,"BRD-K85818861","VCAP","24 h","10.0 µM",0.00440986,0.0310657,1.16341,0.000628535512256443,"LINCS L1000","l1000_results_up","up","CPC019_VCAP_24H:BRD-K85818861-001-01-4:10","BRD-K85818861",NA,NA,NA,"brd-k85818861",0.0310657,1.50771885603084,FALSE,"Upregula NQO1",1.75409519429483
1350,"trichostatin-a","HT29","6 h","10.0 µM",0.00441636,0.0225766,1.51609,0.000381533765738268,"LINCS L1000","l1000_results_up","up","CPC013_HT29_6H:BRD-K68202742-001-05-8:10","BRD-K68202742",NA,NA,NA,"trichostatin-a",0.0225766,1.6463414615439,FALSE,"Upregula NQO1",2.49600182643209
1351,"vorinostat","A375","6 h","10.0 µM",0.00444996,0.0196767,1.08496,0.000314465408805031,"LINCS L1000","l1000_results_up","up","CPC018_A375_6H:BRD-K81418486:10","BRD-K81418486",NA,NA,NA,"vorinostat",0.0196767,1.70604773578084,FALSE,"Upregula NQO1",1.85099355141278
1352,"BRD-K19826688","MCF7","24 h","0.3125 µM",0.00446312,0.0181062,1.69864,0.000298864315600717,"LINCS L1000","l1000_results_up","up","HDAC002_MCF7_24H:BRD-K19826688-001-01-9:0.3125","BRD-K19826688",NA,NA,NA,"brd-k19826688",0.0181062,1.74217268674821,FALSE,"Upregula NQO1",2.95932421261798
1353,"BRD-K62459624","VCAP","6 h","10.0 µM",0.0045378,0.0282487,1.40016,0.000463606861381548,"LINCS L1000","l1000_results_up","up","CPC014_VCAP_6H:BRD-K62459624-001-07-9:10","BRD-K62459624",NA,NA,NA,"brd-k62459624",0.0282487,1.54900153353719,FALSE,"Upregula NQO1",2.16884998719743
1354,"tubacin","HT29","6 h","10.0 µM",0.00453788,0.0274815,0.987863,0.000425170068027211,"LINCS L1000","l1000_results_up","up","CPC019_HT29_6H:BRD-K98426715-001-01-9:10","BRD-K98426715",NA,NA,NA,"tubacin",0.0274815,1.56095956622879,FALSE,"Upregula NQO1",1.54201419997347
1355,"HG-5-88-01","SKB","24 h","10.0 µM",0.00461289,0.0480907,1.79017,0.000942507068803016,"LINCS L1000","l1000_results_up","up","CPC013_SKB_24H:BRD-U44700465-000-01-4:10","BRD-U44700465",NA,NA,NA,"hg-5-88-01",0.0480907,1.31793890136402,FALSE,"Upregula NQO1",2.35933468305483
1356,"BRD-K49010888","VCAP","24 h","10.0 µM",0.00462936,0.0220271,1.14264,0.000376931775348662,"LINCS L1000","l1000_results_up","up","CPC019_VCAP_24H:BRD-K49010888-001-01-2:10","BRD-K49010888",NA,NA,NA,"brd-k49010888",0.0220271,1.65704267656241,FALSE,"Upregula NQO1",1.89340324394727
1357,"purvalanol-a","VCAP","6 h","10.0 µM",0.00470601,0.0439569,0.87395,0.000753012048192771,"LINCS L1000","l1000_results_up","up","CPC005_VCAP_6H:BRD-K50836978-001-01-7:10","BRD-K50836978",NA,NA,NA,"purvalanol-a",0.0439569,1.35697294319045,FALSE,"Upregula NQO1",1.1859265037013
1358,"trichostatin-a","A375","6 h","0.63 µM",0.0047566,0.0211925,1.63475,0.00030248033877798,"LINCS L1000","l1000_results_up","up","PCLB001_A375_6H:BRD-A19037878-001-02-3:0.63","BRD-A19037878",NA,NA,NA,"trichostatin-a",0.0211925,1.67381780817065,FALSE,"Upregula NQO1",2.73627366190698
1359,"trichostatin-a","HT29","6 h","10.0 µM",0.00476897,0.018726,0.905068,0.000275938189845475,"LINCS L1000","l1000_results_up","up","CPC014_HT29_6H:BRD-A19037878:10","BRD-A19037878",NA,NA,NA,"trichostatin-a",0.018726,1.72755498095102,FALSE,"Upregula NQO1",1.56355473149938
1360,"KIN001-244","BT20","24 h","0.4 µM",0.00477594,0.039787,0.758995,0.000644329896907216,"LINCS L1000","l1000_results_up","up","LJP001_BT20_24H:BRD-K09186807-001-02-4:0.4","BRD-K09186807",NA,NA,NA,"kin001-244",0.039787,1.40025880608016,FALSE,"Upregula NQO1",1.06278943252081
1361,"BRD-K91047982","VCAP","24 h","10.0 µM",0.0047892,0.046207,1.14553,0.000779423226812159,"LINCS L1000","l1000_results_up","up","CPC014_VCAP_24H:BRD-K91047982-001-01-6:10","BRD-K91047982",NA,NA,NA,"brd-k91047982",0.046207,1.33529222723416,FALSE,"Upregula NQO1",1.52961730506355
1362,"BRD-K26510616","MCF7","24 h","2.5 µM",0.00483032,0.0197506,1.3939,0.000319590923617769,"LINCS L1000","l1000_results_up","up","HDAC002_MCF7_24H:BRD-K26510616-001-01-7:2.5","BRD-K26510616",NA,NA,NA,"brd-k26510616",0.0197506,1.70441970648152,FALSE,"Upregula NQO1",2.37579062886459
1363,"SIB-1893","VCAP","24 h","10.0 µM",0.00483813,0.0216206,0.760275,0.000305064063453325,"LINCS L1000","l1000_results_up","up","CPC004_VCAP_24H:BRD-K67439147-001-01-7:10","BRD-K67439147",NA,NA,NA,"sib-1893",0.0216206,1.66513225797413,FALSE,"Upregula NQO1",1.26595842743128
1364,"BRD-K34387287","PHH","24 h","10.0 µM",0.0048558,0.0347012,1.3763,0.000455996352029184,"LINCS L1000","l1000_results_up","up","CPC014_PHH_24H:BRD-K34387287-001-01-8:10","BRD-K34387287",NA,NA,NA,"brd-k34387287",0.0347012,1.45965550663947,FALSE,"Upregula NQO1",2.0089238737879
1365,"PHA-793887","MDAMB231","24 h","0.4 µM",0.00487241,0.0339271,0.934627,0.000520562207183758,"LINCS L1000","l1000_results_up","up","LJP001_MDAMB231_24H:BRD-K64800655-001-03-3:0.4","BRD-K64800655",NA,NA,NA,"pha-793887",0.0339271,1.46945326112775,FALSE,"Upregula NQO1",1.37339069308805
1366,"fenretinide","NKDBA","24 h","10.0 µM",0.00490673,0.0320326,2.21768,0.000495785820525533,"LINCS L1000","l1000_results_up","up","MUC.CP002_NKDBA_24H:BRD-K89085489-001-02-6:10","BRD-K89085489",NA,NA,NA,"fenretinide",0.0320326,1.49440780939031,FALSE,"Upregula NQO1",3.31411831072871
1367,"geldanamycin","HL60","6 h","3.33333 µM",0.0049078,0.0220114,0.894913,0.000322476620445018,"LINCS L1000","l1000_results_up","up","AML001_HL60_6H:BRD-A19500257:3.33333","BRD-A19500257",NA,NA,NA,"geldanamycin",0.0220114,1.65735233396013,FALSE,"Upregula NQO1",1.48318614924126
1368,"niclosamide","VCAP","24 h","10.0 µM",0.00494025,0.0161162,1.27685,0.000224618149146451,"LINCS L1000","l1000_results_up","up","CPC006_VCAP_24H:BRD-K35960502-001-10-1:10","BRD-K35960502",NA,NA,NA,"niclosamide",0.0161162,1.79273735171072,FALSE,"Upregula NQO1",2.28905668753184
1369,"BRD-K19166598","VCAP","24 h","10.0 µM",0.00494141,0.0253013,1.07447,0.000400801603206413,"LINCS L1000","l1000_results_up","up","CPC013_VCAP_24H:BRD-K19166598-001-01-9:10","BRD-K19166598",NA,NA,NA,"brd-k19166598",0.0253013,1.59685716387075,FALSE,"Upregula NQO1",1.7157751168642
1370,"BRD-K00954209","VCAP","24 h","10.0 µM",0.00494913,0.0188388,1.32977,0.000285469597487868,"LINCS L1000","l1000_results_up","up","CPC013_VCAP_24H:BRD-K00954209-001-01-0:10","BRD-K00954209",NA,NA,NA,"brd-k00954209",0.0188388,1.72494676449305,FALSE,"Upregula NQO1",2.29378245901992
1371,"TUL_XXI035","NOMO1","24 h","3.33 µM",0.00495446,0.0138548,1.15267,0.000210970464135021,"LINCS L1000","l1000_results_up","up","KMS002_NOMO1_24H:BRD-K58466974-001-01-9:3.33","BRD-K58466974",NA,NA,NA,"tul_xxi035",0.0138548,1.85839973906423,FALSE,"Upregula NQO1",2.14212162722717
1372,"BRD-K88542532","VCAP","24 h","10.0 µM",0.00497114,0.0207648,1.09793,0.000304878048780488,"LINCS L1000","l1000_results_up","up","CPC013_VCAP_24H:BRD-K88542532-001-01-6:10","BRD-K88542532",NA,NA,NA,"brd-k88542532",0.0207648,1.68267224752134,FALSE,"Upregula NQO1",1.84745634072111
1373,"trichostatin-a","HA1E","24 h","10.0 µM",0.00497262,0.0105427,0.868894,0.000161603102779573,"LINCS L1000","l1000_results_up","up","CPC006_HA1E_24H:BRD-A19037878:10","BRD-A19037878",NA,NA,NA,"trichostatin-a",0.0105427,1.97704815146344,FALSE,"Upregula NQO1",1.71784527651768
1374,"crizotinib","HT29","6 h","10.0 µM",0.00500145,0.031713,0.969639,0.000464468183929401,"LINCS L1000","l1000_results_up","up","CPC014_HT29_6H:BRD-K78431006-001-02-9:10","BRD-K78431006",NA,NA,NA,"crizotinib",0.031713,1.49876267245357,FALSE,"Upregula NQO1",1.4532587389552
1375,"emetine","MCF7","6 h","10.0 µM",0.00500185,0.0219144,1.04704,0.00029120559114735,"LINCS L1000","l1000_results_up","up","CPC004_MCF7_6H:BRD-A25687296-300-03-5:10","BRD-A25687296",NA,NA,NA,"emetine",0.0219144,1.65927041550769,FALSE,"Upregula NQO1",1.73732249585317
1376,"phorbol-12-myristate-13-acetate","A375","24 h","10.0 µM",0.00500656,0.042797,0.803208,0.000731528895391368,"LINCS L1000","l1000_results_up","up","CPC006_A375_24H:BRD-A15079084-001-02-9:10","BRD-A15079084",NA,NA,NA,"phorbol-12-myristate-13-acetate",0.042797,1.36858667325575,FALSE,"Upregula NQO1",1.0992597646524
1377,"PD-198306","NPC","24 h","10.0 µM",0.0050725,0.021462,1.03725,0.00027972027972028,"LINCS L1000","l1000_results_up","up","CPC016_NPC_24H:BRD-K88677950-001-01-3:10","BRD-K88677950",NA,NA,NA,"pd-198306",0.021462,1.66832980946739,FALSE,"Upregula NQO1",1.73047509487005
1378,"BRD-K90999434","HT29","24 h","10.0 µM",0.00507862,0.0195186,1.01246,0.000260010400416017,"LINCS L1000","l1000_results_up","up","CPC006_HT29_24H:BRD-K90999434-003-01-9:10","BRD-K90999434",NA,NA,NA,"brd-k90999434",0.0195186,1.70955133595618,FALSE,"Upregula NQO1",1.7308523456022
1379,"tributyltin","HA1E","6 h","10.0 µM",0.00509823,0.0204002,0.969244,0.000231964741359313,"LINCS L1000","l1000_results_up","up","CRCGN001_HA1E_6H:BRD-K88145757-001-01-6:10","BRD-K88145757",NA,NA,NA,"tributyltin",0.0204002,1.69036557480593,FALSE,"Upregula NQO1",1.6383766911872
1380,"lamivudine","VCAP","24 h","10.0 µM",0.00521106,0.0269427,0.710032,0.000350508236943568,"LINCS L1000","l1000_results_up","up","CPC011_VCAP_24H:BRD-K02992638-001-07-6:10","BRD-K02992638",NA,NA,NA,"lamivudine",0.0269427,1.56955888462102,FALSE,"Upregula NQO1",1.11443703396523
1381,"BRD-K88198340","PC3","24 h","10.0 µM",0.00523227,0.0456911,1.14684,0.000702247191011236,"LINCS L1000","l1000_results_up","up","CPC007_PC3_24H:BRD-K88198340-001-05-0:10","BRD-K88198340",NA,NA,NA,"brd-k88198340",0.0456911,1.34016838630456,FALSE,"Upregula NQO1",1.53695871214952
1382,"vorinostat","HT29","6 h","10.0 µM",0.00524138,0.03273,1.31555,0.000476871721506915,"LINCS L1000","l1000_results_up","up","CPC007_HT29_6H:BRD-K81418486:10","BRD-K81418486",NA,NA,NA,"vorinostat",0.03273,1.485053994692,FALSE,"Upregula NQO1",1.95366278271705
1383,"piceatannol","NPC","24 h","10.0 µM",0.00525592,0.0170065,1.62638,0.000199720391451967,"LINCS L1000","l1000_results_up","up","CPC017_NPC_24H:BRD-K91509126-001-04-6:10","BRD-K91509126",NA,NA,NA,"piceatannol",0.0170065,1.76938505658672,FALSE,"Upregula NQO1",2.87769246833151
1384,"alvespimycin","PHH","24 h","10.0 µM",0.0052685,0.0208567,1.50112,0.000268456375838926,"LINCS L1000","l1000_results_up","up","CPC014_PHH_24H:BRD-K83988098-003-01-8:10","BRD-K83988098",NA,NA,NA,"alvespimycin",0.0208567,1.68075440564891,FALSE,"Upregula NQO1",2.52301405340769
1385,"BRD-K35832492","MCF7","24 h","0.15625 µM",0.00528351,0.0198203,1.39363,0.000287108814240597,"LINCS L1000","l1000_results_up","up","HDAC002_MCF7_24H:BRD-K35832492-001-01-3:0.15625","BRD-K35832492",NA,NA,NA,"brd-k35832492",0.0198203,1.70288977632105,FALSE,"Upregula NQO1",2.3731982789743
1386,"BRD-K58761147","A549","24 h","5.12 µM",0.00531132,0.0260569,1.85424,0.000409165302782324,"LINCS L1000","l1000_results_up","up","DOS045_A549_24H:BRD-K58761147-001-01-5:5.12","BRD-K58761147",NA,NA,NA,"brd-k58761147",0.0260569,1.58407725374149,FALSE,"Upregula NQO1",2.93725940697761
1387,"HDAC3-selective","MCF7","6 h","2.5 µM",0.00532167,0.042984,0.631393,0.000723065798987708,"LINCS L1000","l1000_results_up","up","HDAC001_MCF7_6H:BRD-K29313308-001-01-6:2.5","BRD-K29313308",NA,NA,NA,"hdac3-selective",0.042984,1.36669317243936,FALSE,"Upregula NQO1",0.862920502226006
1388,"trichostatin-a","A375","6 h","10.0 µM",0.00532495,0.0157555,1.19522,0.000225733634311512,"LINCS L1000","l1000_results_up","up","CPC006_A375_6H:BRD-A19037878:10","BRD-A19037878",NA,NA,NA,"trichostatin-a",0.0157555,1.80256780995775,FALSE,"Upregula NQO1",2.1544650978177
1389,"wortmannin","PC3","6 h","10.0 µM",0.00537315,0.0200418,0.999848,0.000275103163686382,"LINCS L1000","l1000_results_up","up","CPC019_PC3_6H:BRD-A75409952:10","BRD-A75409952",NA,NA,NA,"wortmannin",0.0200418,1.69806327607017,FALSE,"Upregula NQO1",1.6978051704522
1390,"BRD-A16581344","VCAP","24 h","10.0 µM",0.00538008,0.0278938,0.942049,0.000378501135503407,"LINCS L1000","l1000_results_up","up","CPC012_VCAP_24H:BRD-A16581344-001-01-1:10","BRD-A16581344",NA,NA,NA,"brd-a16581344",0.0278938,1.55449231733618,FALSE,"Upregula NQO1",1.46440793305423
1391,"neratinib","MCF7","24 h","10.0 µM",0.00539607,0.0236302,0.557168,0.00029806259314456,"LINCS L1000","l1000_results_up","up","CPC006_MCF7_24H:BRD-K85606544-001-01-8:10","BRD-K85606544",NA,NA,NA,"neratinib",0.0236302,1.62653260259409,FALSE,"Upregula NQO1",0.906251917122143
1392,"BRD-K68313733","PC3","6 h","10.0 µM",0.00547553,0.0357878,0.863213,0.000534188034188034,"LINCS L1000","l1000_results_up","up","CPC007_PC3_6H:BRD-K68313733-001-11-2:10","BRD-K68313733",NA,NA,NA,"brd-k68313733",0.0357878,1.44626499837521,FALSE,"Upregula NQO1",1.24843474804246
1393,"TUL-XXI039","NOMO1","24 h","1.11 µM",0.00549791,0.0144988,0.933583,0.000208420175072947,"LINCS L1000","l1000_results_up","up","KMS002_NOMO1_24H:BRD-K22828899-001-01-5:1.11","BRD-K22828899",NA,NA,NA,"tul-xxi039",0.0144988,1.83866794086464,FALSE,"Upregula NQO1",1.71654913223623
1394,"BRD-A30083233","PC3","24 h","10.0 µM",0.00551292,0.0426404,1.01618,0.000642260757867694,"LINCS L1000","l1000_results_up","up","CPC013_PC3_24H:BRD-A30083233-001-01-4:10","BRD-A30083233",NA,NA,NA,"brd-a30083233",0.0426404,1.37017872994354,FALSE,"Upregula NQO1",1.39234822179403
1395,"fostamatinib","BT20","24 h","10.0 µM",0.00555505,0.0398903,0.744372,0.000579038795599305,"LINCS L1000","l1000_results_up","up","LJP001_BT20_24H:BRD-K20285085-001-03-0:10","BRD-K20285085",NA,NA,NA,"fostamatinib",0.0398903,1.3991326975118,FALSE,"Upregula NQO1",1.04147520431226
1396,"BRD-K21064560","PC3","24 h","10.0 µM",0.00556329,0.033062,1.01511,0.000503018108651912,"LINCS L1000","l1000_results_up","up","CPC002_PC3_24H:BRD-K21064560-001-01-6:10","BRD-K21064560",NA,NA,NA,"brd-k21064560",0.033062,1.48067087845085,FALSE,"Upregula NQO1",1.50304381542424
1397,"WH-4025","MDAMB231","24 h","2.0 µM",0.00562692,0.0194053,0.898309,0.000239865675221876,"LINCS L1000","l1000_results_up","up","LJP001_MDAMB231_24H:BRD-K29385665-001-01-1:2","BRD-K29385665",NA,NA,NA,"wh-4025",0.0194053,1.71207963881227,FALSE,"Upregula NQO1",1.53797654826181
1398,"UNC-0321","A375","24 h","10.0 µM",0.00562845,0.0205803,0.802841,0.000268096514745308,"LINCS L1000","l1000_results_up","up","CPC006_A375_24H:BRD-K74236984-001-01-4:10","BRD-K74236984",NA,NA,NA,"unc-0321",0.0205803,1.68654829879638,FALSE,"Upregula NQO1",1.35403012275398
1399,"BCI-hydrochloride","MCF7","6 h","10.0 µM",0.00565727,0.02929,0.732073,0.000385059684251059,"LINCS L1000","l1000_results_up","up","CPC014_MCF7_6H:BRD-A11007541-003-01-9:10","BRD-A11007541",NA,NA,NA,"bci-hydrochloride",0.02929,1.5332806283184,FALSE,"Upregula NQO1",1.12247334941494
1400,"pifithrin-mu","MCF7","24 h","10.0 µM",0.00565958,0.0231882,0.798637,0.000287604256542997,"LINCS L1000","l1000_results_up","up","CPC006_MCF7_24H:BRD-K96799727-001-02-5:10","BRD-K96799727",NA,NA,NA,"pifithrin-mu",0.0231882,1.63473296246196,FALSE,"Upregula NQO1",1.30555822894173
1401,"etoposide","HA1E","6 h","10.0 µM",0.00568219,0.0368159,1.34915,0.00044404973357016,"LINCS L1000","l1000_results_up","up","CRCGN001_HA1E_6H:BRD-A02579693-001-01-8:10","BRD-A02579693",NA,NA,NA,"etoposide",0.0368159,1.4339645783122,FALSE,"Upregula NQO1",1.9346333108299
1402,"curcumin","JURKAT","6 h","10.0 µM",0.00571447,0.0320367,1.49789,0.000443458980044346,"LINCS L1000","l1000_results_up","up","PCLB001_JURKAT_6H:BRD-K07572174-001-22-0:10","BRD-K07572174",NA,NA,NA,"curcumin",0.0320367,1.49435222559657,FALSE,"Upregula NQO1",2.23837525519885
1403,"PAC-1","PC3","24 h","10.0 µM",0.00572163,0.0257382,1.00476,0.000395413206801107,"LINCS L1000","l1000_results_up","up","CPC005_PC3_24H:BRD-K50841342-001-01-6:10","BRD-K50841342",NA,NA,NA,"pac-1",0.0257382,1.58942182873707,FALSE,"Upregula NQO1",1.59698747664186
1404,"trichostatin-a","HA1E","24 h","10.0 µM",0.00576232,0.0231241,1.61637,0.00028604118993135,"LINCS L1000","l1000_results_up","up","PCLB001_HA1E_24H:BRD-A19037878-001-02-3:10","BRD-A19037878",NA,NA,NA,"trichostatin-a",0.0231241,1.63593516118958,FALSE,"Upregula NQO1",2.64427651649199
1405,"vorinostat","MCF7","6 h","10.0 µM",0.00583599,0.019874,0.872563,0.00025766555011595,"LINCS L1000","l1000_results_up","up","CPC015_MCF7_6H:BRD-K81418486:10","BRD-K81418486",NA,NA,NA,"vorinostat",0.019874,1.70171471451592,FALSE,"Upregula NQO1",1.48485329644215
1406,"wortmannin","PC3","6 h","10.0 µM",0.00583863,0.0202263,0.919392,0.00026816840976133,"LINCS L1000","l1000_results_up","up","CPC009_PC3_6H:BRD-A75409952:10","BRD-A75409952",NA,NA,NA,"wortmannin",0.0202263,1.69408355551631,FALSE,"Upregula NQO1",1.55752686827325
1407,"MLN-2238","SW948","6 h","10.0 µM",0.00587468,0.0371957,1.05673,0.000489476260401371,"LINCS L1000","l1000_results_up","up","CPC006_SW948_6H:BRD-K78659596-001-01-3:10","BRD-K78659596",NA,NA,NA,"mln-2238",0.0371957,1.42950726372595,FALSE,"Upregula NQO1",1.51060321079713
1408,"vorinostat","VCAP","6 h","10.0 µM",0.00592295,0.0163435,0.952552,0.000206953642384106,"LINCS L1000","l1000_results_up","up","CPC007_VCAP_6H:BRD-K81418486:10","BRD-K81418486",NA,NA,NA,"vorinostat",0.0163435,1.78665493263127,FALSE,"Upregula NQO1",1.70188172938778
1409,"GDC-0941","HT29","6 h","10.0 µM",0.00593156,0.0470636,0.873795,0.000791139240506329,"LINCS L1000","l1000_results_up","up","CPC014_HT29_6H:BRD-K52911425-001-01-5:10","BRD-K52911425",NA,NA,NA,"gdc-0941",0.0470636,1.32731485573337,FALSE,"Upregula NQO1",1.15980108436554
1410,"phorbol-myristate-acetate","HL60","24 h","3.33333 µM",0.00596622,0.0121049,1.36275,0.000136202669572324,"LINCS L1000","l1000_results_up","up","AML001_HL60_24H:BRD-K68552125:3.33333","BRD-K68552125",NA,NA,NA,"phorbol-myristate-acetate",0.0121049,1.91703879396513,FALSE,"Upregula NQO1",2.61244461647598
1411,"BRD-K77547920","PC3","6 h","10.0 µM",0.00598032,0.0464987,0.814526,0.000633713561470215,"LINCS L1000","l1000_results_up","up","CPC009_PC3_6H:BRD-K77547920-001-04-2:10","BRD-K77547920",NA,NA,NA,"brd-k77547920",0.0464987,1.33255918884593,FALSE,"Upregula NQO1",1.08540410585392
1412,"tubastatin-a","MCF7","24 h","0.15625 µM",0.00598959,0.0280556,1.36589,0.000372995151063036,"LINCS L1000","l1000_results_up","up","HDAC002_MCF7_24H:BRD-K00627859-001-03-1:0.15625","BRD-K00627859",NA,NA,NA,"tubastatin-a",0.0280556,1.55198043899393,FALSE,"Upregula NQO1",2.11983456181742
1413,"KIN001-244","MCF10A","6 h","0.08 µM",0.00601556,0.0368007,1.29138,0.000473933649289099,"LINCS L1000","l1000_results_up","up","LJP001_MCF10A_6H:BRD-K09186807-001-02-4:0.08","BRD-K09186807",NA,NA,NA,"kin001-244",0.0368007,1.43414392036871,FALSE,"Upregula NQO1",1.85202477588575
1414,"EMF-sumo1-7","VCAP","24 h","10.0 µM",0.00601926,0.0403604,0.861982,0.000641848523748395,"LINCS L1000","l1000_results_up","up","CPC014_VCAP_24H:BRD-K49181186-001-04-4:10","BRD-K49181186",NA,NA,NA,"emf-sumo1-7",0.0403604,1.3940445382495,FALSE,"Upregula NQO1",1.20164129916938
1415,"BRD-K54343811","MCF7","24 h","10.0 µM",0.00602677,0.017393,1.62242,0.00024313153415998,"LINCS L1000","l1000_results_up","up","HDAC002_MCF7_24H:BRD-K54343811-001-01-1:10","BRD-K54343811",NA,NA,NA,"brd-k54343811",0.017393,1.75962550304177,FALSE,"Upregula NQO1",2.85485160864502
1416,"BRD-K86682249","SW948","6 h","10.0 µM",0.00602971,0.0268271,1.31331,0.000281610813855252,"LINCS L1000","l1000_results_up","up","CPC006_SW948_6H:BRD-K86682249-001-05-7:10","BRD-K86682249",NA,NA,NA,"brd-k86682249",0.0268271,1.5714262718703,FALSE,"Upregula NQO1",2.06376983710999
1417,"trichostatin-a","U266","24 h","0.37 µM",0.00603016,0.016093,1.77115,0.000174520069808028,"LINCS L1000","l1000_results_up","up","PCLB001_U266_24H:BRD-A19037878-001-02-3:0.37","BRD-A19037878",NA,NA,NA,"trichostatin-a",0.016093,1.79336298871646,FALSE,"Upregula NQO1",3.17631485746517
1418,"BRD-K30463976","A375","6 h","10.0 µM",0.00604032,0.0325996,1.12375,0.000401767778224186,"LINCS L1000","l1000_results_up","up","CPC010_A375_6H:BRD-K30463976-001-02-5:10","BRD-K30463976",NA,NA,NA,"brd-k30463976",0.0325996,1.4867877287314,FALSE,"Upregula NQO1",1.67077771016191
1419,"neratinib","HT29","24 h","10.0 µM",0.00609739,0.0298673,1.06218,0.00034494653328734,"LINCS L1000","l1000_results_up","up","CPC006_HT29_24H:BRD-K85606544-001-01-8:10","BRD-K85606544",NA,NA,NA,"neratinib",0.0298673,1.52480403578559,FALSE,"Upregula NQO1",1.61961635073073
1420,"IKK-2-inhibitor-V","SW948","6 h","10.0 µM",0.00620078,0.0475151,1.2925,0.000672947510094213,"LINCS L1000","l1000_results_up","up","CPC006_SW948_6H:BRD-K74305673-001-01-3:10","BRD-K74305673",NA,NA,NA,"ikk-2-inhibitor-v",0.0475151,1.32316835238471,FALSE,"Upregula NQO1",1.71019509545724
1421,"BRD-K19826688","MCF7","24 h","10.0 µM",0.00623143,0.0415511,0.587595,0.000546149645002731,"LINCS L1000","l1000_results_up","up","HDAC001_MCF7_24H:BRD-K19826688-001-01-9:10","BRD-K19826688",NA,NA,NA,"brd-k19826688",0.0415511,1.38141747446455,FALSE,"Upregula NQO1",0.811714000907997
1422,"epigallocatechin","HA1E","6 h","88.8 µM",0.00623592,0.0357154,0.767357,0.000432525951557093,"LINCS L1000","l1000_results_up","up","CPC006_HA1E_6H:BRD-K19216856-001-02-7:88.8","BRD-K19216856",NA,NA,NA,"epigallocatechin",0.0357154,1.44714448156576,FALSE,"Upregula NQO1",1.11047644794086
1423,"quinidine","PC3","6 h","10.0 µM",0.00624381,0.0391543,0.964284,0.000463177396943029,"LINCS L1000","l1000_results_up","up","CPC003_PC3_6H:BRD-K70799801-311-02-7:10","BRD-K70799801",NA,NA,NA,"quinidine",0.0391543,1.40722053593748,FALSE,"Upregula NQO1",1.35696024727594
1424,"KU-0060648","A375","24 h","10.0 µM",0.00628269,0.0153537,0.861531,0.000174794616325817,"LINCS L1000","l1000_results_up","up","CPC006_A375_24H:BRD-K09499853-305-01-1:10","BRD-K09499853",NA,NA,NA,"ku-0060648",0.0153537,1.81378694944087,FALSE,"Upregula NQO1",1.56263368433874
1425,"quinoclamine","A375","24 h","11.1 µM",0.00634265,0.0229992,0.835005,0.00024612355402412,"LINCS L1000","l1000_results_up","up","CPC006_A375_24H:BRD-K66792149-001-01-8:11.1","BRD-K66792149",NA,NA,NA,"quinoclamine",0.0229992,1.63828727014015,FALSE,"Upregula NQO1",1.36797806200337
1426,"A-443644","MDAMB231","24 h","0.4 µM",0.00638219,0.0297506,0.953271,0.000333000333000333,"LINCS L1000","l1000_results_up","up","LJP001_MDAMB231_24H:BRD-K38615104-001-08-4:0.4","BRD-K38615104",NA,NA,NA,"a-443644",0.0297506,1.52650427114345,FALSE,"Upregula NQO1",1.45517225305719
1427,"parthenolide","PC3","24 h","10.0 µM",0.00641269,0.0482588,0.635772,0.000648508430609598,"LINCS L1000","l1000_results_up","up","CPC006_PC3_24H:BRD-K98548675-001-02-6:10","BRD-K98548675",NA,NA,NA,"parthenolide",0.0482588,1.31642348142967,FALSE,"Upregula NQO1",0.836945189635505
1428,"BRD-A09984573","VCAP","24 h","10.0 µM",0.00646149,0.0498042,1.12856,0.000658761528326746,"LINCS L1000","l1000_results_up","up","CPC013_VCAP_24H:BRD-A09984573-001-01-8:10","BRD-A09984573",NA,NA,NA,"brd-a09984573",0.0498042,1.30273403153926,FALSE,"Upregula NQO1",1.47021351863394
1429,"SB-218078","A375","6 h","10.0 µM",0.00651899,0.0384135,1.19127,0.00043917435221783,"LINCS L1000","l1000_results_up","up","CPC016_A375_6H:BRD-A06352508-001-02-9:10","BRD-A06352508",NA,NA,NA,"sb-218078",0.0384135,1.41551612081096,FALSE,"Upregula NQO1",1.68626188923847
1430,"BRD-A36275421","VCAP","6 h","10.0 µM",0.00653795,0.0257631,0.893521,0.000307692307692308,"LINCS L1000","l1000_results_up","up","CPC006_VCAP_6H:BRD-A36275421-001-11-1:10","BRD-A36275421",NA,NA,NA,"brd-a36275421",0.0257631,1.58900188075742,FALSE,"Upregula NQO1",1.41980654949626
1431,"BRD-K51556300","NOMO1","24 h","0.38 µM",0.00657854,0.0187324,1.13545,0.000239520958083832,"LINCS L1000","l1000_results_up","up","KMS002_NOMO1_24H:BRD-K51556300-001-01-9:0.38","BRD-K51556300",NA,NA,NA,"brd-k51556300",0.0187324,1.72740657713713,FALSE,"Upregula NQO1",1.96138379801035
1432,"BMS-536924","A375","6 h","11.1 µM",0.00669675,0.0418818,1.48919,0.000528262017960909,"LINCS L1000","l1000_results_up","up","CPC006_A375_6H:BRD-K34581968-001-01-2:11.1","BRD-K34581968",NA,NA,NA,"bms-536924",0.0418818,1.37797466144237,FALSE,"Upregula NQO1",2.05206608607336
1433,"AG-957","PC3","24 h","10.0 µM",0.00669843,0.047977,1.29092,0.00061012812690665,"LINCS L1000","l1000_results_up","up","CPC004_PC3_24H:BRD-K36737713-001-01-6:10","BRD-K36737713",NA,NA,NA,"ag-957",0.047977,1.31896691193675,FALSE,"Upregula NQO1",1.70268076595739
1434,"BRD-A10330754","VCAP","24 h","10.0 µM",0.00670233,0.0429853,0.958519,0.00053850296176629,"LINCS L1000","l1000_results_up","up","CPC012_VCAP_24H:BRD-A10330754-001-01-2:10","BRD-A10330754",NA,NA,NA,"brd-a10330754",0.0429853,1.36668003791747,FALSE,"Upregula NQO1",1.30998878326461
1435,"RO-28-1675","VCAP","24 h","160.0 µM",0.00670692,0.0270954,0.879607,0.000293427230046948,"LINCS L1000","l1000_results_up","up","CPC006_VCAP_24H:BRD-K21672174-001-02-2:160","BRD-K21672174",NA,NA,NA,"ro-28-1675",0.0270954,1.56710443326534,FALSE,"Upregula NQO1",1.37843602923122
1436,"BRD-K73610817","VCAP","6 h","10.0 µM",0.00673697,0.0229738,0.941643,0.000229937916762474,"LINCS L1000","l1000_results_up","up","CPC007_VCAP_6H:BRD-K73610817-001-06-3:10","BRD-K73610817",NA,NA,NA,"brd-k73610817",0.0229738,1.63876716403277,FALSE,"Upregula NQO1",1.54313362864131
1437,"vorinostat","HT29","6 h","10.0 µM",0.00681493,0.0241302,1.138,0.000281610813855252,"LINCS L1000","l1000_results_up","up","CPC017_HT29_6H:BRD-K81418486:10","BRD-K81418486",NA,NA,NA,"vorinostat",0.0241302,1.61743907848341,FALSE,"Upregula NQO1",1.84064567131412
1438,"OSI-027","SKBR3","24 h","2.0 µM",0.00685711,0.0343442,1.222,0.000389256520046711,"LINCS L1000","l1000_results_up","up","LJP001_SKBR3_24H:BRD-K94294671-003-02-1:2","BRD-K94294671",NA,NA,NA,"osi-027",0.0343442,1.46414659545095,FALSE,"Upregula NQO1",1.78918713964106
1439,"BRD-K48204702","VCAP","24 h","10.0 µM",0.00686136,0.0296859,1.43299,0.000340599455040872,"LINCS L1000","l1000_results_up","up","CPC013_VCAP_24H:BRD-K48204702-001-01-6:10","BRD-K48204702",NA,NA,NA,"brd-k48204702",0.0296859,1.52744977984863,FALSE,"Upregula NQO1",2.18882026002529
1440,"HDAC1-selective","MCF7","6 h","10.0 µM",0.00689948,0.02616,0.624087,0.000267594327000268,"LINCS L1000","l1000_results_up","up","HDAC001_MCF7_6H:BRD-K85133207-001-01-1:10","BRD-K85133207",NA,NA,NA,"hdac1-selective",0.02616,1.58236226034777,FALSE,"Upregula NQO1",0.987531715973659
1441,"bortezomib","VCAP","6 h","0.04 µM",0.00691124,0.027993,0.87849,0.000312207305650952,"LINCS L1000","l1000_results_up","up","CPC006_VCAP_6H:BRD-K88510285-001-01-2:0.04","BRD-K88510285",NA,NA,NA,"bortezomib",0.027993,1.55295055585222,FALSE,"Upregula NQO1",1.36425153381062
1442,"7b-cis","PC3","24 h","10.0 µM",0.00692521,0.0281593,0.744957,0.000317561130517625,"LINCS L1000","l1000_results_up","up","CPC006_PC3_24H:BRD-K61829047-001-01-6:10","BRD-K61829047",NA,NA,NA,"7b-cis",0.0281593,1.5503781453366,FALSE,"Upregula NQO1",1.15496505201552
1443,"BRD-A40431293","HT29","6 h","10.0 µM",0.00692681,0.0398466,0.716892,0.000490196078431373,"LINCS L1000","l1000_results_up","up","CPC018_HT29_6H:BRD-A40431293-001-01-0:10","BRD-A40431293",NA,NA,NA,"brd-a40431293",0.0398466,1.39960872983208,FALSE,"Upregula NQO1",1.00336830154678
1444,"BRD-K98834634","PC3","24 h","10.0 µM",0.00694101,0.0455889,0.783172,0.000604960677555959,"LINCS L1000","l1000_results_up","up","CPC019_PC3_24H:BRD-K98834634-001-01-2:10","BRD-K98834634",NA,NA,NA,"brd-k98834634",0.0455889,1.34114088662439,FALSE,"Upregula NQO1",1.0503439904594
1445,"BRD-K31126514","A549","24 h","4.99 µM",0.0070675,0.0350464,1.8074,0.00041893590280687,"LINCS L1000","l1000_results_up","up","DOS045_A549_24H:BRD-K31126514-001-01-8:4.99","BRD-K31126514",NA,NA,NA,"brd-k31126514",0.0350464,1.45535658655416,FALSE,"Upregula NQO1",2.63041149453799
1446,"trichostatin-a","HEK293T","6 h","0.15625 µM",0.00715932,0.0237379,1.16107,0.000256476019492178,"LINCS L1000","l1000_results_up","up","BRAF001_HEK293T_6H:BRD-A19037878-001-01-5:0.15625","BRD-A19037878",NA,NA,NA,"trichostatin-a",0.0237379,1.62455770403148,FALSE,"Upregula NQO1",1.88622521341983
1447,"F-1566-0341","PC3","6 h","10.0 µM",0.00716268,0.0362992,1.12535,0.000429184549356223,"LINCS L1000","l1000_results_up","up","CPC013_PC3_6H:BRD-K69852452-001-01-8:10","BRD-K69852452",NA,NA,NA,"f-1566-0341",0.0362992,1.44010294629761,FALSE,"Upregula NQO1",1.62061985061601
1448,"trichostatin-a","PC3","24 h","10.0 µM",0.00719634,0.0129316,0.663455,0.000141183114499506,"LINCS L1000","l1000_results_up","up","CPC006_PC3_24H:BRD-A19037878:10","BRD-A19037878",NA,NA,NA,"trichostatin-a",0.0129316,1.8883477374412,FALSE,"Upregula NQO1",1.25283374814405
1449,"BRD-K07259155","PC3","24 h","10.0 µM",0.0071968,0.0412612,1.33985,0.000502260170768458,"LINCS L1000","l1000_results_up","up","CPC008_PC3_24H:BRD-K07259155-001-05-2:10","BRD-K07259155",NA,NA,NA,"brd-k07259155",0.0412612,1.3844581455873,FALSE,"Upregula NQO1",1.85496624636515
1450,"CHEMBL-399379","HCC515","24 h","80.0 µM",0.00724083,0.0289529,0.951372,0.00029171528588098,"LINCS L1000","l1000_results_up","up","CPC006_HCC515_24H:BRD-K43620258-001-01-6:80","BRD-K43620258",NA,NA,NA,"chembl-399379",0.0289529,1.53830792965951,FALSE,"Upregula NQO1",1.46350309165602
1451,"sirolimus","PC3","24 h","10.0 µM",0.00724373,0.0273118,0.472732,0.000328839197632358,"LINCS L1000","l1000_results_up","up","ASG001_PC3_24H:BRD-A79768653-001-01-3:10","BRD-A79768653",NA,NA,NA,"sirolimus",0.0273118,1.56364967648763,FALSE,"Upregula NQO1",0.739187238865351
1452,"BIBR-1532","MCF7","6 h","80.0 µM",0.00729405,0.0372038,0.680274,0.000406008932196508,"LINCS L1000","l1000_results_up","up","CPC006_MCF7_6H:BRD-K04623885-001-03-4:80","BRD-K04623885",NA,NA,NA,"bibr-1532",0.0372038,1.429412698969,FALSE,"Upregula NQO1",0.97239229437844
1453,"avicin-d","U266","24 h","1.11 µM",0.00734149,0.0178316,2.03602,0.00016675004168751,"LINCS L1000","l1000_results_up","up","PCLB001_U266_24H:BRD-A15100685-001-02-6:1.11","BRD-A15100685",NA,NA,NA,"avicin-d",0.0178316,1.74880968655009,FALSE,"Upregula NQO1",3.56061149800972
1454,"DG-041","HCC515","24 h","40.0 µM",0.00735687,0.0287879,0.897507,0.000300842358604092,"LINCS L1000","l1000_results_up","up","CPC006_HCC515_24H:BRD-K33272502-001-01-2:40","BRD-K33272502",NA,NA,NA,"dg-041",0.0287879,1.5407900145827,FALSE,"Upregula NQO1",1.38286982361807
1455,"ellipticine","VCAP","24 h","10.0 µM",0.00735786,0.0237366,1.02701,0.000233535730966838,"LINCS L1000","l1000_results_up","up","CPC014_VCAP_24H:BRD-K85985071-001-20-7:10","BRD-K85985071",NA,NA,NA,"ellipticine",0.0237366,1.62458148870858,FALSE,"Upregula NQO1",1.6684614347186
1456,"AMG-9810","PC3","24 h","10.0 µM",0.0073619,0.0274048,1.35916,0.000266524520255863,"LINCS L1000","l1000_results_up","up","CPC004_PC3_24H:BRD-K43068349-001-01-9:10","BRD-K43068349",NA,NA,NA,"amg-9810",0.0274048,1.56217336305769,FALSE,"Upregula NQO1",2.12324354813349
1457,"wortmannin","PC3","6 h","10.0 µM",0.00743796,0.0356388,0.972078,0.000405022276225192,"LINCS L1000","l1000_results_up","up","DEB001_PC3_6H:BRD-A75409952-001-05-7:10","BRD-A75409952",NA,NA,NA,"wortmannin",0.0356388,1.44807692759117,FALSE,"Upregula NQO1",1.40764372361897
1458,"amlodipine","VCAP","24 h","10.0 µM",0.00746814,0.0315083,0.638016,0.000307881773399015,"LINCS L1000","l1000_results_up","up","CPC011_VCAP_24H:BRD-A64297288-001-07-0:10","BRD-A64297288",NA,NA,NA,"amlodipine",0.0315083,1.50157502813467,FALSE,"Upregula NQO1",0.958028893150367
1459,"BRD-K99636700","PC3","6 h","0.625 µM",0.00749679,0.0351672,0.651431,0.000383582662063675,"LINCS L1000","l1000_results_up","up","HDAC001_PC3_6H:BRD-K99636700-001-01-9:0.625","BRD-K99636700",NA,NA,NA,"brd-k99636700",0.0351672,1.4538622086793,FALSE,"Upregula NQO1",0.947090912462163
1460,"BRD-K23673040","PC3","24 h","10.0 µM",0.00760388,0.0249139,1.23328,0.000217770034843206,"LINCS L1000","l1000_results_up","up","CPC007_PC3_24H:BRD-K23673040-001-12-9:10","BRD-K23673040",NA,NA,NA,"brd-k23673040",0.0249139,1.60355828306552,FALSE,"Upregula NQO1",1.97763635933904
1461,"amonafide","MCF7","6 h","10.0 µM",0.00761634,0.0438358,0.751631,0.000489955903968643,"LINCS L1000","l1000_results_up","up","CPC013_MCF7_6H:BRD-K56334280-001-01-0:10","BRD-K56334280",NA,NA,NA,"amonafide",0.0438358,1.35817106319621,FALSE,"Upregula NQO1",1.02084347440123
1462,"SA-103006","VCAP","24 h","10.0 µM",0.00766192,0.0339872,1.02692,0.000356125356125356,"LINCS L1000","l1000_results_up","up","CPC013_VCAP_24H:BRD-K98714523-001-01-0:10","BRD-K98714523",NA,NA,NA,"sa-103006",0.0339872,1.46868461284084,FALSE,"Upregula NQO1",1.50822160261852
1463,"scriptaid","MCF7","6 h","1.11 µM",0.00769546,0.0458679,0.898097,0.000570450656018254,"LINCS L1000","l1000_results_up","up","HOG003_MCF7_6H:BRD-K22503835-001-06-0:1.11","BRD-K22503835",NA,NA,NA,"scriptaid",0.0458679,1.33849114300055,FALSE,"Upregula NQO1",1.20209488005537
1464,"BRD-K11309655","A549","24 h","4.95 µM",0.00769598,0.0398823,1.73989,0.00045662100456621,"LINCS L1000","l1000_results_up","up","DOS045_A549_24H:BRD-K11309655-001-01-3:4.95","BRD-K11309655",NA,NA,NA,"brd-k11309655",0.0398823,1.39921980400869,FALSE,"Upregula NQO1",2.43448854479668
1465,"trichostatin-a","JURKAT","24 h","0.37 µM",0.00775325,0.0254758,2.32651,0.000231535077564251,"LINCS L1000","l1000_results_up","up","PCLB001_JURKAT_24H:BRD-A19037878-001-02-3:0.37","BRD-A19037878",NA,NA,NA,"trichostatin-a",0.0254758,1.59387216923987,FALSE,"Upregula NQO1",3.70815954045826
1466,"NVP-TAE684","BT20","24 h","10.0 µM",0.00793015,0.0389477,0.904992,0.00043917435221783,"LINCS L1000","l1000_results_up","up","LJP001_BT20_24H:BRD-K50140147-001-05-1:10","BRD-K50140147",NA,NA,NA,"nvp-tae684",0.0389477,1.40951818386565,FALSE,"Upregula NQO1",1.27560268025294
1467,"BRD-K26510616","MCF7","24 h","10.0 µM",0.00796281,0.022445,1.60763,0.000261985852763951,"LINCS L1000","l1000_results_up","up","HDAC002_MCF7_24H:BRD-K26510616-001-01-7:10","BRD-K26510616",NA,NA,NA,"brd-k26510616",0.022445,1.64888039026233,FALSE,"Upregula NQO1",2.65078958179743
1468,"trichostatin-a","HT29","6 h","10.0 µM",0.00808213,0.0289625,1.09823,0.000287356321839081,"LINCS L1000","l1000_results_up","up","CPC020_HT29_6H:BRD-A19037878:10","BRD-A19037878",NA,NA,NA,"trichostatin-a",0.0289625,1.53816395320197,FALSE,"Upregula NQO1",1.689257798325
1469,"flubendazole","VCAP","24 h","10.0 µM",0.00822971,0.0295913,0.632733,0.000280347631062518,"LINCS L1000","l1000_results_up","up","CPC011_VCAP_24H:BRD-K86003836-001-06-3:10","BRD-K86003836",NA,NA,NA,"flubendazole",0.0295913,1.52883595506834,FALSE,"Upregula NQO1",0.967344960358255
1470,"ST-4066738","VCAP","24 h","10.0 µM",0.00834535,0.0247515,1.08699,0.000255427841634738,"LINCS L1000","l1000_results_up","up","CPC013_VCAP_24H:BRD-K82395301-001-01-4:10","BRD-K82395301",NA,NA,NA,"st-4066738",0.0247515,1.60639847665029,FALSE,"Upregula NQO1",1.7461390801341
1471,"cyclopentene","MCF7","24 h","5.0 µM",0.00844188,0.0279613,1.547,0.000291970802919708,"LINCS L1000","l1000_results_up","up","HDAC002_MCF7_24H:BRD-K98109757-001-01-0:5","BRD-K98109757",NA,NA,NA,"cyclopentene",0.0279613,1.55344264087694,FALSE,"Upregula NQO1",2.40317576543662
1472,"vorinostat","THP1","24 h","9.99 µM",0.00861681,0.0339249,0.462379,0.000311720698254364,"LINCS L1000","l1000_results_up","up","KMS002_THP1_24H:BRD-K81418486-001-01-2:9.99","BRD-K81418486",NA,NA,NA,"vorinostat",0.0339249,1.46948142383071,FALSE,"Upregula NQO1",0.679457351269419
1473,"BRD-K04156788","VCAP","24 h","10.0 µM",0.00862597,0.0347222,1.20969,0.000333333333333333,"LINCS L1000","l1000_results_up","up","CPC013_VCAP_24H:BRD-K04156788-001-01-7:10","BRD-K04156788",NA,NA,NA,"brd-k04156788",0.0347222,1.45939276570779,FALSE,"Upregula NQO1",1.76541283474905
1474,"vorinostat","VCAP","6 h","10.0 µM",0.00864086,0.038622,1.31915,0.000368731563421829,"LINCS L1000","l1000_results_up","up","CPC004_VCAP_6H:BRD-K81418486:10","BRD-K81418486",NA,NA,NA,"vorinostat",0.038622,1.41316524048739,FALSE,"Upregula NQO1",1.86417692698894
1475,"TUL_XX087","NOMO1","24 h","0.0 µM",0.00867893,0.0299168,0.780217,0.000281610813855252,"LINCS L1000","l1000_results_up","up","KMS002_NOMO1_24H:BRD-K09085930-001-02-8:0","BRD-K09085930",NA,NA,NA,"tul_xx087",0.0299168,1.52408486189933,FALSE,"Upregula NQO1",1.18911691869651
1476,"BRD-K32307229","MCF7","6 h","10.0 µM",0.00872434,0.0245233,0.424311,0.000231910946196661,"LINCS L1000","l1000_results_up","up","HDAC001_MCF7_6H:BRD-K32307229-001-01-9:10","BRD-K32307229",NA,NA,NA,"brd-k32307229",0.0245233,1.61042108899221,FALSE,"Upregula NQO1",0.683319382691372
1477,"apicidin","PC3","6 h","0.15625 µM",0.00882126,0.0198516,0.778908,0.000184297825285662,"LINCS L1000","l1000_results_up","up","HDAC001_PC3_6H:BRD-K64606589-001-02-7:0.15625","BRD-K64606589",NA,NA,NA,"apicidin",0.0198516,1.70220448420728,FALSE,"Upregula NQO1",1.32586069038492
1478,"trichostatin-a","PC3","6 h","10.0 µM",0.00884318,0.0307495,1.2886,0.000317057704502219,"LINCS L1000","l1000_results_up","up","ERG012_PC3_6H:BRD-A19037878-001-01-5:10","BRD-A19037878",NA,NA,NA,"trichostatin-a",0.0307495,1.51216194164487,FALSE,"Upregula NQO1",1.94857187800358
1479,"trichostatin-a","PC3","6 h","10.0 µM",0.00889375,0.0296343,1.1415,0.000294290759270159,"LINCS L1000","l1000_results_up","up","DEB001_PC3_6H:BRD-A19037878-001-04-9:10","BRD-A19037878",NA,NA,NA,"trichostatin-a",0.0296343,1.52820532689393,FALSE,"Upregula NQO1",1.74444638064942
1480,"BRD-A36275421","VCAP","6 h","10.0 µM",0.00890192,0.0480087,1.56519,0.000496031746031746,"LINCS L1000","l1000_results_up","up","CPC010_VCAP_6H:BRD-A36275421-001-18-6:10","BRD-A36275421",NA,NA,NA,"brd-a36275421",0.0480087,1.31868005388233,FALSE,"Upregula NQO1",2.06398483353609
1481,"BRD-K64058329","HT29","6 h","10.0 µM",0.00900328,0.0432713,1.09583,0.000401123144805455,"LINCS L1000","l1000_results_up","up","CPC008_HT29_6H:BRD-K64058329-001-04-2:10","BRD-K64058329",NA,NA,NA,"brd-k64058329",0.0432713,1.36380005709281,FALSE,"Upregula NQO1",1.49449301656401
1482,"BRD-K23582869","PC3","24 h","10.0 µM",0.0090147,0.039578,0.836134,0.000340947834981248,"LINCS L1000","l1000_results_up","up","CPC019_PC3_24H:BRD-K23582869-001-01-3:10","BRD-K23582869",NA,NA,NA,"brd-k23582869",0.039578,1.40254615583224,FALSE,"Upregula NQO1",1.17271652746064
1483,"SA-1478088","HT29","24 h","10.0 µM",0.00933035,0.0267577,0.943498,0.000224618149146451,"LINCS L1000","l1000_results_up","up","CPC006_HT29_24H:BRD-K73395020-001-01-5:10","BRD-K73395020",NA,NA,NA,"sa-1478088",0.0267577,1.57255121976211,FALSE,"Upregula NQO1",1.48369893074311
1484,"cyproheptadine","HT29","6 h","10.0 µM",0.00939891,0.0371701,1.24486,0.000345065562456867,"LINCS L1000","l1000_results_up","up","CPC010_HT29_6H:BRD-K28143534-003-20-0:10","BRD-K28143534",NA,NA,NA,"cyproheptadine",0.0371701,1.4298062705053,FALSE,"Upregula NQO1",1.77990863390123
1485,"WH-4023","BT20","24 h","10.0 µM",0.00948377,0.041985,0.705185,0.000424989375265618,"LINCS L1000","l1000_results_up","up","LJP001_BT20_24H:BRD-K50199947-001-01-8:10","BRD-K50199947",NA,NA,NA,"wh-4023",0.041985,1.37690584247816,FALSE,"Upregula NQO1",0.970973346527959
1486,"PP-30","MCF7","6 h","11.1 µM",0.0095098,0.0461561,0.543334,0.000447828034034931,"LINCS L1000","l1000_results_up","up","CPC006_MCF7_6H:BRD-K30677119-001-01-0:11.1","BRD-K30677119",NA,NA,NA,"pp-30",0.0461561,1.33577089439381,FALSE,"Upregula NQO1",0.725769743134564
1487,"tubastatin-a","MCF7","6 h","2.5 µM",0.00956115,0.0328207,0.568881,0.000292568753657109,"LINCS L1000","l1000_results_up","up","HDAC001_MCF7_6H:BRD-K00627859-001-02-3:2.5","BRD-K00627859",NA,NA,NA,"tubastatin-a",0.0328207,1.48385216054998,FALSE,"Upregula NQO1",0.844135300945831
1488,"afatinib","MCF7","24 h","10.0 µM",0.00959393,0.0405692,1.10431,0.000367511944138185,"LINCS L1000","l1000_results_up","up","CPC013_MCF7_24H:BRD-K66175015-001-01-7:10","BRD-K66175015",NA,NA,NA,"afatinib",0.0405692,1.39180355623482,FALSE,"Upregula NQO1",1.53698258518567
1489,"BRD-K28916077","HT29","6 h","10.0 µM",0.0096606,0.0430712,1.27173,0.000441696113074205,"LINCS L1000","l1000_results_up","up","CPC010_HT29_6H:BRD-K28916077-001-04-0:10","BRD-K28916077",NA,NA,NA,"brd-k28916077",0.0430712,1.36581302825787,FALSE,"Upregula NQO1",1.73694540242638
1490,"bucladesine","VCAP","6 h","10.0 µM",0.0097517,0.0493413,0.907078,0.000523834468308015,"LINCS L1000","l1000_results_up","up","CPC001_VCAP_6H:BRD-A94624445-236-02-2:10","BRD-A94624445",NA,NA,NA,"bucladesine",0.0493413,1.30678941229685,FALSE,"Upregula NQO1",1.18535992652741
1491,"IKK-2-inhibitor-V","VCAP","6 h","10.0 µM",0.00996695,0.039832,0.744228,0.000356379187455453,"LINCS L1000","l1000_results_up","up","CPC006_VCAP_6H:BRD-K74305673-001-01-3:10","BRD-K74305673",NA,NA,NA,"ikk-2-inhibitor-v",0.039832,1.3997678867326,FALSE,"Upregula NQO1",1.04174645480723
1492,"valdecoxib","HT29","24 h","177.6 µM",0.0100203,0.0458554,0.924183,0.000421762969211303,"LINCS L1000","l1000_results_up","up","CPC006_HT29_24H:BRD-K12994359-001-07-7:177.6","BRD-K12994359",NA,NA,NA,"valdecoxib",0.0458554,1.33860951381925,FALSE,"Upregula NQO1",1.23712015631002
1493,"BRD-K14790374","VCAP","24 h","10.0 µM",0.010205,0.0488555,0.938593,0.000488758553274682,"LINCS L1000","l1000_results_up","up","CPC012_VCAP_24H:BRD-K14790374-001-01-1:10","BRD-K14790374",NA,NA,NA,"brd-k14790374",0.0488555,1.31108653767307,FALSE,"Upregula NQO1",1.23057664665418
1494,"K784-3188","PC3","6 h","10.0 µM",0.0102253,0.0301544,0.703168,0.000217627856365615,"LINCS L1000","l1000_results_up","up","CPC010_PC3_6H:BRD-A72180425-001-10-6:10","BRD-A72180425",NA,NA,NA,"k784-3188",0.0301544,1.52064930852221,FALSE,"Upregula NQO1",1.06927193297495
1495,"trichostatin-a","A375","6 h","10.0 µM",0.010233,0.0331687,0.95548,0.000273822562979189,"LINCS L1000","l1000_results_up","up","CPC018_A375_6H:BRD-A19037878:10","BRD-A19037878",NA,NA,NA,"trichostatin-a",0.0331687,1.47927154970121,FALSE,"Upregula NQO1",1.41341438030851
1496,"BRD-K99636700","MCF7","6 h","10.0 µM",0.0102489,0.0295052,0.4298,0.000259470679813181,"LINCS L1000","l1000_results_up","up","HDAC001_MCF7_6H:BRD-K99636700-001-01-9:10","BRD-K99636700",NA,NA,NA,"brd-k99636700",0.0295052,1.53010143716455,FALSE,"Upregula NQO1",0.657637597693324
1497,"tacedinaline","MCF7","6 h","2.5 µM",0.0103273,0.0350667,0.416444,0.000310655483069276,"LINCS L1000","l1000_results_up","up","HDAC001_MCF7_6H:BRD-K52313696-001-08-1:2.5","BRD-K52313696",NA,NA,NA,"tacedinaline",0.0350667,1.45510510207468,FALSE,"Upregula NQO1",0.60596978912839
1498,"belinostat","HT29","6 h","10.0 µM",0.0107725,0.0451895,1.32534,0.00038550501156515,"LINCS L1000","l1000_results_up","up","CPC013_HT29_6H:BRD-K17743125-001-03-5:10","BRD-K17743125",NA,NA,NA,"belinostat",0.0451895,1.34496246390098,FALSE,"Upregula NQO1",1.78253255190652
1499,"BI-2536","SW948","6 h","10.0 µM",0.0109207,0.0497591,1.27613,0.000454338936846888,"LINCS L1000","l1000_results_up","up","CPC006_SW948_6H:BRD-K64890080-001-03-9:10","BRD-K64890080",NA,NA,NA,"bi-2536",0.0497591,1.30312748339297,FALSE,"Upregula NQO1",1.66296007538227
1500,"ALW-II-38-3","VCAP","24 h","10.0 µM",0.0109996,0.0445345,1.0308,0.000396510705789056,"LINCS L1000","l1000_results_up","up","CPC013_VCAP_24H:BRD-K68191783-001-01-2:10","BRD-K68191783",NA,NA,NA,"alw-ii-38-3",0.0445345,1.35130341925396,FALSE,"Upregula NQO1",1.39292356456699
1501,"BI-2536","A375","6 h","10.0 µM",0.0110516,0.0449257,1.58327,0.000383877159309021,"LINCS L1000","l1000_results_up","up","CPC006_A375_6H:BRD-K64890080-001-03-9:10","BRD-K64890080",NA,NA,NA,"bi-2536",0.0449257,1.34750514730148,FALSE,"Upregula NQO1",2.13346447456802
1502,"panobinostat","PC3","6 h","2.5 µM",0.0111627,0.023244,0.691934,0.000184331797235023,"LINCS L1000","l1000_results_up","up","HDAC001_PC3_6H:BRD-K02130563-001-05-6:2.5","BRD-K02130563",NA,NA,NA,"panobinostat",0.023244,1.63368913323326,FALSE,"Upregula NQO1",1.13040505671463
1503,"BRD-K92317137","MCF7","6 h","10.0 µM",0.0112097,0.0348277,0.82141,0.000275254610514726,"LINCS L1000","l1000_results_up","up","CPC006_MCF7_6H:BRD-K92317137-001-04-0:10","BRD-K92317137",NA,NA,NA,"brd-k92317137",0.0348277,1.45807520513666,FALSE,"Upregula NQO1",1.1976775542513
1504,"AT-7519","HT29","6 h","10.0 µM",0.0112177,0.0394309,1.53804,0.000288184438040346,"LINCS L1000","l1000_results_up","up","CPC013_HT29_6H:BRD-K13390322-001-01-4:10","BRD-K13390322",NA,NA,NA,"at-7519",0.0394309,1.40416331015546,FALSE,"Upregula NQO1",2.15965933755151
1505,"mevastatin","PC3","24 h","10.0 µM",0.0116143,0.0472206,1.031,0.00040371417036738,"LINCS L1000","l1000_results_up","up","CPC001_PC3_24H:BRD-K94441233-001-03-1:10","BRD-K94441233",NA,NA,NA,"mevastatin",0.0472206,1.32586849893807,FALSE,"Upregula NQO1",1.36697042240515
1506,"K784-3131","MCF7","24 h","10.0 µM",0.0116172,0.0314202,1.02003,0.0001900779319521,"LINCS L1000","l1000_results_up","up","CPC007_MCF7_24H:BRD-A76490030-001-09-4:10","BRD-A76490030",NA,NA,NA,"k784-3131",0.0314202,1.50279105485875,FALSE,"Upregula NQO1",1.53289195968757
1507,"tetrindole","VCAP","6 h","10.0 µM",0.0116637,0.047936,0.984827,0.000403063280935107,"LINCS L1000","l1000_results_up","up","CPC005_VCAP_6H:BRD-A52660433-066-01-3:10","BRD-A52660433",NA,NA,NA,"tetrindole",0.047936,1.31933820831665,FALSE,"Upregula NQO1",1.29931988968186
1508,"KO-143","HT29","24 h","40.0 µM",0.0116722,0.0325915,0.777572,0.000222915737851092,"LINCS L1000","l1000_results_up","up","CPC006_HT29_24H:BRD-K64642496-001-01-6:40","BRD-K64642496",NA,NA,NA,"ko-143",0.0325915,1.48689565098832,FALSE,"Upregula NQO1",1.15616842513029
1509,"SA-792728","PC3","24 h","40.0 µM",0.0117065,0.0331444,0.485839,0.000238663484486873,"LINCS L1000","l1000_results_up","up","CPC006_PC3_24H:BRD-K20755323-001-02-6:40","BRD-K20755323",NA,NA,NA,"sa-792728",0.0331444,1.479589838437,FALSE,"Upregula NQO1",0.718842447516393
1510,"vorinostat","PC3","24 h","10.0 µM",0.0117359,0.0224939,0.5969,0.000162813415825464,"LINCS L1000","l1000_results_up","up","CPC006_PC3_24H:BRD-K81418486:10","BRD-K81418486",NA,NA,NA,"vorinostat",0.0224939,1.64793523991165,FALSE,"Upregula NQO1",0.983652544703265
1511,"OSI-027","SKBR3","24 h","10.0 µM",0.011886,0.0373575,1.09976,0.000223015165031222,"LINCS L1000","l1000_results_up","up","LJP001_SKBR3_24H:BRD-K94294671-003-02-1:10","BRD-K94294671",NA,NA,NA,"osi-027",0.0373575,1.42762219487592,FALSE,"Upregula NQO1",1.57004178503674
1512,"vorinostat","VCAP","24 h","10.0 µM",0.0119964,0.0338103,1.30869,0.000237079184447606,"LINCS L1000","l1000_results_up","up","CPC001_VCAP_24H:BRD-K81418486:10","BRD-K81418486",NA,NA,NA,"vorinostat",0.0338103,1.47095097570668,FALSE,"Upregula NQO1",1.92501883239757
1513,"ingenol","HCC515","6 h","10.0 µM",0.0120177,0.0457923,0.960594,0.000361925443358668,"LINCS L1000","l1000_results_up","up","CPC006_HCC515_6H:BRD-A52650764-001-01-0:10","BRD-A52650764",NA,NA,NA,"ingenol",0.0457923,1.33920754270898,FALSE,"Upregula NQO1",1.28643473028099
1514,"MD-II-008-P","VCAP","24 h","10.0 µM",0.0120899,0.0480814,1.14925,0.000368595650571323,"LINCS L1000","l1000_results_up","up","CPC013_VCAP_24H:BRD-K09854848-001-01-0:10","BRD-K09854848",NA,NA,NA,"md-ii-008-p",0.0480814,1.31802289534345,FALSE,"Upregula NQO1",1.51473781247346
1515,"BRD-K84450674","VCAP","24 h","10.0 µM",0.0121333,0.0490442,1.00555,0.000380662352493338,"LINCS L1000","l1000_results_up","up","CPC019_VCAP_24H:BRD-K84450674-001-01-4:10","BRD-K84450674",NA,NA,NA,"brd-k84450674",0.0490442,1.30941234520418,FALSE,"Upregula NQO1",1.31667958372006
1516,"bortezomib","SW948","6 h","0.04 µM",0.0123843,0.0441448,0.925412,0.000292056074766355,"LINCS L1000","l1000_results_up","up","CPC006_SW948_6H:BRD-K88510285-001-01-2:0.04","BRD-K88510285",NA,NA,NA,"bortezomib",0.0441448,1.35512044643092,FALSE,"Upregula NQO1",1.25404472257253
1517,"7b-cis","MCF7","24 h","10.0 µM",0.0123899,0.0488488,0.572666,0.000376789751318764,"LINCS L1000","l1000_results_up","up","CPC006_MCF7_24H:BRD-K61829047-001-01-6:10","BRD-K61829047",NA,NA,NA,"7b-cis",0.0488488,1.31114610051797,FALSE,"Upregula NQO1",0.750848792799224
1518,"trichostatin-a","A375","24 h","10.0 µM",0.012437,0.0198613,0.870801,0.00012093360744951,"LINCS L1000","l1000_results_up","up","CPC006_A375_24H:BRD-A19037878:10","BRD-A19037878",NA,NA,NA,"trichostatin-a",0.0198613,1.70199232863273,FALSE,"Upregula NQO1",1.48209662176571
1519,"HDAC1-selective","MCF7","6 h","0.625 µM",0.0125159,0.0405684,0.554304,0.000258531540847983,"LINCS L1000","l1000_results_up","up","HDAC001_MCF7_6H:BRD-K85133207-001-01-1:0.625","BRD-K85133207",NA,NA,NA,"hdac1-selective",0.0405684,1.39181212034284,FALSE,"Upregula NQO1",0.771487025554518
1520,"geldanamycin","VCAP","6 h","1.0 µM",0.0125712,0.0327526,0.591204,0.000243961941937058,"LINCS L1000","l1000_results_up","up","ERG005_VCAP_6H:BRD-A19500257-001-01-3:1","BRD-A19500257",NA,NA,NA,"geldanamycin",0.0327526,1.48475421870018,FALSE,"Upregula NQO1",0.877792633112423
1521,"trichostatin-a","HT29","6 h","10.0 µM",0.0126432,0.0370152,0.925996,0.000274725274725275,"LINCS L1000","l1000_results_up","up","CPC012_HT29_6H:BRD-A19037878:10","BRD-A19037878",NA,NA,NA,"trichostatin-a",0.0370152,1.4316198997017,FALSE,"Upregula NQO1",1.32567430064417
1522,"HG-5-113-01","BT20","24 h","10.0 µM",0.0128578,0.0429199,0.844597,0.000313185092389602,"LINCS L1000","l1000_results_up","up","LJP001_BT20_24H:BRD-K93747373-001-01-6:10","BRD-K93747373",NA,NA,NA,"hg-5-113-01",0.0429199,1.36734129857698,FALSE,"Upregula NQO1",1.15485235875422
1523,"vorinostat","PC3","6 h","10.0 µM",0.0129065,0.0418832,0.876203,0.000309310238168883,"LINCS L1000","l1000_results_up","up","CPC006_PC3_6H:BRD-K81418486:10","BRD-K81418486",NA,NA,NA,"vorinostat",0.0418832,1.37796014434633,FALSE,"Upregula NQO1",1.20737281235669
1524,"vincristine","NPC","24 h","10.0 µM",0.0129279,0.0388868,1.26738,0.000245398773006135,"LINCS L1000","l1000_results_up","up","CPC016_NPC_24H:BRD-A76528577-065-01-2:10","BRD-A76528577",NA,NA,NA,"vincristine",0.0388868,1.41019779353348,FALSE,"Upregula NQO1",1.78725647956846
1525,"ingenol","HA1E","6 h","10.0 µM",0.0130051,0.0490594,0.753216,0.000383729854182655,"LINCS L1000","l1000_results_up","up","CPC006_HA1E_6H:BRD-A52650764-001-01-0:10","BRD-A52650764",NA,NA,NA,"ingenol",0.0490594,1.30927776754999,FALSE,"Upregula NQO1",0.986168962962931
1526,"K784-3131","VCAP","6 h","10.0 µM",0.0130309,0.0293102,0.881044,0.000166583374979177,"LINCS L1000","l1000_results_up","up","CPC007_VCAP_6H:BRD-A76490030-001-09-4:10","BRD-A76490030",NA,NA,NA,"k784-3131",0.0293102,1.53298121811564,FALSE,"Upregula NQO1",1.35062390433348
1527,"DL-PDMP","PC3","24 h","64.0 µM",0.013094,0.03773,0.584117,0.000260620276257493,"LINCS L1000","l1000_results_up","up","CPC006_PC3_24H:BRD-K05653692-003-04-7:64","BRD-K05653692",NA,NA,NA,"dl-pdmp",0.03773,1.423313194799,FALSE,"Upregula NQO1",0.83138143340641
1528,"phorbol-12-myristate-13-acetate","HA1E","6 h","10.0 µM",0.0131209,0.0407555,0.877841,0.000289268151576511,"LINCS L1000","l1000_results_up","up","CPC006_HA1E_6H:BRD-A15079084-001-02-9:10","BRD-A15079084",NA,NA,NA,"phorbol-12-myristate-13-acetate",0.0407555,1.38981377444622,FALSE,"Upregula NQO1",1.22003551357364
1529,"vorinostat","PC3","6 h","10.0 µM",0.0132022,0.0471888,1.04159,0.000327653997378768,"LINCS L1000","l1000_results_up","up","CPC005_PC3_6H:BRD-K81418486:10","BRD-K81418486",NA,NA,NA,"vorinostat",0.0471888,1.32616106652237,FALSE,"Upregula NQO1",1.38131610527904
1530,"vorinostat","VCAP","6 h","10.0 µM",0.0133923,0.0397626,1.12778,0.000272628135223555,"LINCS L1000","l1000_results_up","up","CPC019_VCAP_6H:BRD-K81418486:10","BRD-K81418486",NA,NA,NA,"vorinostat",0.0397626,1.40052522566469,FALSE,"Upregula NQO1",1.57948433900012
1531,"CGP-60474","MDAMB231","24 h","0.08 µM",0.0134857,0.0380636,0.819442,0.000235404896421846,"LINCS L1000","l1000_results_up","up","LJP001_MDAMB231_24H:BRD-K79090631-001-18-1:0.08","BRD-K79090631",NA,NA,NA,"cgp-60474",0.0380636,1.41949013916519,FALSE,"Upregula NQO1",1.1631898386178
1532,"HDAC3-selective","MCF7","24 h","10.0 µM",0.0135685,0.0389986,1.4707,0.000278784499581823,"LINCS L1000","l1000_results_up","up","HDAC002_MCF7_24H:BRD-K29313308-001-02-4:10","BRD-K29313308",NA,NA,NA,"hdac3-selective",0.0389986,1.40895098331165,FALSE,"Upregula NQO1",2.07214421115645
1533,"QL-XII-47","MDAMB231","24 h","10.0 µM",0.0135754,0.0254932,0.830898,0.000149857635246516,"LINCS L1000","l1000_results_up","up","LJP001_MDAMB231_24H:BRD-K99252563-001-01-1:10","BRD-K99252563",NA,NA,NA,"ql-xii-47",0.0254932,1.59357564687221,FALSE,"Upregula NQO1",1.32409881783483
1534,"BRD-K18163752","SKB","24 h","10.0 µM",0.0137561,0.042586,1.29046,0.000273522975929978,"LINCS L1000","l1000_results_up","up","CPC013_SKB_24H:BRD-K18163752-001-01-9:10","BRD-K18163752",NA,NA,NA,"brd-k18163752",0.042586,1.3707331502411,FALSE,"Upregula NQO1",1.76887630106013
1535,"BRD-K86574132","PC3","24 h","48.0 µM",0.0138863,0.0353475,0.565726,0.000208420175072947,"LINCS L1000","l1000_results_up","up","CPC006_PC3_24H:BRD-K86574132-001-04-9:48","BRD-K86574132",NA,NA,NA,"brd-k86574132",0.0353475,1.45164129684866,FALSE,"Upregula NQO1",0.821231224301007
1536,"geldanamycin","HL60","24 h","10.0 µM",0.0139013,0.0292226,1.20912,0.000159667890787163,"LINCS L1000","l1000_results_up","up","AML001_HL60_24H:BRD-A19500257:10","BRD-A19500257",NA,NA,NA,"geldanamycin",0.0292226,1.53428114653248,FALSE,"Upregula NQO1",1.85513001989535
1537,"BRD-K71935468","VCAP","24 h","10.0 µM",0.0140748,0.0472185,0.926604,0.000290191526407429,"LINCS L1000","l1000_results_up","up","CPC012_VCAP_24H:BRD-K71935468-001-01-9:10","BRD-K71935468",NA,NA,NA,"brd-k71935468",0.0472185,1.32588781336212,FALSE,"Upregula NQO1",1.22857295141259
1538,"PAC-1","VCAP","24 h","10.0 µM",0.0141443,0.0387383,1.12521,0.000231964741359313,"LINCS L1000","l1000_results_up","up","CPC006_VCAP_24H:BRD-K92991072-001-02-3:10","BRD-K92991072",NA,NA,NA,"pac-1",0.0387383,1.41185944187243,FALSE,"Upregula NQO1",1.58863836258928
1539,"zardaverine","NPC","24 h","10.0 µM",0.014163,0.0486924,1.1696,0.000306184935701164,"LINCS L1000","l1000_results_up","up","CPC016_NPC_24H:BRD-K37561857-001-06-4:10","BRD-K37561857",NA,NA,NA,"zardaverine",0.0486924,1.31253881898319,FALSE,"Upregula NQO1",1.53514540268274
1540,"antimycin-a","MCF7","24 h","10.0 µM",0.0141718,0.0395461,1.28434,0.00024330900243309,"LINCS L1000","l1000_results_up","up","CPC012_MCF7_24H:BRD-K56001384-001-03-6:10","BRD-K56001384",NA,NA,NA,"antimycin-a",0.0395461,1.40289633977679,FALSE,"Upregula NQO1",1.80179588502892
1541,"alvocidib","MDAMB231","24 h","0.08 µM",0.0142002,0.0457281,0.795184,0.000262398320650748,"LINCS L1000","l1000_results_up","up","LJP001_MDAMB231_24H:BRD-K87909389-001-04-6:0.08","BRD-K87909389",NA,NA,NA,"alvocidib",0.0457281,1.3398168431559,FALSE,"Upregula NQO1",1.06540091660808
1542,"trichostatin-a","PC3","6 h","0.4 µM",0.0143095,0.0326455,0.763376,0.000211864406779661,"LINCS L1000","l1000_results_up","up","ASG001_PC3_6H:BRD-A19037878-001-04-9:0.4","BRD-A19037878",NA,NA,NA,"trichostatin-a",0.0326455,1.48617667533405,FALSE,"Upregula NQO1",1.1345116057098
1543,"trichostatin-a","PC3","6 h","0.37 µM",0.0144728,0.0369335,0.888103,0.000243013365735115,"LINCS L1000","l1000_results_up","up","PCLB001_PC3_6H:BRD-A19037878-001-02-3:0.37","BRD-A19037878",NA,NA,NA,"trichostatin-a",0.0369335,1.43257953451903,FALSE,"Upregula NQO1",1.27227818234495
1544,"BRD-K61894884","MCF7","6 h","10.0 µM",0.0145295,0.0457369,0.403798,0.000281531531531531,"LINCS L1000","l1000_results_up","up","HDAC001_MCF7_6H:BRD-K61894884-001-01-6:10","BRD-K61894884",NA,NA,NA,"brd-k61894884",0.0457369,1.33973327476466,FALSE,"Upregula NQO1",0.54098161688342
1545,"vorinostat","HA1E","24 h","10.0 µM",0.0145714,0.0285328,0.744295,0.000167560321715818,"LINCS L1000","l1000_results_up","up","CPC006_HA1E_24H:BRD-K81418486:10","BRD-K81418486",NA,NA,NA,"vorinostat",0.0285328,1.54465560777224,FALSE,"Upregula NQO1",1.14967944558684
1546,"AT-7519","SKBR3","6 h","2.0 µM",0.0145923,0.0278321,0.832671,0.000141643059490085,"LINCS L1000","l1000_results_up","up","LJP001_SKBR3_6H:BRD-K13390322-001-02-2:2","BRD-K13390322",NA,NA,NA,"at-7519",0.0278321,1.55545402384906,FALSE,"Upregula NQO1",1.29518145749242
1547,"BRD-K23582869","NOMO1","24 h","0.12 µM",0.0146432,0.0352703,0.816312,0.000223613595706619,"LINCS L1000","l1000_results_up","up","KMS002_NOMO1_24H:BRD-K23582869-001-01-3:0.12","BRD-K23582869",NA,NA,NA,"brd-k23582869",0.0352703,1.45259084632087,FALSE,"Upregula NQO1",1.18576733894188
1548,"trichostatin-a","HEPG2","24 h","0.16 µM",0.0147953,0.0414835,0.906643,0.0002210433244916,"LINCS L1000","l1000_results_up","up","PCLB001_HEPG2_24H:BRD-A19037878-001-02-3:0.16","BRD-A19037878",NA,NA,NA,"trichostatin-a",0.0414835,1.38212460892326,FALSE,"Upregula NQO1",1.25309360180802
1549,"KU-0060648","SW948","6 h","10.0 µM",0.0148973,0.0368102,1.11001,0.000197745699031046,"LINCS L1000","l1000_results_up","up","CPC006_SW948_6H:BRD-K09499853-305-01-1:10","BRD-K09499853",NA,NA,NA,"ku-0060648",0.0368102,1.43403182290486,FALSE,"Upregula NQO1",1.59178966374262
1550,"tubastatin-a","PC3","6 h","10.0 µM",0.015283,0.0389669,0.721473,0.00023551577955723,"LINCS L1000","l1000_results_up","up","HDAC001_PC3_6H:BRD-K00627859-001-02-3:10","BRD-K00627859",NA,NA,NA,"tubastatin-a",0.0389669,1.40930414299985,FALSE,"Upregula NQO1",1.01677488796253
1551,"BRD-K33720394","HT29","6 h","10.0 µM",0.01621,0.0436106,0.965424,0.000265957446808511,"LINCS L1000","l1000_results_up","up","CPC008_HT29_6H:BRD-K33720394-001-01-1:10","BRD-K33720394",NA,NA,NA,"brd-k33720394",0.0436106,1.36040793820856,FALSE,"Upregula NQO1",1.31337047333706
1552,"trichostatin-a","VCAP","6 h","10.0 µM",0.0164219,0.0342913,0.794195,0.000181620050853614,"LINCS L1000","l1000_results_up","up","CPC006_VCAP_6H:BRD-A19037878:10","BRD-A19037878",NA,NA,NA,"trichostatin-a",0.0342913,1.46481605025617,FALSE,"Upregula NQO1",1.1633495830332
1553,"trichostatin-a","PC3","24 h","10.0 µM",0.0166039,0.0361564,0.832739,0.000169090294217112,"LINCS L1000","l1000_results_up","up","CPC012_PC3_24H:BRD-A19037878:10","BRD-A19037878",NA,NA,NA,"trichostatin-a",0.0361564,1.44181481763161,FALSE,"Upregula NQO1",1.20065542941973
1554,"bortezomib","VCAP","24 h","0.04 µM",0.0166507,0.0329288,0.761931,0.000158353127474268,"LINCS L1000","l1000_results_up","up","CPC006_VCAP_24H:BRD-K88510285-001-01-2:0.04","BRD-K88510285",NA,NA,NA,"bortezomib",0.0329288,1.48242409567358,FALSE,"Upregula NQO1",1.12950487364067
1555,"trichostatin-a","NPC","24 h","10.0 µM",0.0167803,0.0342748,1.23656,0.000155908949173683,"LINCS L1000","l1000_results_up","up","CPC017_NPC_24H:BRD-A19037878:10","BRD-A19037878",NA,NA,NA,"trichostatin-a",0.0342748,1.46502507072225,FALSE,"Upregula NQO1",1.81159140145231
1556,"trichostatin-a","HT29","6 h","10.0 µM",0.0168641,0.0407254,0.776049,0.000222419928825623,"LINCS L1000","l1000_results_up","up","CPC018_HT29_6H:BRD-A19037878:10","BRD-A19037878",NA,NA,NA,"trichostatin-a",0.0407254,1.39013464141013,FALSE,"Upregula NQO1",1.07881259833169
1557,"narciclasine","MCF7","6 h","10.0 µM",0.0169939,0.0455268,0.961228,0.000251067034898318,"LINCS L1000","l1000_results_up","up","HOG003_MCF7_6H:BRD-K06792661-001-01-9:10","BRD-K06792661",NA,NA,NA,"narciclasine",0.0455268,1.34173287442676,FALSE,"Upregula NQO1",1.28971120741948
1558,"vorinostat","NPC","24 h","10.0 µM",0.0175771,0.0380451,1.29905,0.000167616493462957,"LINCS L1000","l1000_results_up","up","CPC017_NPC_24H:BRD-K81418486:10","BRD-K81418486",NA,NA,NA,"vorinostat",0.0380451,1.41970127003652,FALSE,"Upregula NQO1",1.84426293484095
1559,"BRD-K79826210","VCAP","24 h","30.0 µM",0.0176152,0.0466194,0.889774,0.000237135404315864,"LINCS L1000","l1000_results_up","up","ERG004_VCAP_24H:BRD-K79826210-001-01-3:30","BRD-K79826210",NA,NA,NA,"brd-k79826210",0.0466194,1.33143332022698,FALSE,"Upregula NQO1",1.18467475107164
1560,"cucurbitacin-i","HCC515","24 h","10.0 µM",0.0180295,0.0460202,0.776207,0.000219202104340202,"LINCS L1000","l1000_results_up","up","CPC006_HCC515_24H:BRD-A28105619-001-01-3:10","BRD-A28105619",NA,NA,NA,"cucurbitacin-i",0.0460202,1.33705149825521,FALSE,"Upregula NQO1",1.03782873230619
1561,"trichostatin-a","VCAP","24 h","5.0 µM",0.018295,0.032205,0.853724,0.000140134529147982,"LINCS L1000","l1000_results_up","up","ERG005_VCAP_24H:BRD-A19037878-001-01-5:5","BRD-A19037878",NA,NA,NA,"trichostatin-a",0.032205,1.49207669650807,FALSE,"Upregula NQO1",1.27382168564966
1562,"geldanamycin","VCAP","6 h","10.0 µM",0.0183924,0.0487111,0.790558,0.00029086678301338,"LINCS L1000","l1000_results_up","up","CPC019_VCAP_6H:BRD-A19500257:10","BRD-A19500257",NA,NA,NA,"geldanamycin",0.0487111,1.31237206302655,FALSE,"Upregula NQO1",1.03750623340214
1563,"tosedostat","A375","24 h","80.0 µM",0.0185655,0.0406667,0.68243,0.000168293503870751,"LINCS L1000","l1000_results_up","up","CPC006_A375_24H:BRD-K92241597-001-02-9:80","BRD-K92241597",NA,NA,NA,"tosedostat",0.0406667,1.39076106806598,FALSE,"Upregula NQO1",0.949097075680264
1564,"DL-PDMP","HT29","24 h","64.0 µM",0.0186472,0.0428475,0.759349,0.000199720391451967,"LINCS L1000","l1000_results_up","up","CPC006_HT29_24H:BRD-K05653692-003-04-7:64","BRD-K05653692",NA,NA,NA,"dl-pdmp",0.0428475,1.36807451254775,FALSE,"Upregula NQO1",1.03884601302862
1565,"trichostatin-a","U266","24 h","10.0 µM",0.0192748,0.0406526,1.93515,0.000165425971877585,"LINCS L1000","l1000_results_up","up","PCLB001_U266_24H:BRD-A19037878-001-02-3:10","BRD-A19037878",NA,NA,NA,"trichostatin-a",0.0406526,1.39091167320538,FALSE,"Upregula NQO1",2.69162272440338
1566,"TUL_XIX002","NOMO1","24 h","0.12 µM",0.0195324,0.0434253,0.946465,0.000215796288303841,"LINCS L1000","l1000_results_up","up","KMS002_NOMO1_24H:BRD-K03763695-001-01-3:0.12","BRD-K03763695",NA,NA,NA,"tul_xix002",0.0434253,1.36225717258393,FALSE,"Upregula NQO1",1.28932873484965
1567,"withaferin-a","VCAP","24 h","5.0 µM",0.0205428,0.041045,0.600885,0.000183385292499542,"LINCS L1000","l1000_results_up","up","ERG005_VCAP_24H:BRD-K88378636-001-02-8:5","BRD-K88378636",NA,NA,NA,"withaferin-a",0.041045,1.38673973999803,FALSE,"Upregula NQO1",0.833271108668718
1568,"curcumin","VCAP","24 h","48.0 µM",0.0205934,0.0325276,0.779401,0.00012278978388998,"LINCS L1000","l1000_results_up","up","CPC006_VCAP_24H:BRD-K74148702-001-03-8:48","BRD-K74148702",NA,NA,NA,"curcumin",0.0325276,1.48774797930063,FALSE,"Upregula NQO1",1.15955226281489
1569,"INCA-6","PC3","6 h","10.0 µM",0.0207471,0.0411322,0.908501,0.000160410651267244,"LINCS L1000","l1000_results_up","up","CPC004_PC3_6H:BRD-K33308633-001-01-6:10","BRD-K33308633",NA,NA,NA,"inca-6",0.0411322,1.38581806116167,FALSE,"Upregula NQO1",1.25901709438344
1570,"BRD-K51556300","NOMO1","24 h","3.38 µM",0.021939,0.0480867,0.948527,0.000243486729973217,"LINCS L1000","l1000_results_up","up","KMS002_NOMO1_24H:BRD-K51556300-001-01-9:3.38","BRD-K51556300",NA,NA,NA,"brd-k51556300",0.0480867,1.31797502581589,FALSE,"Upregula NQO1",1.25013489731207
1571,"wortmannin","NOMO1","6 h","10.0 µM",0.0282943,0.0482396,0.457223,0.000149253731343284,"LINCS L1000","l1000_results_up","up","KMS002_NOMO1_6H:BRD-A75409952-001-02-4:10","BRD-A75409952",NA,NA,NA,"wortmannin",0.0482396,1.31659630199794,FALSE,"Upregula NQO1",0.601978110988405
0,"Doxorubicin",NA,NA,NA,5.07e-29,2.21e-28,1.49733,0.000202798620969377,"CREEDS","creeds_results_up","up",NA,NA,"drug:2720","GSE12972","DB00997","doxorubicin",2.21e-28,27.6556077263149,FALSE,"Upregula NQO1",41.4095711168431
1,"Doxorubicin",NA,NA,NA,1.84e-14,3.97e-13,0.396173,0.000169204737732656,"CREEDS","creeds_results_up","up",NA,NA,"drug:3263","GSE6930","DB00997","doxorubicin",3.97e-13,12.4012094932369,FALSE,"Upregula NQO1",4.91302436856414
2,"Ribavirin",NA,NA,NA,3.98067e-09,6.58886e-07,1.22416,0.000189933523266857,"CREEDS","creeds_results_up","up",NA,NA,"drug:2481","GSE23031","DB00811","ribavirin",6.58886e-07,6.18118972023717,FALSE,"Upregula NQO1",7.56676520792553
3,"Sulforaphane",NA,NA,NA,1.02001e-08,3.90499e-06,2.36899,0.000211237853823405,"CREEDS","creeds_results_up","up",NA,NA,"drug:3445","GSE28813",NA,"sulforaphane",3.90499e-06,5.40838007393787,FALSE,"Upregula NQO1",12.8123983113581
4,"2,3-dimethoxy-1,4-naphtoquinone (dmnq)",NA,NA,NA,4.70295e-08,7.25195e-05,1.94556,0.00124378109452736,"CREEDS","creeds_results_up","up",NA,NA,"drug:3682","GSE39843",NA,"2,3-dimethoxy-1,4-naphtoquinone (dmnq)",7.25195e-05,4.13954519889519,FALSE,"Upregula NQO1",8.05373355716253
5,"Resveratrol",NA,NA,NA,1.29805e-07,3.06125e-06,0.947767,0.000296120817293456,"CREEDS","creeds_results_up","up",NA,NA,"drug:3500","GSE25412","DB02709","resveratrol",3.06125e-06,5.51410120186723,FALSE,"Upregula NQO1",5.2260831537901
6,"2,3-dimethoxy-1,4-naphtoquinone (dmnq)",NA,NA,NA,5.72431e-07,0.0010298,1.94889,0.0015748031496063,"CREEDS","creeds_results_up","up",NA,NA,"drug:3681","GSE39843",NA,"2,3-dimethoxy-1,4-naphtoquinone (dmnq)",0.0010298,2.98724711250878,FALSE,"Upregula NQO1",5.82181602509724
7,"R1881",NA,NA,NA,6.07772e-07,7.32994e-05,1.02568,0.00042571306939123,"CREEDS","creeds_results_up","up",NA,NA,"drug:3049","GSE22606",NA,"r1881",7.32994e-05,4.13489958030779,FALSE,"Upregula NQO1",4.24108380153009
8,"Vx",NA,NA,NA,8.15626e-07,2.74692e-05,0.577589,0.000249937515621095,"CREEDS","creeds_results_up","up",NA,NA,"drug:3376","GSE33606",NA,"vx",2.74692e-05,4.56115398858252,FALSE,"Upregula NQO1",2.63447237111139
9,"Lmp-420",NA,NA,NA,1.16288e-06,2.06961e-05,0.0306014,0.000233808744447042,"CREEDS","creeds_results_up","up",NA,NA,"drug:3222","GSE20211",NA,"lmp-420",2.06961e-05,4.68411148585011,FALSE,"Upregula NQO1",0.143340369223094
10,"R1881",NA,NA,NA,1.49928e-06,5.26283e-05,0.768385,0.000355618776671408,"CREEDS","creeds_results_up","up",NA,NA,"drug:3048","GSE22606",NA,"r1881",5.26283e-05,4.2787806583419,FALSE,"Upregula NQO1",3.28775087616004
11,"Hypochlorous acid",NA,NA,NA,2.23188e-06,2.55544e-05,0.0972921,0.000296823983377857,"CREEDS","creeds_results_up","up",NA,NA,"drug:3198","GSE11630",NA,"hypochlorous acid",2.55544e-05,4.59253431152926,FALSE,"Upregula NQO1",0.446817307490736
12,"Bexarotene",NA,NA,NA,2.41417e-06,7.30049e-05,0.58679,0.000446627958910228,"CREEDS","creeds_results_up","up",NA,NA,"drug:2681","GSE12791","DB00307","bexarotene",7.30049e-05,4.13664798958442,FALSE,"Upregula NQO1",2.42734367380824
13,"Cadmium",NA,NA,NA,3.35224e-06,6.18605e-05,0.158159,9.93245927691696e-05,"CREEDS","creeds_results_up","up",NA,NA,"drug:3402","GSE9951",NA,"cadmium",6.18605e-05,4.20858657404569,FALSE,"Upregula NQO1",0.665625843964492
14,"Cytarabine",NA,NA,NA,5.44702e-06,0.000157426,0.548017,0.000345423143350604,"CREEDS","creeds_results_up","up",NA,NA,"drug:3422","GSE6930","DB00987","cytarabine",0.000157426,3.80292353929569,FALSE,"Upregula NQO1",2.08406674923421
15,"4-hydroxynonenal",NA,NA,NA,7.45212e-06,0.000188734,1.11463,0.000217013888888889,"CREEDS","creeds_results_up","up",NA,NA,"drug:3080","GSE2397",NA,"4-hydroxynonenal",0.000188734,3.72414985562588,FALSE,"Upregula NQO1",4.15104915357628
16,"Bisphenol a",NA,NA,NA,1.19745e-05,8.78971e-05,0.283144,0.000203915171288744,"CREEDS","creeds_results_up","up",NA,NA,"drug:2661","GSE17624",NA,"bisphenol a",8.78971e-05,4.05602545342195,FALSE,"Upregula NQO1",1.1484392709837
17,"Celecoxib",NA,NA,NA,1.80846e-05,0.00115786,0.31672,0.000301750150875075,"CREEDS","creeds_results_up","up",NA,NA,"drug:2501","GSE54657","DB00482","celecoxib",0.00115786,2.93634394916052,FALSE,"Upregula NQO1",0.929998855578119
18,"4-hydroxynonenal",NA,NA,NA,2.14533e-05,0.000492172,0.66524,0.00026048450117218,"CREEDS","creeds_results_up","up",NA,NA,"drug:3078","GSE2397",NA,"4-hydroxynonenal",0.000492172,3.30788309723905,FALSE,"Upregula NQO1",2.2005361516073
19,"Arachidonic acid",NA,NA,NA,3.98985e-05,0.00139193,1.7416,0.00013290802764487,"CREEDS","creeds_results_up","up",NA,NA,"drug:3171","GSE3737","DB04557","arachidonic acid",0.00139193,2.85638260479596,FALSE,"Upregula NQO1",4.97467594451265
20,"Lipopolysaccharide",NA,NA,NA,5.85246e-05,0.00685509,1.87167,0.000298953662182362,"CREEDS","creeds_results_up","up",NA,NA,"drug:3486","GSE5504",NA,"lipopolysaccharide",0.00685509,2.16398683901498,FALSE,"Upregula NQO1",4.05026924697917
21,"4-hydroxynonenal",NA,NA,NA,7.17898e-05,0.000979026,0.888879,0.000279955207166853,"CREEDS","creeds_results_up","up",NA,NA,"drug:3081","GSE2397",NA,"4-hydroxynonenal",0.000979026,3.00920577448226,FALSE,"Upregula NQO1",2.67481981961602
22,"Doxorubicin",NA,NA,NA,7.93736e-05,0.00252743,0.219184,0.000854700854700855,"CREEDS","creeds_results_up","up",NA,NA,"drug:3260","GSE6930","DB00997","doxorubicin",0.00252743,2.5973208638417,FALSE,"Upregula NQO1",0.569291176220278
23,"Vanadium pentoxide",NA,NA,NA,0.000126379,0.000376515,0.796698,0.000152392563242914,"CREEDS","creeds_results_up","up",NA,NA,"drug:3558","GSE5339",NA,"vanadium pentoxide",0.000376515,3.42421771723894,FALSE,"Upregula NQO1",2.72806740688883
24,"Calcitriol",NA,NA,NA,0.000127163,0.00182009,0.2162,0.000292825768667643,"CREEDS","creeds_results_up","up",NA,NA,"drug:3129","GSE52819",NA,"calcitriol",0.00182009,2.73990713644516,FALSE,"Upregula NQO1",0.592367922899443
25,"Doxorubicin",NA,NA,NA,0.000186981,0.00123419,0.41034,0.000285143997718848,"CREEDS","creeds_results_up","up",NA,NA,"drug:3179","GSE58074","DB00997","doxorubicin",0.00123419,2.9086179767698,FALSE,"Upregula NQO1",1.19352230058772
26,"Bisphenol a",NA,NA,NA,0.000454106,0.00155929,0.209332,0.000197433366238894,"CREEDS","creeds_results_up","up",NA,NA,"drug:2663","GSE17624",NA,"bisphenol a",0.00155929,2.80707310630748,FALSE,"Upregula NQO1",0.587610227489558
27,"Mln4924",NA,NA,NA,0.000464242,0.0422871,0.567138,0.00813008130081301,"CREEDS","creeds_results_up","up",NA,NA,"drug:2645","GSE30531",NA,"mln4924",0.0422871,1.37379209724096,FALSE,"Upregula NQO1",0.779129702445042
28,"Adenosine triphosphate",NA,NA,NA,0.000536199,0.00373643,0.871059,0.000242483026188167,"CREEDS","creeds_results_up","up",NA,NA,"drug:3219","GSE30903",NA,"adenosine triphosphate",0.00373643,2.42754314960439,FALSE,"Upregula NQO1",2.11453330835125
29,"Plx4720",NA,NA,NA,0.000561274,0.0120726,0.439073,0.0012531328320802,"CREEDS","creeds_results_up","up",NA,NA,"drug:2507","GSE50791",NA,"plx4720",0.0120726,1.91819918855604,FALSE,"Upregula NQO1",0.842229472316867
30,"Estradiol",NA,NA,NA,0.000585641,0.00548257,0.993107,0.000329272308198881,"CREEDS","creeds_results_up","up",NA,NA,"drug:3203","GSE12446","DB00783","estradiol",0.00548257,2.26101581465825,FALSE,"Upregula NQO1",2.24543063264781
31,"Lipopolysaccharide",NA,NA,NA,0.00068767,0.0173551,0.745,0.000538793103448276,"CREEDS","creeds_results_up","up",NA,NA,"drug:3484","GSE5504",NA,"lipopolysaccharide",0.0173551,1.76057287958271,FALSE,"Upregula NQO1",1.31162679528912
32,"Mln4924",NA,NA,NA,0.000880449,0.0104025,0.639617,0.000519210799584631,"CREEDS","creeds_results_up","up",NA,NA,"drug:2647","GSE30531",NA,"mln4924",0.0104025,1.98286227553502,FALSE,"Upregula NQO1",1.26827242009088
33,"Cyfluthrin",NA,NA,NA,0.00101339,0.00469972,0.414758,0.000235294117647059,"CREEDS","creeds_results_up","up",NA,NA,"drug:3572","GSE5023",NA,"cyfluthrin",0.00469972,2.32792801569775,FALSE,"Upregula NQO1",0.965526767934766
34,"Tibolone",NA,NA,NA,0.00124947,0.0203268,1.01093,0.000803858520900322,"CREEDS","creeds_results_up","up",NA,NA,"drug:3204","GSE12446",NA,"tibolone",0.0203268,1.69193098593295,FALSE,"Upregula NQO1",1.7104237916092
35,"4-hydroxynonenal",NA,NA,NA,0.0016153,0.00954066,0.398158,0.000329489291598023,"CREEDS","creeds_results_up","up",NA,NA,"drug:3079","GSE2397",NA,"4-hydroxynonenal",0.00954066,2.02042158080497,FALSE,"Upregula NQO1",0.804447015770147
36,"Diclofenac",NA,NA,NA,0.00162861,0.0260197,0.662653,0.00113378684807256,"CREEDS","creeds_results_up","up",NA,NA,"drug:3057","GSE28185","DB00586","diclofenac",0.0260197,1.58469771504175,FALSE,"Upregula NQO1",1.05010469496556
37,"Isotretinoin",NA,NA,NA,0.00178074,0.00545647,0.313913,0.000434027777777778,"CREEDS","creeds_results_up","up",NA,NA,"drug:2772","GSE10432","DB00982","isotretinoin",0.00545647,2.26308822823148,FALSE,"Upregula NQO1",0.710412814988829
38,"Neocarzinostatin",NA,NA,NA,0.00195278,0.00744132,0.248672,0.000589970501474926,"CREEDS","creeds_results_up","up",NA,NA,"drug:3113","GSE1676",NA,"neocarzinostatin",0.00744132,2.1283500190418,FALSE,"Upregula NQO1",0.529261055935163
39,"Bisphenol a",NA,NA,NA,0.00243003,0.0206927,0.363564,0.000618811881188119,"CREEDS","creeds_results_up","up",NA,NA,"drug:2659","GSE17624",NA,"bisphenol a",0.0206927,1.68418283854658,FALSE,"Upregula NQO1",0.612308249513348
40,"Chlorpyrifos",NA,NA,NA,0.0031363,0.0103211,0.486615,0.000267379679144385,"CREEDS","creeds_results_up","up",NA,NA,"drug:3571","GSE5023",NA,"chlorpyrifos",0.0103211,1.9862740140972,FALSE,"Upregula NQO1",0.966550729369908
41,"Mercury",NA,NA,NA,0.0038106,0.00928228,0.116848,0.000400320256204964,"CREEDS","creeds_results_up","up",NA,NA,"drug:3533","GSE6907",NA,"mercury",0.00928228,2.03234533522524,FALSE,"Upregula NQO1",0.237475487730398
42,"Dmnq (2,3-dimethoxy-1,4-naphthoquinone)",NA,NA,NA,0.00434278,0.0093366,0.186071,0.00035498757543486,"CREEDS","creeds_results_up","up",NA,NA,"drug:3527","GSE6907",NA,"dmnq (2,3-dimethoxy-1,4-naphthoquinone)",0.0093366,2.02981124690311,FALSE,"Upregula NQO1",0.377689008522508
43,"Cisplatin",NA,NA,NA,0.0046574,0.0241535,0.177697,0.000383288616328095,"CREEDS","creeds_results_up","up",NA,NA,"drug:3159","GSE47856","DB00515","cisplatin",0.0241535,1.61701992824373,FALSE,"Upregula NQO1",0.287339590189125
44,"3,3',4,4'-tetrachlorobiphenyl",NA,NA,NA,0.00535316,0.0348626,0.42032,0.00050125313283208,"CREEDS","creeds_results_up","up",NA,NA,"drug:3273","GSE6878",NA,"3,3',4,4'-tetrachlorobiphenyl",0.0348626,1.45764022699234,FALSE,"Upregula NQO1",0.612675340209422
45,"Vanadium pentoxide",NA,NA,NA,0.0054173,0.0179126,0.32662,0.000358166189111748,"CREEDS","creeds_results_up","up",NA,NA,"drug:3557","GSE5339",NA,"vanadium pentoxide",0.0179126,1.74684137206832,FALSE,"Upregula NQO1",0.570553328944955
46,"Metformin",NA,NA,NA,0.00568729,0.0205871,0.189207,0.000270709258256632,"CREEDS","creeds_results_up","up",NA,NA,"drug:2483","GSE33612","DB00331","metformin",0.0205871,1.68640482592688,FALSE,"Upregula NQO1",0.319079597899148
47,"Azacitidine",NA,NA,NA,0.00641709,0.0495552,0.616553,0.000977517106549365,"CREEDS","creeds_results_up","up",NA,NA,"drug:2545","GSE29077","DB00928","azacitidine",0.0495552,1.30491076675258,FALSE,"Upregula NQO1",0.804546647973604
48,"Phorbol 12-myristate 13-acetate (pma)",NA,NA,NA,0.00672202,0.0269931,0.816934,0.000394011032308905,"CREEDS","creeds_results_up","up",NA,NA,"drug:3246","GSE45417",NA,"phorbol 12-myristate 13-acetate (pma)",0.0269931,1.56874723639262,FALSE,"Upregula NQO1",1.28156295481517
49,"Abiraterone",NA,NA,NA,0.00695171,0.0346354,0.649261,0.00043917435221783,"CREEDS","creeds_results_up","up",NA,NA,"drug:3300","GSE49244","DB05812","abiraterone",0.0346354,1.46047979238431,FALSE,"Upregula NQO1",0.948232570483227
50,"Quercetin",NA,NA,NA,0.00702807,0.0401697,0.59853,0.000630914826498423,"CREEDS","creeds_results_up","up",NA,NA,"drug:3416","GSE7259",NA,"quercetin",0.0401697,1.3961014117045,FALSE,"Upregula NQO1",0.835608577947496
51,"Pd173074",NA,NA,NA,0.00745233,0.0250427,0.127767,0.000280977802753582,"CREEDS","creeds_results_up","up",NA,NA,"drug:2578","GSE52452",NA,"pd173074",0.0250427,1.60131884910831,FALSE,"Upregula NQO1",0.204595705394021
52,"4-hydroxynonenal",NA,NA,NA,0.00919963,0.0227885,0.70037,0.000168123739071957,"CREEDS","creeds_results_up","up",NA,NA,"drug:3082","GSE2397",NA,"4-hydroxynonenal",0.0227885,1.64228426030283,FALSE,"Upregula NQO1",1.15020662738829
53,"Apratoxin a",NA,NA,NA,0.0127206,0.0362854,0.714696,0.000380228136882129,"CREEDS","creeds_results_up","up",NA,NA,"drug:3070","GSE2742",NA,"apratoxin a",0.0362854,1.44026808501636,FALSE,"Upregula NQO1",1.02935383928885
54,"Actinomycin d",NA,NA,NA,0.0181936,0.0307638,0.116785,0.000113352981183405,"CREEDS","creeds_results_up","up",NA,NA,"drug:3098","GSE6400",NA,"actinomycin d",0.0307638,1.51196002072035,FALSE,"Upregula NQO1",0.176574251019826
0,"tretinoin","MCF7","6 h","1.0 μM",2.70855e-14,1.56005e-12,-1.13903,0.00119617224880383,"CMAP","cmap_results_down","down",NA,NA,NA,NA,NA,"tretinoin",1.56005e-12,11.8068614821737,FALSE,"Downregula NQO1",13.4483694340403
1,"15-delta prostaglandin J2","HL60","6 h","10.0 μM",7.77375e-13,4.83566e-10,-4.63668,0.000705716302046577,"CMAP","cmap_results_down","down",NA,NA,NA,NA,NA,"15-delta prostaglandin j2",4.83566e-10,9.31554424240903,FALSE,"Downregula NQO1",43.1931976778931
2,"15-delta prostaglandin J2","PC3","6 h","10.0 μM",4.41715e-07,0.000235945,-1.63676,0.005,"CMAP","cmap_results_down","down",NA,NA,NA,NA,NA,"15-delta prostaglandin j2",0.000235945,3.62718922152263,FALSE,"Downregula NQO1",5.93683823021938
3,"15-delta prostaglandin J2","MCF7","6 h","10.0 μM",4.93564e-06,4.78599e-05,-0.664445,0.00078740157480315,"CMAP","cmap_results_down","down",NA,NA,NA,NA,NA,"15-delta prostaglandin j2",4.78599e-05,4.32002821315036,FALSE,"Downregula NQO1",2.87042114608669
4,"tanespimycin","HL60","6 h","1.0 μM",0.00223555,0.00927099,-0.59462,0.000596658711217184,"CMAP","cmap_results_down","down",NA,NA,NA,NA,NA,"tanespimycin",0.00927099,2.03287388736789,FALSE,"Downregula NQO1",1.2087874709067
5,"LY-294002","MCF7","6 h","10.0 μM",0.00568971,0.0150897,-0.19948,0.000462748727440999,"CMAP","cmap_results_down","down",NA,NA,NA,NA,NA,"ly-294002",0.0150897,1.82131939439536,FALSE,"Downregula NQO1",0.363316792793987
6,"phenoxybenzamine","MCF7","6 h","11.8 μM",0.00584038,0.0223021,-0.507379,0.000638977635782748,"CMAP","cmap_results_down","down",NA,NA,NA,NA,NA,"phenoxybenzamine",0.0223021,1.65165424119076,FALSE,"Downregula NQO1",0.838014677241126
0,"manumycin-a","A375","24 h","9.08 µM",2.12781e-22,3.61695e-20,-3.5044,0.000149925037481259,"LINCS L1000","l1000_results_down","down","CPC006_A375_24H:BRD-K78599730-001-02-6:9.08","BRD-K78599730",NA,NA,NA,"manumycin-a",3.61695e-20,19.4416574947977,FALSE,"Downregula NQO1",68.1313445247692
1,"piperlongumine","A375","24 h","10.0 µM",2.77018e-19,1.15087e-17,-2.89271,0.00013159626266614,"LINCS L1000","l1000_results_down","down","CPC006_A375_24H:BRD-K24132293-001-16-0:10","BRD-K24132293",NA,NA,NA,"piperlongumine",1.15087e-17,16.9389737306458,FALSE,"Downregula NQO1",48.9995387003765
2,"panobinostat","MCF7","24 h","2.5 µM",2.91787e-19,6.60316e-18,-1.44675,0.000145032632342277,"LINCS L1000","l1000_results_down","down","HDAC001_MCF7_24H:BRD-K02130563-001-05-6:2.5","BRD-K02130563",NA,NA,NA,"panobinostat",6.60316e-18,17.1802481792869,FALSE,"Downregula NQO1",24.8555240533833
3,"BRD-K68548958","HA1E","24 h","20.0 µM",7.97697e-19,3.19481e-17,-3.25008,0.000136109976861304,"LINCS L1000","l1000_results_down","down","CPC006_HA1E_24H:BRD-K68548958-001-01-2:20","BRD-K68548958",NA,NA,NA,"brd-k68548958",3.19481e-17,16.4955549648624,FALSE,"Downregula NQO1",53.6118732802001
4,"PHA-793887","SKBR3","24 h","10.0 µM",1.34453e-18,1.28498e-16,-3.61306,0.000142247510668563,"LINCS L1000","l1000_results_down","down","LJP001_SKBR3_24H:BRD-K64800655-001-03-3:10","BRD-K64800655",NA,NA,NA,"pha-793887",1.28498e-16,15.8911036318325,FALSE,"Downregula NQO1",57.4155108880287
5,"COT-10b","MCF7","24 h","44.4 µM",1.70657e-18,6.24006e-17,-2.13899,0.000157753588894147,"LINCS L1000","l1000_results_down","down","CPC006_MCF7_24H:BRD-K18190982-002-01-2:44.4","BRD-K18190982",NA,NA,NA,"cot-10b",6.24006e-17,16.2048112344292,FALSE,"Downregula NQO1",34.6619291823317
6,"YM-155","A375","24 h","0.31 µM",2.39573e-18,6.17455e-17,-2.92837,0.000146070698217938,"LINCS L1000","l1000_results_down","down","CPC006_A375_24H:BRD-K76703230-001-01-3:0.31","BRD-K76703230",NA,NA,NA,"ym-155",6.17455e-17,16.2093946882121,FALSE,"Downregula NQO1",47.4671051231198
7,"NSC-632839","A375","24 h","10.0 µM",4.27097e-18,2.98138e-16,-3.38035,0.000158453493899541,"LINCS L1000","l1000_results_down","down","CPC006_A375_24H:BRD-K74402642-003-01-2:10","BRD-K74402642",NA,NA,NA,"nsc-632839",2.98138e-16,15.52558266624,FALSE,"Downregula NQO1",52.4819033658243
8,"MW-A1-12","A375","24 h","10.0 µM",5.06676e-18,7.32641e-16,-3.62852,0.000191387559808612,"LINCS L1000","l1000_results_down","down","CPC006_A375_24H:BRD-K78867378-001-07-3:10","BRD-K78867378",NA,NA,NA,"mw-a1-12",7.32641e-16,15.1351087810366,FALSE,"Downregula NQO1",54.9180449141669
9,"withaferin-a","PC3","24 h","10.0 µM",6.47195e-18,1.15294e-15,-2.88648,0.000181851245681033,"LINCS L1000","l1000_results_down","down","DEB001_PC3_24H:BRD-K88378636-001-02-8:10","BRD-K88378636",NA,NA,NA,"withaferin-a",1.15294e-15,14.9381932931797,FALSE,"Downregula NQO1",43.1187961768972
10,"tacedinaline","MCF7","24 h","10.0 µM",8.35331e-18,1.5501e-16,-1.62168,0.000135832654170063,"LINCS L1000","l1000_results_down","down","HDAC001_MCF7_24H:BRD-K52313696-001-08-1:10","BRD-K52313696",NA,NA,NA,"tacedinaline",1.5501e-16,15.8096402837347,FALSE,"Downregula NQO1",25.6381774553269
11,"narciclasine","PC3","24 h","10.0 µM",2.13388e-17,4.96522e-16,-3.42,0.000128452151573539,"LINCS L1000","l1000_results_down","down","CPC006_PC3_24H:BRD-K06792661-001-01-9:10","BRD-K06792661",NA,NA,NA,"narciclasine",4.96522e-16,15.3040615039321,FALSE,"Downregula NQO1",52.3398903434477
12,"MW-A1-12","HA1E","24 h","10.0 µM",4.46401e-17,3.2066e-15,-3.11764,0.00015389350569406,"LINCS L1000","l1000_results_down","down","CPC006_HA1E_24H:BRD-K78867378-001-07-3:10","BRD-K78867378",NA,NA,NA,"mw-a1-12",3.2066e-15,14.493955211767,FALSE,"Downregula NQO1",45.1869345264133
13,"WZ-3105","SKBR3","24 h","0.4 µM",4.87571e-17,2.95837e-15,-3.5393,0.000144196106705119,"LINCS L1000","l1000_results_down","down","LJP001_SKBR3_24H:BRD-K92571446-001-01-4:0.4","BRD-K92571446",NA,NA,NA,"wz-3105",2.95837e-15,14.528947510221,FALSE,"Downregula NQO1",51.4223039229253
14,"manumycin-a","A375","24 h","10.0 µM",2.59511e-16,1.69226e-14,-2.67565,0.000155642023346304,"LINCS L1000","l1000_results_down","down","CPC006_A375_24H:BRD-A77216878-001-01-4:10","BRD-A77216878",NA,NA,NA,"manumycin-a",1.69226e-14,13.7715329108652,FALSE,"Downregula NQO1",36.8478020329565
15,"CD-1530","A549","6 h","40.0 µM",3.29939e-16,6.22634e-14,-1.51806,0.000214408233276158,"LINCS L1000","l1000_results_down","down","CPC006_A549_6H:BRD-K25737009-001-02-0:40","BRD-K25737009",NA,NA,NA,"cd-1530",6.22634e-14,13.2057671676091,FALSE,"Downregula NQO1",20.0471469064607
16,"narciclasine","A549","6 h","10.0 µM",5.45353e-16,4.87708e-14,-1.91802,0.000191350937619594,"LINCS L1000","l1000_results_down","down","CPC006_A549_6H:BRD-K06792661-001-01-9:10","BRD-K06792661",NA,NA,NA,"narciclasine",4.87708e-14,13.3118401205057,FALSE,"Downregula NQO1",25.5323755879324
17,"CHEMBL-1222381","MCF7","24 h","80.0 µM",1.51688e-15,1.97532e-13,-1.84091,0.000177053824362606,"LINCS L1000","l1000_results_down","down","CPC006_MCF7_24H:BRD-K53903639-001-01-3:80","BRD-K53903639",NA,NA,NA,"chembl-1222381",1.97532e-13,12.7043625390366,FALSE,"Downregula NQO1",23.3875880417379
18,"BRD-K92317137","A549","6 h","10.0 µM",1.77106e-15,1.74505e-13,-1.40709,0.000179179358537896,"LINCS L1000","l1000_results_down","down","CPC006_A549_6H:BRD-K92317137-001-04-0:10","BRD-K92317137",NA,NA,NA,"brd-k92317137",1.74505e-13,12.7581921249151,FALSE,"Downregula NQO1",17.9519245570468
19,"narciclasine","A375","24 h","10.0 µM",1.96423e-15,1.95091e-14,-2.52804,0.000141823854772373,"LINCS L1000","l1000_results_down","down","CPC006_A375_24H:BRD-K06792661-001-01-9:10","BRD-K06792661",NA,NA,NA,"narciclasine",1.95091e-14,13.7097627651544,FALSE,"Downregula NQO1",34.6588286608209
20,"ouabain","PC3","24 h","10.0 µM",3.70098e-15,1.30815e-12,-4.04388,0.000257997936016512,"LINCS L1000","l1000_results_down","down","CPC003_PC3_24H:BRD-K35708212-331-03-1:10","BRD-K35708212",NA,NA,NA,"ouabain",1.30815e-12,11.8833424544542,FALSE,"Downregula NQO1",48.0548108847184
21,"mepacrine","HT29","24 h","10.0 µM",4.44368e-15,6.44638e-14,-3.57714,0.000133547008547009,"LINCS L1000","l1000_results_down","down","CPC006_HT29_24H:BRD-A45889380-300-04-8:10","BRD-A45889380",NA,NA,NA,"mepacrine",6.44638e-14,13.1906840973594,FALSE,"Downregula NQO1",47.1849237120281
22,"PIK-75","MCF7","24 h","0.09 µM",4.52242e-15,1.81778e-13,-3.21165,0.000160720025715204,"LINCS L1000","l1000_results_down","down","CPC006_MCF7_24H:BRD-K49371609-310-01-1:0.09","BRD-K49371609",NA,NA,NA,"pik-75",1.81778e-13,12.740458679182,FALSE,"Downregula NQO1",40.9178941169949
23,"piperlongumine","HA1E","24 h","10.0 µM",5.97625e-15,1.12114e-13,-2.73152,0.000134661998384056,"LINCS L1000","l1000_results_down","down","CPC006_HA1E_24H:BRD-K24132293-001-16-0:10","BRD-K24132293",NA,NA,NA,"piperlongumine",1.12114e-13,12.9503401524085,FALSE,"Downregula NQO1",35.3741131331069
24,"cucurbitacin-i","A375","24 h","10.0 µM",7.28772e-15,1.58634e-13,-3.51969,0.000165562913907285,"LINCS L1000","l1000_results_down","down","CPC006_A375_24H:BRD-A28105619-001-01-3:10","BRD-A28105619",NA,NA,NA,"cucurbitacin-i",1.58634e-13,12.7996037247746,FALSE,"Downregula NQO1",45.0506372340518
25,"PNU-74654","A549","6 h","80.0 µM",1.10036e-14,1.44134e-11,-1.36315,0.00171232876712329,"LINCS L1000","l1000_results_down","down","CPC006_A549_6H:BRD-K30707190-001-02-5:80","BRD-K30707190",NA,NA,NA,"pnu-74654",1.44134e-11,10.8412335606804,FALSE,"Downregula NQO1",14.7782275282415
26,"CHEMBL-399379","A549","6 h","80.0 µM",1.54864e-14,1.16111e-12,-1.81404,0.000202839756592292,"LINCS L1000","l1000_results_down","down","CPC006_A549_6H:BRD-K43620258-001-01-6:80","BRD-K43620258",NA,NA,NA,"chembl-399379",1.16111e-12,11.9351266345853,FALSE,"Downregula NQO1",21.650797120203
27,"teniposide","A375","24 h","1.25 µM",2.69897e-14,4.46182e-13,-2.24746,0.00016655562958028,"LINCS L1000","l1000_results_down","down","CPC006_A375_24H:BRD-A35588707-001-03-0:1.25","BRD-A35588707",NA,NA,NA,"teniposide",4.46182e-13,12.3504879541292,FALSE,"Downregula NQO1",27.7572276573872
28,"PX-12","A375","24 h","30.0 µM",2.74178e-14,4.07026e-12,-2.23141,0.000200803212851406,"LINCS L1000","l1000_results_down","down","CPC006_A375_24H:BRD-A56592690-001-01-9:30","BRD-A56592690",NA,NA,NA,"px-12",4.07026e-12,11.3903778480331,FALSE,"Downregula NQO1",25.4166030338795
29,"narciclasine","HA1E","24 h","10.0 µM",3.01449e-14,3.36475e-13,-2.61806,0.00014168319637291,"LINCS L1000","l1000_results_down","down","CPC006_HA1E_24H:BRD-K06792661-001-01-9:10","BRD-K06792661",NA,NA,NA,"narciclasine",3.36475e-13,12.4730471982019,FALSE,"Downregula NQO1",32.6551859477245
30,"parthenolide","A375","24 h","20.0 µM",3.28227e-14,7.85065e-13,-2.29221,0.000150738619234248,"LINCS L1000","l1000_results_down","down","CPC006_A375_24H:BRD-K81651477-001-03-5:20","BRD-K81651477",NA,NA,NA,"parthenolide",7.85065e-13,12.1050943840539,FALSE,"Downregula NQO1",27.7474183980722
31,"panobinostat","MCF7","24 h","0.625 µM",4.79702e-14,4.12592e-13,-1.15407,0.000139958012596221,"LINCS L1000","l1000_results_down","down","HDAC001_MCF7_24H:BRD-K02130563-001-05-6:0.625","BRD-K02130563",NA,NA,NA,"panobinostat",4.12592e-13,12.384479197084,FALSE,"Downregula NQO1",14.2925559069787
32,"BRD-K29003210","A375","6 h","10.0 µM",6.81359e-14,6.21824e-12,-2.62685,0.000192270717169775,"LINCS L1000","l1000_results_down","down","CPC012_A375_6H:BRD-K29003210-001-06-9:10","BRD-K29003210",NA,NA,NA,"brd-k29003210",6.21824e-12,11.206332519883,FALSE,"Downregula NQO1",29.4373545798547
33,"ER-27319","PC3","24 h","10.0 µM",7.85313e-14,8.7393e-13,-3.15724,0.000136518771331058,"LINCS L1000","l1000_results_down","down","CPC001_PC3_24H:BRD-K11927976-050-01-1:10","BRD-K11927976",NA,NA,NA,"er-27319",8.7393e-13,12.0585233520695,FALSE,"Downregula NQO1",38.0716522680879
34,"sarmentogenin","PC3","24 h","10.0 µM",1.84878e-13,1.06885e-11,-2.66948,0.000194817845314631,"LINCS L1000","l1000_results_down","down","CPC001_PC3_24H:BRD-A89434049-001-02-1:10","BRD-A89434049",NA,NA,NA,"sarmentogenin",1.06885e-11,10.9710832384237,FALSE,"Downregula NQO1",29.2870872833074
35,"AZD-8055","MCF7","24 h","10.0 µM",3.82491e-13,1.77814e-11,-1.94736,0.000237135404315864,"LINCS L1000","l1000_results_down","down","CPC006_MCF7_24H:BRD-K69932463-001-03-1:10","BRD-K69932463",NA,NA,NA,"azd-8055",1.77814e-11,10.7500340482962,FALSE,"Downregula NQO1",20.93418630429
36,"SU-11652","A549","6 h","10.0 µM",4.58288e-13,5.54628e-11,-1.36287,0.00021978021978022,"LINCS L1000","l1000_results_down","down","CPC006_A549_6H:BRD-K60623809-001-02-0:10","BRD-K60623809",NA,NA,NA,"su-11652",5.54628e-11,10.2559982091568,FALSE,"Downregula NQO1",13.9775922793135
37,"daunorubicin","MCF7","24 h","10.0 µM",5.86382e-13,1.38027e-11,-2.4961,0.000160076836881703,"LINCS L1000","l1000_results_down","down","CPC013_MCF7_24H:BRD-K17210248-003-01-7:10","BRD-K17210248",NA,NA,NA,"daunorubicin",1.38027e-11,10.8600359512505,FALSE,"Downregula NQO1",27.1077357379164
38,"BRD-K84203638","PC3","24 h","10.0 µM",5.88126e-13,6.92565e-12,-3.13503,0.000145180023228804,"LINCS L1000","l1000_results_down","down","CPC007_PC3_24H:BRD-K84203638-019-03-0:10","BRD-K84203638",NA,NA,NA,"brd-k84203638",6.92565e-12,11.1595394600735,FALSE,"Downregula NQO1",34.9854909935143
39,"bufalin","PC3","24 h","10.0 µM",6.07505e-13,9.6628e-11,-3.70918,0.000247218788627936,"LINCS L1000","l1000_results_down","down","CPC003_PC3_24H:BRD-K63606607-001-01-8:10","BRD-K63606607",NA,NA,NA,"bufalin",9.6628e-11,10.0148970093663,FALSE,"Downregula NQO1",37.1470556892013
40,"BRD-K68548958","A375","24 h","20.0 µM",6.29403e-13,1.45239e-11,-2.64771,0.000171585449553878,"LINCS L1000","l1000_results_down","down","CPC006_A375_24H:BRD-K68548958-001-01-2:20","BRD-K68548958",NA,NA,NA,"brd-k68548958",1.45239e-11,10.8379167499545,FALSE,"Downregula NQO1",28.6956605580221
41,"importazole","A375","24 h","60.0 µM",6.57715e-13,9.49806e-12,-2.61822,0.000159821000479463,"LINCS L1000","l1000_results_down","down","CPC006_A375_24H:BRD-A02481876-001-09-9:60","BRD-A02481876",NA,NA,NA,"importazole",9.49806e-12,11.0223650912726,FALSE,"Downregula NQO1",28.8589767292717
42,"A-443644","SKBR3","24 h","2.0 µM",6.68541e-13,2.42461e-11,-2.74503,0.000176429075511644,"LINCS L1000","l1000_results_down","down","LJP001_SKBR3_24H:BRD-K38615104-001-08-4:2","BRD-K38615104",NA,NA,NA,"a-443644",2.42461e-11,10.6153581079769,FALSE,"Downregula NQO1",29.1394764671397
43,"alvocidib","MCF7","24 h","10.0 µM",7.15707e-13,1.13514e-11,-2.63443,0.000163105529277442,"LINCS L1000","l1000_results_down","down","CPC013_MCF7_24H:BRD-K87909389-001-01-2:10","BRD-K87909389",NA,NA,NA,"alvocidib",1.13514e-11,10.944950572411,FALSE,"Downregula NQO1",28.8337061364768
44,"tyrphostin-AG-1478","MCF7","24 h","56.78 µM",7.95875e-13,2.87704e-11,-1.95832,0.000237079184447606,"LINCS L1000","l1000_results_down","down","CPC006_MCF7_24H:BRD-K68336408-001-04-2:56.78","BRD-K68336408",NA,NA,NA,"tyrphostin-ag-1478",2.87704e-11,10.5410540999941,FALSE,"Downregula NQO1",20.6427570651004
45,"NSC-632839","HT29","24 h","10.0 µM",7.97885e-13,1.22196e-11,-3.35462,0.000137646249139711,"LINCS L1000","l1000_results_down","down","CPC006_HT29_24H:BRD-K74402642-003-01-2:10","BRD-K74402642",NA,NA,NA,"nsc-632839",1.22196e-11,10.9129430101848,FALSE,"Downregula NQO1",36.6087768808261
46,"WZ-3105","BT20","24 h","2.0 µM",8.29598e-13,1.22747e-11,-2.46169,0.000149053510210165,"LINCS L1000","l1000_results_down","down","LJP001_BT20_24H:BRD-K92571446-001-01-4:2","BRD-K92571446",NA,NA,NA,"wz-3105",1.22747e-11,10.9109891134565,FALSE,"Downregula NQO1",26.8594727907046
47,"HG-5-113-01","MCF7","24 h","10.0 µM",8.67865e-13,2.12837e-11,-3.23582,0.00016860563142809,"LINCS L1000","l1000_results_down","down","CPC013_MCF7_24H:BRD-U82589721-000-01-4:10","BRD-U82589721",NA,NA,NA,"hg-5-113-01",2.12837e-11,10.6719528712124,FALSE,"Downregula NQO1",34.5325185397265
48,"GDC-0941","MCF7","6 h","10.0 µM",8.97813e-13,8.69239e-10,-1.45542,0.00042247570764681,"LINCS L1000","l1000_results_down","down","CPC014_MCF7_6H:BRD-K52911425-001-02-3:10","BRD-K52911425",NA,NA,NA,"gdc-0941",8.69239e-10,9.06086079649691,FALSE,"Downregula NQO1",13.1873580204375
49,"curcumin","MCF7","24 h","48.0 µM",9.36128e-13,6.10416e-12,-2.11774,0.000140232786425466,"LINCS L1000","l1000_results_down","down","CPC006_MCF7_24H:BRD-K74148702-001-03-8:48","BRD-K74148702",NA,NA,NA,"curcumin",6.10416e-12,11.2143740913365,FALSE,"Downregula NQO1",23.749128588187
50,"AZD-8055","BT20","6 h","10.0 µM",1.05852e-12,1.4732e-09,-0.870644,0.000443458980044346,"LINCS L1000","l1000_results_down","down","LJP001_BT20_6H:BRD-K69932463-001-05-6:10","BRD-K69932463",NA,NA,NA,"azd-8055",1.4732e-09,8.83173828981712,FALSE,"Downregula NQO1",7.68929995159954
51,"MW-STK33-23","VCAP","24 h","10.0 µM",1.71646e-12,6.00977e-11,-2.31327,0.000166002656042497,"LINCS L1000","l1000_results_down","down","CPC020_VCAP_24H:BRD-K06666320-001-06-7:10","BRD-K06666320",NA,NA,NA,"mw-stk33-23",6.00977e-11,10.22114214857,FALSE,"Downregula NQO1",23.6442614980225
52,"SU-11652","HT29","6 h","10.0 µM",1.85368e-12,3.39734e-11,-2.64108,0.00016095284081764,"LINCS L1000","l1000_results_down","down","CPC006_HT29_6H:BRD-K60623809-001-02-0:10","BRD-K60623809",NA,NA,NA,"su-11652",3.39734e-11,10.468860987503,FALSE,"Downregula NQO1",27.6490993768744
53,"CYT-997","A375","24 h","1.0 µM",1.95273e-12,3.91743e-10,-2.06912,0.000362844702467344,"LINCS L1000","l1000_results_down","down","CPC006_A375_24H:BRD-K23363278-001-01-3:1","BRD-K23363278",NA,NA,NA,"cyt-997",3.91743e-10,9.40699875513642,FALSE,"Downregula NQO1",19.4642092642279
54,"QL-XII-47","BT20","6 h","10.0 µM",2.43083e-12,9.33272e-10,-1.59033,0.000305343511450382,"LINCS L1000","l1000_results_down","down","LJP001_BT20_6H:BRD-K99252563-001-01-1:10","BRD-K99252563",NA,NA,NA,"ql-xii-47",9.33272e-10,9.02999176366687,FALSE,"Downregula NQO1",14.3606668015123
55,"mitoxantrone","PC3","24 h","2.0 µM",2.65831e-12,3.8893e-11,-2.29175,0.000140587656403768,"LINCS L1000","l1000_results_down","down","ASG001_PC3_24H:BRD-K21680192-300-08-6:2","BRD-K21680192",NA,NA,NA,"mitoxantrone",3.8893e-11,10.4101285563847,FALSE,"Downregula NQO1",23.8574121190946
56,"topotecan","ASC","24 h","10.0 µM",3.03427e-12,9.00896e-10,-3.50936,0.000331125827814569,"LINCS L1000","l1000_results_down","down","CPC012_ASC_24H:BRD-A59985574-003-01-9:10","BRD-A59985574",NA,NA,NA,"topotecan",9.00896e-10,9.04532534135507,FALSE,"Downregula NQO1",31.7433029399378
57,"thiostrepton","ASC","24 h","10.0 µM",3.37297e-12,2.55474e-10,-4.25421,0.000227014755959137,"LINCS L1000","l1000_results_down","down","CPC012_ASC_24H:BRD-A20697603-001-05-6:10","BRD-A20697603",NA,NA,NA,"thiostrepton",2.55474e-10,9.59265329212847,FALSE,"Downregula NQO1",40.8091615619058
58,"staurosporine","MCF7","6 h","10.0 µM",3.40628e-12,1.0579e-10,-2.29113,0.000194893782888326,"LINCS L1000","l1000_results_down","down","CPC014_MCF7_6H:BRD-K70549064-001-03-3:10","BRD-K70549064",NA,NA,NA,"staurosporine",1.0579e-10,9.97555538286865,FALSE,"Downregula NQO1",22.8552942043518
59,"panobinostat","MCF7","24 h","0.15625 µM",3.67428e-12,2.72185e-11,-1.10911,0.000139801481895708,"LINCS L1000","l1000_results_down","down","HDAC001_MCF7_24H:BRD-K02130563-001-05-6:0.15625","BRD-K02130563",NA,NA,NA,"panobinostat",2.72185e-11,10.5651358122581,FALSE,"Downregula NQO1",11.7178977807335
60,"SN-38","PC3","24 h","0.35 µM",6.27333e-12,2.47247e-10,-1.51365,0.000211104074308634,"LINCS L1000","l1000_results_down","down","CPC006_PC3_24H:BRD-A36630025-001-02-6:0.35","BRD-A36630025",NA,NA,NA,"sn-38",2.47247e-10,9.60686896926101,FALSE,"Downregula NQO1",14.5414372153219
61,"CD-1530","HT29","24 h","40.0 µM",6.97259e-12,1.37769e-10,-2.81819,0.000148964695367198,"LINCS L1000","l1000_results_down","down","CPC006_HT29_24H:BRD-K25737009-001-02-0:40","BRD-K25737009",NA,NA,NA,"cd-1530",1.37769e-10,9.86084849391986,FALSE,"Downregula NQO1",27.78974461708
62,"CYT-997","HA1E","24 h","1.0 µM",7.89343e-12,1.0279e-09,-3.30565,0.000282007896221094,"LINCS L1000","l1000_results_down","down","CPC006_HA1E_24H:BRD-K23363278-001-01-3:1","BRD-K23363278",NA,NA,NA,"cyt-997",1.0279e-09,8.9880491339406,FALSE,"Downregula NQO1",29.7113446196107
63,"GP-42","PC3","24 h","10.0 µM",8.2919e-12,3.51034e-10,-3.05268,0.000175192711983181,"LINCS L1000","l1000_results_down","down","CPC012_PC3_24H:BRD-A41250203-001-01-2:10","BRD-A41250203",NA,NA,NA,"gp-42",3.51034e-10,9.45465081716019,FALSE,"Downregula NQO1",28.8620234565286
64,"alvocidib","MCF7","6 h","0.4 µM",8.70028e-12,1.38285e-10,-3.38104,0.000159438775510204,"LINCS L1000","l1000_results_down","down","LJP001_MCF7_6H:BRD-K87909389-001-04-6:0.4","BRD-K87909389",NA,NA,NA,"alvocidib",1.38285e-10,9.85922492596828,FALSE,"Downregula NQO1",33.3344338436958
65,"brefeldin-a","MCF7","24 h","10.0 µM",1.21717e-11,3.90546e-10,-2.22899,0.000214500214500215,"LINCS L1000","l1000_results_down","down","CPC016_MCF7_24H:BRD-A17065207-001-06-9:10","BRD-A17065207",NA,NA,NA,"brefeldin-a",3.90546e-10,9.40832780591061,FALSE,"Downregula NQO1",20.9710685960967
66,"SA-25547","MCF7","24 h","10.0 µM",1.23107e-11,5.16259e-10,-1.97355,0.000192012288786482,"LINCS L1000","l1000_results_down","down","CPC019_MCF7_24H:BRD-K96076993-001-01-7:10","BRD-K96076993",NA,NA,NA,"sa-25547",5.16259e-10,9.28713236416602,FALSE,"Downregula NQO1",18.3286200772998
67,"CGP-60474","MDAMB231","24 h","0.4 µM",1.39756e-11,6.5421e-11,-2.38057,0.000130616509926855,"LINCS L1000","l1000_results_down","down","LJP001_MDAMB231_24H:BRD-K79090631-001-18-1:0.4","BRD-K79090631",NA,NA,NA,"cgp-60474",6.5421e-11,10.1842828217035,FALSE,"Downregula NQO1",24.2443981568627
68,"manumycin-a","PC3","24 h","10.0 µM",1.40905e-11,1.73544e-10,-1.74577,0.000170386777986028,"LINCS L1000","l1000_results_down","down","CPC006_PC3_24H:BRD-A77216878-001-01-4:10","BRD-A77216878",NA,NA,NA,"manumycin-a",1.73544e-10,9.76059039675452,FALSE,"Downregula NQO1",17.0397458969421
69,"A-443644","BT20","24 h","2.0 µM",1.43273e-11,1.54798e-10,-2.25453,0.000146520146520146,"LINCS L1000","l1000_results_down","down","LJP001_BT20_24H:BRD-K38615104-001-08-4:2","BRD-K38615104",NA,NA,NA,"a-443644",1.54798e-10,9.81023465472919,FALSE,"Downregula NQO1",22.1174683361266
70,"digitoxin","MCF7","24 h","10.0 µM",1.44127e-11,1.13648e-10,-2.26567,0.000138850319355734,"LINCS L1000","l1000_results_down","down","CPC017_MCF7_24H:BRD-A93236127-001-03-7:10","BRD-A93236127",NA,NA,NA,"digitoxin",1.13648e-10,9.94443820267202,FALSE,"Downregula NQO1",22.5308153026479
71,"ABT-751","A375","24 h","10.0 µM",2.0685e-11,3.17664e-09,-2.31445,0.00029146021568056,"LINCS L1000","l1000_results_down","down","CPC006_A375_24H:BRD-K91623615-001-01-9:10","BRD-K91623615",NA,NA,NA,"abt-751",3.17664e-09,8.49803199980058,FALSE,"Downregula NQO1",19.6682701619385
72,"BRD-K99636700","MCF7","24 h","10.0 µM",2.12916e-11,2.0124e-10,-1.25347,0.000146670577882077,"LINCS L1000","l1000_results_down","down","HDAC001_MCF7_24H:BRD-K99636700-001-01-9:10","BRD-K99636700",NA,NA,NA,"brd-k99636700",2.0124e-10,9.69628569134629,FALSE,"Downregula NQO1",12.1540032255318
73,"calpeptin","MCF7","24 h","10.0 µM",2.19296e-11,9.21376e-09,-1.70922,0.000271812992661049,"LINCS L1000","l1000_results_down","down","CPC006_MCF7_24H:BRD-A84045418-001-01-5:10","BRD-A84045418",NA,NA,NA,"calpeptin",9.21376e-09,8.03556310443771,FALSE,"Downregula NQO1",13.734545169367
74,"trichostatin-a","A549","6 h","10.0 µM",3.25062e-11,1.50176e-09,-1.04741,0.000198807157057654,"LINCS L1000","l1000_results_down","down","CPC006_A549_6H:BRD-A19037878:10","BRD-A19037878",NA,NA,NA,"trichostatin-a",1.50176e-09,8.8233994674676,FALSE,"Downregula NQO1",9.24171683622024
75,"WZ-3105","BT20","24 h","0.4 µM",4.89753e-11,3.55239e-09,-1.45356,0.000230043708304578,"LINCS L1000","l1000_results_down","down","LJP001_BT20_24H:BRD-K92571446-001-01-4:0.4","BRD-K92571446",NA,NA,NA,"wz-3105",3.55239e-09,8.44947936115071,FALSE,"Downregula NQO1",12.2818252201942
76,"doxorubicin","PC3","24 h","10.0 µM",5.15818e-11,2.50245e-09,-4.00251,0.000178443968593862,"LINCS L1000","l1000_results_down","down","CPC003_PC3_24H:BRD-K92093830-003-05-0:10","BRD-K92093830",NA,NA,NA,"doxorubicin",2.50245e-09,8.60163459114776,FALSE,"Downregula NQO1",34.4281284674148
77,"cymarin","PC3","24 h","10.0 µM",5.5349e-11,2.36566e-09,-2.26284,0.000218483722962639,"LINCS L1000","l1000_results_down","down","CPC002_PC3_24H:BRD-A71459254-001-02-8:10","BRD-A71459254",NA,NA,NA,"cymarin",2.36566e-09,8.62604767337437,FALSE,"Downregula NQO1",19.5193657172185
78,"staurosporine","MCF7","24 h","10.0 µM",5.93882e-11,4.94192e-10,-2.34694,0.000149902563333833,"LINCS L1000","l1000_results_down","down","CPC019_MCF7_24H:BRD-K17953061-001-05-1:10","BRD-K17953061",NA,NA,NA,"staurosporine",4.94192e-10,9.3061042892536,FALSE,"Downregula NQO1",21.8408684006208
79,"ZM-336372","A549","6 h","102.71 µM",7.07884e-11,4.63622e-08,-1.01291,0.000905797101449275,"LINCS L1000","l1000_results_down","down","CPC006_A549_6H:BRD-K73789395-001-06-5:102.71","BRD-K73789395",NA,NA,NA,"zm-336372",4.63622e-08,7.33383596388207,FALSE,"Downregula NQO1",7.42851578617579
80,"MK-1775","HA1E","24 h","10.0 µM",7.16027e-11,2.40466e-09,-2.00568,0.000192049164586134,"LINCS L1000","l1000_results_down","down","CPC006_HA1E_24H:BRD-K54256913-001-01-2:10","BRD-K54256913",NA,NA,NA,"mk-1775",2.40466e-09,8.61894632077137,FALSE,"Downregula NQO1",17.2868482566447
81,"SU-11652","HA1E","6 h","10.0 µM",7.57035e-11,6.90039e-10,-2.61726,0.000145032632342277,"LINCS L1000","l1000_results_down","down","CPC006_HA1E_6H:BRD-K60623809-001-02-0:10","BRD-K60623809",NA,NA,NA,"su-11652",6.90039e-10,9.16112636287703,FALSE,"Downregula NQO1",23.9770495845035
82,"BRD-K54687541","PC3","24 h","10.0 µM",7.89404e-11,7.4485e-09,-3.60469,0.000203376042302217,"LINCS L1000","l1000_results_down","down","CPC008_PC3_24H:BRD-K54687541-001-01-8:10","BRD-K54687541",NA,NA,NA,"brd-k54687541",7.4485e-09,8.12793117789775,FALSE,"Downregula NQO1",29.2986722376563
83,"digoxigenin","PC3","24 h","10.0 µM",8.27784e-11,2.79289e-09,-2.07568,0.000211237853823405,"LINCS L1000","l1000_results_down","down","CPC002_PC3_24H:BRD-K18619710-001-03-7:10","BRD-K18619710",NA,NA,NA,"digoxigenin",2.79289e-09,8.55394616896558,FALSE,"Downregula NQO1",17.7552549839985
84,"BMS-345541","BT20","24 h","10.0 µM",9.98918e-11,8.82694e-09,-1.67714,0.000251509054325956,"LINCS L1000","l1000_results_down","down","LJP001_BT20_24H:BRD-K13566078-003-03-7:10","BRD-K13566078",NA,NA,NA,"bms-345541",8.82694e-09,8.05418982546404,FALSE,"Downregula NQO1",13.5080039238788
85,"BRD-K24214483","MCF7","24 h","10.0 µM",1.11707e-10,6.21874e-07,-1.46684,0.00970873786407767,"LINCS L1000","l1000_results_down","down","CPC019_MCF7_24H:BRD-K24214483-001-01-8:10","BRD-K24214483",NA,NA,NA,"brd-k24214483",6.21874e-07,6.20629760027375,FALSE,"Downregula NQO1",9.10364557198554
86,"SN-38","MCF7","24 h","0.35 µM",1.11873e-10,1.40349e-09,-1.7659,0.000187090739008419,"LINCS L1000","l1000_results_down","down","CPC006_MCF7_24H:BRD-A36630025-001-02-6:0.35","BRD-A36630025",NA,NA,NA,"sn-38",1.40349e-09,8.85279067740809,FALSE,"Downregula NQO1",15.6331430572349
87,"geldanamycin","PC3","24 h","0.4 µM",1.12953e-10,1.4709e-08,-1.6017,0.000311332503113325,"LINCS L1000","l1000_results_down","down","ASG001_PC3_24H:BRD-A19500257-001-04-7:0.4","BRD-A19500257",NA,NA,NA,"geldanamycin",1.4709e-08,7.83241685203416,FALSE,"Downregula NQO1",12.5451820719031
88,"apicidin","MCF7","24 h","0.625 µM",1.1429e-10,6.74174e-10,-1.03856,0.000145454545454546,"LINCS L1000","l1000_results_down","down","HDAC001_MCF7_24H:BRD-K64606589-001-02-7:0.625","BRD-K64606589",NA,NA,NA,"apicidin",6.74174e-10,9.17122800036779,FALSE,"Downregula NQO1",9.52487055206197
89,"puromycin","A375","6 h","10.0 µM",1.25186e-10,1.64949e-08,-2.44543,0.000277777777777778,"LINCS L1000","l1000_results_down","down","CPC018_A375_6H:BRD-A28970875-300-03-1:10","BRD-A28970875",NA,NA,NA,"puromycin",1.64949e-08,7.78265031301223,FALSE,"Downregula NQO1",19.0319265549495
90,"PP-110","MCF7","24 h","22.2 µM",1.691e-10,2.94412e-09,-1.3983,0.000194363459669582,"LINCS L1000","l1000_results_down","down","CPC006_MCF7_24H:BRD-K03618428-001-01-3:22.2","BRD-K03618428",NA,NA,NA,"pp-110",2.94412e-09,8.53104449247458,FALSE,"Downregula NQO1",11.9289595138272
91,"ER-27319","ASC","24 h","10.0 µM",2.18709e-10,1.14324e-08,-4.06538,0.000184877056757256,"LINCS L1000","l1000_results_down","down","CPC017_ASC_24H:BRD-K11927976-050-01-1:10","BRD-K11927976",NA,NA,NA,"er-27319",1.14324e-08,7.94186258873478,FALSE,"Downregula NQO1",32.2866893309906
92,"AT-7519","MCF7","24 h","10.0 µM",2.19118e-10,1.95251e-09,-2.72629,0.000152905198776758,"LINCS L1000","l1000_results_down","down","CPC013_MCF7_24H:BRD-K13390322-001-01-4:10","BRD-K13390322",NA,NA,NA,"at-7519",1.95251e-09,8.70940673315683,FALSE,"Downregula NQO1",23.7443684825381
93,"ER-27319","MCF7","24 h","10.0 µM",2.29471e-10,2.19119e-09,-3.1173,0.00015271838729383,"LINCS L1000","l1000_results_down","down","CPC017_MCF7_24H:BRD-K11927976-050-01-1:10","BRD-K11927976",NA,NA,NA,"er-27319",2.19119e-09,8.65931996275242,FALSE,"Downregula NQO1",26.9936981198881
94,"panobinostat","MCF7","24 h","10.0 µM",2.33664e-10,1.39872e-09,-0.967256,0.000146584579302257,"LINCS L1000","l1000_results_down","down","HDAC001_MCF7_24H:BRD-K02130563-001-05-6:10","BRD-K02130563",NA,NA,NA,"panobinostat",1.39872e-09,8.85426921519044,FALSE,"Downregula NQO1",8.56434502400825
95,"triptolide","PC3","24 h","0.08 µM",2.43498e-10,1.89676e-09,-1.94546,0.000133636242148871,"LINCS L1000","l1000_results_down","down","CPC006_PC3_24H:BRD-A13122391-001-01-9:0.08","BRD-A13122391",NA,NA,NA,"triptolide",1.89676e-09,8.72198761759295,FALSE,"Downregula NQO1",16.9682780305224
96,"PF-562271","SKBR3","24 h","10.0 µM",2.58646e-10,3.38397e-09,-2.35781,0.000150647785477554,"LINCS L1000","l1000_results_down","down","LJP001_SKBR3_24H:BRD-K99545815-001-02-2:10","BRD-K99545815",NA,NA,NA,"pf-562271",3.38397e-09,8.47057349577847,FALSE,"Downregula NQO1",19.9720028940814
97,"auranofin","MCF7","24 h","10.0 µM",2.86572e-10,2.02648e-09,-1.89809,0.000152183838076396,"LINCS L1000","l1000_results_down","down","CPC006_MCF7_24H:BRD-A79465854-001-01-3:10","BRD-A79465854",NA,NA,NA,"auranofin",2.02648e-09,8.69325767809673,FALSE,"Downregula NQO1",16.5005854662186
98,"CYT-997","HT29","24 h","1.0 µM",3.09163e-10,2.11829e-08,-2.67906,0.000254971953085161,"LINCS L1000","l1000_results_down","down","CPC006_HT29_24H:BRD-K23363278-001-01-3:1","BRD-K23363278",NA,NA,NA,"cyt-997",2.11829e-08,7.6740145839933,FALSE,"Downregula NQO1",20.5591455113931
99,"CGP-60474","SKBR3","24 h","0.4 µM",4.29856e-10,7.62712e-09,-3.12557,0.000167813391508642,"LINCS L1000","l1000_results_down","down","LJP001_SKBR3_24H:BRD-K79090631-001-18-1:0.4","BRD-K79090631",NA,NA,NA,"cgp-60474",7.62712e-09,8.1176394206589,FALSE,"Downregula NQO1",25.3722502440288
100,"TGX-115","VCAP","6 h","160.0 µM",4.54942e-10,1.33298e-07,-2.39415,0.000378931413414172,"LINCS L1000","l1000_results_down","down","CPC006_VCAP_6H:BRD-K67075780-001-03-7:160","BRD-K67075780",NA,NA,NA,"tgx-115",1.33298e-07,6.87517636668126,FALSE,"Downregula NQO1",16.4602034982899
101,"tyrphostin-AG-1478","A375","24 h","56.78 µM",4.88973e-10,4.76102e-09,-1.65925,0.000176709666018731,"LINCS L1000","l1000_results_down","down","CPC006_A375_24H:BRD-K68336408-001-04-2:56.78","BRD-K68336408",NA,NA,NA,"tyrphostin-ag-1478",4.76102e-09,8.32229999414587,FALSE,"Downregula NQO1",13.8087762652865
102,"MD-II-051","PC3","24 h","10.0 µM",5.34473e-10,6.50363e-08,-2.71552,0.000238322211630124,"LINCS L1000","l1000_results_down","down","CPC012_PC3_24H:BRD-K86472598-001-02-7:10","BRD-K86472598",NA,NA,NA,"md-ii-051",6.50363e-08,7.18684417429116,FALSE,"Downregula NQO1",19.5160190921711
103,"SB-225002","A375","24 h","11.1 µM",5.45115e-10,5.9503e-08,-1.65112,0.000343288705801579,"LINCS L1000","l1000_results_down","down","CPC006_A375_24H:BRD-K61323504-001-03-2:11.1","BRD-K61323504",NA,NA,NA,"sb-225002",5.9503e-08,7.22546113762269,FALSE,"Downregula NQO1",11.9301033935516
104,"AT-7519","BT20","6 h","10.0 µM",5.58107e-10,1.48987e-08,-1.27985,0.00021362956633198,"LINCS L1000","l1000_results_down","down","LJP001_BT20_6H:BRD-K13390322-001-02-2:10","BRD-K13390322",NA,NA,NA,"at-7519",1.48987e-08,7.82685162470567,FALSE,"Downregula NQO1",10.0171960518796
105,"dactinomycin","PC3","24 h","10.0 µM",6.24931e-10,1.75264e-08,-3.22331,0.000189969604863222,"LINCS L1000","l1000_results_down","down","CPC003_PC3_24H:BRD-A73909368-001-01-5:10","BRD-A73909368",NA,NA,NA,"dactinomycin",1.75264e-08,7.75630728075131,FALSE,"Downregula NQO1",25.0009828211185
106,"NVP-AUY922","A375","24 h","10.0 µM",6.68262e-10,1.2526e-08,-1.67893,0.000206782464846981,"LINCS L1000","l1000_results_down","down","CPC006_A375_24H:BRD-K41859756-001-01-9:10","BRD-K41859756",NA,NA,NA,"nvp-auy922",1.2526e-08,7.90218759263471,FALSE,"Downregula NQO1",13.2672198149022
107,"thiostrepton","PC3","24 h","10.0 µM",8.52188e-10,3.12628e-08,-2.74968,0.000218197687104517,"LINCS L1000","l1000_results_down","down","CPC012_PC3_24H:BRD-A20697603-001-05-6:10","BRD-A20697603",NA,NA,NA,"thiostrepton",3.12628e-08,7.50497212772143,FALSE,"Downregula NQO1",20.6362717601531
108,"H-9","MCF7","6 h","10.0 µM",8.80138e-10,6.78163e-08,-2.58424,0.000240847784200385,"LINCS L1000","l1000_results_down","down","CPC014_MCF7_6H:BRD-K09790412-001-03-8:10","BRD-K09790412",NA,NA,NA,"h-9",6.78163e-08,7.16866590865138,FALSE,"Downregula NQO1",18.5255531877732
109,"CHEMBL-399379","MCF7","24 h","80.0 µM",9.30458e-10,1.29497e-08,-1.56126,0.000165207335205683,"LINCS L1000","l1000_results_down","down","CPC006_MCF7_24H:BRD-K43620258-001-01-6:80","BRD-K43620258",NA,NA,NA,"chembl-399379",1.29497e-08,7.88774029257529,FALSE,"Downregula NQO1",12.3148134091861
110,"PHA-793887","SKBR3","6 h","10.0 µM",9.33264e-10,2.4507e-08,-2.19971,0.000209248796819418,"LINCS L1000","l1000_results_down","down","LJP001_SKBR3_6H:BRD-K64800655-001-03-3:10","BRD-K64800655",NA,NA,NA,"pha-793887",2.4507e-08,7.61070984922071,FALSE,"Downregula NQO1",16.7413545624293
111,"importazole","MCF7","24 h","60.0 µM",1.00678e-09,5.94755e-09,-1.49819,0.000150511739915713,"LINCS L1000","l1000_results_down","down","CPC006_MCF7_24H:BRD-A02481876-001-09-9:60","BRD-A02481876",NA,NA,NA,"importazole",5.94755e-09,8.22566189823852,FALSE,"Downregula NQO1",12.323604399322
112,"digoxin","MCF7","24 h","10.0 µM",1.15614e-09,2.04812e-08,-2.3478,0.000186846038863976,"LINCS L1000","l1000_results_down","down","CPC020_MCF7_24H:BRD-A75144621-001-02-8:10","BRD-A75144621",NA,NA,NA,"digoxin",2.04812e-08,7.68864460149939,FALSE,"Downregula NQO1",18.0513997954003
113,"cinobufagin","PC3","24 h","10.0 µM",1.16179e-09,2.98051e-08,-2.28131,0.000209030100334448,"LINCS L1000","l1000_results_down","down","CPC002_PC3_24H:BRD-A80502530-001-01-2:10","BRD-A80502530",NA,NA,NA,"cinobufagin",2.98051e-08,7.5257094167174,FALSE,"Downregula NQO1",17.1684761494516
114,"CD-437","A375","24 h","11.1 µM",1.2385e-09,1.06113e-08,-2.19352,0.000154774802662127,"LINCS L1000","l1000_results_down","down","CPC006_A375_24H:BRD-K28907958-001-02-7:11.1","BRD-K28907958",NA,NA,NA,"cd-437",1.06113e-08,7.97423140702785,FALSE,"Downregula NQO1",17.4916360759437
115,"GSK-1059615","MCF7","24 h","10.0 µM",1.34765e-09,1.64888e-07,-2.68132,0.000359324469996407,"LINCS L1000","l1000_results_down","down","CPC020_MCF7_24H:BRD-K06750613-001-01-6:10","BRD-K06750613",NA,NA,NA,"gsk-1059615",1.64888e-07,6.78281094971277,FALSE,"Downregula NQO1",18.1868866556838
116,"piperlongumine","HA1E","6 h","10.0 µM",1.82714e-09,1.02744e-07,-2.07432,0.000226346763241286,"LINCS L1000","l1000_results_down","down","CPC006_HA1E_6H:BRD-K24132293-001-16-0:10","BRD-K24132293",NA,NA,NA,"piperlongumine",1.02744e-07,6.98824353045408,FALSE,"Downregula NQO1",14.4958533200915
117,"BRD-K71726959","MCF7","24 h","122.55 µM",1.87616e-09,8.35568e-07,-1.26211,0.000479616306954437,"LINCS L1000","l1000_results_down","down","CPC006_MCF7_24H:BRD-K71726959-001-06-7:122.55","BRD-K71726959",NA,NA,NA,"brd-k71726959",8.35568e-07,6.07801820068016,FALSE,"Downregula NQO1",7.67112755126044
118,"HG-6-64-01","BT20","24 h","10.0 µM",1.94802e-09,5.56134e-07,-1.18942,0.000529661016949153,"LINCS L1000","l1000_results_down","down","LJP001_BT20_24H:BRD-K98762074-001-01-2:10","BRD-K98762074",NA,NA,NA,"hg-6-64-01",5.56134e-07,6.25482055293424,FALSE,"Downregula NQO1",7.43960866207104
119,"wortmannin","PC3","24 h","10.0 µM",2.03793e-09,6.88629e-08,-2.28257,0.000251193167545843,"LINCS L1000","l1000_results_down","down","CPC011_PC3_24H:BRD-A75409952:10","BRD-A75409952",NA,NA,NA,"wortmannin",6.88629e-08,7.16201469194971,FALSE,"Downregula NQO1",16.3477998754036
120,"BRD-K53932786","A375","6 h","10.0 µM",2.24869e-09,2.24546e-07,-2.51364,0.000321646831778707,"LINCS L1000","l1000_results_down","down","CPC010_A375_6H:BRD-K53932786-001-08-8:10","BRD-K53932786",NA,NA,NA,"brd-k53932786",2.24546e-07,6.64869467693349,FALSE,"Downregula NQO1",16.7124248877271
121,"MD-040","ASC","24 h","10.0 µM",2.63868e-09,7.34476e-07,-3.5939,0.000318877551020408,"LINCS L1000","l1000_results_down","down","CPC013_ASC_24H:BRD-K83336168-001-01-9:10","BRD-K83336168",NA,NA,NA,"md-040",7.34476e-07,6.13402239080342,FALSE,"Downregula NQO1",22.0450630703084
122,"WZ-3105","MDAMB231","24 h","0.4 µM",2.85913e-09,2.0059e-08,-2.00805,0.000145687645687646,"LINCS L1000","l1000_results_down","down","LJP001_MDAMB231_24H:BRD-K92571446-001-01-4:0.4","BRD-K92571446",NA,NA,NA,"wz-3105",2.0059e-08,7.69769072163001,FALSE,"Downregula NQO1",15.4573478535691
123,"alvocidib","MCF7","24 h","10.0 µM",3.20228e-09,3.43158e-08,-3.09758,0.000168719419605196,"LINCS L1000","l1000_results_down","down","CPC013_MCF7_24H:BRD-K87909389-001-02-0:10","BRD-K87909389",NA,NA,NA,"alvocidib",3.43158e-08,7.46450587200176,FALSE,"Downregula NQO1",23.1219040989952
124,"wortmannin","PC3","24 h","10.0 µM",3.42481e-09,6.73707e-08,-1.25809,0.000217864923747277,"LINCS L1000","l1000_results_down","down","ASG001_PC3_24H:BRD-A75409952-001-05-7:10","BRD-A75409952",NA,NA,NA,"wortmannin",6.73707e-08,7.17152894018542,FALSE,"Downregula NQO1",9.02242884435788
125,"salermide","A549","6 h","120.0 µM",3.47091e-09,2.15895e-07,-0.903732,0.000273747604708459,"LINCS L1000","l1000_results_down","down","CPC006_A549_6H:BRD-A67788537-001-01-7:120","BRD-A67788537",NA,NA,NA,"salermide",2.15895e-07,6.66575741555162,FALSE,"Downregula NQO1",6.02405828067129
126,"fludarabine","ASC","24 h","10.0 µM",3.67521e-09,4.41422e-08,-2.83063,0.000168010752688172,"LINCS L1000","l1000_results_down","down","CPC012_ASC_24H:BRD-K72238567-001-12-4:10","BRD-K72238567",NA,NA,NA,"fludarabine",4.41422e-08,7.35514602586284,FALSE,"Downregula NQO1",20.8196969951881
127,"COT-10b","PC3","24 h","44.4 µM",3.8251e-09,4.04836e-08,-2.05447,0.000174216027874564,"LINCS L1000","l1000_results_down","down","CPC006_PC3_24H:BRD-K18190982-002-01-2:44.4","BRD-K18190982",NA,NA,NA,"cot-10b",4.04836e-08,7.39272087485854,FALSE,"Downregula NQO1",15.1881232557706
128,"BRD-K26304855","PC3","24 h","10.0 µM",4.35643e-09,2.73034e-08,-2.04844,0.000151446312282296,"LINCS L1000","l1000_results_down","down","CPC009_PC3_24H:BRD-K26304855-001-01-5:10","BRD-K26304855",NA,NA,NA,"brd-k26304855",2.73034e-08,7.56378326836963,FALSE,"Downregula NQO1",15.4939561982591
129,"ouabain","PC3","24 h","10.0 µM",4.58455e-09,3.08425e-07,-2.94092,0.000279173646007817,"LINCS L1000","l1000_results_down","down","CPC004_PC3_24H:BRD-A46747628-001-01-9:10","BRD-A46747628",NA,NA,NA,"ouabain",3.08425e-07,6.51085042659383,FALSE,"Downregula NQO1",19.1478902365783
130,"QL-XII-47","SKBR3","24 h","10.0 µM",4.67597e-09,5.0326e-08,-2.72317,0.000170328734457503,"LINCS L1000","l1000_results_down","down","LJP001_SKBR3_24H:BRD-K99252563-001-01-1:10","BRD-K99252563",NA,NA,NA,"ql-xii-47",5.0326e-08,7.29820758672908,FALSE,"Downregula NQO1",19.874259953953
131,"pyrvinium-pamoate","PC3","24 h","10.0 µM",4.80592e-09,3.5828e-08,-1.28199,0.000157878118092832,"LINCS L1000","l1000_results_down","down","CPC006_PC3_24H:BRD-M86331534-373-01-5:10","BRD-M86331534",NA,NA,NA,"pyrvinium-pamoate",3.5828e-08,7.44577743445758,FALSE,"Downregula NQO1",9.54541221320027
132,"LY-294002","VCAP","24 h","20.0 µM",5.44942e-09,1.59668e-06,-1.32185,0.000502765208647562,"LINCS L1000","l1000_results_down","down","ERG005_VCAP_24H:BRD-K27305650-001-06-7:20","BRD-K27305650",NA,NA,NA,"ly-294002",1.59668e-06,5.79678211464398,FALSE,"Downregula NQO1",7.66247643824215
133,"MK-2206","MCF7","24 h","10.0 µM",5.49044e-09,1.66116e-07,-1.23431,0.000240153698366955,"LINCS L1000","l1000_results_down","down","CPC006_MCF7_24H:BRD-K68065987-300-03-4:10","BRD-K68065987",NA,NA,NA,"mk-2206",1.66116e-07,6.77958853505579,FALSE,"Downregula NQO1",8.36811392470472
134,"parthenolide","HA1E","6 h","20.0 µM",5.58209e-09,7.02271e-07,-2.19849,0.000407830342577488,"LINCS L1000","l1000_results_down","down","CPC006_HA1E_6H:BRD-K81651477-001-03-5:20","BRD-K81651477",NA,NA,NA,"parthenolide",7.02271e-07,6.15349526523032,FALSE,"Downregula NQO1",13.5283978056562
135,"BAS-00535043","ASC","24 h","10.0 µM",5.59597e-09,2.49222e-06,-2.66879,0.000417536534446764,"LINCS L1000","l1000_results_down","down","CPC012_ASC_24H:BRD-K17119186-001-01-8:10","BRD-K17119186",NA,NA,NA,"bas-00535043",2.49222e-06,5.60341362310083,FALSE,"Downregula NQO1",14.9543342431953
136,"SCH-79797","A549","6 h","11.1 µM",6.52462e-09,1.43284e-07,-0.964383,0.000210881484605652,"LINCS L1000","l1000_results_down","down","CPC006_A549_6H:BRD-K17140735-300-02-4:11.1","BRD-K17140735",NA,NA,NA,"sch-79797",1.43284e-07,6.84380230297087,FALSE,"Downregula NQO1",6.60004659634595
137,"doxorubicin","ASC","24 h","10.0 µM",7.14435e-09,3.47359e-07,-4.21316,0.000230361667818475,"LINCS L1000","l1000_results_down","down","CPC015_ASC_24H:BRD-K92093830-003-05-0:10","BRD-K92093830",NA,NA,NA,"doxorubicin",3.47359e-07,6.45922144416345,FALSE,"Downregula NQO1",27.2137334196917
138,"BRD-K79222491","PC3","24 h","10.0 µM",7.47884e-09,3.50977e-08,-1.98276,0.000142409569923099,"LINCS L1000","l1000_results_down","down","CPC009_PC3_24H:BRD-K79222491-001-01-5:10","BRD-K79222491",NA,NA,NA,"brd-k79222491",3.50977e-08,7.45472134250958,FALSE,"Downregula NQO1",14.7809232890743
139,"MLN-2238","MCF7","24 h","10.0 µM",7.52927e-09,5.17954e-08,-1.44413,0.000171673819742489,"LINCS L1000","l1000_results_down","down","CPC006_MCF7_24H:BRD-K78659596-001-01-3:10","BRD-K78659596",NA,NA,NA,"mln-2238",5.17954e-08,7.28570880865873,FALSE,"Downregula NQO1",10.5215106618483
140,"SCH-79797","MCF7","24 h","11.1 µM",7.62894e-09,7.5202e-08,-2.00808,0.000164041994750656,"LINCS L1000","l1000_results_down","down","CPC006_MCF7_24H:BRD-K17140735-300-02-4:11.1","BRD-K17140735",NA,NA,NA,"sch-79797",7.5202e-08,7.12377060917679,FALSE,"Downregula NQO1",14.3051012848757
141,"narciclasine","A375","6 h","10.0 µM",8.44598e-09,1.68375e-07,-2.87863,0.000210260723296888,"LINCS L1000","l1000_results_down","down","CPC006_A375_6H:BRD-K06792661-001-01-9:10","BRD-K06792661",NA,NA,NA,"narciclasine",1.68375e-07,6.77372239126896,FALSE,"Downregula NQO1",19.4990404871786
142,"MLN-8054","MCF7","24 h","2.5 µM",8.8029e-09,4.55868e-06,-3.91698,0.000191277735271614,"LINCS L1000","l1000_results_down","down","PRISM001_MCF7_24H:BRD-K83963101-001-01-0:2.5","BRD-K83963101",NA,NA,NA,"mln-8054",4.55868e-06,5.34116089235864,FALSE,"Downregula NQO1",20.921220392151
143,"BRD-K42644990","MCF7","24 h","10.0 µM",8.95396e-09,5.30143e-08,-2.36528,0.000156568028808517,"LINCS L1000","l1000_results_down","down","CPC013_MCF7_24H:BRD-K42644990-003-01-6:10","BRD-K42644990",NA,NA,NA,"brd-k42644990",5.30143e-08,7.27560696863653,FALSE,"Downregula NQO1",17.2088476507766
144,"LY-2183240","A375","24 h","10.0 µM",8.99148e-09,5.64006e-07,-1.50254,0.000309501702259362,"LINCS L1000","l1000_results_down","down","CPC006_A375_24H:BRD-K37865504-001-02-5:10","BRD-K37865504",NA,NA,NA,"ly-2183240",5.64006e-07,6.24871627588717,FALSE,"Downregula NQO1",9.38894615317151
145,"alvocidib","BT20","6 h","2.0 µM",9.38847e-09,1.78533e-07,-1.16288,0.000205296653664545,"LINCS L1000","l1000_results_down","down","LJP001_BT20_6H:BRD-K87909389-001-04-6:2","BRD-K87909389",NA,NA,NA,"alvocidib",1.78533e-07,6.74828149723646,FALSE,"Downregula NQO1",7.84744158750634
146,"trichostatin-a","MCF7","24 h","10.0 µM",1.16714e-08,5.07414e-08,-1.13276,0.000129550459904133,"LINCS L1000","l1000_results_down","down","CPC006_MCF7_24H:BRD-A19037878:10","BRD-A19037878",NA,NA,NA,"trichostatin-a",5.07414e-08,7.294637554381,FALSE,"Downregula NQO1",8.26307363610063
147,"PP-110","HA1E","6 h","22.2 µM",1.20574e-08,1.11709e-06,-1.75777,0.00042247570764681,"LINCS L1000","l1000_results_down","down","CPC006_HA1E_6H:BRD-K03618428-001-01-3:22.2","BRD-K03618428",NA,NA,NA,"pp-110",1.11709e-06,5.95191183590069,FALSE,"Downregula NQO1",10.4620920677912
148,"auranofin","HA1E","6 h","10.0 µM",1.21254e-08,1.89746e-07,-2.08371,0.000191828122002686,"LINCS L1000","l1000_results_down","down","CPC006_HA1E_6H:BRD-A79465854-001-01-3:10","BRD-A79465854",NA,NA,NA,"auranofin",1.89746e-07,6.72182737061687,FALSE,"Downregula NQO1",14.0063389104281
149,"MG-132","ASC","24 h","10.0 µM",1.33341e-08,2.5163e-07,-3.37769,0.000197005516154452,"LINCS L1000","l1000_results_down","down","CPC017_ASC_24H:BRD-K60230970-001-04-3:10","BRD-K60230970",NA,NA,NA,"mg-132",2.5163e-07,6.59923758239306,FALSE,"Downregula NQO1",22.2901787896732
150,"oxibendazole","MCF7","24 h","10.0 µM",1.36366e-08,1.1373e-06,-1.69171,0.000339443312966734,"LINCS L1000","l1000_results_down","down","CPC015_MCF7_24H:BRD-K52075715-001-03-4:10","BRD-K52075715",NA,NA,NA,"oxibendazole",1.1373e-06,5.9441249608539,FALSE,"Downregula NQO1",10.0557356375262
151,"mitoxantrone","PC3","24 h","10.0 µM",1.39057e-08,9.55126e-08,-2.83981,0.000151630022744503,"LINCS L1000","l1000_results_down","down","CPC020_PC3_24H:BRD-K21680192-003-15-1:10","BRD-K21680192",NA,NA,NA,"mitoxantrone",9.55126e-08,7.0199393326098,FALSE,"Downregula NQO1",19.9352939161386
152,"narciclasine","HA1E","6 h","10.0 µM",1.55296e-08,1.76208e-07,-1.77927,0.000172117039586919,"LINCS L1000","l1000_results_down","down","CPC006_HA1E_6H:BRD-K06792661-001-01-9:10","BRD-K06792661",NA,NA,NA,"narciclasine",1.76208e-07,6.75397437812043,FALSE,"Downregula NQO1",12.0171439917583
153,"flutamide","MCF7","24 h","28.96 µM",1.66512e-08,8.95627e-07,-1.32395,0.000240211386019697,"LINCS L1000","l1000_results_down","down","CPC006_MCF7_24H:BRD-K28307902-001-10-0:28.96","BRD-K28307902",NA,NA,NA,"flutamide",8.95627e-07,6.04787282244645,FALSE,"Downregula NQO1",8.00708122327797
154,"ZSTK-474","MCF7","24 h","10.0 µM",1.68263e-08,1.06144e-06,-2.55357,0.000334112930170398,"LINCS L1000","l1000_results_down","down","CPC013_MCF7_24H:BRD-K63068307-001-01-4:10","BRD-K63068307",NA,NA,NA,"zstk-474",1.06144e-06,5.97410455016061,FALSE,"Downregula NQO1",15.2552941561536
155,"A-443644","BT20","6 h","10.0 µM",1.80833e-08,3.90192e-07,-1.54536,0.000225479143179256,"LINCS L1000","l1000_results_down","down","LJP001_BT20_6H:BRD-K38615104-001-08-4:10","BRD-K38615104",NA,NA,NA,"a-443644",3.90192e-07,6.40872163907136,FALSE,"Downregula NQO1",9.90378207215532
156,"ZG-10","MCF7","6 h","10.0 µM",1.9034e-08,2.66404e-07,-1.81766,0.000204876049989756,"LINCS L1000","l1000_results_down","down","CPC014_MCF7_6H:BRD-U51951544-000-01-8:10","BRD-U51951544",NA,NA,NA,"zg-10",2.66404e-07,6.57445925861253,FALSE,"Downregula NQO1",11.9501316160096
157,"wortmannin","MCF7","24 h","10.0 µM",1.96724e-08,2.48901e-06,-2.55724,0.000417362270450751,"LINCS L1000","l1000_results_down","down","CPC007_MCF7_24H:BRD-A75409952:10","BRD-A75409952",NA,NA,NA,"wortmannin",2.48901e-06,5.60397335853962,FALSE,"Downregula NQO1",14.3307048313919
158,"5-iodotubercidin","MCF7","6 h","10.0 µM",2.08526e-08,2.94823e-07,-2.50409,0.00020614306328592,"LINCS L1000","l1000_results_down","down","CPC014_MCF7_6H:BRD-A18497530-001-05-3:10","BRD-A18497530",NA,NA,NA,"5-iodotubercidin",2.94823e-07,6.53043863891527,FALSE,"Downregula NQO1",16.3528060913213
159,"digitoxin","PC3","24 h","10.0 µM",2.12077e-08,8.60204e-07,-3.05197,0.000246730816679003,"LINCS L1000","l1000_results_down","down","CPC004_PC3_24H:BRD-A93236127-001-03-7:10","BRD-A93236127",NA,NA,NA,"digitoxin",8.60204e-07,6.06539854228194,FALSE,"Downregula NQO1",18.5114143890882
160,"apicidin","MCF7","24 h","2.5 µM",2.13182e-08,9.70783e-08,-0.834585,0.000144738746562455,"LINCS L1000","l1000_results_down","down","HDAC001_MCF7_24H:BRD-K64606589-001-02-7:2.5","BRD-K64606589",NA,NA,NA,"apicidin",9.70783e-08,7.01287783748105,FALSE,"Downregula NQO1",5.85284264999413
161,"daunorubicin","PC3","24 h","10.0 µM",2.15177e-08,3.13173e-07,-4.00394,0.000191681042744872,"LINCS L1000","l1000_results_down","down","CPC004_PC3_24H:BRD-K43389675-001-01-3:10","BRD-K43389675",NA,NA,NA,"daunorubicin",3.13173e-07,6.50421568740742,FALSE,"Downregula NQO1",26.0424893594381
162,"aminopurvalanol-a","MCF7","24 h","10.0 µM",2.21653e-08,1.36007e-06,-2.30318,0.000340599455040872,"LINCS L1000","l1000_results_down","down","CPC016_MCF7_24H:BRD-K07762753-001-02-8:10","BRD-K07762753",NA,NA,NA,"aminopurvalanol-a",1.36007e-06,5.86643873881258,FALSE,"Downregula NQO1",13.5114643744584
163,"BRD-A43155244","PC3","24 h","10.0 µM",2.21726e-08,1.39082e-06,-2.61541,0.000270562770562771,"LINCS L1000","l1000_results_down","down","CPC012_PC3_24H:BRD-A43155244-001-01-2:10","BRD-A43155244",NA,NA,NA,"brd-a43155244",1.39082e-06,5.8567290727866,FALSE,"Downregula NQO1",15.3177477842568
164,"MLN-4924","A375","24 h","11.1 µM",2.39288e-08,1.50436e-07,-1.40227,0.00016239038648912,"LINCS L1000","l1000_results_down","down","CPC006_A375_24H:BRD-K67844266-001-01-3:11.1","BRD-K67844266",NA,NA,NA,"mln-4924",1.50436e-07,6.82264822271722,FALSE,"Downregula NQO1",9.56719492326967
165,"niclosamide","PC3","24 h","10.0 µM",2.42363e-08,2.25719e-07,-1.56507,0.000181093806591815,"LINCS L1000","l1000_results_down","down","CPC006_PC3_24H:BRD-K35960502-001-10-1:10","BRD-K35960502",NA,NA,NA,"niclosamide",2.25719e-07,6.64643188244703,FALSE,"Downregula NQO1",10.4021311462614
166,"VAMA-37","MCF7","6 h","10.0 µM",2.75225e-08,1.39289e-05,-1.30949,0.000595592614651578,"LINCS L1000","l1000_results_down","down","CPC005_MCF7_6H:BRD-K51018020-001-01-9:10","BRD-K51018020",NA,NA,NA,"vama-37",1.39289e-05,4.85608317954109,FALSE,"Downregula NQO1",6.35899236277726
167,"BIBR-1532","A549","6 h","80.0 µM",2.8733e-08,7.99784e-06,-0.998982,0.000574712643678161,"LINCS L1000","l1000_results_down","down","CPC006_A549_6H:BRD-K04623885-001-03-4:80","BRD-K04623885",NA,NA,NA,"bibr-1532",7.99784e-06,5.09702728835105,FALSE,"Downregula NQO1",5.09183851457151
168,"BRD-K52904470","MCF7","24 h","10.0 µM",2.95105e-08,3.35873e-06,-1.22532,0.0002963841138115,"LINCS L1000","l1000_results_down","down","CPC006_MCF7_24H:BRD-K52904470-001-02-2:10","BRD-K52904470",NA,NA,NA,"brd-k52904470",3.35873e-06,5.47382490661475,FALSE,"Downregula NQO1",6.70718713457318
169,"WZ-3105","MCF7","6 h","10.0 µM",2.97124e-08,2.73743e-07,-1.6307,0.0001900779319521,"LINCS L1000","l1000_results_down","down","CPC014_MCF7_6H:BRD-U00779237-000-01-7:10","BRD-U00779237",NA,NA,NA,"wz-3105",2.73743e-07,6.56265697754084,FALSE,"Downregula NQO1",10.7017247332758
170,"VU-0418946-1","PC3","24 h","10.0 µM",3.06191e-08,3.58479e-07,-1.89312,0.000180831826401447,"LINCS L1000","l1000_results_down","down","CPC012_PC3_24H:BRD-K44432556-001-01-4:10","BRD-K44432556",NA,NA,NA,"vu-0418946-1",3.58479e-07,6.44553628058544,FALSE,"Downregula NQO1",12.2021736435019
171,"phloretin","VCAP","6 h","177.6 µM",3.48267e-08,2.98277e-06,-2.09432,0.000412541254125412,"LINCS L1000","l1000_results_down","down","CPC006_VCAP_6H:BRD-K15563106-001-08-1:177.6","BRD-K15563106",NA,NA,NA,"phloretin",2.98277e-06,5.5253802335913,FALSE,"Downregula NQO1",11.5719143308149
172,"tacedinaline","PC3","24 h","10.0 µM",3.54694e-08,2.08785e-07,-1.58732,0.000127926314442881,"LINCS L1000","l1000_results_down","down","HDAC001_PC3_24H:BRD-K52313696-001-08-1:10","BRD-K52313696",NA,NA,NA,"tacedinaline",2.08785e-07,6.68030070610672,FALSE,"Downregula NQO1",10.6037749168173
173,"YC-1","MCF7","24 h","10.0 µM",3.5994e-08,2.64265e-07,-1.80821,0.000165590329524756,"LINCS L1000","l1000_results_down","down","CPC017_MCF7_24H:BRD-K60476892-001-02-1:10","BRD-K60476892",NA,NA,NA,"yc-1",2.64265e-07,6.57796035224252,FALSE,"Downregula NQO1",11.8943336885284
174,"alvocidib","MCF7","6 h","10.0 µM",3.76057e-08,3.21081e-07,-2.14003,0.000181028240405503,"LINCS L1000","l1000_results_down","down","CPC013_MCF7_6H:BRD-K87909389-001-02-0:10","BRD-K87909389",NA,NA,NA,"alvocidib",3.21081e-07,6.49338539309216,FALSE,"Downregula NQO1",13.896039542779
175,"torin-1","MCF7","6 h","10.0 µM",3.78163e-08,1.58586e-06,-2.0129,0.000257400257400257,"LINCS L1000","l1000_results_down","down","CPC014_MCF7_6H:BRD-K40175214-001-01-7:10","BRD-K40175214",NA,NA,NA,"torin-1",1.58586e-06,5.79973515491952,FALSE,"Downregula NQO1",11.6742868933375
176,"COT-10b","VCAP","6 h","44.4 µM",3.98825e-08,8.66443e-07,-2.02086,0.000225275963054742,"LINCS L1000","l1000_results_down","down","CPC006_VCAP_6H:BRD-K18190982-002-01-2:44.4","BRD-K18190982",NA,NA,NA,"cot-10b",8.66443e-07,6.06226000259774,FALSE,"Downregula NQO1",12.2509787488497
177,"pyrvinium-pamoate","HT29","24 h","10.0 µM",4.01366e-08,4.79616e-07,-1.88112,0.000183958793230316,"LINCS L1000","l1000_results_down","down","CPC006_HT29_24H:BRD-M86331534-373-01-5:10","BRD-M86331534",NA,NA,NA,"pyrvinium-pamoate",4.79616e-07,6.31910633725833,FALSE,"Downregula NQO1",11.8869973131434
178,"BRD-K84203638","MCF7","6 h","10.0 µM",4.08459e-08,8.2687e-06,-1.09515,0.000549148819330038,"LINCS L1000","l1000_results_down","down","CPC007_MCF7_6H:BRD-K84203638-001-05-3:10","BRD-K84203638",NA,NA,NA,"brd-k84203638",8.2687e-06,5.08256276459568,FALSE,"Downregula NQO1",5.56616861164696
179,"BRD-K04695623","MCF7","24 h","10.0 µM",4.34956e-08,1.91415e-06,-1.22867,0.000251889168765743,"LINCS L1000","l1000_results_down","down","CPC019_MCF7_24H:BRD-K04695623-001-01-3:10","BRD-K04695623",NA,NA,NA,"brd-k04695623",1.91415e-06,5.71802403227509,FALSE,"Downregula NQO1",7.02556458773543
180,"alvocidib","HT29","6 h","10.0 µM",4.36122e-08,7.78794e-07,-2.13994,0.000222568439795237,"LINCS L1000","l1000_results_down","down","CPC012_HT29_6H:BRD-K87909389-003-01-8:10","BRD-K87909389",NA,NA,NA,"alvocidib",7.78794e-07,6.10857740303918,FALSE,"Downregula NQO1",13.0719891278597
181,"BRD-K53423944","PC3","24 h","10.0 µM",4.37999e-08,2.88561e-07,-2.42339,0.000159897665494084,"LINCS L1000","l1000_results_down","down","CPC010_PC3_24H:BRD-K53423944-001-06-1:10","BRD-K53423944",NA,NA,NA,"brd-k53423944",2.88561e-07,6.53976236565182,FALSE,"Downregula NQO1",15.848394719297
182,"A-443644","MCF7","6 h","10.0 µM",4.5014e-08,4.70818e-07,-0.991209,0.000195083886071011,"LINCS L1000","l1000_results_down","down","CPC014_MCF7_6H:BRD-K38615104-001-06-8:10","BRD-K38615104",NA,NA,NA,"a-443644",4.70818e-07,6.32714694185401,FALSE,"Downregula NQO1",6.27152499308817
183,"BRD-K55896799","HT29","6 h","0.16 µM",4.78966e-08,6.27389e-05,-0.749398,0.000664451827242525,"LINCS L1000","l1000_results_down","down","PCLB001_HT29_6H:BRD-K55896799-001-02-1:0.16","BRD-K55896799",NA,NA,NA,"brd-k55896799",6.27389e-05,4.20246310004883,FALSE,"Downregula NQO1",3.14931744225039
184,"pyrvinium-pamoate","HA1E","24 h","10.0 µM",4.88895e-08,4.32871e-07,-1.54778,0.000172413793103448,"LINCS L1000","l1000_results_down","down","CPC006_HA1E_24H:BRD-M86331534-373-01-5:10","BRD-M86331534",NA,NA,NA,"pyrvinium-pamoate",4.32871e-07,6.36364150857781,FALSE,"Downregula NQO1",9.84951705414656
185,"ispinesib","MCF7","24 h","10.0 µM",5.02687e-08,1.30109e-06,-1.67392,0.000259067357512953,"LINCS L1000","l1000_results_down","down","CPC013_MCF7_24H:BRD-K64881305-001-01-1:10","BRD-K64881305",NA,NA,NA,"ispinesib",1.30109e-06,5.88569266104681,FALSE,"Downregula NQO1",9.85217865917947
186,"dorsomorphin","A375","24 h","10.0 µM",5.05799e-08,1.65149e-06,-1.51159,0.000292997363023733,"LINCS L1000","l1000_results_down","down","CPC006_A375_24H:BRD-K54233340-300-01-0:10","BRD-K54233340",NA,NA,NA,"dorsomorphin",1.65149e-06,5.78212405167766,FALSE,"Downregula NQO1",8.74020089527544
187,"sirolimus","PC3","24 h","10.0 µM",5.06074e-08,1.24111e-06,-3.63075,0.000240211386019697,"LINCS L1000","l1000_results_down","down","CPC014_PC3_24H:BRD-K84937637-001-03-2:10","BRD-K84937637",NA,NA,NA,"sirolimus",1.24111e-06,5.90618972512826,FALSE,"Downregula NQO1",21.4438983445094
188,"tozasertib","MCF7","24 h","10.0 µM",5.39376e-08,5.85893e-06,-1.76843,0.000399361022364217,"LINCS L1000","l1000_results_down","down","CPC013_MCF7_24H:BRD-K59369769-001-05-4:10","BRD-K59369769",NA,NA,NA,"tozasertib",5.85893e-06,5.23218169072697,FALSE,"Downregula NQO1",9.25274706733229
189,"AZD-8055","SKBR3","6 h","10.0 µM",5.50403e-08,7.4734e-07,-2.32481,0.000209599664640537,"LINCS L1000","l1000_results_down","down","LJP001_SKBR3_6H:BRD-K69932463-001-05-6:10","BRD-K69932463",NA,NA,NA,"azd-8055",7.4734e-07,6.12648177230777,FALSE,"Downregula NQO1",14.2429060890788
190,"pirarubicin","PC3","24 h","10.0 µM",5.63124e-08,7.8275e-07,-3.0476,0.000179147259046937,"LINCS L1000","l1000_results_down","down","CPC014_PC3_24H:BRD-K83794624-001-01-7:10","BRD-K83794624",NA,NA,NA,"pirarubicin",7.8275e-07,6.10637692371105,FALSE,"Downregula NQO1",18.6097943127018
191,"NSC-23766","HT29","24 h","160.0 µM",5.69775e-08,1.46004e-06,-1.86939,0.000232342007434944,"LINCS L1000","l1000_results_down","down","CPC006_HT29_24H:BRD-A80213327-305-03-4:160","BRD-A80213327",NA,NA,NA,"nsc-23766",1.46004e-06,5.8356352458996,FALSE,"Downregula NQO1",10.9090781723322
192,"arachidonyl-trifluoro-methane","A375","24 h","80.0 µM",5.75446e-08,2.91626e-07,-1.95909,0.000144675925925926,"LINCS L1000","l1000_results_down","down","CPC006_A375_24H:BRD-K07303502-001-02-5:80","BRD-K07303502",NA,NA,NA,"arachidonyl-trifluoro-methane",2.91626e-07,6.53517375897835,FALSE,"Downregula NQO1",12.8029935594769
193,"WYE-125132","MCF7","6 h","0.4 µM",5.79765e-08,2.37349e-05,-2.3909,0.000720980533525595,"LINCS L1000","l1000_results_down","down","LJP001_MCF7_6H:BRD-A45498368-001-03-0:0.4","BRD-A45498368",NA,NA,NA,"wye-125132",2.37349e-05,4.62461259371346,FALSE,"Downregula NQO1",11.0569862503095
194,"BRD-K68548958","A549","6 h","20.0 µM",5.83453e-08,1.31236e-05,-0.911046,0.000547345374931582,"LINCS L1000","l1000_results_down","down","CPC006_A549_6H:BRD-K68548958-001-01-2:20","BRD-K68548958",NA,NA,NA,"brd-k68548958",1.31236e-05,4.88194701513757,FALSE,"Downregula NQO1",4.44767830035302
195,"KIN001-242","BT20","6 h","10.0 µM",6.3239e-08,3.91168e-05,-1.24362,0.000653167864141084,"LINCS L1000","l1000_results_down","down","LJP001_BT20_6H:BRD-K24859147-379-02-6:10","BRD-K24859147",NA,NA,NA,"kin001-242",3.91168e-05,4.40763668044848,FALSE,"Downregula NQO1",5.48142512853934
196,"vincristine","PC3","24 h","10.0 µM",6.38676e-08,1.59798e-05,-2.5087,0.000777604976671851,"LINCS L1000","l1000_results_down","down","CPC003_PC3_24H:BRD-A60414806-065-01-6:10","BRD-A60414806",NA,NA,NA,"vincristine",1.59798e-05,4.79642866053141,FALSE,"Downregula NQO1",12.0328005806751
197,"digoxin","PC3","24 h","10.0 µM",6.5632e-08,4.5477e-06,-2.34024,0.000380083618396047,"LINCS L1000","l1000_results_down","down","CPC020_PC3_24H:BRD-A75144621-001-02-8:10","BRD-A75144621",NA,NA,NA,"digoxin",4.5477e-06,5.34220819232244,FALSE,"Downregula NQO1",12.5020493000007
198,"apicidin","PC3","24 h","0.15625 µM",6.94775e-08,4.24508e-07,-1.54152,0.000149142431021626,"LINCS L1000","l1000_results_down","down","HDAC001_PC3_24H:BRD-K64606589-001-02-7:0.15625","BRD-K64606589",NA,NA,NA,"apicidin",4.24508e-07,6.37211412091327,FALSE,"Downregula NQO1",9.82274135967023
199,"pyrvinium-pamoate","MCF7","24 h","10.0 µM",7.1281e-08,5.69941e-07,-1.41845,0.000175346308960196,"LINCS L1000","l1000_results_down","down","CPC006_MCF7_24H:BRD-M86331534-373-01-5:10","BRD-M86331534",NA,NA,NA,"pyrvinium-pamoate",5.69941e-07,6.24417009994268,FALSE,"Downregula NQO1",8.85704307826369
200,"MD-041","PC3","24 h","10.0 µM",7.36274e-08,5.18425e-06,-1.89424,0.000285062713797035,"LINCS L1000","l1000_results_down","down","CPC012_PC3_24H:BRD-K56653679-001-01-2:10","BRD-K56653679",NA,NA,NA,"md-041",5.18425e-06,5.28531406365703,FALSE,"Downregula NQO1",10.0116533119417
201,"BRD-K08448573","MCF7","24 h","10.0 µM",7.7596e-08,1.64094e-06,-0.987771,0.000213265088505012,"LINCS L1000","l1000_results_down","down","CPC019_MCF7_24H:BRD-K08448573-001-01-3:10","BRD-K08448573",NA,NA,NA,"brd-k08448573",1.64094e-06,5.78490729837732,FALSE,"Downregula NQO1",5.71416366702546
202,"COT-10b","A375","6 h","44.4 µM",7.81919e-08,3.91276e-06,-2.60525,0.000298329355608592,"LINCS L1000","l1000_results_down","down","CPC006_A375_6H:BRD-K18190982-002-01-2:44.4","BRD-K18190982",NA,NA,NA,"cot-10b",3.91276e-06,5.40751678994042,FALSE,"Downregula NQO1",14.0879331169923
203,"daunorubicin","ASC","24 h","10.0 µM",7.87114e-08,1.85869e-06,-3.05082,0.000220604456210015,"LINCS L1000","l1000_results_down","down","CPC013_ASC_24H:BRD-K17210248-003-01-7:10","BRD-K17210248",NA,NA,NA,"daunorubicin",1.85869e-06,5.73079303761699,FALSE,"Downregula NQO1",17.4836180150227
204,"PP-110","HT29","24 h","22.2 µM",7.91048e-08,4.3494e-07,-1.83858,0.000160875160875161,"LINCS L1000","l1000_results_down","down","CPC006_HT29_24H:BRD-K03618428-001-01-3:22.2","BRD-K03618428",NA,NA,NA,"pp-110",4.3494e-07,6.36157064986412,FALSE,"Downregula NQO1",11.6962565654272
205,"alvocidib","BT20","6 h","10.0 µM",8.36093e-08,1.09906e-06,-1.07121,0.000205423171733772,"LINCS L1000","l1000_results_down","down","LJP001_BT20_6H:BRD-K87909389-001-04-6:10","BRD-K87909389",NA,NA,NA,"alvocidib",1.09906e-06,5.95897859787894,FALSE,"Downregula NQO1",6.3833174638339
206,"SA-25547","A375","6 h","10.0 µM",8.67385e-08,7.10886e-06,-1.95207,0.000373831775700935,"LINCS L1000","l1000_results_down","down","CPC019_A375_6H:BRD-K96076993-001-01-7:10","BRD-K96076993",NA,NA,NA,"sa-25547",7.10886e-06,5.14820003856768,FALSE,"Downregula NQO1",10.0496468492868
207,"geldanamycin","PC3","24 h","10.0 µM",8.83755e-08,1.43646e-06,-1.07291,0.000214546234713581,"LINCS L1000","l1000_results_down","down","ASG001_PC3_24H:BRD-A19500257-001-04-7:10","BRD-A19500257",NA,NA,NA,"geldanamycin",1.43646e-06,5.84270646296904,FALSE,"Downregula NQO1",6.26869819118411
208,"daunorubicin","ASC","24 h","10.0 µM",8.86917e-08,7.89995e-07,-3.76738,0.000174520069808028,"LINCS L1000","l1000_results_down","down","CPC015_ASC_24H:BRD-A68009927-003-02-9:10","BRD-A68009927",NA,NA,NA,"daunorubicin",7.89995e-07,6.10237565741751,FALSE,"Downregula NQO1",22.9899680042416
209,"BRD-K74840245","MCF7","24 h","10.0 µM",9.67094e-08,9.70056e-06,-1.02944,0.000321440051430408,"LINCS L1000","l1000_results_down","down","CPC019_MCF7_24H:BRD-K74840245-001-05-9:10","BRD-K74840245",NA,NA,NA,"brd-k74840245",9.70056e-06,5.01320319378635,FALSE,"Downregula NQO1",5.16079189581142
210,"BRD-K80786583","MCF7","24 h","10.0 µM",9.7031e-08,1.5511e-06,-1.72471,0.000231857175979597,"LINCS L1000","l1000_results_down","down","CPC013_MCF7_24H:BRD-K80786583-001-01-5:10","BRD-K80786583",NA,NA,NA,"brd-k80786583",1.5511e-06,5.80936020215532,FALSE,"Downregula NQO1",10.0194616342593
211,"BRD-K77681376","HT29","6 h","10.0 µM",9.72244e-08,2.36353e-06,-2.52082,0.000242718446601942,"LINCS L1000","l1000_results_down","down","CPC008_HT29_6H:BRD-K77681376-001-01-4:10","BRD-K77681376",NA,NA,NA,"brd-k77681376",2.36353e-06,5.62643888087883,FALSE,"Downregula NQO1",14.183239659697
212,"tanespimycin","PC3","24 h","10.0 µM",9.97793e-08,9.94133e-07,-1.28901,0.000168747890651367,"LINCS L1000","l1000_results_down","down","ASG001_PC3_24H:BRD-A61304759-001-01-0:10","BRD-A61304759",NA,NA,NA,"tanespimycin",9.94133e-07,6.00255550966493,FALSE,"Downregula NQO1",7.73735407751319
213,"AZ-628","BT20","6 h","2.0 µM",1.08702e-07,8.88054e-06,-0.706548,0.000233372228704784,"LINCS L1000","l1000_results_down","down","LJP001_BT20_6H:BRD-K05804044-001-02-9:2","BRD-K05804044",NA,NA,NA,"az-628",8.88054e-06,5.05156062522479,FALSE,"Downregula NQO1",3.56917005663133
214,"BO2-inhibits-RAD51","A549","6 h","40.0 µM",1.09766e-07,6.26737e-05,-0.777328,0.00294117647058823,"LINCS L1000","l1000_results_down","down","CPC006_A549_6H:BRD-K10882151-001-06-8:40","BRD-K10882151",NA,NA,NA,"bo2-inhibits-rad51",6.26737e-05,4.20291466556571,FALSE,"Downregula NQO1",3.26704325115486
215,"geldanamycin","PC3","24 h","2.0 µM",1.1154e-07,1.56606e-06,-1.1865,0.00020571898786258,"LINCS L1000","l1000_results_down","down","ASG001_PC3_24H:BRD-A19500257-001-04-7:2","BRD-A19500257",NA,NA,NA,"geldanamycin",1.56606e-06,5.80519160296151,FALSE,"Downregula NQO1",6.88785983691383
216,"BRD-K92317137","HT29","24 h","10.0 µM",1.16421e-07,8.42532e-07,-1.97381,0.000157903047528817,"LINCS L1000","l1000_results_down","down","CPC006_HT29_24H:BRD-K92317137-001-04-0:10","BRD-K92317137",NA,NA,NA,"brd-k92317137",8.42532e-07,6.07441359531182,FALSE,"Downregula NQO1",11.9897382985624
217,"bisbenzimide","PC3","24 h","10.0 µM",1.16986e-07,1.76974e-06,-2.33382,0.000215100021510002,"LINCS L1000","l1000_results_down","down","CPC003_PC3_24H:BRD-K08554278-001-02-4:10","BRD-K08554278",NA,NA,NA,"bisbenzimide",1.76974e-06,5.75209053299379,FALSE,"Downregula NQO1",13.4243439277116
218,"BRD-K30381304","A375","6 h","10.0 µM",1.19429e-07,7.16832e-06,-1.49311,0.000326477309826967,"LINCS L1000","l1000_results_down","down","CPC012_A375_6H:BRD-K30381304-001-06-3:10","BRD-K30381304",NA,NA,NA,"brd-k30381304",7.16832e-06,5.14458261563218,FALSE,"Downregula NQO1",7.68142774922656
219,"dabrafenib","A375","6 h","0.625 µM",1.21446e-07,5.06458e-06,-1.8407,0.000275406224180667,"LINCS L1000","l1000_results_down","down","BRAF001_A375_6H:BRD-K09951645-001-02-7:0.625","BRD-K09951645",NA,NA,NA,"dabrafenib",5.06458e-06,5.29545656436993,FALSE,"Downregula NQO1",9.74734689803573
220,"BRD-K97534490","PC3","24 h","10.0 µM",1.29887e-07,3.01285e-05,-1.80758,0.000529380624669137,"LINCS L1000","l1000_results_down","down","CPC009_PC3_24H:BRD-K97534490-001-06-1:10","BRD-K97534490",NA,NA,NA,"brd-k97534490",3.01285e-05,4.52102248989781,FALSE,"Downregula NQO1",8.17210983228948
221,"SB-225002","HA1E","24 h","11.1 µM",1.35268e-07,3.2599e-06,-1.51151,0.000243664717348928,"LINCS L1000","l1000_results_down","down","CPC006_HA1E_24H:BRD-K61323504-001-03-2:11.1","BRD-K61323504",NA,NA,NA,"sb-225002",3.2599e-06,5.48679572205301,FALSE,"Downregula NQO1",8.29334660184035
222,"SU-11652","PC3","6 h","10.0 µM",1.36751e-07,1.42735e-06,-1.57873,0.000179533213644524,"LINCS L1000","l1000_results_down","down","CPC006_PC3_6H:BRD-K60623809-001-02-0:10","BRD-K60623809",NA,NA,NA,"su-11652",1.42735e-06,5.84546952062689,FALSE,"Downregula NQO1",9.22841809629928
223,"ABT-751","HA1E","24 h","10.0 µM",1.42931e-07,4.35999e-06,-1.48515,0.000282885431400283,"LINCS L1000","l1000_results_down","down","CPC006_HA1E_24H:BRD-K91623615-001-01-9:10","BRD-K91623615",NA,NA,NA,"abt-751",4.35999e-06,5.36051450682082,FALSE,"Downregula NQO1",7.96116811980494
224,"SA-247384","MCF7","24 h","10.0 µM",1.46476e-07,2.19203e-06,-1.10042,0.000196927924379677,"LINCS L1000","l1000_results_down","down","CPC019_MCF7_24H:BRD-K20000640-001-01-5:10","BRD-K20000640",NA,NA,NA,"sa-247384",2.19203e-06,5.659153506417,FALSE,"Downregula NQO1",6.2274457015314
225,"BRD-A68065211","A375","6 h","10.0 µM",1.46608e-07,1.39695e-06,-1.75235,0.000193050193050193,"LINCS L1000","l1000_results_down","down","CPC010_A375_6H:BRD-A68065211-001-08-7:10","BRD-A68065211",NA,NA,NA,"brd-a68065211",1.39695e-06,5.8548191379894,FALSE,"Downregula NQO1",10.2596923164557
226,"BRD-K70714754","MCF7","24 h","10.0 µM",1.46754e-07,1.2473e-05,-1.10069,0.000381679389312977,"LINCS L1000","l1000_results_down","down","CPC019_MCF7_24H:BRD-K70714754-001-01-2:10","BRD-K70714754",NA,NA,NA,"brd-k70714754",1.2473e-05,4.90402907765629,FALSE,"Downregula NQO1",5.3978157654855
227,"mepacrine","MCF7","6 h","10.0 µM",1.47909e-07,4.87225e-06,-1.25997,0.000273897562311695,"LINCS L1000","l1000_results_down","down","CPC006_MCF7_6H:BRD-A45889380-300-04-8:10","BRD-A45889380",NA,NA,NA,"mepacrine",4.87225e-06,5.31227043572105,FALSE,"Downregula NQO1",6.69330138089545
228,"AZD-1152HQPA","MCF7","24 h","10.0 µM",1.50263e-07,1.22119e-05,-3.22896,0.000188182160331201,"LINCS L1000","l1000_results_down","down","PRISM001_MCF7_24H:CMAP-AZD-1152HQPA:10","CMAP-AZD-1152HQPA",NA,NA,NA,"azd-1152hqpa",1.22119e-05,4.91321676068078,FALSE,"Downregula NQO1",15.8645803915678
229,"WZ-3105","SKBR3","24 h","0.08 µM",1.57539e-07,8.83647e-06,-1.80091,0.000379075056861259,"LINCS L1000","l1000_results_down","down","LJP001_SKBR3_24H:BRD-K92571446-001-01-4:0.08","BRD-K92571446",NA,NA,NA,"wz-3105",8.83647e-06,5.05372119264465,FALSE,"Downregula NQO1",9.10129703304568
230,"Y-27632","SW620","6 h","4.0 µM",1.58332e-07,1.91616e-05,-3.36163,0.000306372549019608,"LINCS L1000","l1000_results_down","down","CPC006_SW620_6H:BRD-A58280226-001-01-2:4","BRD-A58280226",NA,NA,NA,"y-27632",1.91616e-05,4.71756823000908,FALSE,"Downregula NQO1",15.8587188890454
231,"PF-562271","MCF7","6 h","10.0 µM",1.62826e-07,1.3504e-06,-2.33521,0.000187793427230047,"LINCS L1000","l1000_results_down","down","LJP001_MCF7_6H:BRD-K99545815-001-02-2:10","BRD-K99545815",NA,NA,NA,"pf-562271",1.3504e-06,5.86953757071842,FALSE,"Downregula NQO1",13.7066028305174
232,"BRD-K99636700","PC3","24 h","10.0 µM",1.64678e-07,1.03007e-06,-1.46201,0.000135336310732169,"LINCS L1000","l1000_results_down","down","HDAC001_PC3_24H:BRD-K99636700-001-01-9:10","BRD-K99636700",NA,NA,NA,"brd-k99636700",1.03007e-06,5.98713326113876,FALSE,"Downregula NQO1",8.75324869911748
233,"PI-103","HA1E","24 h","11.1 µM",1.65301e-07,2.24858e-06,-1.47455,0.000218007412252017,"LINCS L1000","l1000_results_down","down","CPC006_HA1E_24H:BRD-K67868012-003-01-5:11.1","BRD-K67868012",NA,NA,NA,"pi-103",2.24858e-06,5.64809165648808,FALSE,"Downregula NQO1",8.3283935520745
234,"BRD-K32896438","PC3","24 h","10.0 µM",1.6544e-07,3.34606e-06,-2.0495,0.000226449275362319,"LINCS L1000","l1000_results_down","down","CPC012_PC3_24H:BRD-K32896438-001-01-8:10","BRD-K32896438",NA,NA,NA,"brd-k32896438",3.34606e-06,5.47546627573606,FALSE,"Downregula NQO1",11.2219681321211
235,"KIN001-220","MCF7","6 h","10.0 µM",1.67346e-07,0.00019365,-2.33639,0.00139470013947001,"LINCS L1000","l1000_results_down","down","LJP001_MCF7_6H:BRD-K53561341-001-03-4:10","BRD-K53561341",NA,NA,NA,"kin001-220",0.00019365,3.7129824986779,FALSE,"Downregula NQO1",8.67497518008606
236,"CGP-71683","MCF7","24 h","10.0 µM",1.70895e-07,2.3666e-06,-1.92241,0.000202839756592292,"LINCS L1000","l1000_results_down","down","CPC015_MCF7_24H:BRD-K31912990-003-01-0:10","BRD-K31912990",NA,NA,NA,"cgp-71683",2.3666e-06,5.62587513982027,FALSE,"Downregula NQO1",10.8152386275419
237,"AT-7519","MCF10A","24 h","2.0 µM",1.76509e-07,9.78222e-07,-1.78293,0.000159261028826246,"LINCS L1000","l1000_results_down","down","LJP001_MCF10A_24H:BRD-K13390322-001-02-2:2","BRD-K13390322",NA,NA,NA,"at-7519",9.78222e-07,6.00956257421647,FALSE,"Downregula NQO1",10.7146294004478
238,"I-070759","MCF7","24 h","10.0 µM",1.77369e-07,5.95724e-06,-1.77732,0.000358551452133381,"LINCS L1000","l1000_results_down","down","CPC013_MCF7_24H:BRD-K86761848-001-01-3:10","BRD-K86761848",NA,NA,NA,"i-070759",5.95724e-06,5.22495490307791,FALSE,"Downregula NQO1",9.28641684833844
239,"digoxin","PC3","24 h","10.0 µM",1.91026e-07,9.20727e-06,-2.845,0.000291290416545296,"LINCS L1000","l1000_results_down","down","CPC004_PC3_24H:BRD-A94756469-001-03-9:10","BRD-A94756469",NA,NA,NA,"digoxin",9.20727e-06,5.03586912112669,FALSE,"Downregula NQO1",14.3270476496054
240,"MLN-4924","MCF7","24 h","11.1 µM",1.92135e-07,1.63425e-06,-1.59255,0.000184128153194623,"LINCS L1000","l1000_results_down","down","CPC006_MCF7_24H:BRD-K67844266-001-01-3:11.1","BRD-K67844266",NA,NA,NA,"mln-4924",1.63425e-06,5.78668150636204,FALSE,"Downregula NQO1",9.21557963295687
241,"wortmannin","MCF7","24 h","10.0 µM",1.94183e-07,1.30243e-05,-1.43772,0.000472143531633617,"LINCS L1000","l1000_results_down","down","CPC015_MCF7_24H:BRD-A75409952:10","BRD-A75409952",NA,NA,NA,"wortmannin",1.30243e-05,4.88524560885813,FALSE,"Downregula NQO1",7.02361531676751
242,"menadione","A375","24 h","10.0 µM",1.95766e-07,1.89948e-06,-1.87903,0.000184128153194623,"LINCS L1000","l1000_results_down","down","CPC006_A375_24H:BRD-K78126613-001-16-0:10","BRD-K78126613",NA,NA,NA,"menadione",1.89948e-06,5.72136527485755,FALSE,"Downregula NQO1",10.7506169924156
243,"digitoxigenin","PC3","24 h","10.0 µM",1.96206e-07,4.80651e-06,-2.08736,0.000247463499133878,"LINCS L1000","l1000_results_down","down","CPC005_PC3_24H:BRD-K18518344-001-03-5:10","BRD-K18518344",NA,NA,NA,"digitoxigenin",4.80651e-06,5.31817014979624,FALSE,"Downregula NQO1",11.1009356438787
244,"tanespimycin","PC3","24 h","2.0 µM",2.03196e-07,2.06139e-06,-1.12888,0.000175162024873007,"LINCS L1000","l1000_results_down","down","ASG001_PC3_24H:BRD-A61304759-001-01-0:2","BRD-A61304759",NA,NA,NA,"tanespimycin",2.06139e-06,5.68583983508896,FALSE,"Downregula NQO1",6.41863087303523
245,"KU-0060648","MCF7","6 h","0.3704 µM",2.0671e-07,1.05092e-05,-1.88186,0.00029086678301338,"LINCS L1000","l1000_results_down","down","HOG003_MCF7_6H:BRD-K09499853-305-01-1:0.3704","BRD-K09499853",NA,NA,NA,"ku-0060648",1.05092e-05,4.9784303428499,FALSE,"Downregula NQO1",9.36870892499551
246,"BRD-K88569143","PC3","24 h","10.0 µM",2.11359e-07,2.33344e-06,-3.6269,0.00018201674554059,"LINCS L1000","l1000_results_down","down","CPC014_PC3_24H:BRD-K88569143-001-01-0:10","BRD-K88569143",NA,NA,NA,"brd-k88569143",2.33344e-06,5.63200336169715,FALSE,"Downregula NQO1",20.4267129925394
247,"THM-I-94","MCF7","24 h","10.0 µM",2.14124e-07,1.14618e-06,-1.91981,0.000157629255989912,"LINCS L1000","l1000_results_down","down","CPC017_MCF7_24H:BRD-K12867552-001-01-3:10","BRD-K12867552",NA,NA,NA,"thm-i-94",1.14618e-06,5.9407471739322,FALSE,"Downregula NQO1",11.4051058319868
248,"EI-346-erlotinib-analog","PC3","24 h","10.0 µM",2.2367e-07,4.8592e-06,-3.37347,0.000252844500632111,"LINCS L1000","l1000_results_down","down","CPC014_PC3_24H:BRD-U08759356-000-01-6:10","BRD-U08759356",NA,NA,NA,"ei-346-erlotinib-analog",4.8592e-06,5.31343522542581,FALSE,"Downregula NQO1",17.9247143299172
249,"alvespimycin","PC3","24 h","2.0 µM",2.26944e-07,2.11094e-06,-1.21283,0.000171969045571797,"LINCS L1000","l1000_results_down","down","ASG001_PC3_24H:BRD-A06304526-001-01-0:2","BRD-A06304526",NA,NA,NA,"alvespimycin",2.11094e-06,5.67552411062377,FALSE,"Downregula NQO1",6.88344590708782
250,"curcumin","HT29","24 h","48.0 µM",2.45075e-07,2.30171e-06,-1.93829,0.000176991150442478,"LINCS L1000","l1000_results_down","down","CPC006_HT29_24H:BRD-K74148702-001-03-8:48","BRD-K74148702",NA,NA,NA,"curcumin",2.30171e-06,5.63794939544713,FALSE,"Downregula NQO1",10.9279809337012
251,"BRD-A84102390","MCF7","24 h","10.0 µM",2.48718e-07,1.06622e-06,-2.31178,0.000151423379769837,"LINCS L1000","l1000_results_down","down","CPC013_MCF7_24H:BRD-A84102390-001-01-6:10","BRD-A84102390",NA,NA,NA,"brd-a84102390",1.06622e-06,5.97215317530179,FALSE,"Downregula NQO1",13.8063042675992
252,"vemurafenib","A375","24 h","0.625 µM",2.48912e-07,1.27979e-06,-1.21156,0.000145222189950625,"LINCS L1000","l1000_results_down","down","BRAF001_A375_24H:BRD-U73308409-000-01-9:0.625","BRD-U73308409",NA,NA,NA,"vemurafenib",1.27979e-06,5.89286128763605,FALSE,"Downregula NQO1",7.13955502164834
253,"AZD-7762","BT20","6 h","10.0 µM",2.6183e-07,2.27063e-05,-1.12687,0.000476644423260248,"LINCS L1000","l1000_results_down","down","LJP001_BT20_6H:BRD-K46056750-001-02-1:10","BRD-K46056750",NA,NA,NA,"azd-7762",2.27063e-05,4.6438536284618,FALSE,"Downregula NQO1",5.23301933830474
254,"selamectin","MCF7","24 h","10.0 µM",2.73123e-07,4.94464e-06,-1.44843,0.000229200091680037,"LINCS L1000","l1000_results_down","down","CPC015_MCF7_24H:BRD-A58564983-001-03-8:10","BRD-A58564983",NA,NA,NA,"selamectin",4.94464e-06,5.30586532220731,FALSE,"Downregula NQO1",7.68517450864474
255,"MK-1775","HT29","24 h","10.0 µM",2.76055e-07,1.5762e-05,-1.81522,0.000352112676056338,"LINCS L1000","l1000_results_down","down","CPC006_HT29_24H:BRD-K54256913-001-01-2:10","BRD-K54256913",NA,NA,NA,"mk-1775",1.5762e-05,4.80238867683029,FALSE,"Downregula NQO1",8.71739197395587
256,"strophanthidin","PC3","24 h","10.0 µM",2.79127e-07,2.60067e-06,-1.66824,0.000195579894386857,"LINCS L1000","l1000_results_down","down","CPC001_PC3_24H:BRD-K84595254-001-03-0:10","BRD-K84595254",NA,NA,NA,"strophanthidin",2.60067e-06,5.58491475209918,FALSE,"Downregula NQO1",9.31697818604193
257,"cytochalasin-d","MCF7","6 h","10.0 µM",2.80867e-07,2.0506e-05,-1.69669,0.000406008932196508,"LINCS L1000","l1000_results_down","down","CPC013_MCF7_6H:BRD-K25504083-001-03-1:10","BRD-K25504083",NA,NA,NA,"cytochalasin-d",2.0506e-05,4.6881190469621,FALSE,"Downregula NQO1",7.95428470579012
258,"baccatin-III","MCF7","24 h","10.0 µM",2.8596e-07,1.97144e-05,-1.2295,0.000375234521575985,"LINCS L1000","l1000_results_down","down","CPC018_MCF7_24H:BRD-A84189516-001-01-2:10","BRD-A84189516",NA,NA,NA,"baccatin-iii",1.97144e-05,4.70521643597115,FALSE,"Downregula NQO1",5.78506360802653
259,"BRD-K53610452","PC3","24 h","10.0 µM",2.86874e-07,1.85729e-05,-1.61911,0.000266666666666667,"LINCS L1000","l1000_results_down","down","CPC019_PC3_24H:BRD-K53610452-001-01-8:10","BRD-K53610452",NA,NA,NA,"brd-k53610452",1.85729e-05,4.73112027958462,FALSE,"Downregula NQO1",7.66020415587825
260,"mebendazole","PC3","24 h","10.0 µM",3.04661e-07,5.42735e-05,-1.86311,0.000723065798987708,"LINCS L1000","l1000_results_down","down","CPC002_PC3_24H:BRD-K77987382-001-08-2:10","BRD-K77987382",NA,NA,NA,"mebendazole",5.42735e-05,4.2654121706506,FALSE,"Downregula NQO1",7.94693206926085
261,"KIN001-244","MDAMB231","6 h","0.08 µM",3.20904e-07,7.60201e-05,-2.26037,0.00053276505061268,"LINCS L1000","l1000_results_down","down","LJP001_MDAMB231_6H:BRD-K09186807-001-02-4:0.08","BRD-K09186807",NA,NA,NA,"kin001-244",7.60201e-05,4.11907156344352,FALSE,"Downregula NQO1",9.31062578986083
262,"JNK-9L","MCF7","6 h","10.0 µM",3.24706e-07,2.80037e-06,-2.19418,0.000199920031987205,"LINCS L1000","l1000_results_down","down","CPC014_MCF7_6H:BRD-K19220233-001-01-5:10","BRD-K19220233",NA,NA,NA,"jnk-9l",2.80037e-06,5.55278458353553,FALSE,"Downregula NQO1",12.183808877502
263,"cucurbitacin-i","MCF7","24 h","10.0 µM",3.34665e-07,5.21871e-06,-2.3952,0.000209030100334448,"LINCS L1000","l1000_results_down","down","CPC016_MCF7_24H:BRD-A49680073-001-01-9:10","BRD-A49680073",NA,NA,NA,"cucurbitacin-i",5.21871e-06,5.28243683590925,FALSE,"Downregula NQO1",12.6524927093698
264,"idarubicin","HT29","6 h","10.0 µM",3.44375e-07,1.02658e-05,-2.5527,0.000234356690883525,"LINCS L1000","l1000_results_down","down","CPC011_HT29_6H:BRD-K69650333-003-11-6:10","BRD-K69650333",NA,NA,NA,"idarubicin",1.02658e-05,4.98860720098919,FALSE,"Downregula NQO1",12.7344176019651
265,"curcumin","PC3","24 h","48.0 µM",3.52406e-07,1.54263e-06,-1.25646,0.000157703832203122,"LINCS L1000","l1000_results_down","down","CPC006_PC3_24H:BRD-K74148702-001-03-8:48","BRD-K74148702",NA,NA,NA,"curcumin",1.54263e-06,5.81173822703303,FALSE,"Downregula NQO1",7.30221661273792
266,"CT-200783","HA1E","24 h","10.0 µM",3.57927e-07,1.26213e-06,-1.49487,0.000134898151895319,"LINCS L1000","l1000_results_down","down","CPC006_HA1E_24H:BRD-K02822062-001-01-3:10","BRD-K02822062",NA,NA,NA,"ct-200783",1.26213e-06,5.89889591024645,FALSE,"Downregula NQO1",8.81808252935012
267,"COT-10b","HA1E","6 h","44.4 µM",3.66585e-07,9.45995e-06,-1.79876,0.000266098988823843,"LINCS L1000","l1000_results_down","down","CPC006_HA1E_6H:BRD-K18190982-002-01-2:44.4","BRD-K18190982",NA,NA,NA,"cot-10b",9.45995e-06,5.02411115902965,FALSE,"Downregula NQO1",9.03717018841618
268,"KU-0063794","MCF7","24 h","10.0 µM",3.8005e-07,6.00635e-06,-1.04113,0.000276090557702927,"LINCS L1000","l1000_results_down","down","CPC006_MCF7_24H:BRD-K67566344-001-01-8:10","BRD-K67566344",NA,NA,NA,"ku-0063794",6.00635e-06,5.2213893643382,FALSE,"Downregula NQO1",5.43614510889343
269,"phloretin","MCF7","6 h","177.6 µM",3.96101e-07,1.63948e-05,-1.38394,0.00032020493115594,"LINCS L1000","l1000_results_down","down","CPC006_MCF7_6H:BRD-K15563106-001-08-1:177.6","BRD-K15563106",NA,NA,NA,"phloretin",1.63948e-05,4.78529387691631,FALSE,"Downregula NQO1",6.62255960801956
270,"BMS-345541","SKBR3","24 h","10.0 µM",3.98185e-07,1.30011e-05,-1.83911,0.000295159386068477,"LINCS L1000","l1000_results_down","down","LJP001_SKBR3_24H:BRD-K13566078-003-03-7:10","BRD-K13566078",NA,NA,NA,"bms-345541",1.30011e-05,4.88601990125318,FALSE,"Downregula NQO1",8.98592806059373
271,"calyculin","PC3","24 h","10.0 µM",3.98225e-07,6.32953e-06,-1.97764,0.000196502259775987,"LINCS L1000","l1000_results_down","down","CPC005_PC3_24H:BRD-A47513740-001-02-5:10","BRD-A47513740",NA,NA,NA,"calyculin",6.32953e-06,5.1986285373736,FALSE,"Downregula NQO1",10.2810157406515
272,"withaferin-a","PC3","24 h","10.0 µM",4.06879e-07,3.09334e-06,-1.25476,0.000166112956810631,"LINCS L1000","l1000_results_down","down","ASG001_PC3_24H:BRD-K88378636-001-02-8:10","BRD-K88378636",NA,NA,NA,"withaferin-a",3.09334e-06,5.50957234252232,FALSE,"Downregula NQO1",6.91319099250331
273,"AZD-8055","PC3","24 h","10.0 µM",4.10309e-07,3.40416e-06,-1.13451,0.000185804533630621,"LINCS L1000","l1000_results_down","down","CPC006_PC3_24H:BRD-K69932463-001-03-1:10","BRD-K69932463",NA,NA,NA,"azd-8055",3.40416e-06,5.46799003569553,FALSE,"Downregula NQO1",6.20348937539694
274,"CD-437","PC3","24 h","11.1 µM",4.44527e-07,8.5852e-06,-1.03264,0.000261164794985636,"LINCS L1000","l1000_results_down","down","CPC006_PC3_24H:BRD-K28907958-001-02-7:11.1","BRD-K28907958",NA,NA,NA,"cd-437",8.5852e-06,5.06624958310241,FALSE,"Downregula NQO1",5.23161196949487
275,"15-delta-prostaglandin-j2","A375","24 h","10.0 µM",4.53215e-07,2.48026e-06,-1.58714,0.000175808720112518,"LINCS L1000","l1000_results_down","down","CPC006_A375_24H:BRD-K61033289-001-01-2:10","BRD-K61033289",NA,NA,NA,"15-delta-prostaglandin-j2",2.48026e-06,5.60550279068721,FALSE,"Downregula NQO1",8.8967176992113
276,"BRD-K61053657","MCF7","24 h","80.0 µM",4.61014e-07,5.48797e-05,-1.0632,0.000487567040468064,"LINCS L1000","l1000_results_down","down","CPC006_MCF7_24H:BRD-K61053657-001-01-4:80","BRD-K61053657",NA,NA,NA,"brd-k61053657",5.48797e-05,4.26058827136655,FALSE,"Downregula NQO1",4.52985745011692
277,"AZD-8055","MCF10A","24 h","2.0 µM",4.63614e-07,8.69735e-06,-1.82496,0.000272034820457019,"LINCS L1000","l1000_results_down","down","LJP001_MCF10A_24H:BRD-K69932463-001-05-6:2","BRD-K69932463",NA,NA,NA,"azd-8055",8.69735e-06,5.06061305263315,FALSE,"Downregula NQO1",9.2354163965334
278,"emetine","A375","24 h","0.63 µM",4.74963e-07,1.13117e-05,-1.4355,0.000303766707168894,"LINCS L1000","l1000_results_down","down","CPC006_A375_24H:BRD-K01976263-003-04-5:0.63","BRD-K01976263",NA,NA,NA,"emetine",1.13117e-05,4.94647212141071,FALSE,"Downregula NQO1",7.10066073028507
279,"z-leu3-VS","PC3","24 h","10.0 µM",4.96997e-07,4.45178e-06,-2.72175,0.000191277735271614,"LINCS L1000","l1000_results_down","down","CPC001_PC3_24H:BRD-K15935639-001-02-0:10","BRD-K15935639",NA,NA,NA,"z-leu3-vs",4.45178e-06,5.3514663059606,FALSE,"Downregula NQO1",14.5653534182483
280,"emetine","A549","6 h","0.63 µM",5.30497e-07,1.9115e-05,-0.917251,0.000386847195357834,"LINCS L1000","l1000_results_down","down","CPC006_A549_6H:BRD-K01976263-003-04-5:0.63","BRD-K01976263",NA,NA,NA,"emetine",1.9115e-05,4.71862569764495,FALSE,"Downregula NQO1",4.32816413979053
281,"lestaurtinib","MCF7","6 h","10.0 µM",5.36539e-07,6.88625e-06,-1.11093,0.000216122757726389,"LINCS L1000","l1000_results_down","down","CPC014_MCF7_6H:BRD-K23192422-001-01-1:10","BRD-K23192422",NA,NA,NA,"lestaurtinib",6.88625e-06,5.16201721461862,FALSE,"Downregula NQO1",5.73463978423627
282,"parbendazole","MCF7","24 h","0.31 µM",5.67593e-07,5.75816e-06,-1.23291,0.000200400801603206,"LINCS L1000","l1000_results_down","down","CPC006_MCF7_24H:BRD-K02407574-001-04-8:0.31","BRD-K02407574",NA,NA,NA,"parbendazole",5.75816e-06,5.23971627169974,FALSE,"Downregula NQO1",6.46009858854133
283,"mocetinostat","PC3","24 h","10.0 µM",5.70633e-07,2.62159e-06,-2.6668,0.000151194436044754,"LINCS L1000","l1000_results_down","down","CPC014_PC3_24H:BRD-K16485616-001-03-0:10","BRD-K16485616",NA,NA,NA,"mocetinostat",2.62159e-06,5.5814352282297,FALSE,"Downregula NQO1",14.884571466643
284,"LY-2183240","PC3","24 h","10.0 µM",5.77737e-07,2.45048e-05,-1.28366,0.000381825124093165,"LINCS L1000","l1000_results_down","down","CPC006_PC3_24H:BRD-K37865504-001-02-5:10","BRD-K37865504",NA,NA,NA,"ly-2183240",2.45048e-05,4.61074883770352,FALSE,"Downregula NQO1",5.9186338530065
285,"PIK-75","HT29","24 h","0.09 µM",5.82257e-07,1.98556e-05,-2.41253,0.00032258064516129,"LINCS L1000","l1000_results_down","down","CPC006_HT29_24H:BRD-K49371609-310-01-1:0.09","BRD-K49371609",NA,NA,NA,"pik-75",1.98556e-05,4.70211698481506,FALSE,"Downregula NQO1",11.3439982893759
286,"LY-294002","VCAP","48 h","20.0 µM",6.69949e-07,1.87889e-05,-0.748986,0.000240963855421687,"LINCS L1000","l1000_results_down","down","ERG005_VCAP_48H:BRD-K27305650-001-06-7:20","BRD-K27305650",NA,NA,NA,"ly-294002",1.87889e-05,4.72609864501464,FALSE,"Downregula NQO1",3.53978171973494
287,"MW-STK33-23","PC3","24 h","10.0 µM",7.32197e-07,4.68366e-06,-2.07446,0.000171350239890336,"LINCS L1000","l1000_results_down","down","CPC020_PC3_24H:BRD-K06666320-001-06-7:10","BRD-K06666320",NA,NA,NA,"mw-stk33-23",4.68366e-06,5.32941463910848,FALSE,"Downregula NQO1",11.055657492245
288,"WZ-3105","BT20","6 h","10.0 µM",7.59263e-07,1.66903e-05,-1.68862,0.000276625172890733,"LINCS L1000","l1000_results_down","down","LJP001_BT20_6H:BRD-K92571446-001-01-4:10","BRD-K92571446",NA,NA,NA,"wz-3105",1.66903e-05,4.77753585701916,FALSE,"Downregula NQO1",8.06744259887969
289,"emetine","HT29","24 h","0.63 µM",7.67967e-07,5.24251e-06,-1.65363,0.000182149362477231,"LINCS L1000","l1000_results_down","down","CPC006_HT29_24H:BRD-K01976263-003-04-5:0.63","BRD-K01976263",NA,NA,NA,"emetine",5.24251e-06,5.28046073245238,FALSE,"Downregula NQO1",8.73192828100523
290,"AS-601245","MCF7","6 h","10.0 µM",7.72094e-07,6.65363e-06,-1.57317,0.000201085863663784,"LINCS L1000","l1000_results_down","down","CPC014_MCF7_6H:BRD-A60245366-001-01-1:10","BRD-A60245366",NA,NA,NA,"as-601245",6.65363e-06,5.17694135336592,FALSE,"Downregula NQO1",8.14420882887466
291,"BRD-K33586157","MCF7","6 h","10.0 µM",8.22591e-07,4.82038e-05,-1.72375,0.000298240381747689,"LINCS L1000","l1000_results_down","down","CPC014_MCF7_6H:BRD-K33586157-001-01-3:10","BRD-K33586157",NA,NA,NA,"brd-k33586157",4.82038e-05,4.3169187241267,FALSE,"Downregula NQO1",7.4412886507134
292,"tanespimycin","MCF7","24 h","0.35 µM",8.27336e-07,7.80972e-06,-1.02422,0.000209248796819418,"LINCS L1000","l1000_results_down","down","CPC006_MCF7_24H:BRD-K81473043-001-04-7:0.35","BRD-K81473043",NA,NA,NA,"tanespimycin",7.80972e-06,5.10736453649847,FALSE,"Downregula NQO1",5.23106490557247
293,"MD-041","ASC","24 h","10.0 µM",8.27355e-07,1.65382e-05,-2.6607,0.00025516713447308,"LINCS L1000","l1000_results_down","down","CPC012_ASC_24H:BRD-K56653679-001-01-2:10","BRD-K56653679",NA,NA,NA,"md-041",1.65382e-05,4.78151176035827,FALSE,"Downregula NQO1",12.7221683407853
294,"L-690488","MCF7","24 h","10.0 µM",8.29249e-07,1.32181e-05,-1.2391,0.000243249817562637,"LINCS L1000","l1000_results_down","down","CPC006_MCF7_24H:BRD-K69328504-001-01-7:10","BRD-K69328504",NA,NA,NA,"l-690488",1.32181e-05,4.87883096684871,FALSE,"Downregula NQO1",6.04535945102224
295,"NVP-AUY922","HT29","24 h","10.0 µM",8.61649e-07,7.92859e-06,-1.94663,0.00018677624206201,"LINCS L1000","l1000_results_down","down","CPC006_HT29_24H:BRD-K41859756-001-01-9:10","BRD-K41859756",NA,NA,NA,"nvp-auy922",7.92859e-06,5.10080403962642,FALSE,"Downregula NQO1",9.92937816765797
296,"torin-1","MDAMB231","24 h","0.4 µM",9.09336e-07,1.10832e-05,-1.50154,0.000221385875581138,"LINCS L1000","l1000_results_down","down","LJP001_MDAMB231_24H:BRD-K40175214-001-03-3:0.4","BRD-K40175214",NA,NA,NA,"torin-1",1.10832e-05,4.95533482970724,FALSE,"Downregula NQO1",7.4406334601986
297,"puromycin","HT29","6 h","10.0 µM",9.41502e-07,2.54434e-05,-1.43906,0.000321440051430408,"LINCS L1000","l1000_results_down","down","CPC018_HT29_6H:BRD-A28970875-300-03-1:10","BRD-A28970875",NA,NA,NA,"puromycin",2.54434e-05,4.59442485440039,FALSE,"Downregula NQO1",6.61165303097343
298,"geldanamycin","MCF7","6 h","10.0 µM",9.50625e-07,0.000168004,-1.26906,0.00115606936416185,"LINCS L1000","l1000_results_down","down","HOG003_MCF7_6H:BRD-A19500257-001-01-3:10","BRD-A19500257",NA,NA,NA,"geldanamycin",0.000168004,3.77468037805243,FALSE,"Downregula NQO1",4.79029588057121
299,"importazole","PC3","24 h","60.0 µM",9.5648e-07,6.5194e-06,-1.10485,0.000188217579521927,"LINCS L1000","l1000_results_down","down","CPC006_PC3_24H:BRD-A02481876-001-09-9:60","BRD-A02481876",NA,NA,NA,"importazole",6.5194e-06,5.18579237185698,FALSE,"Downregula NQO1",5.72952270204618
300,"daunorubicin","MCF7","6 h","10.0 µM",9.92182e-07,9.88541e-06,-1.41257,0.000212901852246114,"LINCS L1000","l1000_results_down","down","CPC013_MCF7_6H:BRD-K17210248-003-01-7:10","BRD-K17210248",NA,NA,NA,"daunorubicin",9.88541e-06,5.00500531349801,FALSE,"Downregula NQO1",7.06992035568789
301,"BI-2536","HT29","24 h","10.0 µM",1.00009e-06,7.29922e-06,-1.60577,0.000170677590032429,"LINCS L1000","l1000_results_down","down","CPC006_HT29_24H:BRD-K64890080-001-03-9:10","BRD-K64890080",NA,NA,NA,"bi-2536",7.29922e-06,5.13672354642677,FALSE,"Downregula NQO1",8.24839656914572
302,"daunorubicin","HA1E","6 h","1.0 µM",1.02651e-06,0.000142227,-1.99673,0.000387897595034911,"LINCS L1000","l1000_results_down","down","KHW001_HA1E_6H:BRD-A37630846-001-02-2:1","BRD-A37630846",NA,NA,NA,"daunorubicin",0.000142227,3.84701795045626,FALSE,"Downregula NQO1",7.68145615221453
303,"gossypol","A375","24 h","11.1 µM",1.04813e-06,4.50054e-06,-1.32292,0.000169865806013249,"LINCS L1000","l1000_results_down","down","CPC006_A375_24H:BRD-K19295594-001-08-5:11.1","BRD-K19295594",NA,NA,NA,"gossypol",4.50054e-06,5.3467353740135,FALSE,"Downregula NQO1",7.07330316098994
304,"staurosporine","HT29","6 h","10.0 µM",1.04969e-06,1.62209e-05,-1.6993,0.000230520977408944,"LINCS L1000","l1000_results_down","down","CPC014_HT29_6H:BRD-K70549064-001-03-3:10","BRD-K70549064",NA,NA,NA,"staurosporine",1.62209e-05,4.78992505307245,FALSE,"Downregula NQO1",8.13951964268601
305,"epothilone","PC3","24 h","10.0 µM",1.05856e-06,0.000464057,-1.62895,0.00161030595813205,"LINCS L1000","l1000_results_down","down","CPC012_PC3_24H:BRD-K48935217-001-01-3:10","BRD-K48935217",NA,NA,NA,"epothilone",0.000464057,3.33342867189104,FALSE,"Downregula NQO1",5.4299886350769
306,"CGP-60474","BT20","6 h","0.4 µM",1.07521e-06,1.35653e-05,-1.29421,0.000242189392104626,"LINCS L1000","l1000_results_down","down","LJP001_BT20_6H:BRD-K79090631-001-18-1:0.4","BRD-K79090631",NA,NA,NA,"cgp-60474",1.35653e-05,4.86757059726517,FALSE,"Downregula NQO1",6.29965854268655
307,"podophyllotoxin","PC3","24 h","10.0 µM",1.07733e-06,0.000255213,-1.75507,0.00156739811912226,"LINCS L1000","l1000_results_down","down","CPC003_PC3_24H:BRD-K47869605-001-18-9:10","BRD-K47869605",NA,NA,NA,"podophyllotoxin",0.000255213,3.59309720736283,FALSE,"Downregula NQO1",6.30613711572628
308,"AZD-8055","BT20","6 h","0.08 µM",1.11325e-06,0.000495795,-0.967668,0.00232558139534884,"LINCS L1000","l1000_results_down","down","LJP001_BT20_6H:BRD-K69932463-001-05-6:0.08","BRD-K69932463",NA,NA,NA,"azd-8055",0.000495795,3.30469785732487,FALSE,"Downregula NQO1",3.19785036620184
309,"phloretin","A549","6 h","177.6 µM",1.11669e-06,2.58756e-05,-1.83735,0.00028604118993135,"LINCS L1000","l1000_results_down","down","CPC006_A549_6H:BRD-K15563106-001-08-1:177.6","BRD-K15563106",NA,NA,NA,"phloretin",2.58756e-05,4.5871095710551,FALSE,"Downregula NQO1",8.42812577037809
310,"TGX-115","MCF7","24 h","160.0 µM",1.1191e-06,1.38753e-05,-1.07592,0.000235571260306243,"LINCS L1000","l1000_results_down","down","CPC006_MCF7_24H:BRD-K67075780-001-03-7:160","BRD-K67075780",NA,NA,NA,"tgx-115",1.38753e-05,4.85775761815584,FALSE,"Downregula NQO1",5.22655857652623
311,"paclitaxel","PC3","24 h","10.0 µM",1.134e-06,0.000192212,-2.31143,0.000628140703517588,"LINCS L1000","l1000_results_down","down","CPC004_PC3_24H:BRD-A28746609-001-05-7:10","BRD-A28746609",NA,NA,NA,"paclitaxel",0.000192212,3.71621950235374,FALSE,"Downregula NQO1",8.58978124432552
312,"SB-225002","PC3","24 h","11.1 µM",1.14496e-06,5.80771e-05,-1.16284,0.000460193281178095,"LINCS L1000","l1000_results_down","down","CPC006_PC3_24H:BRD-K61323504-001-03-2:11.1","BRD-K61323504",NA,NA,NA,"sb-225002",5.80771e-05,4.23599507766336,FALSE,"Downregula NQO1",4.92578451611006
313,"BRD-K13842623","MCF7","24 h","10.0 µM",1.19485e-06,2.42347e-05,-2.03498,0.000252908447142135,"LINCS L1000","l1000_results_down","down","CPC007_MCF7_24H:BRD-K13842623-001-05-1:10","BRD-K13842623",NA,NA,NA,"brd-k13842623",2.42347e-05,4.61556235201512,FALSE,"Downregula NQO1",9.39257707510373
314,"idarubicin","PC3","24 h","10.0 µM",1.22898e-06,4.84026e-06,-1.86616,0.0001573564122738,"LINCS L1000","l1000_results_down","down","CPC011_PC3_24H:BRD-K69650333-003-11-6:10","BRD-K69650333",NA,NA,NA,"idarubicin",4.84026e-06,5.31513130911333,FALSE,"Downregula NQO1",9.91888544381493
315,"COL-3","HT29","6 h","0.16 µM",1.26432e-06,0.00144561,-0.451402,0.00147275405007364,"LINCS L1000","l1000_results_down","down","PCLB001_HT29_6H:BRD-A59431241-001-02-9:0.16","BRD-A59431241",NA,NA,NA,"col-3",0.00144561,2.83994885620681,FALSE,"Downregula NQO1",1.28195859358947
316,"saracatinib","BT20","6 h","10.0 µM",1.27622e-06,0.000228094,-1.08194,0.000931966449207828,"LINCS L1000","l1000_results_down","down","LJP001_BT20_6H:BRD-K19540840-001-04-5:10","BRD-K19540840",NA,NA,NA,"saracatinib",0.000228094,3.64188613866532,FALSE,"Downregula NQO1",3.94030228886756
317,"geldanamycin","VCAP","48 h","1.0 µM",1.31195e-06,4.27801e-06,-0.935296,0.000131044424059756,"LINCS L1000","l1000_results_down","down","ERG005_VCAP_48H:BRD-A19500257-001-01-3:1","BRD-A19500257",NA,NA,NA,"geldanamycin",4.27801e-06,5.36875820458456,FALSE,"Downregula NQO1",5.02137807371512
318,"niclosamide","MCF7","24 h","10.0 µM",1.32226e-06,8.59177e-06,-1.12537,0.000182815356489945,"LINCS L1000","l1000_results_down","down","CPC006_MCF7_24H:BRD-K35960502-001-10-1:10","BRD-K35960502",NA,NA,NA,"niclosamide",8.59177e-06,5.06591735746712,FALSE,"Downregula NQO1",5.70103141657278
319,"WZ-3105","MCF7","6 h","10.0 µM",1.33775e-06,9.61864e-06,-2.15214,0.000199044585987261,"LINCS L1000","l1000_results_down","down","LJP001_MCF7_6H:BRD-K92571446-001-01-4:10","BRD-K92571446",NA,NA,NA,"wz-3105",9.61864e-06,5.01688632944341,FALSE,"Downregula NQO1",10.7970417450483
320,"BRD-K58347372","PC3","6 h","10.0 µM",1.39827e-06,0.000420767,-1.56124,0.00126422250316056,"LINCS L1000","l1000_results_down","down","CPC013_PC3_6H:BRD-K58347372-001-02-7:10","BRD-K58347372",NA,NA,NA,"brd-k58347372",0.000420767,3.37595832845482,FALSE,"Downregula NQO1",5.27068118071681
321,"avicin-g","PC3","6 h","10.0 µM",1.40444e-06,4.84519e-05,-1.41663,0.000295420974889217,"LINCS L1000","l1000_results_down","down","PCLB001_PC3_6H:BRD-A33746814-001-01-0:10","BRD-A33746814",NA,NA,NA,"avicin-g",4.84519e-05,4.314689187791,FALSE,"Downregula NQO1",6.11231814410036
322,"AS-605240","HT29","24 h","10.0 µM",1.40549e-06,7.3566e-06,-1.59436,0.00017636684303351,"LINCS L1000","l1000_results_down","down","CPC006_HT29_24H:BRD-K41895714-001-02-2:10","BRD-K41895714",NA,NA,NA,"as-605240",7.3566e-06,5.1333228571851,FALSE,"Downregula NQO1",8.18436463058164
323,"JAK3-inhibitor-VI","MCF7","24 h","10.0 µM",1.45216e-06,8.31064e-06,-1.62561,0.000165920026547204,"LINCS L1000","l1000_results_down","down","CPC017_MCF7_24H:BRD-K04546108-066-01-5:10","BRD-K04546108",NA,NA,NA,"jak3-inhibitor-vi",8.31064e-06,5.08036553003469,FALSE,"Downregula NQO1",8.25869300927969
324,"cephaeline","A375","6 h","10.0 µM",1.4726e-06,4.28091e-05,-1.63334,0.000367647058823529,"LINCS L1000","l1000_results_down","down","CPC016_A375_6H:BRD-K80348542-001-01-4:10","BRD-K80348542",NA,NA,NA,"cephaeline",4.28091e-05,4.36846390248903,FALSE,"Downregula NQO1",7.13518683049144
325,"LDN-193189","PC3","6 h","10.0 µM",1.49319e-06,2.28681e-05,-1.54106,0.000249500998003992,"LINCS L1000","l1000_results_down","down","CPC006_PC3_6H:BRD-K04853698-003-01-4:10","BRD-K04853698",NA,NA,NA,"ldn-193189",2.28681e-05,4.64076991732565,FALSE,"Downregula NQO1",7.15170488879386
326,"BRD-K58191509","PC3","24 h","10.0 µM",1.5017e-06,9.69616e-05,-1.97473,0.000405679513184584,"LINCS L1000","l1000_results_down","down","CPC019_PC3_24H:BRD-K58191509-001-01-7:10","BRD-K58191509",NA,NA,NA,"brd-k58191509",9.69616e-05,4.01340022666131,FALSE,"Downregula NQO1",7.92538182959489
327,"CGP-60474","BT20","6 h","10.0 µM",1.54559e-06,2.37851e-05,-0.955826,0.000273224043715847,"LINCS L1000","l1000_results_down","down","LJP001_BT20_6H:BRD-K79090631-001-18-1:10","BRD-K79090631",NA,NA,NA,"cgp-60474",2.37851e-05,4.6236950183304,FALSE,"Downregula NQO1",4.41944791459067
328,"CGP-60474","ASC","24 h","10.0 µM",1.57003e-06,1.09152e-05,-1.97532,0.000184535892231039,"LINCS L1000","l1000_results_down","down","CPC013_ASC_24H:BRD-K79090631-001-15-7:10","BRD-K79090631",NA,NA,NA,"cgp-60474",1.09152e-05,4.9619683022727,FALSE,"Downregula NQO1",9.8014752268453
329,"auranofin","SW620","6 h","10.0 µM",1.57957e-06,0.000576622,-2.53913,0.00200400801603206,"LINCS L1000","l1000_results_down","down","CPC006_SW620_6H:BRD-A79465854-001-01-3:10","BRD-A79465854",NA,NA,NA,"auranofin",0.000576622,3.23910879188827,FALSE,"Downregula NQO1",8.22451830674726
330,"PF-562271","BT20","24 h","10.0 µM",1.59163e-06,5.08282e-06,-1.17424,0.000148588410104012,"LINCS L1000","l1000_results_down","down","LJP001_BT20_24H:BRD-K99545815-001-02-2:10","BRD-K99545815",NA,NA,NA,"pf-562271",5.08282e-06,5.2938952698745,FALSE,"Downregula NQO1",6.21630358169743
331,"anisomycin","A375","6 h","10.0 µM",1.60396e-06,2.39214e-05,-1.72696,0.000227221086116792,"LINCS L1000","l1000_results_down","down","CPC016_A375_6H:BRD-K91370081-001-10-3:10","BRD-K91370081",NA,NA,NA,"anisomycin",2.39214e-05,4.6212134068541,FALSE,"Downregula NQO1",7.98065070510075
332,"manumycin-a","HA1E","6 h","10.0 µM",1.60956e-06,2.95218e-05,-1.69287,0.000245338567222767,"LINCS L1000","l1000_results_down","down","CPC006_HA1E_6H:BRD-A77216878-001-01-4:10","BRD-A77216878",NA,NA,NA,"manumycin-a",2.95218e-05,4.52985716628547,FALSE,"Downregula NQO1",7.66845930108969
333,"cinobufagin","MCF7","24 h","10.0 µM",1.64539e-06,6.08125e-06,-1.72506,0.000147102088849662,"LINCS L1000","l1000_results_down","down","CPC017_MCF7_24H:BRD-A80502530-001-01-2:10","BRD-A80502530",NA,NA,NA,"cinobufagin",6.08125e-06,5.21600714238757,FALSE,"Downregula NQO1",8.99792528104711
334,"emetine","PC3","24 h","10.0 µM",1.72278e-06,1.19659e-05,-2.29913,0.000195694716242662,"LINCS L1000","l1000_results_down","down","CPC007_PC3_24H:BRD-K03067624-003-19-3:10","BRD-K03067624",NA,NA,NA,"emetine",1.19659e-05,4.92205463091313,FALSE,"Downregula NQO1",11.3164434635713
335,"VU-0418933-1","PC3","24 h","10.0 µM",1.78386e-06,2.18258e-05,-1.67528,0.000214086919289231,"LINCS L1000","l1000_results_down","down","CPC012_PC3_24H:BRD-A51777634-001-01-0:10","BRD-A51777634",NA,NA,NA,"vu-0418933-1",2.18258e-05,4.66102982875788,FALSE,"Downregula NQO1",7.8085300515215
336,"IKK-2-inhibitor-V","MCF7","24 h","10.0 µM",1.85528e-06,1.36573e-05,-1.33933,0.000187160771102377,"LINCS L1000","l1000_results_down","down","CPC006_MCF7_24H:BRD-K74305673-001-01-3:10","BRD-K74305673",NA,NA,NA,"ikk-2-inhibitor-v",1.36573e-05,4.86463515065467,FALSE,"Downregula NQO1",6.51535179632631
337,"parbendazole","HT29","24 h","0.31 µM",1.85552e-06,6.1604e-05,-1.86349,0.00035880875493362,"LINCS L1000","l1000_results_down","down","CPC006_HT29_24H:BRD-K02407574-001-04-8:0.31","BRD-K02407574",NA,NA,NA,"parbendazole",6.1604e-05,4.21039108781077,FALSE,"Downregula NQO1",7.84602168822448
338,"RO-28-1675","A375","24 h","160.0 µM",1.91622e-06,1.19025e-05,-1.31915,0.000192344681669552,"LINCS L1000","l1000_results_down","down","CPC006_A375_24H:BRD-K21672174-001-02-2:160","BRD-K21672174",NA,NA,NA,"ro-28-1675",1.19025e-05,4.92436180985345,FALSE,"Downregula NQO1",6.49597188146818
339,"triptolide","HA1E","24 h","0.08 µM",1.91727e-06,6.36554e-06,-1.60115,0.000140350877192982,"LINCS L1000","l1000_results_down","down","CPC006_HA1E_24H:BRD-A13122391-001-01-9:0.08","BRD-A13122391",NA,NA,NA,"triptolide",6.36554e-06,5.19616474847967,FALSE,"Downregula NQO1",8.31983918702823
340,"irinotecan","PC3","24 h","10.0 µM",1.93898e-06,0.000117329,-1.78217,0.000515729757607014,"LINCS L1000","l1000_results_down","down","CPC011_PC3_24H:BRD-K08547377-311-11-2:10","BRD-K08547377",NA,NA,NA,"irinotecan",0.000117329,3.93059463082256,FALSE,"Downregula NQO1",7.00498783321305
341,"CP466722","MCF7","6 h","10.0 µM",1.9586e-06,7.76051e-05,-1.36605,0.000328839197632358,"LINCS L1000","l1000_results_down","down","CPC013_MCF7_6H:BRD-K15592317-001-01-0:10","BRD-K15592317",NA,NA,NA,"cp466722",7.76051e-05,4.11010973712999,FALSE,"Downregula NQO1",5.61461540640642
342,"vorinostat","PHH","24 h","10.0 µM",2.01833e-06,0.000256824,-2.54172,0.000795544948289578,"LINCS L1000","l1000_results_down","down","CPC014_PHH_24H:BRD-K81418486:10","BRD-K81418486",NA,NA,NA,"vorinostat",0.000256824,3.59036439423038,FALSE,"Downregula NQO1",9.12570098810323
343,"geldanamycin","PC3","24 h","10.0 µM",2.1082e-06,0.000161325,-1.88623,0.000719942404607631,"LINCS L1000","l1000_results_down","down","CPC009_PC3_24H:BRD-A19500257:10","BRD-A19500257",NA,NA,NA,"geldanamycin",0.000161325,3.79229832622084,FALSE,"Downregula NQO1",7.15314687186753
344,"bufalin","PC3","6 h","10.0 µM",2.12242e-06,0.000203716,-1.41628,0.000692520775623269,"LINCS L1000","l1000_results_down","down","CPC003_PC3_6H:BRD-K63606607-001-01-8:10","BRD-K63606607",NA,NA,NA,"bufalin",0.000203716,3.69097485986177,FALSE,"Downregula NQO1",5.22745387452502
345,"alvocidib","MCF7","6 h","10.0 µM",2.12972e-06,3.05966e-05,-2.20831,0.000258665287118469,"LINCS L1000","l1000_results_down","down","CPC012_MCF7_6H:BRD-K87909389-003-01-8:10","BRD-K87909389",NA,NA,NA,"alvocidib",3.05966e-05,4.51432683114188,FALSE,"Downregula NQO1",9.96903308447893
346,"PIK-75","MCF7","6 h","10.0 µM",2.16743e-06,1.44807e-05,-1.74151,0.000200120072043226,"LINCS L1000","l1000_results_down","down","CPC014_MCF7_6H:BRD-M16762496-001-01-9:10","BRD-M16762496",NA,NA,NA,"pik-75",1.44807e-05,4.83921044374734,FALSE,"Downregula NQO1",8.42753337989043
347,"BIBR-1532","MCF7","24 h","80.0 µM",2.21296e-06,2.86335e-05,-1.11317,0.000229252636405319,"LINCS L1000","l1000_results_down","down","CPC006_MCF7_24H:BRD-K04623885-001-03-4:80","BRD-K04623885",NA,NA,NA,"bibr-1532",2.86335e-05,4.54312556298843,FALSE,"Downregula NQO1",5.05727108295183
348,"proscillaridin-a","MCF7","24 h","10.0 µM",2.22693e-06,1.19262e-05,-1.90096,0.000157803376992268,"LINCS L1000","l1000_results_down","down","CPD003_MCF7_24H:BRD-K11451237-001-01-0:10","BRD-K11451237",NA,NA,NA,"proscillaridin-a",1.19262e-05,4.9234979118972,FALSE,"Downregula NQO1",9.3593725906001
349,"TG-101348","HT29","24 h","11.1 µM",2.42327e-06,1.21153e-05,-1.57709,0.000168520390967307,"LINCS L1000","l1000_results_down","down","CPC006_HT29_24H:BRD-K12502280-001-01-5:11.1","BRD-K12502280",NA,NA,NA,"tg-101348",1.21153e-05,4.91666582735962,FALSE,"Downregula NQO1",7.75402450967058
350,"testosterone","PC3","24 h","10.0 µM",2.48554e-06,0.000542627,-1.73253,0.000832639467110741,"LINCS L1000","l1000_results_down","down","CPC011_PC3_24H:BRD-K84036904-001-05-4:10","BRD-K84036904",NA,NA,NA,"testosterone",0.000542627,3.26549860043937,FALSE,"Downregula NQO1",5.65757429021923
351,"CHEMBL-1222381","PC3","24 h","80.0 µM",2.5425e-06,2.51405e-05,-1.16223,0.000191828122002686,"LINCS L1000","l1000_results_down","down","CPC006_PC3_24H:BRD-K53903639-001-01-3:80","BRD-K53903639",NA,NA,NA,"chembl-1222381",2.51405e-05,4.59962608921643,FALSE,"Downregula NQO1",5.34582342967001
352,"alvespimycin","VCAP","48 h","1.0 µM",2.62565e-06,7.53453e-06,-0.925592,0.000129148908691721,"LINCS L1000","l1000_results_down","down","ERG005_VCAP_48H:BRD-A06304526-001-01-0:1","BRD-A06304526",NA,NA,NA,"alvespimycin",7.53453e-06,5.12294383356471,FALSE,"Downregula NQO1",4.74175582879683
353,"manumycin-a","HA1E","6 h","9.08 µM",2.65189e-06,6.78762e-05,-1.78666,0.000279095729835333,"LINCS L1000","l1000_results_down","down","CPC006_HA1E_6H:BRD-K78599730-001-02-6:9.08","BRD-K78599730",NA,NA,NA,"manumycin-a",6.78762e-05,4.16828247933648,FALSE,"Downregula NQO1",7.44730357453132
354,"JAK3-inhibitor-VI","MCF7","6 h","10.0 µM",2.69713e-06,3.41055e-05,-1.71217,0.000228050171037628,"LINCS L1000","l1000_results_down","down","CPC017_MCF7_6H:BRD-K04546108-066-01-5:10","BRD-K04546108",NA,NA,NA,"jak3-inhibitor-vi",3.41055e-05,4.46717557915881,FALSE,"Downregula NQO1",7.64856401136833
355,"cucurbitacin-i","MCF7","24 h","10.0 µM",2.7576e-06,1.27504e-05,-1.28499,0.000153940886699507,"LINCS L1000","l1000_results_down","down","CPC006_MCF7_24H:BRD-A28105619-001-01-3:10","BRD-A28105619",NA,NA,NA,"cucurbitacin-i",1.27504e-05,4.89447619051882,FALSE,"Downregula NQO1",6.28935296005478
356,"cytochalasin-d","ASC","24 h","10.0 µM",2.77914e-06,0.000491158,-2.44378,0.00191204588910134,"LINCS L1000","l1000_results_down","down","CPC013_ASC_24H:BRD-K25504083-001-03-1:10","BRD-K25504083",NA,NA,NA,"cytochalasin-d",0.000491158,3.30877877775472,FALSE,"Downregula NQO1",8.08592740150144
357,"BRD-K83670234","VCAP","24 h","10.0 µM",2.79593e-06,4.77819e-05,-2.00643,0.000250752256770311,"LINCS L1000","l1000_results_down","down","CPC009_VCAP_24H:BRD-K83670234-001-01-1:10","BRD-K83670234",NA,NA,NA,"brd-k83670234",4.77819e-05,4.3207365849522,FALSE,"Downregula NQO1",8.66925550614565
358,"BIIB021","ASC","24 h","10.0 µM",2.84182e-06,3.87518e-05,-1.86159,0.000236294896030246,"LINCS L1000","l1000_results_down","down","CPC013_ASC_24H:BRD-K51967704-001-01-0:10","BRD-K51967704",NA,NA,NA,"biib021",3.87518e-05,4.41170811994705,FALSE,"Downregula NQO1",8.21279171901222
359,"HY-11007","SKBR3","6 h","0.4 µM",2.87839e-06,0.000115488,-1.71708,0.000318877551020408,"LINCS L1000","l1000_results_down","down","LJP001_SKBR3_6H:BRD-K97056771-001-07-3:0.4","BRD-K97056771",NA,NA,NA,"hy-11007",0.000115488,3.93746313962059,FALSE,"Downregula NQO1",6.76093920777972
360,"BRD-K09661167","A375","6 h","10.0 µM",2.88452e-06,9.63007e-05,-1.3178,0.000355492356914326,"LINCS L1000","l1000_results_down","down","CPC012_A375_6H:BRD-K09661167-001-06-1:10","BRD-K09661167",NA,NA,NA,"brd-k09661167",9.63007e-05,4.01637055602155,FALSE,"Downregula NQO1",5.29277311872519
361,"ISOX","PC3","24 h","10.0 µM",2.88616e-06,1.59477e-05,-1.209,0.00016627868307283,"LINCS L1000","l1000_results_down","down","CPC006_PC3_24H:BRD-K69840642-001-01-4:10","BRD-K69840642",NA,NA,NA,"isox",1.59477e-05,4.79730194265913,FALSE,"Downregula NQO1",5.79993804867489
362,"AKT-inhibitor-IV","MCF7","24 h","10.0 µM",2.97349e-06,2.72036e-05,-1.18894,0.000201328769881216,"LINCS L1000","l1000_results_down","down","CPC006_MCF7_24H:BRD-K28296557-005-14-6:10","BRD-K28296557",NA,NA,NA,"akt-inhibitor-iv",2.72036e-05,4.56537361961728,FALSE,"Downregula NQO1",5.42795531130777
363,"SN-38","HA1E","24 h","0.35 µM",2.97893e-06,1.45207e-05,-1.40111,0.000160307790958641,"LINCS L1000","l1000_results_down","down","CPC006_HA1E_24H:BRD-A36630025-001-02-6:0.35","BRD-A36630025",NA,NA,NA,"sn-38",1.45207e-05,4.83801244707879,FALSE,"Downregula NQO1",6.77858761972656
364,"BRD-K85853281","PC3","24 h","10.0 µM",3.08356e-06,1.7192e-05,-1.67211,0.000176397953783736,"LINCS L1000","l1000_results_down","down","CPC010_PC3_24H:BRD-K85853281-001-03-9:10","BRD-K85853281",NA,NA,NA,"brd-k85853281",1.7192e-05,4.76467359751661,FALSE,"Downregula NQO1",7.9670583691435
365,"tanespimycin","A375","24 h","0.35 µM",3.10803e-06,4.94341e-05,-1.14964,0.000293083235638921,"LINCS L1000","l1000_results_down","down","CPC006_A375_24H:BRD-K81473043-001-04-7:0.35","BRD-K81473043",NA,NA,NA,"tanespimycin",4.94341e-05,4.30597336822558,FALSE,"Downregula NQO1",4.95031922304686
366,"bortezomib","MCF7","24 h","0.04 µM",3.20406e-06,1.80445e-05,-1.29694,0.000187265917602996,"LINCS L1000","l1000_results_down","down","CPC006_MCF7_24H:BRD-K88510285-001-01-2:0.04","BRD-K88510285",NA,NA,NA,"bortezomib",1.80445e-05,4.74365514742267,FALSE,"Downregula NQO1",6.15223610689836
367,"vorinostat","MCF7","24 h","10.0 µM",3.26881e-06,1.06015e-05,-1.14727,0.00013598041881969,"LINCS L1000","l1000_results_down","down","CPC006_MCF7_24H:BRD-K81418486:10","BRD-K81418486",NA,NA,NA,"vorinostat",1.06015e-05,4.97463268231687,FALSE,"Downregula NQO1",5.70724683744167
368,"torin-1","MCF7","6 h","0.4 µM",3.27768e-06,8.45741e-05,-1.72347,0.000296823983377857,"LINCS L1000","l1000_results_down","down","LJP001_MCF7_6H:BRD-K40175214-001-03-3:0.4","BRD-K40175214",NA,NA,NA,"torin-1",8.45741e-05,4.07276261508433,FALSE,"Downregula NQO1",7.01928418421939
369,"manumycin-a","A549","6 h","9.08 µM",3.36448e-06,6.62424e-05,-0.87177,0.000282805429864253,"LINCS L1000","l1000_results_down","down","CPC006_A549_6H:BRD-K78599730-001-02-6:9.08","BRD-K78599730",NA,NA,NA,"manumycin-a",6.62424e-05,4.17886394120091,FALSE,"Downregula NQO1",3.64300821802072
370,"HY-11007","BT20","6 h","0.4 µM",3.4199e-06,0.000711722,-0.440908,0.000793021411578113,"LINCS L1000","l1000_results_down","down","LJP001_BT20_6H:BRD-K97056771-001-07-3:0.4","BRD-K97056771",NA,NA,NA,"hy-11007",0.000711722,3.1476896095125,FALSE,"Downregula NQO1",1.38784153035094
371,"TW-37","HA1E","24 h","10.0 µM",3.47366e-06,3.80667e-05,-2.02198,0.000218007412252017,"LINCS L1000","l1000_results_down","down","CPC006_HA1E_24H:BRD-K28360340-001-01-8:10","BRD-K28360340",NA,NA,NA,"tw-37",3.80667e-05,4.41945477051711,FALSE,"Downregula NQO1",8.93604915689018
372,"digoxin","PC3","24 h","10.0 µM",3.49987e-06,4.54963e-05,-1.81636,0.000257731958762887,"LINCS L1000","l1000_results_down","down","CPC001_PC3_24H:BRD-K23478508-001-03-7:10","BRD-K23478508",NA,NA,NA,"digoxin",4.54963e-05,4.34202392103347,FALSE,"Downregula NQO1",7.88667856920836
373,"BRD-K99502566","PC3","24 h","10.0 µM",3.53209e-06,0.000198618,-1.87731,0.000393700787401575,"LINCS L1000","l1000_results_down","down","CPC019_PC3_24H:BRD-K99502566-001-01-6:10","BRD-K99502566",NA,NA,NA,"brd-k99502566",0.000198618,3.70198139558667,FALSE,"Downregula NQO1",6.94976669374882
374,"5-iodotubercidin","PC3","24 h","10.0 µM",3.5694e-06,1.20211e-05,-2.44848,0.000153397760392698,"LINCS L1000","l1000_results_down","down","CPC014_PC3_24H:BRD-A18497530-001-05-3:10","BRD-A18497530",NA,NA,NA,"5-iodotubercidin",1.20211e-05,4.92005579006438,FALSE,"Downregula NQO1",12.0466582008568
375,"LY-2183240","HA1E","24 h","10.0 µM",3.60622e-06,5.54198e-05,-1.35676,0.000273897562311695,"LINCS L1000","l1000_results_down","down","CPC006_HA1E_24H:BRD-K37865504-001-02-5:10","BRD-K37865504",NA,NA,NA,"ly-2183240",5.54198e-05,4.25633504584092,FALSE,"Downregula NQO1",5.77482513679513
376,"phloretin","HA1E","6 h","177.6 µM",3.63974e-06,0.000144901,-1.50982,0.000496524329692155,"LINCS L1000","l1000_results_down","down","CPC006_HA1E_6H:BRD-K15563106-001-08-1:177.6","BRD-K15563106",NA,NA,NA,"phloretin",0.000144901,3.83892861733777,FALSE,"Downregula NQO1",5.79609120502892
377,"mitomycin-c","PC3","24 h","10.0 µM",3.64675e-06,5.4391e-05,-2.34604,0.000256607646907878,"LINCS L1000","l1000_results_down","down","CPC004_PC3_24H:BRD-A48237631-001-03-0:10","BRD-A48237631",NA,NA,NA,"mitomycin-c",5.4391e-05,4.26447295643599,FALSE,"Downregula NQO1",10.0046241347171
378,"digoxin","MCF7","24 h","10.0 µM",3.68235e-06,1.48387e-05,-1.74825,0.000151469251741896,"LINCS L1000","l1000_results_down","down","CPC017_MCF7_24H:BRD-A94756469-001-03-9:10","BRD-A94756469",NA,NA,NA,"digoxin",1.48387e-05,4.82860414538832,FALSE,"Downregula NQO1",8.44160719717514
379,"CD-1530","MCF7","24 h","40.0 µM",3.70238e-06,1.7493e-05,-1.09604,0.000149253731343284,"LINCS L1000","l1000_results_down","down","CPC006_MCF7_24H:BRD-K25737009-001-02-0:40","BRD-K25737009",NA,NA,NA,"cd-1530",1.7493e-05,4.75713570385929,FALSE,"Downregula NQO1",5.21401101685794
380,"GSK-1070916","MCF7","24 h","5.0 µM",3.78084e-06,0.000115331,-1.57753,0.000225784601490178,"LINCS L1000","l1000_results_down","down","PRISM001_MCF7_24H:BRD-K36740062-001-02-5:5","BRD-K36740062",NA,NA,NA,"gsk-1070916",0.000115331,3.93805394232031,FALSE,"Downregula NQO1",6.21239823562856
381,"piperlongumine","MCF7","24 h","10.0 µM",3.8844e-06,3.7822e-05,-1.52562,0.0002106149957877,"LINCS L1000","l1000_results_down","down","CPC017_MCF7_24H:BRD-K24132293-001-13-7:10","BRD-K24132293",NA,NA,NA,"piperlongumine",3.7822e-05,4.42225550970573,FALSE,"Downregula NQO1",6.74668145071725
382,"azaperone","MCF7","6 h","10.0 µM",3.92087e-06,0.000338411,-1.53561,0.000454338936846888,"LINCS L1000","l1000_results_down","down","CPC015_MCF7_6H:BRD-K45861246-001-08-4:10","BRD-K45861246",NA,NA,NA,"azaperone",0.000338411,3.47055552872504,FALSE,"Downregula NQO1",5.32941977546546
383,"sorafenib","A375","24 h","10.0 µM",4.10757e-06,3.38267e-05,-1.11279,0.000194250194250194,"LINCS L1000","l1000_results_down","down","BRAF001_A375_24H:BRD-K23984367-001-04-2:10","BRD-K23984367",NA,NA,NA,"sorafenib",3.38267e-05,4.47074036820952,FALSE,"Downregula NQO1",4.97499517433987
384,"Merck60","PC3","24 h","10.0 µM",4.20531e-06,2.00565e-05,-1.27664,0.000138102472034249,"LINCS L1000","l1000_results_down","down","HDAC001_PC3_24H:BRD-K04466929-001-05-1:10","BRD-K04466929",NA,NA,NA,"merck60",2.00565e-05,4.69774485213848,FALSE,"Downregula NQO1",5.99732898803407
385,"VU-0410183-2","PC3","24 h","10.0 µM",4.22645e-06,3.63096e-05,-1.48198,0.000210039907582441,"LINCS L1000","l1000_results_down","down","CPC012_PC3_24H:BRD-K74710236-001-02-2:10","BRD-K74710236",NA,NA,NA,"vu-0410183-2",3.63096e-05,4.4399785354096,FALSE,"Downregula NQO1",6.57995938990632
386,"BIBX-1382","MCF7","24 h","10.0 µM",4.29319e-06,0.000475626,-1.33409,0.00085397096498719,"LINCS L1000","l1000_results_down","down","CPC015_MCF7_24H:BRD-K70914287-300-01-0:10","BRD-K70914287",NA,NA,NA,"bibx-1382",0.000475626,3.32273441278359,FALSE,"Downregula NQO1",4.43282675275046
387,"BRD-K12707296","HT29","6 h","10.0 µM",4.29933e-06,0.000340703,-2.27252,0.000509943906170321,"LINCS L1000","l1000_results_down","down","CPC007_HT29_6H:BRD-K12707296-001-07-9:10","BRD-K12707296",NA,NA,NA,"brd-k12707296",0.000340703,3.46762404231205,FALSE,"Downregula NQO1",7.88024498863497
388,"mepacrine","PC3","24 h","10.0 µM",4.30023e-06,0.000322092,-0.947947,0.000656167979002625,"LINCS L1000","l1000_results_down","down","CPC006_PC3_24H:BRD-A45889380-300-04-8:10","BRD-A45889380",NA,NA,NA,"mepacrine",0.000322092,3.49202006188941,FALSE,"Downregula NQO1",3.31024994160788
389,"BRD-K27169919","A375","6 h","10.0 µM",4.31832e-06,0.00016326,-1.82216,0.000366703337000367,"LINCS L1000","l1000_results_down","down","CPC010_A375_6H:BRD-K27169919-001-07-2:10","BRD-K27169919",NA,NA,NA,"brd-k27169919",0.00016326,3.7871202078366,FALSE,"Downregula NQO1",6.90073895791154
390,"PIK-90","HT29","24 h","10.0 µM",4.38531e-06,7.42602e-05,-1.54339,0.00027196083763938,"LINCS L1000","l1000_results_down","down","CPC006_HT29_24H:BRD-K99818283-001-01-8:10","BRD-K99818283",NA,NA,NA,"pik-90",7.42602e-05,4.12924388545218,FALSE,"Downregula NQO1",6.37303372036804
391,"KM-00927","PHH","24 h","10.0 µM",4.4557e-06,0.000338633,-2.38075,0.000693481276005548,"LINCS L1000","l1000_results_down","down","CPC014_PHH_24H:BRD-K85493820-001-01-6:10","BRD-K85493820",NA,NA,NA,"km-00927",0.000338633,3.47027072189288,FALSE,"Downregula NQO1",8.26184702114646
392,"TPCA-1","MCF7","24 h","10.0 µM",4.63936e-06,0.000176296,-0.980196,0.000437828371278459,"LINCS L1000","l1000_results_down","down","CPC006_MCF7_24H:BRD-K51575138-001-01-7:10","BRD-K51575138",NA,NA,NA,"tpca-1",0.000176296,3.7537575413458,FALSE,"Downregula NQO1",3.67941812699699
393,"MK-2206","BT20","6 h","10.0 µM",4.65837e-06,0.000241239,-1.17625,0.000433839479392625,"LINCS L1000","l1000_results_down","down","LJP001_BT20_6H:BRD-K68065987-300-06-7:10","BRD-K68065987",NA,NA,NA,"mk-2206",0.000241239,3.61755248046382,FALSE,"Downregula NQO1",4.25514610514557
394,"AT-7519","SKBR3","6 h","0.08 µM",4.69229e-06,0.00949891,-1.5472,0.0217391304347826,"LINCS L1000","l1000_results_down","down","LJP001_SKBR3_6H:BRD-K13390322-001-02-2:0.08","BRD-K13390322",NA,NA,NA,"at-7519",0.00949891,2.02232622714741,FALSE,"Downregula NQO1",3.12894313864248
395,"ABT-751","HT29","24 h","10.0 µM",4.70957e-06,0.000102315,-1.85459,0.000329815303430079,"LINCS L1000","l1000_results_down","down","CPC006_HT29_24H:BRD-K91623615-001-01-9:10","BRD-K91623615",NA,NA,NA,"abt-751",0.000102315,3.99006069141317,FALSE,"Downregula NQO1",7.39992665768795
396,"ellipticine","MCF7","6 h","10.0 µM",4.83426e-06,0.000120818,-0.952009,0.000334560053529609,"LINCS L1000","l1000_results_down","down","CPC014_MCF7_6H:BRD-K85985071-001-20-7:10","BRD-K85985071",NA,NA,NA,"ellipticine",0.000120818,3.9178683577818,FALSE,"Downregula NQO1",3.72984593742349
397,"trichostatin-a","HEPG2","24 h","10.0 µM",5.00915e-06,5.22453e-05,-1.23666,0.000222667557336896,"LINCS L1000","l1000_results_down","down","PCLB001_HEPG2_24H:BRD-A19037878-001-02-3:10","BRD-A19037878",NA,NA,NA,"trichostatin-a",5.22453e-05,4.28195277269777,FALSE,"Downregula NQO1",5.29531971588442
398,"DG-041","MCF7","24 h","40.0 µM",5.02275e-06,5.07241e-05,-1.02703,0.000230467849734962,"LINCS L1000","l1000_results_down","down","CPC006_MCF7_24H:BRD-K33272502-001-01-2:40","BRD-K33272502",NA,NA,NA,"dg-041",5.07241e-05,4.29478564993289,FALSE,"Downregula NQO1",4.41087370605057
399,"wortmannin","PC3","24 h","10.0 µM",5.06301e-06,9.24124e-05,-2.59817,0.000256805341551104,"LINCS L1000","l1000_results_down","down","CPC004_PC3_24H:BRD-A11678676-001-03-4:10","BRD-A11678676",NA,NA,NA,"wortmannin",9.24124e-05,4.03426975074678,FALSE,"Downregula NQO1",10.4817186382978
400,"triflupromazine","MCF7","24 h","10.0 µM",5.38619e-06,0.000278282,-1.80415,0.000483558994197292,"LINCS L1000","l1000_results_down","down","CPC016_MCF7_24H:BRD-K63675182-003-14-5:10","BRD-K63675182",NA,NA,NA,"triflupromazine",0.000278282,3.5555148840486,FALSE,"Downregula NQO1",6.41468217805629
401,"BRD-K68548958","MCF7","24 h","20.0 µM",5.45566e-06,5.62698e-05,-1.08179,0.000294117647058824,"LINCS L1000","l1000_results_down","down","CPC006_MCF7_24H:BRD-K68548958-001-01-2:20","BRD-K68548958",NA,NA,NA,"brd-k68548958",5.62698e-05,4.24972462845807,FALSE,"Downregula NQO1",4.59730960581965
402,"BRD-K62459624","ASC","24 h","10.0 µM",5.46442e-06,0.000250411,-2.37069,0.00049825610363727,"LINCS L1000","l1000_results_down","down","CPC012_ASC_24H:BRD-K62459624-001-08-7:10","BRD-K62459624",NA,NA,NA,"brd-k62459624",0.000250411,3.60134659744894,FALSE,"Downregula NQO1",8.53767636510622
403,"fostamatinib","HA1E","24 h","10.0 µM",5.63493e-06,5.13415e-05,-1.23266,0.000215563699073076,"LINCS L1000","l1000_results_down","down","CPC006_HA1E_24H:BRD-K20285085-001-01-4:10","BRD-K20285085",NA,NA,NA,"fostamatinib",5.13415e-05,4.28953144707466,FALSE,"Downregula NQO1",5.28753383355105
404,"BRD-K88008216","MCF7","24 h","10.0 µM",5.67992e-06,0.000163835,-1.90985,0.000358166189111748,"LINCS L1000","l1000_results_down","down","CPC019_MCF7_24H:BRD-K88008216-001-01-1:10","BRD-K88008216",NA,NA,NA,"brd-k88008216",0.000163835,3.78559331452228,FALSE,"Downregula NQO1",7.22991539174038
405,"geldanamycin","PC3","24 h","5.0 µM",5.72437e-06,0.000115149,-1.21056,0.000306560392397302,"LINCS L1000","l1000_results_down","down","DEB001_PC3_24H:BRD-A19500257-001-04-7:5","BRD-A19500257",NA,NA,NA,"geldanamycin",0.000115149,3.93873982927046,FALSE,"Downregula NQO1",4.76808088772165
406,"geldanamycin","PC3","24 h","10.0 µM",5.77768e-06,0.00023222,-1.65946,0.000407830342577488,"LINCS L1000","l1000_results_down","down","CPC011_PC3_24H:BRD-A19500257:10","BRD-A19500257",NA,NA,NA,"geldanamycin",0.00023222,3.63410037927621,FALSE,"Downregula NQO1",6.0306442153937
407,"NVP-AUY922","PC3","24 h","10.0 µM",5.80973e-06,8.13655e-05,-1.32689,0.000275785990071704,"LINCS L1000","l1000_results_down","down","CPC006_PC3_24H:BRD-K41859756-001-01-9:10","BRD-K41859756",NA,NA,NA,"nvp-auy922",8.13655e-05,4.089559702429,FALSE,"Downregula NQO1",5.42639587355601
408,"podophyllotoxin","MCF7","24 h","10.0 µM",5.89003e-06,0.000123154,-2.04006,0.000300751879699248,"LINCS L1000","l1000_results_down","down","CPC020_MCF7_24H:BRD-K47869605-001-27-0:10","BRD-K47869605",NA,NA,NA,"podophyllotoxin",0.000123154,3.90955147785885,FALSE,"Downregula NQO1",7.97571958792073
409,"triptolide","HT29","6 h","10.0 µM",5.99294e-06,0.00010234,-2.66248,0.000295683027794205,"LINCS L1000","l1000_results_down","down","CPC011_HT29_6H:BRD-K39484304-001-08-2:10","BRD-K39484304",NA,NA,NA,"triptolide",0.00010234,3.9899545873639,FALSE,"Downregula NQO1",10.6231742897646
410,"gemcitabine","A375","24 h","0.08 µM",6.13509e-06,4.24801e-05,-1.64319,0.00018807598269701,"LINCS L1000","l1000_results_down","down","CPC006_A375_24H:BRD-K15108141-001-01-7:0.08","BRD-K15108141",NA,NA,NA,"gemcitabine",4.24801e-05,4.37181446957732,FALSE,"Downregula NQO1",7.18372181826475
411,"avicin-g","PC3","24 h","2.5 µM",6.21608e-06,0.000213297,-2.26038,0.000348553502962705,"LINCS L1000","l1000_results_down","down","PCLB001_PC3_24H:BRD-A33746814-001-01-0:2.5","BRD-A33746814",NA,NA,NA,"avicin-g",0.000213297,3.67101525281409,FALSE,"Downregula NQO1",8.29788945715591
412,"CYT-997","MCF7","24 h","1.0 µM",6.62069e-06,7.17026e-05,-1.09543,0.00024770869457518,"LINCS L1000","l1000_results_down","down","CPC006_MCF7_24H:BRD-K23363278-001-01-3:1","BRD-K23363278",NA,NA,NA,"cyt-997",7.17026e-05,4.14446509614279,FALSE,"Downregula NQO1",4.5399714002677
413,"wortmannin","MCF7","6 h","1.11 µM",6.83703e-06,0.000240137,-1.69767,0.000366703337000367,"LINCS L1000","l1000_results_down","down","HOG003_MCF7_6H:BRD-A75409952-001-01-6:1.11","BRD-A75409952",NA,NA,NA,"wortmannin",0.000240137,3.6195409192523,FALSE,"Downregula NQO1",6.14478603238706
414,"bethanechol","HT29","6 h","10.0 µM",6.91709e-06,0.00100019,-2.04189,0.000728332119446468,"LINCS L1000","l1000_results_down","down","CPC020_HT29_6H:BRD-A99833829-003-21-4:10","BRD-A99833829",NA,NA,NA,"bethanechol",0.00100019,2.99991749188646,FALSE,"Downregula NQO1",6.12550152750805
415,"niclosamide","MCF7","24 h","10.0 µM",7.11658e-06,7.26413e-05,-0.918557,0.000230520977408944,"LINCS L1000","l1000_results_down","down","CPC018_MCF7_24H:BRD-K35960502-001-10-1:10","BRD-K35960502",NA,NA,NA,"niclosamide",7.26413e-05,4.13881639221585,FALSE,"Downregula NQO1",3.80173876878461
416,"importazole","HT29","24 h","60.0 µM",7.16413e-06,3.53884e-05,-1.54375,0.000184979652238254,"LINCS L1000","l1000_results_down","down","CPC006_HT29_24H:BRD-A02481876-001-09-9:60","BRD-A02481876",NA,NA,NA,"importazole",3.53884e-05,4.45113907248199,FALSE,"Downregula NQO1",6.87144594314407
417,"PHA-793887","SKBR3","6 h","2.0 µM",7.25865e-06,0.000295495,-1.36676,0.000484966052376334,"LINCS L1000","l1000_results_down","down","LJP001_SKBR3_6H:BRD-K64800655-001-03-3:2","BRD-K64800655",NA,NA,NA,"pha-793887",0.000295495,3.52944986331329,FALSE,"Downregula NQO1",4.82391089518207
418,"purmorphamine","MCF7","24 h","44.4 µM",7.31413e-06,0.000152358,-1.07264,0.00030441400304414,"LINCS L1000","l1000_results_down","down","CPC006_MCF7_24H:BRD-K73397362-001-03-3:44.4","BRD-K73397362",NA,NA,NA,"purmorphamine",0.000152358,3.81713473694746,FALSE,"Downregula NQO1",4.09441140423932
419,"PIK-90","MCF7","24 h","10.0 µM",7.42204e-06,0.000134808,-1.21602,0.000338983050847458,"LINCS L1000","l1000_results_down","down","CPC006_MCF7_24H:BRD-K99818283-001-01-8:10","BRD-K99818283",NA,NA,NA,"pik-90",0.000134808,3.87028433441225,FALSE,"Downregula NQO1",4.70634315633199
420,"proscillaridin","PC3","24 h","10.0 µM",7.91164e-06,0.000104992,-2.44483,0.000251130085384229,"LINCS L1000","l1000_results_down","down","CPC004_PC3_24H:BRD-A34806832-001-02-7:10","BRD-A34806832",NA,NA,NA,"proscillaridin",0.000104992,3.97884379129405,FALSE,"Downregula NQO1",9.72759666626942
421,"vorinostat","MCF7","24 h","10.0 µM",7.95341e-06,4.22991e-05,-0.846083,0.000182049881667577,"LINCS L1000","l1000_results_down","down","CPC019_MCF7_24H:BRD-K81418486:10","BRD-K81418486",NA,NA,NA,"vorinostat",4.22991e-05,4.37366887303139,FALSE,"Downregula NQO1",3.70048688110101
422,"dorsomorphin","PC3","24 h","10.0 µM",8.0969e-06,0.000118386,-2.47672,0.000261917234154007,"LINCS L1000","l1000_results_down","down","CPC004_PC3_24H:BRD-K54233340-300-01-0:10","BRD-K54233340",NA,NA,NA,"dorsomorphin",0.000118386,3.92669965303744,FALSE,"Downregula NQO1",9.72533556467088
423,"vemurafenib","A375","24 h","10.0 µM",8.16479e-06,3.25481e-05,-1.0775,0.000153609831029186,"LINCS L1000","l1000_results_down","down","BRAF001_A375_24H:BRD-U73308409-000-01-9:10","BRD-U73308409",NA,NA,NA,"vemurafenib",3.25481e-05,4.48747435835845,FALSE,"Downregula NQO1",4.83525362113123
424,"trichostatin-a","PC3","24 h","10.0 µM",8.17353e-06,8.9925e-05,-2.46138,0.00023441162681669,"LINCS L1000","l1000_results_down","down","CPC004_PC3_24H:BRD-A19037878:10","BRD-A19037878",NA,NA,NA,"trichostatin-a",8.9925e-05,4.04611955350945,FALSE,"Downregula NQO1",9.95903774661709
425,"ouabain","A375","6 h","10.0 µM",8.48473e-06,0.000168695,-1.3615,0.000312793243665937,"LINCS L1000","l1000_results_down","down","CPC018_A375_6H:BRD-A46747628-001-01-9:10","BRD-A46747628",NA,NA,NA,"ouabain",0.000168695,3.77289778940014,FALSE,"Downregula NQO1",5.1368003402683
426,"vincristine","HA1E","24 h","10.0 µM",8.62677e-06,0.00590031,-2.12127,0.00662251655629139,"LINCS L1000","l1000_results_down","down","CRCGN001_HA1E_24H:BRD-K74793820-001-01-2:10","BRD-K74793820",NA,NA,NA,"vincristine",0.00590031,2.2291251700947,FALSE,"Downregula NQO1",4.72857634956679
427,"GW-843682X","A375","24 h","10.0 µM",8.68883e-06,8.02501e-05,-1.11534,0.00021505376344086,"LINCS L1000","l1000_results_down","down","CPC006_A375_24H:BRD-K90382497-001-03-2:10","BRD-K90382497",NA,NA,NA,"gw-843682x",8.02501e-05,4.0955544177465,FALSE,"Downregula NQO1",4.56793566428938
428,"LY-2183240","HT29","24 h","10.0 µM",8.72799e-06,0.000125471,-1.4413,0.000261574679571018,"LINCS L1000","l1000_results_down","down","CPC006_HT29_24H:BRD-K37865504-001-02-5:10","BRD-K37865504",NA,NA,NA,"ly-2183240",0.000125471,3.90145664067972,FALSE,"Downregula NQO1",5.62316945621168
429,"BRD-K19117583","MCF7","24 h","10.0 µM",8.81779e-06,0.000613608,-1.86052,0.000549752611324904,"LINCS L1000","l1000_results_down","down","CPC007_MCF7_24H:BRD-K19117583-001-05-0:10","BRD-K19117583",NA,NA,NA,"brd-k19117583",0.000613608,3.2121089868472,FALSE,"Downregula NQO1",5.97619301220895
430,"SA-792574","PC3","24 h","10.0 µM",8.82051e-06,0.000514176,-1.42303,0.000651041666666667,"LINCS L1000","l1000_results_down","down","CPC002_PC3_24H:BRD-K26997899-001-01-4:10","BRD-K26997899",NA,NA,NA,"sa-792574",0.000514176,3.28888819862046,FALSE,"Downregula NQO1",4.68018657328287
431,"BRD-K08307026","PC3","24 h","10.0 µM",8.85329e-06,6.45742e-05,-1.43396,0.000192566917003659,"LINCS L1000","l1000_results_down","down","CPC012_PC3_24H:BRD-K08307026-001-01-4:10","BRD-K08307026",NA,NA,NA,"brd-k08307026",6.45742e-05,4.18994096552999,FALSE,"Downregula NQO1",6.00820774693138
432,"digoxin","A375","6 h","10.0 µM",8.85925e-06,0.000585394,-1.74418,0.000656167979002625,"LINCS L1000","l1000_results_down","down","CPC020_A375_6H:BRD-A75144621-001-02-8:10","BRD-A75144621",NA,NA,NA,"digoxin",0.000585394,3.23255173318382,FALSE,"Downregula NQO1",5.63815208198456
433,"YK-4279","A375","24 h","10.0 µM",9.32179e-06,0.000220358,-1.11269,0.0003725782414307,"LINCS L1000","l1000_results_down","down","CPC006_A375_24H:BRD-A62182663-001-01-4:10","BRD-A62182663",NA,NA,NA,"yk-4279",0.000220358,3.65687117799823,FALSE,"Downregula NQO1",4.06896399104685
434,"BRD-K89784888","MCF7","24 h","10.0 µM",9.77407e-06,0.000134526,-1.61432,0.000233972859148339,"LINCS L1000","l1000_results_down","down","CPC013_MCF7_24H:BRD-K89784888-001-01-3:10","BRD-K89784888",NA,NA,NA,"brd-k89784888",0.000134526,3.87119377093828,FALSE,"Downregula NQO1",6.24934552830108
435,"BMS-536924","HT29","24 h","11.1 µM",1.00666e-05,3.76428e-05,-1.47098,0.000164257555847569,"LINCS L1000","l1000_results_down","down","CPC006_HT29_24H:BRD-K34581968-001-01-2:11.1","BRD-K34581968",NA,NA,NA,"bms-536924",3.76428e-05,4.42431807973675,FALSE,"Downregula NQO1",6.50808340893117
436,"MW-STK33-2A","MCF7","24 h","10.0 µM",1.02109e-05,0.000325754,-0.890658,0.000395882818685669,"LINCS L1000","l1000_results_down","down","CPC019_MCF7_24H:BRD-K30849099-001-07-6:10","BRD-K30849099",NA,NA,NA,"mw-stk33-2a",0.000325754,3.48711024279186,FALSE,"Downregula NQO1",3.10582263462451
437,"tyrphostin-AG-1478","PC3","24 h","56.78 µM",1.03701e-05,8.30356e-05,-1.03385,0.000231160425335183,"LINCS L1000","l1000_results_down","down","CPC006_PC3_24H:BRD-K68336408-001-04-2:56.78","BRD-K68336408",NA,NA,NA,"tyrphostin-ag-1478",8.30356e-05,4.0807356718553,FALSE,"Downregula NQO1",4.2188685743476
438,"TPCA-1","SW620","6 h","10.0 µM",1.05264e-05,0.00194148,-2.38571,0.00119617224880383,"LINCS L1000","l1000_results_down","down","CPC006_SW620_6H:BRD-K51575138-001-01-7:10","BRD-K51575138",NA,NA,NA,"tpca-1",0.00194148,2.71186707894455,FALSE,"Downregula NQO1",6.4697284089088
439,"pyroxamide","ASC","24 h","10.0 µM",1.05506e-05,0.00283062,-2.2085,0.00282485875706215,"LINCS L1000","l1000_results_down","down","CPC013_ASC_24H:BRD-K11663430-001-01-5:10","BRD-K11663430",NA,NA,NA,"pyroxamide",0.00283062,2.54811842910896,FALSE,"Downregula NQO1",5.62751955068715
440,"PNU-74654","MCF7","6 h","80.0 µM",1.05631e-05,0.00104542,-0.990182,0.00144508670520231,"LINCS L1000","l1000_results_down","down","CPC006_MCF7_6H:BRD-K30707190-001-02-5:80","BRD-K30707190",NA,NA,NA,"pnu-74654",0.00104542,2.98070919564199,FALSE,"Downregula NQO1",2.95144459275917
441,"BRD-K67778494","HA1E","24 h","10.0 µM",1.06089e-05,0.00387277,-1.38901,0.00505050505050505,"LINCS L1000","l1000_results_down","down","CPC006_HA1E_24H:BRD-K67778494-001-05-8:10","BRD-K67778494",NA,NA,NA,"brd-k67778494",0.00387277,2.41197829457005,FALSE,"Downregula NQO1",3.35026197094074
442,"TG-101348","VCAP","24 h","11.1 µM",1.0724e-05,0.000121097,-1.70648,0.000243783520234032,"LINCS L1000","l1000_results_down","down","CPC006_VCAP_24H:BRD-K12502280-001-01-5:11.1","BRD-K12502280",NA,NA,NA,"tg-101348",0.000121097,3.91686661573047,FALSE,"Downregula NQO1",6.68405454241174
443,"artesunate","PC3","24 h","10.0 µM",1.09179e-05,0.000139805,-1.09828,0.000277700638711469,"LINCS L1000","l1000_results_down","down","CPC006_PC3_24H:BRD-A47829399-001-01-1:10","BRD-A47829399",NA,NA,NA,"artesunate",0.000139805,3.85447729616131,FALSE,"Downregula NQO1",4.23329532482804
444,"wortmannin","MCF7","24 h","10.0 µM",1.13517e-05,0.000862726,-0.900928,0.000896057347670251,"LINCS L1000","l1000_results_down","down","CPC018_MCF7_24H:BRD-A75409952:10","BRD-A75409952",NA,NA,NA,"wortmannin",0.000862726,3.06412711341873,FALSE,"Downregula NQO1",2.76055791203811
445,"digoxin","ASC","24 h","10.0 µM",1.15836e-05,7.1492e-05,-2.0694,0.000190476190476191,"LINCS L1000","l1000_results_down","down","CPC017_ASC_24H:BRD-A94756469-001-03-9:10","BRD-A94756469",NA,NA,NA,"digoxin",7.1492e-05,4.14574255330716,FALSE,"Downregula NQO1",8.57919963981384
446,"tyrphostin-AG-1478","A549","6 h","56.78 µM",1.16741e-05,0.000448206,-0.743972,0.000654450261780105,"LINCS L1000","l1000_results_down","down","CPC006_A549_6H:BRD-K68336408-001-04-2:56.78","BRD-K68336408",NA,NA,NA,"tyrphostin-ag-1478",0.000448206,3.34852233399139,FALSE,"Downregula NQO1",2.49120685786424
447,"emetine","PC3","24 h","0.63 µM",1.17234e-05,0.000573749,-0.866611,0.000956022944550669,"LINCS L1000","l1000_results_down","down","CPC006_PC3_24H:BRD-K01976263-003-04-5:0.63","BRD-K01976263",NA,NA,NA,"emetine",0.000573749,3.24127805839562,FALSE,"Downregula NQO1",2.80892721946428
448,"MW-A1-12","HA1E","6 h","10.0 µM",1.2057e-05,0.00072958,-1.50077,0.000606428138265616,"LINCS L1000","l1000_results_down","down","CPC006_HA1E_6H:BRD-K78867378-001-07-3:10","BRD-K78867378",NA,NA,NA,"mw-a1-12",0.00072958,3.13692707984506,FALSE,"Downregula NQO1",4.70780605361907
449,"phloretin","HA1E","24 h","177.6 µM",1.21356e-05,0.000100459,-1.18259,0.000238549618320611,"LINCS L1000","l1000_results_down","down","CPC006_HA1E_24H:BRD-K15563106-001-08-1:177.6","BRD-K15563106",NA,NA,NA,"phloretin",0.000100459,3.99801114925673,FALSE,"Downregula NQO1",4.72800800499952
450,"trichostatin-a","MCF7","6 h","10.0 µM",1.23792e-05,9.63846e-05,-1.18706,0.000199044585987261,"LINCS L1000","l1000_results_down","down","CPC013_MCF7_6H:BRD-K68202742-001-05-8:10","BRD-K68202742",NA,NA,NA,"trichostatin-a",9.63846e-05,4.01599235063344,FALSE,"Downregula NQO1",4.76722387974293
451,"cycloheximide","MCF7","24 h","10.0 µM",1.2497e-05,0.000281095,-0.913476,0.00039032006245121,"LINCS L1000","l1000_results_down","down","CPC018_MCF7_24H:BRD-K36055864-001-09-3:10","BRD-K36055864",NA,NA,NA,"cycloheximide",0.000281095,3.551146879372,FALSE,"Downregula NQO1",3.24388744678122
452,"AZD-7762","ASC","24 h","10.0 µM",1.27061e-05,0.000304235,-1.69572,0.000369549150036955,"LINCS L1000","l1000_results_down","down","CPC013_ASC_24H:BRD-K46056750-001-01-3:10","BRD-K46056750",NA,NA,NA,"azd-7762",0.000304235,3.51679082502171,FALSE,"Downregula NQO1",5.96349253780581
453,"ISOX","HA1E","24 h","10.0 µM",1.27366e-05,9.13428e-05,-1.60388,0.000187020759304283,"LINCS L1000","l1000_results_down","down","CPC006_HA1E_24H:BRD-K69840642-001-01-4:10","BRD-K69840642",NA,NA,NA,"isox",9.13428e-05,4.03932567976743,FALSE,"Downregula NQO1",6.47859367126539
454,"AKT-inhibitor-1-2","SW620","6 h","9.1 µM",1.28142e-05,0.000310159,-2.54163,0.000292056074766355,"LINCS L1000","l1000_results_down","down","CPC006_SW620_6H:BRD-K04887706-001-01-6:9.1","BRD-K04887706",NA,NA,NA,"akt-inhibitor-1-2",0.000310159,3.50841561223035,FALSE,"Downregula NQO1",8.91709437251302
455,"BRD-K53780220","HT29","6 h","10.0 µM",1.3243e-05,0.000199388,-1.85353,0.000292056074766355,"LINCS L1000","l1000_results_down","down","CPC008_HT29_6H:BRD-K53780220-001-01-0:10","BRD-K53780220",NA,NA,NA,"brd-k53780220",0.000199388,3.70030098288798,FALSE,"Downregula NQO1",6.85861888081236
456,"vorinostat","MCF7","24 h","10.0 µM",1.33219e-05,6.4294e-05,-1.47686,0.00016739203213927,"LINCS L1000","l1000_results_down","down","CPC015_MCF7_24H:BRD-K81418486:10","BRD-K81418486",NA,NA,NA,"vorinostat",6.4294e-05,4.19182955411271,FALSE,"Downregula NQO1",6.19074539528689
457,"A-443644","SKBR3","6 h","2.0 µM",1.33434e-05,8.01542e-05,-1.52203,0.000199760287654814,"LINCS L1000","l1000_results_down","down","LJP001_SKBR3_6H:BRD-K38615104-001-08-4:2","BRD-K38615104",NA,NA,NA,"a-443644",8.01542e-05,4.09607371611664,FALSE,"Downregula NQO1",6.23434707814102
458,"auranofin","A549","6 h","10.0 µM",1.36858e-05,0.000239776,-0.70226,0.00032797638570023,"LINCS L1000","l1000_results_down","down","CPC006_A549_6H:BRD-A79465854-001-01-3:10","BRD-A79465854",NA,NA,NA,"auranofin",0.000239776,3.62019428908199,FALSE,"Downregula NQO1",2.54231764145072
459,"mitoxantrone","MCF7","24 h","10.0 µM",1.37511e-05,8.13091e-05,-1.94198,0.000189825360668185,"LINCS L1000","l1000_results_down","down","CPC020_MCF7_24H:BRD-K21680192-003-15-1:10","BRD-K21680192",NA,NA,NA,"mitoxantrone",8.13091e-05,4.0898608460588,FALSE,"Downregula NQO1",7.94242796582928
460,"RS-I-002-6","PC3","24 h","10.0 µM",1.39345e-05,0.000225832,-2.12496,0.000266169816342827,"LINCS L1000","l1000_results_down","down","CPC013_PC3_24H:BRD-K66254772-001-01-3:10","BRD-K66254772",NA,NA,NA,"rs-i-002-6",0.000225832,3.64621451928105,FALSE,"Downregula NQO1",7.74806000489146
461,"bortezomib","HT29","24 h","0.04 µM",1.39605e-05,4.20608e-05,-1.6125,0.000145772594752187,"LINCS L1000","l1000_results_down","down","CPC006_HT29_24H:BRD-K88510285-001-01-2:0.04","BRD-K88510285",NA,NA,NA,"bortezomib",4.20608e-05,4.37612247125309,FALSE,"Downregula NQO1",7.05649748489561
462,"pyrvinium-pamoate","A375","6 h","10.0 µM",1.39905e-05,0.000193023,-1.91367,0.000259336099585062,"LINCS L1000","l1000_results_down","down","CPC006_A375_6H:BRD-M86331534-373-01-5:10","BRD-M86331534",NA,NA,NA,"pyrvinium-pamoate",0.000193023,3.71439093877489,FALSE,"Downregula NQO1",7.10811850780535
463,"Merck60","PC3","24 h","2.5 µM",1.42505e-05,9.46409e-05,-1.20457,0.000175932441942294,"LINCS L1000","l1000_results_down","down","HDAC001_PC3_24H:BRD-K04466929-001-05-1:2.5","BRD-K04466929",NA,NA,NA,"merck60",9.46409e-05,4.02392113838039,FALSE,"Downregula NQO1",4.84709468565886
464,"emetine","A375","6 h","0.63 µM",1.42545e-05,0.00021091,-1.92857,0.000310366232153942,"LINCS L1000","l1000_results_down","down","CPC006_A375_6H:BRD-K01976263-003-04-5:0.63","BRD-K01976263",NA,NA,NA,"emetine",0.00021091,3.67590282831239,FALSE,"Downregula NQO1",7.08923591759842
465,"evodiamine","HT29","24 h","10.0 µM",1.4541e-05,0.000254343,-1.48685,0.000306278713629403,"LINCS L1000","l1000_results_down","down","CPC006_HT29_24H:BRD-A68631409-001-01-3:10","BRD-A68631409",NA,NA,NA,"evodiamine",0.000254343,3.59458021047299,FALSE,"Downregula NQO1",5.34460158594177
466,"curcumin","HA1E","6 h","48.0 µM",1.4778e-05,0.000281262,-1.44827,0.000348553502962705,"LINCS L1000","l1000_results_down","down","CPC006_HA1E_6H:BRD-K74148702-001-03-8:48","BRD-K74148702",NA,NA,NA,"curcumin",0.000281262,3.55088893937798,FALSE,"Downregula NQO1",5.14264592423295
467,"torin-1","MDAMB231","6 h","0.4 µM",1.5139e-05,0.000453111,-1.42471,0.000391849529780564,"LINCS L1000","l1000_results_down","down","LJP001_MDAMB231_6H:BRD-K40175214-001-03-3:0.4","BRD-K40175214",NA,NA,NA,"torin-1",0.000453111,3.34379539449415,FALSE,"Downregula NQO1",4.76393873648976
468,"BRD-K05402890","MCF7","24 h","0.35 µM",1.517e-05,0.000193241,-1.09685,0.000278473962684489,"LINCS L1000","l1000_results_down","down","CPC006_MCF7_24H:BRD-K05402890-001-02-7:0.35","BRD-K05402890",NA,NA,NA,"brd-k05402890",0.000193241,3.7139007237556,FALSE,"Downregula NQO1",4.07359200885133
469,"salermide","A375","6 h","120.0 µM",1.56247e-05,0.000259456,-2.41246,0.000323729362253156,"LINCS L1000","l1000_results_down","down","CPC006_A375_6H:BRD-A67788537-001-01-7:120","BRD-A67788537",NA,NA,NA,"salermide",0.000259456,3.58593628165912,FALSE,"Downregula NQO1",8.65092784205137
470,"AKT-inhibitor-IV","PC3","24 h","10.0 µM",1.59721e-05,6.34552e-05,-0.962736,0.0001595914458985,"LINCS L1000","l1000_results_down","down","CPC006_PC3_24H:BRD-K28296557-005-14-6:10","BRD-K28296557",NA,NA,NA,"akt-inhibitor-iv",6.34552e-05,4.1975327827297,FALSE,"Downregula NQO1",4.04111592111406
471,"BRD-K81795824","PC3","24 h","10.0 µM",1.62593e-05,0.000118321,-1.3966,0.000202798620969377,"LINCS L1000","l1000_results_down","down","CPC012_PC3_24H:BRD-K81795824-001-01-4:10","BRD-K81795824",NA,NA,NA,"brd-k81795824",0.000118321,3.92693816851888,FALSE,"Downregula NQO1",5.48436184615347
472,"teniposide","A375","6 h","1.25 µM",1.62626e-05,0.000227044,-1.94991,0.000276319425255596,"LINCS L1000","l1000_results_down","down","CPC006_A375_6H:BRD-A35588707-001-03-0:1.25","BRD-A35588707",NA,NA,NA,"teniposide",0.000227044,3.64388997053607,FALSE,"Downregula NQO1",7.10525749244799
473,"geldanamycin","PC3","24 h","10.0 µM",1.63227e-05,0.000202492,-1.16738,0.000261233019853709,"LINCS L1000","l1000_results_down","down","DEB001_PC3_24H:BRD-A19500257-001-04-7:10","BRD-A19500257",NA,NA,NA,"geldanamycin",0.000202492,3.6935921301011,FALSE,"Downregula NQO1",4.31182558083742
474,"AT-7519","MCF7","6 h","10.0 µM",1.68916e-05,7.66385e-05,-1.65228,0.000181719062329638,"LINCS L1000","l1000_results_down","down","CPC013_MCF7_6H:BRD-K13390322-001-01-4:10","BRD-K13390322",NA,NA,NA,"at-7519",7.66385e-05,4.11555300403517,FALSE,"Downregula NQO1",6.80004591750724
475,"BRD-K89692698","MCF7","24 h","160.0 µM",1.69283e-05,0.000118058,-1.15622,0.000198570293884035,"LINCS L1000","l1000_results_down","down","CPC006_MCF7_24H:BRD-K89692698-001-06-7:160","BRD-K89692698",NA,NA,NA,"brd-k89692698",0.000118058,3.92790457835962,FALSE,"Downregula NQO1",4.54152183159096
476,"importazole","HCC515","24 h","60.0 µM",1.69288e-05,0.000131623,-1.62596,0.000249438762783737,"LINCS L1000","l1000_results_down","down","CPC006_HCC515_24H:BRD-A02481876-001-09-9:60","BRD-A02481876",NA,NA,NA,"importazole",0.000131623,3.88066821482308,FALSE,"Downregula NQO1",6.30981129057373
477,"BRD-K05402890","HT29","24 h","0.35 µM",1.72413e-05,0.000290635,-1.64184,0.000313774709758394,"LINCS L1000","l1000_results_down","down","CPC006_HT29_24H:BRD-K05402890-001-02-7:0.35","BRD-K05402890",NA,NA,NA,"brd-k05402890",0.000290635,3.53665208655701,FALSE,"Downregula NQO1",5.80661686179277
478,"mitoxantrone","MCF7","6 h","10.0 µM",1.72427e-05,0.000116207,-1.68522,0.000211909302818394,"LINCS L1000","l1000_results_down","down","CPC005_MCF7_6H:BRD-K21680192-300-06-0:10","BRD-K21680192",NA,NA,NA,"mitoxantrone",0.000116207,3.93476771041549,FALSE,"Downregula NQO1",6.63094924094639
479,"mepacrine","HCC515","6 h","10.0 µM",1.73248e-05,0.000696368,-1.89782,0.000524109014675052,"LINCS L1000","l1000_results_down","down","CPC006_HCC515_6H:BRD-A45889380-300-04-8:10","BRD-A45889380",NA,NA,NA,"mepacrine",0.000696368,3.15716119410658,FALSE,"Downregula NQO1",5.99172365739936
480,"RAN-27","MCF7","24 h","10.0 µM",1.7382e-05,0.00175011,-2.10071,0.00102986611740474,"LINCS L1000","l1000_results_down","down","CPC012_MCF7_24H:BRD-K05114711-001-01-7:10","BRD-K05114711",NA,NA,NA,"ran-27",0.00175011,2.75693465366133,FALSE,"Downregula NQO1",5.7915201962929
481,"BRD-K59036917","MCF7","24 h","10.0 µM",1.79496e-05,0.000142598,-0.880857,0.00019952114924182,"LINCS L1000","l1000_results_down","down","CPC006_MCF7_24H:BRD-K59036917-001-04-3:10","BRD-K59036917",NA,NA,NA,"brd-k59036917",0.000142598,3.84588656561357,FALSE,"Downregula NQO1",3.38767610252667
482,"digoxin","MCF7","24 h","10.0 µM",1.79577e-05,5.77282e-05,-1.58385,0.0001478633742422,"LINCS L1000","l1000_results_down","down","CPC017_MCF7_24H:BRD-K23478508-001-03-7:10","BRD-K23478508",NA,NA,NA,"digoxin",5.77282e-05,4.23861198385343,FALSE,"Downregula NQO1",6.71332559062626
483,"geldanamycin","PC3","24 h","10.0 µM",1.80851e-05,0.000343017,-1.79994,0.000329380764163373,"LINCS L1000","l1000_results_down","down","CPC003_PC3_24H:BRD-A19500257:10","BRD-A19500257",NA,NA,NA,"geldanamycin",0.000343017,3.46468435569123,FALSE,"Downregula NQO1",6.23622395918287
484,"ouabain","PC3","24 h","10.0 µM",1.81369e-05,0.000299348,-2.01827,0.000306184935701164,"LINCS L1000","l1000_results_down","down","CPC004_PC3_24H:BRD-A68930007-001-03-1:10","BRD-A68930007",NA,NA,NA,"ouabain",0.000299348,3.5238236391113,FALSE,"Downregula NQO1",7.11202753610916
485,"MW-STK33-23","MCF7","24 h","10.0 µM",1.90154e-05,9.5218e-05,-1.84024,0.000174978127734033,"LINCS L1000","l1000_results_down","down","CPC020_MCF7_24H:BRD-K06666320-001-06-7:10","BRD-K06666320",NA,NA,NA,"mw-stk33-23",9.5218e-05,4.02128094487459,FALSE,"Downregula NQO1",7.40012204599602
486,"KU-0063794","PC3","24 h","10.0 µM",1.90193e-05,0.000180375,-1.0229,0.000243249817562637,"LINCS L1000","l1000_results_down","down","CPC006_PC3_24H:BRD-K67566344-001-01-8:10","BRD-K67566344",NA,NA,NA,"ku-0063794",0.000180375,3.74382365589845,FALSE,"Downregula NQO1",3.82955721761852
487,"atorvastatin","PC3","24 h","10.0 µM",1.94035e-05,0.000931202,-2.17558,0.000664451827242525,"LINCS L1000","l1000_results_down","down","CPC020_PC3_24H:BRD-A82307304-001-01-8:10","BRD-A82307304",NA,NA,NA,"atorvastatin",0.000931202,3.03095609993213,FALSE,"Downregula NQO1",6.59408747189033
488,"BRD-K25731886","MCF7","24 h","10.0 µM",1.97652e-05,0.00197368,-1.94552,0.000555247084952804,"LINCS L1000","l1000_results_down","down","CPC012_MCF7_24H:BRD-K25731886-001-01-3:10","BRD-K25731886",NA,NA,NA,"brd-k25731886",0.00197368,2.70472325972099,FALSE,"Downregula NQO1",5.26209319625239
489,"daunorubicin","PC3","24 h","10.0 µM",1.98758e-05,9.00679e-05,-2.53969,0.00018254837531946,"LINCS L1000","l1000_results_down","down","CPC013_PC3_24H:BRD-K17210248-003-01-7:10","BRD-K17210248",NA,NA,NA,"daunorubicin",9.00679e-05,4.04542996303668,FALSE,"Downregula NQO1",10.2741380228246
490,"alvocidib","MCF7","6 h","10.0 µM",2.04345e-05,7.38215e-05,-1.75884,0.000177210703526493,"LINCS L1000","l1000_results_down","down","LJP001_MCF7_6H:BRD-K87909389-001-04-6:10","BRD-K87909389",NA,NA,NA,"alvocidib",7.38215e-05,4.13181713449793,FALSE,"Downregula NQO1",7.26720524884034
491,"COT-10b","HT29","24 h","44.4 µM",2.05539e-05,8.99027e-05,-1.6163,0.000174794616325817,"LINCS L1000","l1000_results_down","down","CPC006_HT29_24H:BRD-K18190982-002-01-2:44.4","BRD-K18190982",NA,NA,NA,"cot-10b",8.99027e-05,4.04622726513559,FALSE,"Downregula NQO1",6.53991712863866
492,"mepacrine","PC3","24 h","10.0 µM",2.13141e-05,0.000203294,-1.98192,0.000232883092687471,"LINCS L1000","l1000_results_down","down","CPC005_PC3_24H:BRD-A45889380-300-04-8:10","BRD-A45889380",NA,NA,NA,"mepacrine",0.000203294,3.69187543889932,FALSE,"Downregula NQO1",7.31700176986333
493,"ochratoxin-a","PC3","24 h","10.0 µM",2.14763e-05,0.000129183,-2.31241,0.000187406296851574,"LINCS L1000","l1000_results_down","down","CPC014_PC3_24H:BRD-K39944607-001-03-0:10","BRD-K39944607",NA,NA,NA,"ochratoxin-a",0.000129183,3.88879463411152,FALSE,"Downregula NQO1",8.99248759986581
494,"BRD-K10361096","VCAP","24 h","10.0 µM",2.15244e-05,0.000856814,-2.46223,0.00056369785794814,"LINCS L1000","l1000_results_down","down","CPC008_VCAP_24H:BRD-K10361096-001-04-6:10","BRD-K10361096",NA,NA,NA,"brd-k10361096",0.000856814,3.06711344591911,FALSE,"Downregula NQO1",7.55193873994542
495,"geldanamycin","PC3","24 h","10.0 µM",2.17362e-05,0.000494587,-1.65151,0.000394011032308905,"LINCS L1000","l1000_results_down","down","CPC005_PC3_24H:BRD-A19500257:10","BRD-A19500257",NA,NA,NA,"geldanamycin",0.000494587,3.3057573030626,FALSE,"Downregula NQO1",5.45949124358091
496,"PNU-74654","MCF7","24 h","80.0 µM",2.18025e-05,0.00034629,-0.993319,0.000304228780042592,"LINCS L1000","l1000_results_down","down","CPC006_MCF7_24H:BRD-K30707190-001-02-5:80","BRD-K30707190",NA,NA,NA,"pnu-74654",0.00034629,3.46056004962156,FALSE,"Downregula NQO1",3.43744004793004
497,"ALW-II-49-7","MCF10A","24 h","10.0 µM",2.22841e-05,0.000592149,-1.81182,0.000350631136044881,"LINCS L1000","l1000_results_down","down","LJP001_MCF10A_24H:BRD-K22096725-001-02-7:10","BRD-K22096725",NA,NA,NA,"alw-ii-49-7",0.000592149,3.22756899980448,FALSE,"Downregula NQO1",5.84777406522575
498,"HY-11007","BT20","6 h","2.0 µM",2.32294e-05,0.00321287,-0.870787,0.00130890052356021,"LINCS L1000","l1000_results_down","down","LJP001_BT20_6H:BRD-K97056771-001-07-3:2","BRD-K97056771",NA,NA,NA,"hy-11007",0.00321287,2.49310684663175,FALSE,"Downregula NQO1",2.17096503165792
499,"dorsomorphin","MCF7","24 h","10.0 µM",2.32707e-05,5.73843e-05,-0.862061,0.0001339405304045,"LINCS L1000","l1000_results_down","down","CPC006_MCF7_24H:BRD-K54233340-300-01-0:10","BRD-K54233340",NA,NA,NA,"dorsomorphin",5.73843e-05,4.24120691171388,FALSE,"Downregula NQO1",3.65617907151898
500,"sorafenib","SKBR3","6 h","0.4 µM",2.39477e-05,0.00244619,-1.4002,0.000809716599190283,"LINCS L1000","l1000_results_down","down","LJP001_SKBR3_6H:BRD-K49810818-001-02-8:0.4","BRD-K49810818",NA,NA,NA,"sorafenib",0.00244619,2.61150981355202,FALSE,"Downregula NQO1",3.65663604093554
501,"PF-562271","PHH","24 h","10.0 µM",2.40476e-05,0.000371679,-1.9642,0.00030826140567201,"LINCS L1000","l1000_results_down","down","CPC014_PHH_24H:BRD-K99545815-001-01-4:10","BRD-K99545815",NA,NA,NA,"pf-562271",0.000371679,3.42983197600883,FALSE,"Downregula NQO1",6.73687596727654
502,"genistein","PC3","24 h","10.0 µM",2.41096e-05,0.000502689,-1.76493,0.00033101621979477,"LINCS L1000","l1000_results_down","down","CPC001_PC3_24H:BRD-A36151937-001-01-2:10","BRD-A36151937",NA,NA,NA,"genistein",0.000502689,3.29870061803743,FALSE,"Downregula NQO1",5.8219756817928
503,"ursolic-acid","A549","6 h","70.07 µM",2.42109e-05,0.000709051,-1.57766,0.000466635557629491,"LINCS L1000","l1000_results_down","down","CPC006_A549_6H:BRD-K68185022-001-06-4:70.07","BRD-K68185022",NA,NA,NA,"ursolic-acid",0.000709051,3.14932252613992,FALSE,"Downregula NQO1",4.96856017658991
504,"BRD-K97936712","VCAP","6 h","10.0 µM",2.45002e-05,0.00622731,-1.42628,0.00389105058365759,"LINCS L1000","l1000_results_down","down","CPC008_VCAP_6H:BRD-K97936712-001-01-1:10","BRD-K97936712",NA,NA,NA,"brd-k97936712",0.00622731,2.20569951424675,FALSE,"Downregula NQO1",3.14594510317986
505,"QS-11","MCF7","24 h","10.0 µM",2.45281e-05,0.000347671,-0.879806,0.000275482093663912,"LINCS L1000","l1000_results_down","down","CPC006_MCF7_24H:BRD-K02526760-001-01-5:10","BRD-K02526760",NA,NA,NA,"qs-11",0.000347671,3.45883153326046,FALSE,"Downregula NQO1",3.04310073595175
506,"MLN-8054","MCF7","6 h","0.4 µM",2.45892e-05,0.0174959,-1.52982,0.004739336492891,"LINCS L1000","l1000_results_down","down","LJP001_MCF7_6H:BRD-K83963101-001-02-8:0.4","BRD-K83963101",NA,NA,NA,"mln-8054",0.0174959,1.75706371222764,FALSE,"Downregula NQO1",2.68799120824009
507,"AT-7519","SKBR3","6 h","0.4 µM",2.46815e-05,0.000307558,-1.2252,0.000296471983397569,"LINCS L1000","l1000_results_down","down","LJP001_SKBR3_6H:BRD-K13390322-001-02-2:0.4","BRD-K13390322",NA,NA,NA,"at-7519",0.000307558,3.51207297190582,FALSE,"Downregula NQO1",4.30299180517901
508,"PD-0325901","ASC","24 h","10.0 µM",2.46988e-05,0.00859363,-1.65519,0.00657894736842105,"LINCS L1000","l1000_results_down","down","CPC013_ASC_24H:BRD-K49865102-001-01-9:10","BRD-K49865102",NA,NA,NA,"pd-0325901",0.00859363,2.0658233488622,FALSE,"Downregula NQO1",3.41933014880323
509,"CD-437","HA1E","24 h","11.1 µM",2.47955e-05,0.000151149,-1.35836,0.000207684319833852,"LINCS L1000","l1000_results_down","down","CPC006_HA1E_24H:BRD-K28907958-001-02-7:11.1","BRD-K28907958",NA,NA,NA,"cd-437",0.000151149,3.82059472176383,FALSE,"Downregula NQO1",5.18974304625511
510,"BRD-K55116708","MCF7","24 h","10.0 µM",2.48473e-05,0.000137671,-0.839904,0.000190621425848265,"LINCS L1000","l1000_results_down","down","CPC019_MCF7_24H:BRD-K55116708-001-01-6:10","BRD-K55116708",NA,NA,NA,"brd-k55116708",0.000137671,3.86115753299205,FALSE,"Downregula NQO1",3.24300165659016
511,"RO-28-1675","A549","6 h","160.0 µM",2.51275e-05,0.000298262,-0.597086,0.000296296296296296,"LINCS L1000","l1000_results_down","down","CPC006_A549_6H:BRD-K21672174-001-02-2:160","BRD-K21672174",NA,NA,NA,"ro-28-1675",0.000298262,3.52540207429989,FALSE,"Downregula NQO1",2.10496822293542
512,"tubastatin-a","PC3","24 h","10.0 µM",2.54505e-05,0.000129895,-1.11959,0.000169577751399016,"LINCS L1000","l1000_results_down","down","HDAC001_PC3_24H:BRD-K00627859-001-02-3:10","BRD-K00627859",NA,NA,NA,"tubastatin-a",0.000129895,3.88640756574146,FALSE,"Downregula NQO1",4.35118304652848
513,"BRD-K01896723","HT29","6 h","10.0 µM",2.58794e-05,0.000322306,-1.9151,0.000299490865528601,"LINCS L1000","l1000_results_down","down","CPC008_HT29_6H:BRD-K01896723-001-01-9:10","BRD-K01896723",NA,NA,NA,"brd-k01896723",0.000322306,3.49173160965168,FALSE,"Downregula NQO1",6.68701520564394
514,"vorinostat","MCF7","24 h","10.0 µM",2.6461e-05,0.000142637,-1.785,0.000191094974202179,"LINCS L1000","l1000_results_down","down","CPC016_MCF7_24H:BRD-K81418486:10","BRD-K81418486",NA,NA,NA,"vorinostat",0.000142637,3.84576780399666,FALSE,"Downregula NQO1",6.86469553013404
515,"mebendazole","MCF7","24 h","10.0 µM",2.65564e-05,0.000878689,-1.89451,0.000524658971668416,"LINCS L1000","l1000_results_down","down","CPC020_MCF7_24H:BRD-K77987382-001-11-6:10","BRD-K77987382",NA,NA,NA,"mebendazole",0.000878689,3.0561648103453,FALSE,"Downregula NQO1",5.78993479484727
516,"erythrosine","MCF7","24 h","10.0 µM",2.75216e-05,0.00169296,-1.18025,0.000857632933104631,"LINCS L1000","l1000_results_down","down","CPC015_MCF7_24H:BRD-K14920963-304-01-9:10","BRD-K14920963",NA,NA,NA,"erythrosine",0.00169296,2.77135330295692,FALSE,"Downregula NQO1",3.27088973581491
517,"BRD-K35832492","HA1E","24 h","10.0 µM",2.75793e-05,0.00133799,-2.37946,0.000509164969450102,"LINCS L1000","l1000_results_down","down","HDAC002_HA1E_24H:BRD-K35832492-001-01-3:10","BRD-K35832492",NA,NA,NA,"brd-k35832492",0.00133799,2.87354713242847,FALSE,"Downregula NQO1",6.83749045972825
518,"cosmosiin","PC3","24 h","10.0 µM",2.89665e-05,0.000609581,-1.28983,0.000431406384814495,"LINCS L1000","l1000_results_down","down","CPC001_PC3_24H:BRD-K13642330-001-02-6:10","BRD-K13642330",NA,NA,NA,"cosmosiin",0.000609581,3.2149685779607,FALSE,"Downregula NQO1",4.14676292091105
519,"BX-912","MCF7","6 h","0.08 µM",2.9178e-05,0.000380407,-1.50411,0.000295159386068477,"LINCS L1000","l1000_results_down","down","LJP001_MCF7_6H:BRD-K49669041-001-03-5:0.08","BRD-K49669041",NA,NA,NA,"bx-912",0.000380407,3.41975150005901,FALSE,"Downregula NQO1",5.14368242875376
520,"SA-792574","A375","6 h","10.0 µM",2.93881e-05,0.0110634,-1.5086,0.0117647058823529,"LINCS L1000","l1000_results_down","down","CPC018_A375_6H:BRD-K26997899-001-01-4:10","BRD-K26997899",NA,NA,NA,"sa-792574",0.0110634,1.95611138529887,FALSE,"Downregula NQO1",2.95098963586187
521,"WZ-3105","MDAMB231","24 h","0.08 µM",2.95823e-05,0.00178022,-1.17302,0.000911577028258888,"LINCS L1000","l1000_results_down","down","LJP001_MDAMB231_24H:BRD-K92571446-001-01-4:0.08","BRD-K92571446",NA,NA,NA,"wz-3105",0.00178022,2.74952632416186,FALSE,"Downregula NQO1",3.22524936876835
522,"tanespimycin","SW620","6 h","0.35 µM",2.99606e-05,0.003147,-2.62937,0.000967117988394584,"LINCS L1000","l1000_results_down","down","CPC006_SW620_6H:BRD-K81473043-001-04-7:0.35","BRD-K81473043",NA,NA,NA,"tanespimycin",0.003147,2.50210325708678,FALSE,"Downregula NQO1",6.57895524108627
523,"dorsomorphin","HT29","6 h","10.0 µM",3.05918e-05,0.000297,-1.16988,0.000261096605744125,"LINCS L1000","l1000_results_down","down","CPC006_HT29_6H:BRD-K54233340-300-01-0:10","BRD-K54233340",NA,NA,NA,"dorsomorphin",0.000297,3.52724355068279,FALSE,"Downregula NQO1",4.12645168507278
524,"staurosporine","A375","6 h","10.0 µM",3.10554e-05,9.09126e-05,-1.88158,0.000153421294875729,"LINCS L1000","l1000_results_down","down","CPC019_A375_6H:BRD-K17953061-001-05-1:10","BRD-K17953061",NA,NA,NA,"staurosporine",9.09126e-05,4.04137592171476,FALSE,"Downregula NQO1",7.60417210678005
525,"cediranib","MCF7","6 h","10.0 µM",3.15315e-05,0.00125607,-1.05738,0.000412541254125412,"LINCS L1000","l1000_results_down","down","CPC014_MCF7_6H:BRD-K86930074-001-01-9:10","BRD-K86930074",NA,NA,NA,"cediranib",0.00125607,2.90098615696298,FALSE,"Downregula NQO1",3.06744474264952
526,"BRD-K18761689","VCAP","6 h","10.0 µM",3.15733e-05,0.000809061,-1.24634,0.000399361022364217,"LINCS L1000","l1000_results_down","down","CPC007_VCAP_6H:BRD-K18761689-001-05-9:10","BRD-K18761689",NA,NA,NA,"brd-k18761689",0.000809061,3.09201873306674,FALSE,"Downregula NQO1",3.8537066277704
527,"fatostatin","HA1E","24 h","10.0 µM",3.23072e-05,0.00166918,-1.10076,0.00069060773480663,"LINCS L1000","l1000_results_down","down","CPC006_HA1E_24H:BRD-K99696746-004-03-9:10","BRD-K99696746",NA,NA,NA,"fatostatin",0.00166918,2.77749682761578,FALSE,"Downregula NQO1",3.05735740796634
528,"bongkrek-acid","MCF7","6 h","10.0 µM",3.26939e-05,0.000783936,-1.5798,0.000324254215304799,"LINCS L1000","l1000_results_down","down","CPC015_MCF7_6H:BRD-A41301928-001-02-5:10","BRD-A41301928",NA,NA,NA,"bongkrek-acid",0.000783936,3.10571939137345,FALSE,"Downregula NQO1",4.90641549449178
529,"BRD-K00944562","ASC","24 h","10.0 µM",3.29309e-05,0.00805829,-2.15843,0.00163934426229508,"LINCS L1000","l1000_results_down","down","CPC012_ASC_24H:BRD-K00944562-001-01-2:10","BRD-K00944562",NA,NA,NA,"brd-k00944562",0.00805829,2.09375710737039,FALSE,"Downregula NQO1",4.51922815326147
530,"BRD-K31706415","MCF7","24 h","10.0 µM",3.29639e-05,0.000442993,-0.659659,0.000287604256542997,"LINCS L1000","l1000_results_down","down","CPC019_MCF7_24H:BRD-K31706415-001-01-7:10","BRD-K31706415",NA,NA,NA,"brd-k31706415",0.000442993,3.35360313627217,FALSE,"Downregula NQO1",2.21223449127017
531,"NSC-632839","A549","6 h","10.0 µM",3.34645e-05,0.000567259,-0.600242,0.000327761389708292,"LINCS L1000","l1000_results_down","down","CPC006_A549_6H:BRD-K74402642-003-01-2:10","BRD-K74402642",NA,NA,NA,"nsc-632839",0.000567259,3.24621860497263,FALSE,"Downregula NQO1",1.94851674788598
532,"lithocholic-acid","MCF7","6 h","10.0 µM",3.43378e-05,0.000543837,-1.08941,0.000269106566200215,"LINCS L1000","l1000_results_down","down","CPC014_MCF7_6H:BRD-K20986251-001-07-2:10","BRD-K20986251",NA,NA,NA,"lithocholic-acid",0.000543837,3.26453124847858,FALSE,"Downregula NQO1",3.55641298740505
533,"ZSTK-474","MCF7","6 h","0.4 µM",3.47949e-05,0.00234053,-1.51914,0.000850340136054422,"LINCS L1000","l1000_results_down","down","LJP001_MCF7_6H:BRD-K63068307-001-04-8:0.4","BRD-K63068307",NA,NA,NA,"zstk-474",0.00234053,2.63068578788371,FALSE,"Downregula NQO1",3.99638000780565
534,"LY-2183240","MCF7","24 h","10.0 µM",3.48376e-05,0.000265218,-0.974928,0.0002313743637205,"LINCS L1000","l1000_results_down","down","CPC006_MCF7_24H:BRD-K37865504-001-02-5:10","BRD-K37865504",NA,NA,NA,"ly-2183240",0.000265218,3.57639700426654,FALSE,"Downregula NQO1",3.48672957857557
535,"ryuvidine","PC3","24 h","10.0 µM",3.50178e-05,0.00015833,-1.84214,0.0002002002002002,"LINCS L1000","l1000_results_down","down","CPC001_PC3_24H:BRD-K06426971-001-01-9:10","BRD-K06426971",NA,NA,NA,"ryuvidine",0.00015833,3.80043678823276,FALSE,"Downregula NQO1",7.0009366250751
536,"ZSTK-474","BT20","6 h","10.0 µM",3.5537e-05,0.0013211,-1.0775,0.000697350069735007,"LINCS L1000","l1000_results_down","down","LJP001_BT20_6H:BRD-K63068307-001-04-8:10","BRD-K63068307",NA,NA,NA,"zstk-474",0.0013211,2.87906430743887,FALSE,"Downregula NQO1",3.10219179126538
537,"fenofibrate","MCF7","24 h","10.0 µM",3.59815e-05,0.0148377,-0.907382,0.00934579439252336,"LINCS L1000","l1000_results_down","down","CPC018_MCF7_24H:BRD-K50388907-001-15-5:10","BRD-K50388907",NA,NA,NA,"fenofibrate",0.0148377,1.82863341406526,FALSE,"Downregula NQO1",1.65926904452136
538,"bufalin","HT29","6 h","10.0 µM",3.64001e-05,0.000969566,-1.22056,0.000505305709954523,"LINCS L1000","l1000_results_down","down","CPC018_HT29_6H:BRD-K63606607-001-01-8:10","BRD-K63606607",NA,NA,NA,"bufalin",0.000969566,3.01342262241797,FALSE,"Downregula NQO1",3.67806311601848
539,"SDM25N","PC3","6 h","10.0 µM",3.70201e-05,0.0222801,-1.17155,0.0149253731343284,"LINCS L1000","l1000_results_down","down","CPC010_PC3_6H:BRD-A75769826-311-05-1:10","BRD-A75769826",NA,NA,NA,"sdm25n",0.0222801,1.65208286424558,FALSE,"Downregula NQO1",1.93549767960691
540,"MD-040","MCF7","6 h","10.0 µM",3.71225e-05,0.00137251,-1.05138,0.00056657223796034,"LINCS L1000","l1000_results_down","down","CPC013_MCF7_6H:BRD-K83336168-001-01-9:10","BRD-K83336168",NA,NA,NA,"md-040",0.00137251,2.86248448263088,FALSE,"Downregula NQO1",3.00955893534845
541,"balsalazide","PC3","6 h","10.0 µM",3.73972e-05,0.0110479,-1.1372,0.00309597523219814,"LINCS L1000","l1000_results_down","down","CPC010_PC3_6H:BRD-K41410256-001-03-2:10","BRD-K41410256",NA,NA,NA,"balsalazide",0.0110479,1.95672026542551,FALSE,"Downregula NQO1",2.22518228584189
542,"strophanthidin","A375","6 h","10.0 µM",3.88248e-05,0.00049206,-1.44741,0.000292740046838407,"LINCS L1000","l1000_results_down","down","CPC018_A375_6H:BRD-K84595254-001-03-0:10","BRD-K84595254",NA,NA,NA,"strophanthidin",0.00049206,3.30798193772012,FALSE,"Downregula NQO1",4.78800613647547
543,"BRD-A36275421","A549","6 h","10.0 µM",3.91977e-05,0.000391941,-0.607949,0.000277469478357381,"LINCS L1000","l1000_results_down","down","CPC006_A549_6H:BRD-A36275421-001-11-1:10","BRD-A36275421",NA,NA,NA,"brd-a36275421",0.000391941,3.40677930365025,FALSE,"Downregula NQO1",2.07114807087486
544,"BRD-K01614657","A375","6 h","10.0 µM",3.95993e-05,0.000274703,-1.28751,0.000223015165031222,"LINCS L1000","l1000_results_down","down","CPC012_A375_6H:BRD-K01614657-001-01-6:10","BRD-K01614657",NA,NA,NA,"brd-k01614657",0.000274703,3.56113659767324,FALSE,"Downregula NQO1",4.58499898087028
545,"MW-STK33-3A","MCF7","24 h","10.0 µM",3.9658e-05,0.000558927,-2.24423,0.000309981401115933,"LINCS L1000","l1000_results_down","down","CPC012_MCF7_24H:BRD-K34966483-001-06-0:10","BRD-K34966483",NA,NA,NA,"mw-stk33-3a",0.000558927,3.2526449104811,FALSE,"Downregula NQO1",7.299683287449
546,"testosterone","MCF7","24 h","10.0 µM",4.0106e-05,0.0343493,-0.995862,0.04,"LINCS L1000","l1000_results_down","down","CPC016_MCF7_24H:BRD-K90553655-001-03-6:10","BRD-K90553655",NA,NA,NA,"testosterone",0.0343493,1.46408210894606,FALSE,"Downregula NQO1",1.45802373717924
547,"azacitidine","A375","6 h","10.0 µM",4.06803e-05,0.00160331,-1.35267,0.000838222967309304,"LINCS L1000","l1000_results_down","down","CPC020_A375_6H:BRD-K03406345-001-11-2:10","BRD-K03406345",NA,NA,NA,"azacitidine",0.00160331,2.79498249868574,FALSE,"Downregula NQO1",3.78068897649724
548,"wortmannin","MCF7","24 h","10.0 µM",4.0692e-05,0.00506217,-1.63283,0.00148367952522255,"LINCS L1000","l1000_results_down","down","CPD003_MCF7_24H:BRD-A75409952:10","BRD-A75409952",NA,NA,NA,"wortmannin",0.00506217,2.29566327426623,FALSE,"Downregula NQO1",3.74842786412012
549,"BRD-K32944375","HT29","6 h","10.0 µM",4.07099e-05,0.00177751,-1.71747,0.000618811881188119,"LINCS L1000","l1000_results_down","down","CPC008_HT29_6H:BRD-K32944375-019-01-3:10","BRD-K32944375",NA,NA,NA,"brd-k32944375",0.00177751,2.75018794731684,FALSE,"Downregula NQO1",4.72336529387826
550,"MW-STK33-2A","A375","6 h","10.0 µM",4.09278e-05,0.00505957,-1.51657,0.00242130750605327,"LINCS L1000","l1000_results_down","down","CPC019_A375_6H:BRD-K30849099-001-07-6:10","BRD-K30849099",NA,NA,NA,"mw-stk33-2a",0.00505957,2.29588639117652,FALSE,"Downregula NQO1",3.48187242426657
551,"2-fluoropalmitic-acid","MCF7","24 h","44.4 µM",4.1381e-05,0.00181439,-0.920066,0.000657462195923734,"LINCS L1000","l1000_results_down","down","CPC006_MCF7_24H:BRD-A94451536-001-04-4:44.4","BRD-A94451536",NA,NA,NA,"2-fluoropalmitic-acid",0.00181439,2.74126935639212,FALSE,"Downregula NQO1",2.52214873165827
552,"AZD-8055","VCAP","24 h","10.0 µM",4.25065e-05,0.000650093,-1.68303,0.000367782272894446,"LINCS L1000","l1000_results_down","down","CPC006_VCAP_24H:BRD-K69932463-001-03-1:10","BRD-K69932463",NA,NA,NA,"azd-8055",0.000650093,3.18702451028376,FALSE,"Downregula NQO1",5.36385786154288
553,"vorinostat","MCF7","6 h","10.0 µM",4.25607e-05,0.000406407,-0.762333,0.000255819902788437,"LINCS L1000","l1000_results_down","down","CPC007_MCF7_6H:BRD-K81418486-001-21-0:10","BRD-K81418486",NA,NA,NA,"vorinostat",0.000406407,3.39103882032258,FALSE,"Downregula NQO1",2.58510079701297
554,"cycloheximide","A375","6 h","10.0 µM",4.26464e-05,0.000702664,-1.30092,0.000336134453781513,"LINCS L1000","l1000_results_down","down","CPC018_A375_6H:BRD-K36055864-001-09-3:10","BRD-K36055864",NA,NA,NA,"cycloheximide",0.000702664,3.15325229635868,FALSE,"Downregula NQO1",4.10212897737894
555,"vincristine","MCF7","24 h","10.0 µM",4.28409e-05,0.000906826,-1.46082,0.000442282176028306,"LINCS L1000","l1000_results_down","down","CPC015_MCF7_24H:BRD-A60414806-065-01-6:10","BRD-A60414806",NA,NA,NA,"vincristine",0.000906826,3.0424760365223,FALSE,"Downregula NQO1",4.44450984367251
556,"geldanamycin","PC3","24 h","10.0 µM",4.31324e-05,0.00152897,-1.74576,0.000609013398294762,"LINCS L1000","l1000_results_down","down","CPC020_PC3_24H:BRD-A19500257:10","BRD-A19500257",NA,NA,NA,"geldanamycin",0.00152897,2.81560103581873,FALSE,"Downregula NQO1",4.91536366429091
557,"MD-040","PC3","24 h","10.0 µM",4.37557e-05,0.00348405,-1.95839,0.00123304562268804,"LINCS L1000","l1000_results_down","down","CPC013_PC3_24H:BRD-K83336168-001-01-9:10","BRD-K83336168",NA,NA,NA,"md-040",0.00348405,2.45791562100987,FALSE,"Downregula NQO1",4.81355737302953
558,"teniposide","PC3","24 h","10.0 µM",4.54121e-05,0.000788797,-2.09065,0.000374391613627855,"LINCS L1000","l1000_results_down","down","CPC004_PC3_24H:BRD-A35588707-001-03-0:10","BRD-A35588707",NA,NA,NA,"teniposide",0.000788797,3.10303474979849,FALSE,"Downregula NQO1",6.48735959966622
559,"andarine","ASC","24 h","10.0 µM",4.55802e-05,0.00563878,-1.59089,0.00105596620908131,"LINCS L1000","l1000_results_down","down","CPC013_ASC_24H:BRD-K82164249-001-01-9:10","BRD-K82164249",NA,NA,NA,"andarine",0.00563878,2.24881484931125,FALSE,"Downregula NQO1",3.57761705562077
560,"PF-562271","MCF7","6 h","10.0 µM",4.55917e-05,0.000187209,-1.2751,0.000186741363211951,"LINCS L1000","l1000_results_down","down","CPC014_MCF7_6H:BRD-K99545815-001-01-4:10","BRD-K99545815",NA,NA,NA,"pf-562271",0.000187209,3.72767327655741,FALSE,"Downregula NQO1",4.75315619493835
561,"vinorelbine","PC3","24 h","10.0 µM",4.77567e-05,0.00430084,-1.46085,0.00165016501650165,"LINCS L1000","l1000_results_down","down","CPC011_PC3_24H:BRD-K97514127-045-02-0:10","BRD-K97514127",NA,NA,NA,"vinorelbine",0.00430084,2.36644671378388,FALSE,"Downregula NQO1",3.45702368183118
562,"GSK-1070916","MCF10A","24 h","0.4 µM",4.78992e-05,0.00796109,-1.31454,0.0015600624024961,"LINCS L1000","l1000_results_down","down","LJP001_MCF10A_24H:BRD-K36740062-001-02-5:0.4","BRD-K36740062",NA,NA,NA,"gsk-1070916",0.00796109,2.09902746636069,FALSE,"Downregula NQO1",2.75925556562978
563,"geldanamycin","A375","24 h","10.0 µM",4.80931e-05,0.000260632,-1.02448,0.000215703192407248,"LINCS L1000","l1000_results_down","down","CPC006_A375_24H:BRD-A19500257:10","BRD-A19500257",NA,NA,NA,"geldanamycin",0.000260632,3.58397226333474,FALSE,"Downregula NQO1",3.67170790434117
564,"chaetocin","A375","24 h","0.08 µM",4.81595e-05,0.000186475,-1.31379,0.000183318056828598,"LINCS L1000","l1000_results_down","down","CPC006_A375_24H:BRD-A85860691-001-02-2:0.08","BRD-A85860691",NA,NA,NA,"chaetocin",0.000186475,3.72937938417603,FALSE,"Downregula NQO1",4.89962134113663
565,"curcumin","HA1E","24 h","48.0 µM",4.83028e-05,0.000140135,-1.13427,0.000158679784195494,"LINCS L1000","l1000_results_down","down","CPC006_HA1E_24H:BRD-K74148702-001-03-8:48","BRD-K74148702",NA,NA,NA,"curcumin",0.000140135,3.85345338214106,FALSE,"Downregula NQO1",4.37085656776114
566,"thiothixene","PC3","6 h","10.0 µM",4.83177e-05,0.000865599,-1.71083,0.000337268128161889,"LINCS L1000","l1000_results_down","down","CPC009_PC3_6H:BRD-K55070890-001-02-1:10","BRD-K55070890",NA,NA,NA,"thiothixene",0.000865599,3.06268325396432,FALSE,"Downregula NQO1",5.23973039137978
567,"WYE-125132","MCF7","6 h","0.08 µM",4.84728e-05,0.0041874,-1.51566,0.00122399020807834,"LINCS L1000","l1000_results_down","down","LJP001_MCF7_6H:BRD-A45498368-001-03-0:0.08","BRD-A45498368",NA,NA,NA,"wye-125132",0.0041874,2.37805555129044,FALSE,"Downregula NQO1",3.60432367686887
568,"VER-155008","MCF7","24 h","11.1 µM",4.91726e-05,0.00244414,-0.829284,0.000884955752212389,"LINCS L1000","l1000_results_down","down","CPC006_MCF7_24H:BRD-K32330832-001-01-0:11.1","BRD-K32330832",NA,NA,NA,"ver-155008",0.00244414,2.61187392138935,FALSE,"Downregula NQO1",2.16598525302544
569,"helveticoside","PC3","24 h","10.0 µM",4.95368e-05,0.000688568,-1.54048,0.000283205890682526,"LINCS L1000","l1000_results_down","down","CPC005_PC3_24H:BRD-A63998256-001-02-3:10","BRD-A63998256",NA,NA,NA,"helveticoside",0.000688568,3.16205316424294,FALSE,"Downregula NQO1",4.87107965845297
570,"MD-041","HT29","6 h","10.0 µM",5.02327e-05,0.000958511,-1.68624,0.000359841669665347,"LINCS L1000","l1000_results_down","down","CPC012_HT29_6H:BRD-K56653679-001-01-2:10","BRD-K56653679",NA,NA,NA,"md-041",0.000958511,3.01840289873596,FALSE,"Downregula NQO1",5.08975170396452
571,"PK-11195","HT29","24 h","160.0 µM",5.02519e-05,0.00016324,-1.39659,0.000159540523292916,"LINCS L1000","l1000_results_down","down","CPC006_HT29_24H:BRD-A41451487-001-06-2:160","BRD-A41451487",NA,NA,NA,"pk-11195",0.00016324,3.78717341389877,FALSE,"Downregula NQO1",5.28912851811688
572,"XMD-1150","BT20","6 h","10.0 µM",5.03771e-05,0.00201039,-0.772993,0.000609756097560976,"LINCS L1000","l1000_results_down","down","LJP001_BT20_6H:BRD-K01436366-001-05-7:10","BRD-K01436366",NA,NA,NA,"xmd-1150",0.00201039,2.69671968466002,FALSE,"Downregula NQO1",2.0845454392044
573,"PI-828","PC3","24 h","10.0 µM",5.05931e-05,0.000394885,-1.31295,0.000236350744504845,"LINCS L1000","l1000_results_down","down","CPC001_PC3_24H:BRD-K97365803-001-01-3:10","BRD-K97365803",NA,NA,NA,"pi-828",0.000394885,3.40352936294858,FALSE,"Downregula NQO1",4.46866387708333
574,"mitoxantrone","PC3","6 h","10.0 µM",5.10267e-05,0.00028679,-1.56696,0.000210084033613445,"LINCS L1000","l1000_results_down","down","ASG001_PC3_6H:BRD-K21680192-300-08-6:10","BRD-K21680192",NA,NA,NA,"mitoxantrone",0.00028679,3.5424359960326,FALSE,"Downregula NQO1",5.55085550834324
575,"BRD-K14939371","PC3","24 h","10.0 µM",5.29829e-05,0.00765532,-1.33531,0.00280112044817927,"LINCS L1000","l1000_results_down","down","CPC009_PC3_24H:BRD-K14939371-019-01-9:10","BRD-K14939371",NA,NA,NA,"brd-k14939371",0.00765532,2.11603665064442,FALSE,"Downregula NQO1",2.825564899972
576,"AZD-8055","BT20","6 h","0.4 µM",5.34419e-05,0.00353129,-1.08886,0.000989119683481701,"LINCS L1000","l1000_results_down","down","LJP001_BT20_6H:BRD-K69932463-001-05-6:0.4","BRD-K69932463",NA,NA,NA,"azd-8055",0.00353129,2.45206661542243,FALSE,"Downregula NQO1",2.66995725486887
577,"WYE-125132","MCF7","6 h","10.0 µM",5.40937e-05,0.00103841,-1.10585,0.000442477876106195,"LINCS L1000","l1000_results_down","down","CPC014_MCF7_6H:BRD-A45498368-001-02-2:10","BRD-A45498368",NA,NA,NA,"wye-125132",0.00103841,2.98363113822099,FALSE,"Downregula NQO1",3.29944849420168
578,"PHA-793887","BT20","6 h","2.0 µM",5.44352e-05,0.00215304,-0.868541,0.00070323488045007,"LINCS L1000","l1000_results_down","down","LJP001_BT20_6H:BRD-K64800655-001-03-3:2","BRD-K64800655",NA,NA,NA,"pha-793887",0.00215304,2.66694790161269,FALSE,"Downregula NQO1",2.31635359741459
579,"dorsomorphin","MCF7","6 h","10.0 µM",5.48979e-05,0.000470541,-1.07328,0.000239120038259206,"LINCS L1000","l1000_results_down","down","CPC004_MCF7_6H:BRD-K54233340-300-01-0:10","BRD-K54233340",NA,NA,NA,"dorsomorphin",0.000470541,3.32740252888289,FALSE,"Downregula NQO1",3.57123458619942
580,"sirolimus","BT20","6 h","2.0 µM",5.51366e-05,0.0157408,-0.313661,0.0103092783505155,"LINCS L1000","l1000_results_down","down","LJP001_BT20_6H:BRD-A79768653-001-05-4:2","BRD-A79768653",NA,NA,NA,"sirolimus",0.0157408,1.80297319912076,FALSE,"Downregula NQO1",0.565522376609418
581,"perindopril","MCF7","6 h","10.0 µM",5.52463e-05,0.0192935,-1.24284,0.0106382978723404,"LINCS L1000","l1000_results_down","down","CPC015_MCF7_6H:BRD-K92731339-227-03-1:10","BRD-K92731339",NA,NA,NA,"perindopril",0.0192935,1.71458898060882,FALSE,"Downregula NQO1",2.13095976865987
582,"brefeldin-a","VCAP","24 h","10.0 µM",5.6004e-05,0.000423175,-2.03798,0.000242072137496974,"LINCS L1000","l1000_results_down","down","CPC001_VCAP_24H:BRD-A17065207-001-06-9:10","BRD-A17065207",NA,NA,NA,"brefeldin-a",0.000423175,3.37347999712304,FALSE,"Downregula NQO1",6.87508476453682
583,"tyrphostin-AG-126","PC3","24 h","10.0 µM",5.63092e-05,0.000423041,-2.55312,0.000238606537819136,"LINCS L1000","l1000_results_down","down","CPC014_PC3_24H:BRD-K67506692-001-07-9:10","BRD-K67506692",NA,NA,NA,"tyrphostin-ag-126",0.000423041,3.37361753992786,FALSE,"Downregula NQO1",8.61325041354062
584,"KM-03949SC","MCF7","24 h","10.0 µM",5.63832e-05,0.00121543,-0.903612,0.000405350628293474,"LINCS L1000","l1000_results_down","down","CPC019_MCF7_24H:BRD-K28120860-001-02-4:10","BRD-K28120860",NA,NA,NA,"km-03949sc",0.00121543,2.91527004832961,FALSE,"Downregula NQO1",2.63427299891121
585,"bisacodyl","MCF7","24 h","10.0 µM",5.65406e-05,0.000311722,-1.34354,0.000181422351233672,"LINCS L1000","l1000_results_down","down","CPC015_MCF7_24H:BRD-K39987650-001-15-9:10","BRD-K39987650",NA,NA,NA,"bisacodyl",0.000311722,3.50623254600216,FALSE,"Downregula NQO1",4.71076367485574
586,"AG-879","MCF7","24 h","10.0 µM",5.68866e-05,0.000878893,-1.46274,0.000378071833648393,"LINCS L1000","l1000_results_down","down","CPC017_MCF7_24H:BRD-K59469039-001-03-1:10","BRD-K59469039",NA,NA,NA,"ag-879",0.000878893,3.05606399448043,FALSE,"Downregula NQO1",4.4702270472863
587,"BRD-K59705555","VCAP","6 h","10.0 µM",5.73365e-05,0.0123566,-1.26872,0.00347222222222222,"LINCS L1000","l1000_results_down","down","CPC009_VCAP_6H:BRD-K59705555-001-01-6:10","BRD-K59705555",NA,NA,NA,"brd-k59705555",0.0123566,1.90810101180126,FALSE,"Downregula NQO1",2.42084591569249
588,"vinblastine","PC3","24 h","10.0 µM",5.75768e-05,0.00375988,-1.40367,0.00144508670520231,"LINCS L1000","l1000_results_down","down","CPC003_PC3_24H:BRD-A55594068-065-03-1:10","BRD-A55594068",NA,NA,NA,"vinblastine",0.00375988,2.42482601575571,FALSE,"Downregula NQO1",3.40365553353582
589,"cycloheximide","MCF7","24 h","10.0 µM",5.77948e-05,0.000467141,-1.72863,0.000262536098713573,"LINCS L1000","l1000_results_down","down","CPC017_MCF7_24H:BRD-A62184259-001-02-8:10","BRD-A62184259",NA,NA,NA,"cycloheximide",0.000467141,3.33055201391039,FALSE,"Downregula NQO1",5.75729212780592
590,"BRD-K41925105","MCF7","24 h","10.0 µM",5.79743e-05,0.00204916,-1.25948,0.000796812749003984,"LINCS L1000","l1000_results_down","down","CPC013_MCF7_24H:BRD-K41925105-001-01-6:10","BRD-K41925105",NA,NA,NA,"brd-k41925105",0.00204916,2.68842413022534,FALSE,"Downregula NQO1",3.38601642353621
591,"torin-1","BT20","6 h","0.4 µM",5.80213e-05,0.00245631,-1.02377,0.000894454382826476,"LINCS L1000","l1000_results_down","down","LJP001_BT20_6H:BRD-K40175214-001-03-3:0.4","BRD-K40175214",NA,NA,NA,"torin-1",0.00245631,2.6097168236899,FALSE,"Downregula NQO1",2.67174979258901
592,"BRD-U86222656","A375","6 h","10.0 µM",5.80362e-05,0.000354403,-1.64775,0.00021997360316762,"LINCS L1000","l1000_results_down","down","CPC010_A375_6H:BRD-U86222656-000-01-7:10","BRD-U86222656",NA,NA,NA,"brd-u86222656",0.000354403,3.45050261049286,FALSE,"Downregula NQO1",5.6855656764396
593,"alvocidib","BT20","6 h","0.4 µM",5.83589e-05,0.00023788,-1.26623,0.000183150183150183,"LINCS L1000","l1000_results_down","down","LJP001_BT20_6H:BRD-K87909389-001-04-6:0.4","BRD-K87909389",NA,NA,NA,"alvocidib",0.00023788,3.62364207017276,FALSE,"Downregula NQO1",4.58836429851485
594,"niclosamide","PC3","24 h","10.0 µM",5.86971e-05,0.00053241,-2.07409,0.000248941996514812,"LINCS L1000","l1000_results_down","down","CPC004_PC3_24H:BRD-K35960502-001-10-1:10","BRD-K35960502",NA,NA,NA,"niclosamide",0.00053241,3.27375379597717,FALSE,"Downregula NQO1",6.79006001069828
595,"BRD-K83670234","PC3","6 h","10.0 µM",5.95269e-05,0.00051061,-1.5902,0.000252461499621308,"LINCS L1000","l1000_results_down","down","CPC009_PC3_6H:BRD-K83670234-001-01-1:10","BRD-K83670234",NA,NA,NA,"brd-k83670234",0.00051061,3.29191068404354,FALSE,"Downregula NQO1",5.23479636976603
596,"BRD-K58479490","MCF7","24 h","10.0 µM",5.97904e-05,0.000902042,-0.80695,0.000325309043591412,"LINCS L1000","l1000_results_down","down","CPC019_MCF7_24H:BRD-K58479490-001-02-5:10","BRD-K58479490",NA,NA,NA,"brd-k58479490",0.000902042,3.04477324079111,FALSE,"Downregula NQO1",2.45697976665639
597,"SRT-1720","SW620","6 h","11.1 µM",6.0225e-05,0.00923604,-2.4702,0.00160513643659711,"LINCS L1000","l1000_results_down","down","CPC006_SW620_6H:BRD-K53855319-001-01-2:11.1","BRD-K53855319",NA,NA,NA,"srt-1720",0.00923604,2.03451419488201,FALSE,"Downregula NQO1",5.02565696419754
598,"CP466722","PC3","6 h","10.0 µM",6.04907e-05,0.00140167,-1.2704,0.000382409177820268,"LINCS L1000","l1000_results_down","down","CPC013_PC3_6H:BRD-K15592317-001-01-0:10","BRD-K15592317",NA,NA,NA,"cp466722",0.00140167,2.85335422178201,FALSE,"Downregula NQO1",3.62490120335186
599,"LY-2183240","MCF7","24 h","10.0 µM",6.05296e-05,0.00216005,-0.8118,0.000581395348837209,"LINCS L1000","l1000_results_down","down","CPC016_MCF7_24H:BRD-K37865504-001-01-7:10","BRD-K37865504",NA,NA,NA,"ly-2183240",0.00216005,2.66553619585242,FALSE,"Downregula NQO1",2.16388228379299
600,"COT-10b","HCC515","24 h","44.4 µM",6.07807e-05,0.000309363,-1.54679,0.00020259319286872,"LINCS L1000","l1000_results_down","down","CPC006_HCC515_24H:BRD-K18190982-002-01-2:44.4","BRD-K18190982",NA,NA,NA,"cot-10b",0.000309363,3.50953162941078,FALSE,"Downregula NQO1",5.42850842905631
601,"WYE-125132","BT20","6 h","10.0 µM",6.16879e-05,0.00443194,-1.01327,0.00171526586620926,"LINCS L1000","l1000_results_down","down","LJP001_BT20_6H:BRD-A45498368-001-03-0:10","BRD-A45498368",NA,NA,NA,"wye-125132",0.00443194,2.35340612775736,FALSE,"Downregula NQO1",2.3846358270727
602,"WZ-3105","PC3","24 h","10.0 µM",6.1896e-05,0.000191884,-2.23792,0.000162048290390536,"LINCS L1000","l1000_results_down","down","CPC014_PC3_24H:BRD-U00779237-000-01-7:10","BRD-U00779237",NA,NA,NA,"wz-3105",0.000191884,3.71696123684039,FALSE,"Downregula NQO1",8.31826189114984
603,"alvocidib","MCF7","6 h","3.33 µM",6.19452e-05,0.000404752,-1.71273,0.000237812128418549,"LINCS L1000","l1000_results_down","down","HOG003_MCF7_6H:BRD-K87909389-001-01-2:3.33","BRD-K87909389",NA,NA,NA,"alvocidib",0.000404752,3.3928109965911,FALSE,"Downregula NQO1",5.81096917819147
604,"KM-04501","MCF7","24 h","10.0 µM",6.20857e-05,0.00156041,-2.06229,0.000315756236185665,"LINCS L1000","l1000_results_down","down","CPC012_MCF7_24H:BRD-A69336132-001-01-2:10","BRD-A69336132",NA,NA,NA,"km-04501",0.00156041,2.80676127514383,FALSE,"Downregula NQO1",5.78835571011636
605,"PF-562271","PC3","24 h","10.0 µM",6.22461e-05,0.000251059,-2.09671,0.000180472838837755,"LINCS L1000","l1000_results_down","down","CPC014_PC3_24H:BRD-K99545815-001-01-4:10","BRD-K99545815",NA,NA,NA,"pf-562271",0.000251059,3.60022420535804,FALSE,"Downregula NQO1",7.54862609361625
606,"MW-A1-12","SW620","6 h","10.0 µM",6.28678e-05,0.00122678,-2.272,0.000347342827370615,"LINCS L1000","l1000_results_down","down","CPC006_SW620_6H:BRD-K78867378-001-07-3:10","BRD-K78867378",NA,NA,NA,"mw-a1-12",0.00122678,2.91123331286598,FALSE,"Downregula NQO1",6.6143220868315
607,"BRD-K08448573","VCAP","24 h","10.0 µM",6.31492e-05,0.00248886,-1.60225,0.000643915003219575,"LINCS L1000","l1000_results_down","down","CPC019_VCAP_24H:BRD-K08448573-001-01-3:10","BRD-K08448573",NA,NA,NA,"brd-k08448573",0.00248886,2.60399953205251,FALSE,"Downregula NQO1",4.17225825023114
608,"tyrphostin-AG-1478","MCF7","6 h","56.78 µM",6.35112e-05,0.00140027,-1.11339,0.000539083557951483,"LINCS L1000","l1000_results_down","down","CPC006_MCF7_6H:BRD-K68336408-001-04-2:56.78","BRD-K68336408",NA,NA,NA,"tyrphostin-ag-1478",0.00140027,2.85378821560433,FALSE,"Downregula NQO1",3.17737926137171
609,"BAS-00535043","PC3","24 h","10.0 µM",6.38358e-05,0.00211532,-1.41819,0.000550660792951542,"LINCS L1000","l1000_results_down","down","CPC012_PC3_24H:BRD-K17119186-001-01-8:10","BRD-K17119186",NA,NA,NA,"bas-00535043",0.00211532,2.67462392440154,FALSE,"Downregula NQO1",3.79312490334702
610,"BRD-K97149069","MCF7","24 h","10.0 µM",6.40798e-05,0.000948756,-2.44572,0.000285551113649343,"LINCS L1000","l1000_results_down","down","CPC012_MCF7_24H:BRD-K97149069-001-01-0:10","BRD-K97149069",NA,NA,NA,"brd-k97149069",0.000948756,3.02284546457878,FALSE,"Downregula NQO1",7.39303360962961
611,"AG-14361","MCF7","24 h","25.0 µM",6.53115e-05,0.000811078,-1.07693,0.000333000333000333,"LINCS L1000","l1000_results_down","down","CPC006_MCF7_24H:BRD-K00615600-001-06-1:25","BRD-K00615600",NA,NA,NA,"ag-14361",0.000811078,3.09093737841438,FALSE,"Downregula NQO1",3.3287231909358
612,"AKT-inhibitor-1-2","BT20","6 h","10.0 µM",6.5364e-05,0.0205004,-0.335223,0.0140845070422535,"LINCS L1000","l1000_results_down","down","LJP001_BT20_6H:BRD-K04887706-001-05-7:10","BRD-K04887706",NA,NA,NA,"akt-inhibitor-1-2",0.0205004,1.68823766498825,FALSE,"Downregula NQO1",0.565936094770355
613,"HG-6-64-01","MCF7","24 h","10.0 µM",6.54427e-05,0.00091251,-1.4207,0.000320821302534488,"LINCS L1000","l1000_results_down","down","CPC013_MCF7_24H:BRD-U37049823-000-01-2:10","BRD-U37049823",NA,NA,NA,"hg-6-64-01",0.00091251,3.03976236750598,FALSE,"Downregula NQO1",4.31859039551575
614,"calcitriol","HT29","24 h","1.0 µM",6.58839e-05,0.00411507,-1.31148,0.000866551126516464,"LINCS L1000","l1000_results_down","down","CPC006_HT29_24H:BRD-K27316855-001-02-6:1","BRD-K27316855",NA,NA,NA,"calcitriol",0.00411507,2.38562277275908,FALSE,"Downregula NQO1",3.12869655401808
615,"QL-X-138","MCF7","6 h","10.0 µM",6.91159e-05,0.00251324,-1.42703,0.000628930817610063,"LINCS L1000","l1000_results_down","down","LJP001_MCF7_6H:BRD-K72636697-001-01-5:10","BRD-K72636697",NA,NA,NA,"ql-x-138",0.00251324,2.59976603679589,FALSE,"Downregula NQO1",3.70994412748884
616,"phorbol-12-myristate-13-acetate","A549","6 h","10.0 µM",6.97848e-05,0.000838171,-0.539861,0.000298329355608592,"LINCS L1000","l1000_results_down","down","CPC006_A549_6H:BRD-A15079084-001-02-9:10","BRD-A15079084",NA,NA,NA,"phorbol-12-myristate-13-acetate",0.000838171,3.07666736946,FALSE,"Downregula NQO1",1.66097272274405
617,"cyclosporin-a","MCF7","24 h","10.0 µM",6.98303e-05,0.0016164,-0.770083,0.000567536889897843,"LINCS L1000","l1000_results_down","down","CPC006_MCF7_24H:BRD-A38030642-001-02-0:10","BRD-A38030642",NA,NA,NA,"cyclosporin-a",0.0016164,2.79145115822939,FALSE,"Downregula NQO1",2.14964908228276
618,"bisindolylmaleimide","HT29","24 h","12.12 µM",7.05871e-05,0.000543135,-1.35003,0.000241312741312741,"LINCS L1000","l1000_results_down","down","CPC006_HT29_24H:BRD-K31342827-001-05-4:12.12","BRD-K31342827",NA,NA,NA,"bisindolylmaleimide",0.000543135,3.26509221006486,FALSE,"Downregula NQO1",4.40797243635387
619,"GSK-2334470","MCF7","24 h","0.1 µM",7.0745e-05,0.0128077,-0.891831,0.00278551532033426,"LINCS L1000","l1000_results_down","down","CPC006_MCF7_24H:BRD-K70642949-001-01-1:0.1","BRD-K70642949",NA,NA,NA,"gsk-2334470",0.0128077,1.89252885362705,FALSE,"Downregula NQO1",1.68781590005907
620,"chromomycin-a3","PC3","24 h","10.0 µM",7.19557e-05,0.00057878,-2.54363,0.000240269101393561,"LINCS L1000","l1000_results_down","down","CPC014_PC3_24H:BRD-A11702965-001-01-6:10","BRD-A11702965",NA,NA,NA,"chromomycin-a3",0.00057878,3.23748648453246,FALSE,"Downregula NQO1",8.23496774665129
621,"vorinostat","MCF7","24 h","10.0 µM",7.3107e-05,0.000312706,-1.94563,0.000174703004891684,"LINCS L1000","l1000_results_down","down","CPC018_MCF7_24H:BRD-K81418486:10","BRD-K81418486",NA,NA,NA,"vorinostat",0.000312706,3.50486378571616,FALSE,"Downregula NQO1",6.81916812740293
622,"rucaparib","MCF7","24 h","10.0 µM",7.36429e-05,0.00738685,-0.788063,0.00179533213644524,"LINCS L1000","l1000_results_down","down","CPC006_MCF7_24H:BRD-K88560311-011-02-2:10","BRD-K88560311",NA,NA,NA,"rucaparib",0.00738685,2.13154071982749,FALSE,"Downregula NQO1",1.67978837428941
623,"NVP-BEZ235","MCF7","24 h","0.63 µM",7.40035e-05,0.000493238,-1.00527,0.000243546030199708,"LINCS L1000","l1000_results_down","down","CPC006_MCF7_24H:BRD-K12184916-001-03-0:0.63","BRD-K12184916",NA,NA,NA,"nvp-bez235",0.000493238,3.30694347190887,FALSE,"Downregula NQO1",3.32437106400583
624,"PF-562271","BT20","6 h","10.0 µM",7.49504e-05,0.000668668,-0.364784,0.00027793218454697,"LINCS L1000","l1000_results_down","down","LJP001_BT20_6H:BRD-K99545815-001-02-2:10","BRD-K99545815",NA,NA,NA,"pf-562271",0.000668668,3.17478946004514,FALSE,"Downregula NQO1",1.1581123983931
625,"BRD-K93875449","VCAP","6 h","10.0 µM",7.58562e-05,0.0016741,-1.16125,0.00040650406504065,"LINCS L1000","l1000_results_down","down","CPC007_VCAP_6H:BRD-K93875449-001-05-6:10","BRD-K93875449",NA,NA,NA,"brd-k93875449",0.0016741,2.77621860360019,FALSE,"Downregula NQO1",3.22388385343072
626,"vinblastine","MCF7","24 h","10.0 µM",7.59823e-05,0.00112648,-1.30695,0.000396196513470681,"LINCS L1000","l1000_results_down","down","CPC015_MCF7_24H:BRD-A55594068-065-03-1:10","BRD-A55594068",NA,NA,NA,"vinblastine",0.00112648,2.94827651451871,FALSE,"Downregula NQO1",3.85324999065022
627,"cytosporone-b","SW620","6 h","10.0 µM",7.70966e-05,0.00793397,-2.30354,0.00109649122807017,"LINCS L1000","l1000_results_down","down","CPC006_SW620_6H:BRD-K86191271-001-02-7:10","BRD-K86191271",NA,NA,NA,"cytosporone-b",0.00793397,2.10050944601703,FALSE,"Downregula NQO1",4.83860752927808
628,"ruxolitinib","MCF7","6 h","10.0 µM",7.77631e-05,0.00306483,-0.817197,0.000727272727272727,"LINCS L1000","l1000_results_down","down","CPC014_MCF7_6H:BRD-K53972329-001-02-1:10","BRD-K53972329",NA,NA,NA,"ruxolitinib",0.00306483,2.51359360992517,FALSE,"Downregula NQO1",2.05410115725002
629,"cefalexin","MCF7","6 h","10.0 µM",7.92767e-05,0.00209983,-2.06585,0.000556483027267668,"LINCS L1000","l1000_results_down","down","CPD001_MCF7_6H:BRD-K90733503-002-04-4:10","BRD-K90733503",NA,NA,NA,"cefalexin",0.00209983,2.67781586386153,FALSE,"Downregula NQO1",5.53196590235834
630,"AZD-8055","MCF7","6 h","0.4 µM",7.96262e-05,0.003423,-1.45949,0.000896057347670251,"LINCS L1000","l1000_results_down","down","LJP001_MCF7_6H:BRD-K69932463-001-05-6:0.4","BRD-K69932463",NA,NA,NA,"azd-8055",0.003423,2.46559310086212,FALSE,"Downregula NQO1",3.59850847477726
631,"helveticoside","MCF7","6 h","10.0 µM",8.03818e-05,0.00200666,-1.1928,0.000491642084562439,"LINCS L1000","l1000_results_down","down","CPC005_MCF7_6H:BRD-A63998256-001-02-3:10","BRD-A63998256",NA,NA,NA,"helveticoside",0.00200666,2.69752620630304,FALSE,"Downregula NQO1",3.21760925887827
632,"BRD-K21165668","MCF7","24 h","10.0 µM",8.1015e-05,0.00172636,-1.85101,0.000348310693138279,"LINCS L1000","l1000_results_down","down","CPC012_MCF7_24H:BRD-K21165668-001-01-2:10","BRD-K21165668",NA,NA,NA,"brd-k21165668",0.00172636,2.76286863520781,FALSE,"Downregula NQO1",5.11409747245601
633,"GDC-0879","A375","24 h","10.0 µM",8.14766e-05,0.000233714,-0.922593,0.000147972773009766,"LINCS L1000","l1000_results_down","down","BRAF001_A375_24H:BRD-K67578145-001-05-5:10","BRD-K67578145",NA,NA,NA,"gdc-0879",0.000233714,3.63131527160163,FALSE,"Downregula NQO1",3.35022605037276
634,"WZ-3105","SKBR3","6 h","2.0 µM",8.17102e-05,0.000287626,-1.55715,0.000170794192997438,"LINCS L1000","l1000_results_down","down","LJP001_SKBR3_6H:BRD-K92571446-001-01-4:2","BRD-K92571446",NA,NA,NA,"wz-3105",0.000287626,3.54117185839292,FALSE,"Downregula NQO1",5.51413575929653
635,"BRD-K53592093","MCF7","6 h","10.0 µM",8.21462e-05,0.00375084,-1.47486,0.000819672131147541,"LINCS L1000","l1000_results_down","down","CPC013_MCF7_6H:BRD-K53592093-001-01-3:10","BRD-K53592093",NA,NA,NA,"brd-k53592093",0.00375084,2.42587146120229,FALSE,"Downregula NQO1",3.57782078326881
636,"ellipticine","SKB","24 h","10.0 µM",8.22775e-05,0.00147398,-2.51557,0.000469263256687001,"LINCS L1000","l1000_results_down","down","CPC014_SKB_24H:BRD-K85985071-001-20-7:10","BRD-K85985071",NA,NA,NA,"ellipticine",0.00147398,2.83150840925076,FALSE,"Downregula NQO1",7.12285760905893
637,"paclitaxel","MCF7","24 h","10.0 µM",8.29881e-05,0.00134639,-1.2664,0.000396196513470681,"LINCS L1000","l1000_results_down","down","CPC015_MCF7_24H:BRD-A28746609-001-05-7:10","BRD-A28746609",NA,NA,NA,"paclitaxel",0.00134639,2.87082912264197,FALSE,"Downregula NQO1",3.63561800091379
638,"BRD-K65242613","PC3","24 h","10.0 µM",8.38274e-05,0.0021756,-1.39465,0.000524383848977452,"LINCS L1000","l1000_results_down","down","CPC009_PC3_24H:BRD-K65242613-001-04-6:10","BRD-K65242613",NA,NA,NA,"brd-k65242613",0.0021756,2.66242094985687,FALSE,"Downregula NQO1",3.71314537771788
639,"PP-1","MCF7","24 h","10.0 µM",8.54932e-05,0.00486896,-1.42785,0.000975609756097561,"LINCS L1000","l1000_results_down","down","CPC016_MCF7_24H:BRD-K47598052-001-06-7:10","BRD-K47598052",NA,NA,NA,"pp-1",0.00486896,2.31256379330184,FALSE,"Downregula NQO1",3.30199421226604
640,"torin-1","MCF7","6 h","2.0 µM",8.5776e-05,0.000865847,-1.69293,0.000293685756240822,"LINCS L1000","l1000_results_down","down","LJP001_MCF7_6H:BRD-K40175214-001-03-3:2","BRD-K40175214",NA,NA,NA,"torin-1",0.000865847,3.06255884346322,FALSE,"Downregula NQO1",5.18469774286418
641,"cycloheximide","PC3","6 h","10.0 µM",8.65613e-05,0.00173185,-1.50808,0.00051440329218107,"LINCS L1000","l1000_results_down","down","CPC004_PC3_6H:BRD-K36055864-001-09-3:10","BRD-K36055864",NA,NA,NA,"cycloheximide",0.00173185,2.76148972605618,FALSE,"Downregula NQO1",4.1645474260708
642,"rucaparib","HT29","24 h","10.0 µM",8.70189e-05,0.0110853,-1.4281,0.00199600798403194,"LINCS L1000","l1000_results_down","down","CPC006_HT29_24H:BRD-K88560311-011-02-2:10","BRD-K88560311",NA,NA,NA,"rucaparib",0.0110853,1.95525254913663,FALSE,"Downregula NQO1",2.79229616542202
643,"trimidox","HT29","6 h","10.0 µM",8.80272e-05,0.00577043,-1.92736,0.00078003120124805,"LINCS L1000","l1000_results_down","down","CPC020_HT29_6H:BRD-K11801786-003-01-7:10","BRD-K11801786",NA,NA,NA,"trimidox",0.00577043,2.23879182295015,FALSE,"Downregula NQO1",4.3149578078812
644,"homoharringtonine","A375","6 h","10.0 µM",9.06021e-05,0.000367358,-1.47042,0.000190041809198024,"LINCS L1000","l1000_results_down","down","CPC010_A375_6H:BRD-A24643465-001-05-3:10","BRD-A24643465",NA,NA,NA,"homoharringtonine",0.000367358,3.43491049803269,FALSE,"Downregula NQO1",5.05076109451722
645,"alvocidib","MCF7","6 h","0.1235 µM",9.18217e-05,0.000957249,-0.994111,0.000317561130517625,"LINCS L1000","l1000_results_down","down","HOG003_MCF7_6H:BRD-K87909389-001-01-2:0.1235","BRD-K87909389",NA,NA,NA,"alvocidib",0.000957249,3.01897507867023,FALSE,"Downregula NQO1",3.00119633443194
646,"BRD-K56411643","A549","6 h","10.0 µM",9.20285e-05,0.000935635,-0.633344,0.000313479623824451,"LINCS L1000","l1000_results_down","down","CPC006_A549_6H:BRD-K56411643-001-02-6:10","BRD-K56411643",NA,NA,NA,"brd-k56411643",0.000935635,3.02889354057969,FALSE,"Downregula NQO1",1.9183315505649
647,"KM-00799","A375","6 h","10.0 µM",9.25772e-05,0.00142075,-1.17515,0.000346020761245675,"LINCS L1000","l1000_results_down","down","CPC012_A375_6H:BRD-K87375115-001-06-6:10","BRD-K87375115",NA,NA,NA,"km-00799",0.00142075,2.84748233528323,FALSE,"Downregula NQO1",3.34621886630809
648,"EMF-sumo1-11","MCF7","6 h","10.0 µM",9.27341e-05,0.000742006,-0.642197,0.000252397778899546,"LINCS L1000","l1000_results_down","down","CPC014_MCF7_6H:BRD-A77467113-001-01-8:10","BRD-A77467113",NA,NA,NA,"emf-sumo1-11",0.000742006,3.12959258291995,FALSE,"Downregula NQO1",2.00981496797345
649,"SU-11652","HCC515","6 h","10.0 µM",9.28673e-05,0.000413346,-1.48998,0.000187476565429321,"LINCS L1000","l1000_results_down","down","CPC006_HCC515_6H:BRD-K60623809-001-02-0:10","BRD-K60623809",NA,NA,NA,"su-11652",0.000413346,3.38368626073691,FALSE,"Downregula NQO1",5.04162485477278
650,"GR-55562","MCF7","24 h","10.0 µM",9.47421e-05,0.012952,-0.892865,0.00324675324675325,"LINCS L1000","l1000_results_down","down","CPC016_MCF7_24H:BRD-K46441700-300-01-4:10","BRD-K46441700",NA,NA,NA,"gr-55562",0.012952,1.88766316425468,FALSE,"Downregula NQO1",1.68542837115226
651,"BRD-K82685933","ASC","24 h","10.0 µM",9.504e-05,0.00419434,-1.43558,0.000654450261780105,"LINCS L1000","l1000_results_down","down","CPC013_ASC_24H:BRD-K82685933-001-02-2:10","BRD-K82685933",NA,NA,NA,"brd-k82685933",0.00419434,2.37733636782897,FALSE,"Downregula NQO1",3.41285654292792
652,"trichostatin-a","HT29","24 h","10.0 µM",9.5156e-05,0.000273552,-1.26132,0.000154368632293918,"LINCS L1000","l1000_results_down","down","CPC006_HT29_24H:BRD-A19037878:10","BRD-A19037878",NA,NA,NA,"trichostatin-a",0.000273552,3.56296010565058,FALSE,"Downregula NQO1",4.49403284045919
653,"KIN001-242","MCF7","6 h","0.4 µM",9.53999e-05,0.000790903,-1.46508,0.00025654181631606,"LINCS L1000","l1000_results_down","down","LJP001_MCF7_6H:BRD-K24859147-379-02-6:0.4","BRD-K24859147",NA,NA,NA,"kin001-242",0.000790903,3.10187677711918,FALSE,"Downregula NQO1",4.54449762862177
654,"BRD-K73418978","MCF7","24 h","10.0 µM",9.593e-05,0.00444379,-2.03837,0.000500250125062531,"LINCS L1000","l1000_results_down","down","CPC012_MCF7_24H:BRD-K73418978-001-01-7:10","BRD-K73418978",NA,NA,NA,"brd-k73418978",0.00444379,2.35224647268259,FALSE,"Downregula NQO1",4.79474864252202
655,"perhexiline","A375","6 h","10.0 µM",9.60479e-05,0.00141548,-2.50823,0.00036403349108118,"LINCS L1000","l1000_results_down","down","CPC006_A375_6H:BRD-A19633847-050-20-6:10","BRD-A19633847",NA,NA,NA,"perhexiline",0.00141548,2.84909626261184,FALSE,"Downregula NQO1",7.1461887187709
656,"merck-ketone","VCAP","24 h","10.0 µM",9.67296e-05,0.000808549,-1.55577,0.000258598396689941,"LINCS L1000","l1000_results_down","down","CPC019_VCAP_24H:BRD-A94377914-001-02-7:10","BRD-A94377914",NA,NA,NA,"merck-ketone",0.000808549,3.09229365567746,FALSE,"Downregula NQO1",4.81089770069332
657,"RJC-00245SC","MCF7","24 h","10.0 µM",9.70598e-05,0.000637184,-0.727306,0.000224921277552857,"LINCS L1000","l1000_results_down","down","CPC019_MCF7_24H:BRD-K34363599-001-02-0:10","BRD-K34363599",NA,NA,NA,"rjc-00245sc",0.000637184,3.19573513807956,FALSE,"Downregula NQO1",2.32427734033609
658,"L-690488","PC3","24 h","10.0 µM",9.74689e-05,0.000845044,-1.01992,0.000265957446808511,"LINCS L1000","l1000_results_down","down","CPC006_PC3_24H:BRD-K69328504-001-01-7:10","BRD-K69328504",NA,NA,NA,"l-690488",0.000845044,3.07312067748852,FALSE,"Downregula NQO1",3.13433724138409
659,"BRD-K10906552","MCF7","6 h","10.0 µM",9.77572e-05,0.0015535,-0.947817,0.000361794500723589,"LINCS L1000","l1000_results_down","down","CPC014_MCF7_6H:BRD-K10906552-001-01-1:10","BRD-K10906552",NA,NA,NA,"brd-k10906552",0.0015535,2.80868874240901,FALSE,"Downregula NQO1",2.66212293776388
660,"PLX-4720","A375","6 h","2.5 µM",9.88561e-05,0.000823542,-0.918536,0.000234246896228625,"LINCS L1000","l1000_results_down","down","BRAF001_A375_6H:BRD-K16478699-001-05-0:2.5","BRD-K16478699",NA,NA,NA,"plx-4720",0.000823542,3.08431424724941,FALSE,"Downregula NQO1",2.83305367141148
661,"SB-225002","MCF7","24 h","11.1 µM",9.89056e-05,0.000741808,-0.717779,0.000252525252525253,"LINCS L1000","l1000_results_down","down","CPC006_MCF7_24H:BRD-K61323504-001-03-2:11.1","BRD-K61323504",NA,NA,NA,"sb-225002",0.000741808,3.12970848734993,FALSE,"Downregula NQO1",2.24643902834154
662,"rucaparib","HT29","6 h","10.0 µM",9.92146e-05,0.0245479,-0.924867,0.010752688172043,"LINCS L1000","l1000_results_down","down","CPC006_HT29_6H:BRD-K88560311-011-02-2:10","BRD-K88560311",NA,NA,NA,"rucaparib",0.0245479,1.60998565455613,FALSE,"Downregula NQO1",1.48902260237236
663,"AT-7519","BT20","6 h","0.4 µM",9.96537e-05,0.00711246,-1.00978,0.00145985401459854,"LINCS L1000","l1000_results_down","down","LJP001_BT20_6H:BRD-K13390322-001-02-2:0.4","BRD-K13390322",NA,NA,NA,"at-7519",0.00711246,2.14798016303316,FALSE,"Downregula NQO1",2.16898740902763
664,"emetine","HT29","6 h","0.63 µM",0.000100512,0.000629418,-1.00525,0.000231053604436229,"LINCS L1000","l1000_results_down","down","CPC006_HT29_6H:BRD-K01976263-003-04-5:0.63","BRD-K01976263",NA,NA,NA,"emetine",0.000629418,3.20106084135783,FALSE,"Downregula NQO1",3.21786641077495
665,"torin-2","PC3","24 h","10.0 µM",0.000101739,0.000698161,-2.08944,0.000264830508474576,"LINCS L1000","l1000_results_down","down","CPC014_PC3_24H:BRD-K68174511-001-01-7:10","BRD-K68174511",NA,NA,NA,"torin-2",0.000698161,3.15604441498597,FALSE,"Downregula NQO1",6.59436544244829
666,"BRD-K40329609","PC3","24 h","10.0 µM",0.000102593,0.00121518,-1.99015,0.000302755071147442,"LINCS L1000","l1000_results_down","down","CPC008_PC3_24H:BRD-K40329609-019-01-5:10","BRD-K40329609",NA,NA,NA,"brd-k40329609",0.00121518,2.91535938690787,FALSE,"Downregula NQO1",5.80200248385471
667,"NPI-2358","MCF7","6 h","10.0 µM",0.000104219,0.0128231,-0.670362,0.00355871886120996,"LINCS L1000","l1000_results_down","down","CPC014_MCF7_6H:BRD-K99498722-001-01-8:10","BRD-K99498722",NA,NA,NA,"npi-2358",0.0128231,1.89200697090578,FALSE,"Downregula NQO1",1.26832957703034
668,"perhexiline","HA1E","24 h","10.0 µM",0.000104725,0.000586376,-1.03778,0.000213766566908935,"LINCS L1000","l1000_results_down","down","CPC006_HA1E_24H:BRD-A19633847-050-20-6:10","BRD-A19633847",NA,NA,NA,"perhexiline",0.000586376,3.23182381340251,FALSE,"Downregula NQO1",3.35392211707286
669,"BRD-K10010115","ASC","24 h","10.0 µM",0.000105668,0.0169282,-1.55369,0.00392156862745098,"LINCS L1000","l1000_results_down","down","CPC012_ASC_24H:BRD-K10010115-001-01-2:10","BRD-K10010115",NA,NA,NA,"brd-k10010115",0.0169282,1.77138921859675,FALSE,"Downregula NQO1",2.75218971504158
670,"GW-843682X","MCF7","24 h","10.0 µM",0.000106227,0.00657281,-1.60388,0.00146842878120411,"LINCS L1000","l1000_results_down","down","CPC016_MCF7_24H:BRD-K90382497-001-02-4:10","BRD-K90382497",NA,NA,NA,"gw-843682x",0.00657281,2.18224892167432,FALSE,"Downregula NQO1",3.50006540049502
671,"STK-397047","MCF7","6 h","10.0 µM",0.000107058,0.00187271,-0.762229,0.00040650406504065,"LINCS L1000","l1000_results_down","down","CPC014_MCF7_6H:BRD-K80622725-001-10-2:10","BRD-K80622725",NA,NA,NA,"stk-397047",0.00187271,2.72752947043626,FALSE,"Downregula NQO1",2.07900206072116
672,"BRD-K68548958","HA1E","6 h","20.0 µM",0.000109274,0.00150297,-1.33775,0.000332005312084993,"LINCS L1000","l1000_results_down","down","CPC006_HA1E_6H:BRD-K68548958-001-01-2:20","BRD-K68548958",NA,NA,NA,"brd-k68548958",0.00150297,2.82304968805214,FALSE,"Downregula NQO1",3.77653472019175
673,"ERK-inhibitor-11E","SW620","6 h","0.5 µM",0.000110185,0.00677457,-2.22575,0.000717875089734386,"LINCS L1000","l1000_results_down","down","CPC006_SW620_6H:BRD-K93725829-001-01-2:0.5","BRD-K93725829",NA,NA,NA,"erk-inhibitor-11e",0.00677457,2.16911826540614,FALSE,"Downregula NQO1",4.82791497922771
674,"XMD-892","MCF7","6 h","10.0 µM",0.000110392,0.00192499,-0.793749,0.000400320256204964,"LINCS L1000","l1000_results_down","down","CPC014_MCF7_6H:BRD-K50387473-001-01-1:10","BRD-K50387473",NA,NA,NA,"xmd-892",0.00192499,2.71557152223657,FALSE,"Downregula NQO1",2.15548218020376
675,"COL-3","A549","6 h","2.5 µM",0.000110477,0.00607727,-0.376527,0.00107296137339056,"LINCS L1000","l1000_results_down","down","PCLB001_A549_6H:BRD-A59431241-001-02-9:2.5","BRD-A59431241",NA,NA,NA,"col-3",0.00607727,2.21629146845682,FALSE,"Downregula NQO1",0.83449357774364
676,"XMD-1499","MCF7","6 h","10.0 µM",0.000110894,0.00478565,-0.869074,0.000809716599190283,"LINCS L1000","l1000_results_down","down","CPC014_MCF7_6H:BRD-U04166717-000-01-2:10","BRD-U04166717",NA,NA,NA,"xmd-1499",0.00478565,2.32005906682307,FALSE,"Downregula NQO1",2.01630301344019
677,"dactinomycin","A375","6 h","10.0 µM",0.000110921,0.000371316,-1.3359,0.000183789744532255,"LINCS L1000","l1000_results_down","down","CPC010_A375_6H:BRD-K70578146-001-03-4:10","BRD-K70578146",NA,NA,NA,"dactinomycin",0.000371316,3.43025633662895,FALSE,"Downregula NQO1",4.58247944010261
678,"AZD-7762","BT20","24 h","10.0 µM",0.000112312,0.000463344,-1.1019,0.00018618506795755,"LINCS L1000","l1000_results_down","down","LJP001_BT20_24H:BRD-K46056750-001-02-1:10","BRD-K46056750",NA,NA,NA,"azd-7762",0.000463344,3.33409645643431,FALSE,"Downregula NQO1",3.67384088534496
679,"BRD-K58547240","MCF7","24 h","10.0 µM",0.000112426,0.00278477,-1.17029,0.000490436488474743,"LINCS L1000","l1000_results_down","down","CPC013_MCF7_24H:BRD-K58547240-001-01-4:10","BRD-K58547240",NA,NA,NA,"brd-k58547240",0.00278477,2.55521066830199,FALSE,"Downregula NQO1",2.99033749300714
680,"BRD-K21788104","ASC","24 h","10.0 µM",0.000112431,0.0163338,-1.57509,0.0028169014084507,"LINCS L1000","l1000_results_down","down","CPC012_ASC_24H:BRD-K21788104-001-04-7:10","BRD-K21788104",NA,NA,NA,"brd-k21788104",0.0163338,1.78691276645464,FALSE,"Downregula NQO1",2.81454842931504
681,"topotecan","MCF7","6 h","10.0 µM",0.000113198,0.000568751,-1.71635,0.00020631318341242,"LINCS L1000","l1000_results_down","down","CPC012_MCF7_6H:BRD-A59985574-003-01-9:10","BRD-A59985574",NA,NA,NA,"topotecan",0.000568751,3.24507782674081,FALSE,"Downregula NQO1",5.56968932792659
682,"BRD-K52831896","VCAP","24 h","10.0 µM",0.000114184,0.033207,-1.42573,0.012987012987013,"LINCS L1000","l1000_results_down","down","CPC012_VCAP_24H:BRD-K52831896-001-01-5:10","BRD-K52831896",NA,NA,NA,"brd-k52831896",0.033207,1.47877035783422,FALSE,"Downregula NQO1",2.10832726227498
683,"BRD-A50388635","PC3","24 h","10.0 µM",0.00011554,0.00136853,-1.205,0.00031675641431739,"LINCS L1000","l1000_results_down","down","CPC012_PC3_24H:BRD-A50388635-001-01-6:10","BRD-A50388635",NA,NA,NA,"brd-a50388635",0.00136853,2.86374567783614,FALSE,"Downregula NQO1",3.45081354179254
684,"BRD-K23412959","VCAP","24 h","10.0 µM",0.00011574,0.00235801,-2.79499,0.000414421881475342,"LINCS L1000","l1000_results_down","down","CPC008_VCAP_24H:BRD-K23412959-001-05-5:10","BRD-K23412959",NA,NA,NA,"brd-k23412959",0.00235801,2.62745435745314,FALSE,"Downregula NQO1",7.34370865453795
685,"AT-7519","BT20","24 h","2.0 µM",0.000117427,0.000376023,-0.776437,0.000158730158730159,"LINCS L1000","l1000_results_down","down","LJP001_BT20_24H:BRD-K13390322-001-02-2:2","BRD-K13390322",NA,NA,NA,"at-7519",0.000376023,3.42478558999897,FALSE,"Downregula NQO1",2.65913024914203
686,"BRD-K71935468","A375","6 h","10.0 µM",0.000117597,0.00101537,-1.10116,0.000276625172890733,"LINCS L1000","l1000_results_down","down","CPC012_A375_6H:BRD-K71935468-001-01-9:10","BRD-K71935468",NA,NA,NA,"brd-k71935468",0.00101537,2.99337567235443,FALSE,"Downregula NQO1",3.2961855553698
687,"A-443644","BT20","24 h","0.08 µM",0.000117646,0.00240786,-0.802634,0.000515198351365276,"LINCS L1000","l1000_results_down","down","LJP001_BT20_24H:BRD-K38615104-001-08-4:0.08","BRD-K38615104",NA,NA,NA,"a-443644",0.00240786,2.61836876782742,FALSE,"Downregula NQO1",2.1015917975964
688,"GSK-1059615","VCAP","24 h","10.0 µM",0.000117833,0.00173884,-1.19219,0.000416840350145894,"LINCS L1000","l1000_results_down","down","CPC020_VCAP_24H:BRD-K06750613-001-01-6:10","BRD-K06750613",NA,NA,NA,"gsk-1059615",0.00173884,2.7597403779248,FALSE,"Downregula NQO1",3.29013488115817
689,"masitinib","MCF7","6 h","10.0 µM",0.000118135,0.0079722,-1.64538,0.00113250283125708,"LINCS L1000","l1000_results_down","down","CPC014_MCF7_6H:BRD-K71035033-001-01-4:10","BRD-K71035033",NA,NA,NA,"masitinib",0.0079722,2.09842181461194,FALSE,"Downregula NQO1",3.45270128532619
690,"vinorelbine","HT29","6 h","10.0 µM",0.000118592,0.00457678,-1.11695,0.000869565217391304,"LINCS L1000","l1000_results_down","down","CPC014_HT29_6H:BRD-K10916986-001-01-6:10","BRD-K10916986",NA,NA,NA,"vinorelbine",0.00457678,2.33943996305497,FALSE,"Downregula NQO1",2.61303746673425
691,"BRD-K61717269","A375","6 h","10.0 µM",0.000119088,0.000709253,-1.13777,0.000213675213675214,"LINCS L1000","l1000_results_down","down","CPC012_A375_6H:BRD-K61717269-001-01-4:10","BRD-K61717269",NA,NA,NA,"brd-k61717269",0.000709253,3.14919881854841,FALSE,"Downregula NQO1",3.58306393977982
692,"torin-2","MDAMB231","6 h","10.0 µM",0.000119227,0.00120352,-1.42826,0.000319795330988168,"LINCS L1000","l1000_results_down","down","LJP001_MDAMB231_6H:BRD-K68174511-001-02-5:10","BRD-K68174511",NA,NA,NA,"torin-2",0.00120352,2.91954668825769,FALSE,"Downregula NQO1",4.16987175297094
693,"VU-0418933-1","ASC","24 h","10.0 µM",0.00012092,0.000860824,-1.79721,0.000238834487700024,"LINCS L1000","l1000_results_down","down","CPC012_ASC_24H:BRD-A51777634-001-01-0:10","BRD-A51777634",NA,NA,NA,"vu-0418933-1",0.000860824,3.06508563326427,FALSE,"Downregula NQO1",5.50860255095889
694,"BRD-K92317137","A375","6 h","10.0 µM",0.000121561,0.000487296,-1.62626,0.000193236714975845,"LINCS L1000","l1000_results_down","down","CPC010_A375_6H:BRD-K92317137-001-08-1:10","BRD-K92317137",NA,NA,NA,"brd-k92317137",0.000487296,3.31220715353776,FALSE,"Downregula NQO1",5.38651000551233
695,"teniposide","MCF7","24 h","1.25 µM",0.000121679,0.000956423,-0.780038,0.000276243093922652,"LINCS L1000","l1000_results_down","down","CPC006_MCF7_24H:BRD-A35588707-001-03-0:1.25","BRD-A35588707",NA,NA,NA,"teniposide",0.000956423,3.01934998854437,FALSE,"Downregula NQO1",2.35520772636417
696,"BRD-K72615639","A375","6 h","10.0 µM",0.00012173,0.00129698,-1.31057,0.000312304809494066,"LINCS L1000","l1000_results_down","down","CPC012_A375_6H:BRD-K72615639-001-01-0:10","BRD-K72615639",NA,NA,NA,"brd-k72615639",0.00129698,2.88706672087552,FALSE,"Downregula NQO1",3.78370303237784
697,"AT-7519","MCF7","6 h","10.0 µM",0.000121849,0.000475438,-1.58966,0.000195848021934979,"LINCS L1000","l1000_results_down","down","LJP001_MCF7_6H:BRD-K13390322-001-02-2:10","BRD-K13390322",NA,NA,NA,"at-7519",0.000475438,3.32290610966973,FALSE,"Downregula NQO1",5.28229092629759
698,"vindesine","HT29","6 h","10.0 µM",0.000123369,0.0109015,-2.24767,0.00194552529182879,"LINCS L1000","l1000_results_down","down","CPC011_HT29_6H:BRD-K59753975-065-02-1:10","BRD-K59753975",NA,NA,NA,"vindesine",0.0109015,1.96251374087562,FALSE,"Downregula NQO1",4.41108325995389
699,"CHEMBL-1222381","MCF7","6 h","80.0 µM",0.000123762,0.000813917,-0.97041,0.000223863890754421,"LINCS L1000","l1000_results_down","down","CPC006_MCF7_6H:BRD-K53903639-001-01-3:80","BRD-K53903639",NA,NA,NA,"chembl-1222381",0.000813917,3.08941988046691,FALSE,"Downregula NQO1",2.99800394620389
700,"ethylestrenol","PC3","24 h","10.0 µM",0.000124158,0.0200344,-1.43712,0.00395256916996047,"LINCS L1000","l1000_results_down","down","CPC011_PC3_24H:BRD-K39391626-001-02-3:10","BRD-K39391626",NA,NA,NA,"ethylestrenol",0.0200344,1.69822365949986,FALSE,"Downregula NQO1",2.44055118554044
701,"trichostatin-a","PC3","24 h","0.1 µM",0.00012514,0.000599916,-1.03675,0.000185597624350408,"LINCS L1000","l1000_results_down","down","DEB001_PC3_24H:BRD-A19037878-001-04-9:0.1","BRD-A19037878",NA,NA,NA,"trichostatin-a",0.000599916,3.22190955510031,FALSE,"Downregula NQO1",3.34031473125024
702,"daunorubicin","PC3","24 h","10.0 µM",0.00012529,0.00038906,-1.49386,0.000177336407164391,"LINCS L1000","l1000_results_down","down","CPC003_PC3_24H:BRD-A68009927-003-02-9:10","BRD-A68009927",NA,NA,NA,"daunorubicin",0.00038906,3.40998341754439,FALSE,"Downregula NQO1",5.09403782813286
703,"BRD-K18726304","PC3","6 h","10.0 µM",0.000125796,0.00889278,-1.25116,0.00131752305665349,"LINCS L1000","l1000_results_down","down","CPC009_PC3_6H:BRD-K18726304-019-01-8:10","BRD-K18726304",NA,NA,NA,"brd-k18726304",0.00889278,2.05096245163664,FALSE,"Downregula NQO1",2.5660821809897
704,"BRD-K81814927","PC3","6 h","10.0 µM",0.000126657,0.000613129,-1.31005,0.000205930807248764,"LINCS L1000","l1000_results_down","down","CPC009_PC3_6H:BRD-K81814927-001-01-9:10","BRD-K81814927",NA,NA,NA,"brd-k81814927",0.000613129,3.2124481419675,FALSE,"Downregula NQO1",4.20846768838452
705,"PIK-90","VCAP","24 h","10.0 µM",0.000127732,0.00475641,-1.64089,0.000820344544708778,"LINCS L1000","l1000_results_down","down","CPC006_VCAP_24H:BRD-K99818283-001-01-8:10","BRD-K99818283",NA,NA,NA,"pik-90",0.00475641,2.32272071648754,FALSE,"Downregula NQO1",3.81132919647723
706,"wortmannin","MCF7","24 h","10.0 µM",0.000128477,0.00902497,-1.49502,0.00162074554294976,"LINCS L1000","l1000_results_down","down","CPC016_MCF7_24H:BRD-A11678676-001-03-4:10","BRD-A11678676",NA,NA,NA,"wortmannin",0.00902497,2.04455423306287,FALSE,"Downregula NQO1",3.05664946951365
707,"MD-040","MCF7","24 h","10.0 µM",0.000128793,0.00216729,-1.20668,0.000385653682992673,"LINCS L1000","l1000_results_down","down","CPC013_MCF7_24H:BRD-K83336168-001-01-9:10","BRD-K83336168",NA,NA,NA,"md-040",0.00216729,2.66408297286424,FALSE,"Downregula NQO1",3.21469564169582
708,"PIK-75","MCF7","6 h","0.09 µM",0.000128934,0.000521543,-0.98069,0.000197199763360284,"LINCS L1000","l1000_results_down","down","CPC006_MCF7_6H:BRD-K49371609-310-01-1:0.09","BRD-K49371609",NA,NA,NA,"pik-75",0.000521543,3.28270987919745,FALSE,"Downregula NQO1",3.21932075143015
709,"PAC-1","A375","24 h","10.0 µM",0.000128964,0.000772564,-0.951291,0.000238435860753457,"LINCS L1000","l1000_results_down","down","CPC006_A375_24H:BRD-K92991072-001-02-3:10","BRD-K92991072",NA,NA,NA,"pac-1",0.000772564,3.11206553300923,FALSE,"Downregula NQO1",2.96047993296189
710,"BRD-A24021119","VCAP","24 h","10.0 µM",0.00012919,0.000964726,-1.89558,0.000242365487154629,"LINCS L1000","l1000_results_down","down","CPC007_VCAP_24H:BRD-A24021119-001-06-0:10","BRD-A24021119",NA,NA,NA,"brd-a24021119",0.000964726,3.01559601679618,FALSE,"Downregula NQO1",5.7163034975185
711,"SCH-79797","SW620","6 h","11.1 µM",0.00013118,0.00325827,-2.30087,0.000553097345132743,"LINCS L1000","l1000_results_down","down","CPC006_SW620_6H:BRD-K17140735-300-02-4:11.1","BRD-K17140735",NA,NA,NA,"sch-79797",0.00325827,2.48701293026337,FALSE,"Downregula NQO1",5.72229344085508
712,"KM-00799","MCF7","24 h","10.0 µM",0.000131808,0.00334676,-1.8229,0.000390472471690746,"LINCS L1000","l1000_results_down","down","CPC012_MCF7_24H:BRD-K87375115-001-06-6:10","BRD-K87375115",NA,NA,NA,"km-00799",0.00334676,2.47537543028125,FALSE,"Downregula NQO1",4.51236187185969
713,"BRD-K99636700","PC3","24 h","0.15625 µM",0.00013215,0.00213395,-1.03284,0.000366434591425431,"LINCS L1000","l1000_results_down","down","HDAC001_PC3_24H:BRD-K99636700-001-01-9:0.15625","BRD-K99636700",NA,NA,NA,"brd-k99636700",0.00213395,2.6708157606278,FALSE,"Downregula NQO1",2.75852535020682
714,"ellipticine","PC3","6 h","10.0 µM",0.000133027,0.00446795,-1.25199,0.000657894736842105,"LINCS L1000","l1000_results_down","down","CPC014_PC3_6H:BRD-K85985071-001-20-7:10","BRD-K85985071",NA,NA,NA,"ellipticine",0.00446795,2.34989169563825,FALSE,"Downregula NQO1",2.94204090402214
715,"fludarabine","MCF7","24 h","10.0 µM",0.000133439,0.000455599,-2.24409,0.000170386777986028,"LINCS L1000","l1000_results_down","down","CPC012_MCF7_24H:BRD-K72238567-001-12-4:10","BRD-K72238567",NA,NA,NA,"fludarabine",0.000455599,3.34141723783034,FALSE,"Downregula NQO1",7.49844100924268
716,"BMS-191011","SW948","6 h","10.0 µM",0.00013453,0.00564164,-2.03617,0.00075187969924812,"LINCS L1000","l1000_results_down","down","CPC006_SW948_6H:BRD-K95609758-001-02-9:10","BRD-K95609758",NA,NA,NA,"bms-191011",0.00564164,2.24859463016252,FALSE,"Downregula NQO1",4.57852092809802
717,"manumycin-a","A549","6 h","10.0 µM",0.000136695,0.00135768,-1.29678,0.000282805429864253,"LINCS L1000","l1000_results_down","down","CPC006_A549_6H:BRD-A77216878-001-01-4:10","BRD-A77216878",NA,NA,NA,"manumycin-a",0.00135768,2.86720257954798,FALSE,"Downregula NQO1",3.71813096110624
718,"BRD-K40094191","PC3","24 h","10.0 µM",0.000138117,0.0229522,-1.18827,0.00699300699300699,"LINCS L1000","l1000_results_down","down","CPC012_PC3_24H:BRD-K40094191-001-01-7:10","BRD-K40094191",NA,NA,NA,"brd-k40094191",0.0229522,1.63917568040697,FALSE,"Downregula NQO1",1.94778328575719
719,"azacitidine","MCF7","24 h","10.0 µM",0.000138489,0.00494817,-1.19602,0.00093984962406015,"LINCS L1000","l1000_results_down","down","CPC020_MCF7_24H:BRD-K03406345-001-11-2:10","BRD-K03406345",NA,NA,NA,"azacitidine",0.00494817,2.30555538810645,FALSE,"Downregula NQO1",2.75749035528307
720,"staurosporine","PC3","24 h","10.0 µM",0.000139395,0.000452984,-2.37253,0.000170532060027285,"LINCS L1000","l1000_results_down","down","CPC014_PC3_24H:BRD-K70549064-001-03-3:10","BRD-K70549064",NA,NA,NA,"staurosporine",0.000452984,3.34391713757752,FALSE,"Downregula NQO1",7.93354372641678
721,"curcumin","A375","24 h","48.0 µM",0.000140472,0.000411962,-1.15979,0.00016860563142809,"LINCS L1000","l1000_results_down","down","CPC006_A375_24H:BRD-K74148702-001-03-8:48","BRD-K74148702",NA,NA,NA,"curcumin",0.000411962,3.3851428421014,FALSE,"Downregula NQO1",3.92605481684078
722,"K784-3131","ASC","24 h","10.0 µM",0.000141134,0.00166991,-1.51142,0.000353731871241599,"LINCS L1000","l1000_results_down","down","CPC012_ASC_24H:BRD-A76490030-001-06-0:10","BRD-A76490030",NA,NA,NA,"k784-3131",0.00166991,2.77730693457495,FALSE,"Downregula NQO1",4.19767724705528
723,"BRD-K58972465","MCF7","24 h","10.0 µM",0.000143125,0.00400095,-1.7404,0.00043994720633524,"LINCS L1000","l1000_results_down","down","CPC012_MCF7_24H:BRD-K58972465-001-01-2:10","BRD-K58972465",NA,NA,NA,"brd-k58972465",0.00400095,2.39783687597911,FALSE,"Downregula NQO1",4.17319529895404
724,"vorinostat","MCF7","6 h","10.0 µM",0.000143225,0.000863042,-1.05376,0.000220945647370747,"LINCS L1000","l1000_results_down","down","CPC013_MCF7_6H:BRD-K81418486:10","BRD-K81418486",NA,NA,NA,"vorinostat",0.000863042,3.06396806879881,FALSE,"Downregula NQO1",3.22868699217744
725,"CGP-60474","MCF7","6 h","10.0 µM",0.000144217,0.000572242,-1.55731,0.000202552157180474,"LINCS L1000","l1000_results_down","down","LJP001_MCF7_6H:BRD-K79090631-001-18-1:10","BRD-K79090631",NA,NA,NA,"cgp-60474",0.000572242,3.24242027009097,FALSE,"Downregula NQO1",5.04945351081538
726,"wortmannin","VCAP","24 h","10.0 µM",0.000144934,0.007264,-1.74429,0.00125470514429109,"LINCS L1000","l1000_results_down","down","CPC007_VCAP_24H:BRD-A75409952:10","BRD-A75409952",NA,NA,NA,"wortmannin",0.007264,2.13882416448697,FALSE,"Downregula NQO1",3.73072960187298
727,"rhodomyrtoxin-b","MCF7","24 h","10.0 µM",0.000146479,0.00172517,-1.04175,0.000359453630481668,"LINCS L1000","l1000_results_down","down","CPC005_MCF7_24H:BRD-A08003242-001-02-7:10","BRD-A08003242",NA,NA,NA,"rhodomyrtoxin-b",0.00172517,2.76316810266366,FALSE,"Downregula NQO1",2.87853037094987
728,"MK-1775","PC3","24 h","10.0 µM",0.000146566,0.00369603,-0.892054,0.000733675715333822,"LINCS L1000","l1000_results_down","down","CPC006_PC3_24H:BRD-K54256913-001-01-2:10","BRD-K54256913",NA,NA,NA,"mk-1775",0.00369603,2.43226451234869,FALSE,"Downregula NQO1",2.1697112872987
729,"U-0126","VCAP","24 h","10.0 µM",0.00014882,0.000992785,-1.80972,0.000246244767298695,"LINCS L1000","l1000_results_down","down","CPC014_VCAP_24H:BRD-K91701654-001-01-5:10","BRD-K91701654",NA,NA,NA,"u-0126",0.000992785,3.00314479322009,FALSE,"Downregula NQO1",5.43485119518625
730,"thioridazine","VCAP","24 h","10.0 µM",0.000149796,0.00705212,-1.63216,0.000821018062397373,"LINCS L1000","l1000_results_down","down","CPC005_VCAP_24H:BRD-A84481105-003-17-2:10","BRD-A84481105",NA,NA,NA,"thioridazine",0.00705212,2.15168030628559,FALSE,"Downregula NQO1",3.51188652870709
731,"simvastatin","HA1E","24 h","10.0 µM",0.000149839,0.00572318,-1.29159,0.000988142292490119,"LINCS L1000","l1000_results_down","down","CPC006_HA1E_24H:BRD-K22134346-001-09-0:10","BRD-K22134346",NA,NA,NA,"simvastatin",0.00572318,2.24236259486089,FALSE,"Downregula NQO1",2.89621310389638
732,"methylene-blue","A375","24 h","10.0 µM",0.000150212,0.000715489,-0.932221,0.000223713646532439,"LINCS L1000","l1000_results_down","down","CPC006_A375_24H:BRD-K16406336-311-01-2:10","BRD-K16406336",NA,NA,NA,"methylene-blue",0.000715489,3.14539703874002,FALSE,"Downregula NQO1",2.93220517285126
733,"BIIB021","MCF7","24 h","10.0 µM",0.000150292,0.00118133,-1.22984,0.000263643553915107,"LINCS L1000","l1000_results_down","down","CPC013_MCF7_24H:BRD-K51967704-001-01-0:10","BRD-K51967704",NA,NA,NA,"biib021",0.00118133,2.92762876694228,FALSE,"Downregula NQO1",3.60051496273629
734,"RHO-kinase-inhibitor-III[rockout]","HA1E","6 h","10.0 µM",0.000150915,0.0305507,-1.25736,0.00769230769230769,"LINCS L1000","l1000_results_down","down","CPC006_HA1E_6H:BRD-K23875128-001-04-2:10","BRD-K23875128",NA,NA,NA,"rho-kinase-inhibitor-iii[rockout]",0.0305507,1.51497883443437,FALSE,"Downregula NQO1",1.9048737872644
735,"ouabain","HT29","6 h","10.0 µM",0.000152953,0.00201655,-1.24198,0.000391542678151919,"LINCS L1000","l1000_results_down","down","CPC018_HT29_6H:BRD-A46747628-001-01-9:10","BRD-A46747628",NA,NA,NA,"ouabain",0.00201655,2.69539100526812,FALSE,"Downregula NQO1",3.3476217207229
736,"chloroxine","PC3","24 h","10.0 µM",0.000154371,0.0102307,-1.86691,0.00187265917602996,"LINCS L1000","l1000_results_down","down","CPC004_PC3_24H:BRD-K17075857-001-06-9:10","BRD-K17075857",NA,NA,NA,"chloroxine",0.0102307,1.99009465018453,FALSE,"Downregula NQO1",3.71532760337601
737,"H-7","MCF7","6 h","10.0 µM",0.000156194,0.00171844,-1.40053,0.000333555703802535,"LINCS L1000","l1000_results_down","down","CPC014_MCF7_6H:BRD-A55756846-001-16-2:10","BRD-A55756846",NA,NA,NA,"h-7",0.00171844,2.76486562682255,FALSE,"Downregula NQO1",3.87227725633378
738,"TG-101348","MCF7","6 h","11.1 µM",0.000156715,0.00145466,-0.954894,0.000280977802753582,"LINCS L1000","l1000_results_down","down","CPC006_MCF7_6H:BRD-K12502280-001-01-5:11.1","BRD-K12502280",NA,NA,NA,"tg-101348",0.00145466,2.83723850315843,FALSE,"Downregula NQO1",2.70926202323497
739,"vorinostat","VCAP","48 h","5.0 µM",0.000156775,0.000312988,-0.608324,0.000131492439184747,"LINCS L1000","l1000_results_down","down","ERG005_VCAP_48H:BRD-K81418486-001-15-2:5","BRD-K81418486",NA,NA,NA,"vorinostat",0.000312988,3.50447231304041,FALSE,"Downregula NQO1",2.13185461535799
740,"FL-HDAC-025","PC3","6 h","5.0 µM",0.000159042,0.00734989,-1.55124,0.000677048070412999,"LINCS L1000","l1000_results_down","down","HDAC002_PC3_6H:BRD-K03641750-001-01-3:5","BRD-K03641750",NA,NA,NA,"fl-hdac-025",0.00734989,2.13371916060975,FALSE,"Downregula NQO1",3.30991051070427
741,"LE-135","MCF7","6 h","20.0 µM",0.000159327,0.0182881,-0.985469,0.00340136054421769,"LINCS L1000","l1000_results_down","down","CPC006_MCF7_6H:BRD-K06593056-001-02-2:20","BRD-K06593056",NA,NA,NA,"le-135",0.0182881,1.73783141220418,FALSE,"Downregula NQO1",1.71257898395344
742,"SB-218078","MCF7","24 h","10.0 µM",0.000159401,0.00270545,-0.781296,0.000388198757763975,"LINCS L1000","l1000_results_down","down","CPC016_MCF7_24H:BRD-A06352508-001-02-9:10","BRD-A06352508",NA,NA,NA,"sb-218078",0.00270545,2.56776048794642,FALSE,"Downregula NQO1",2.00618099819059
743,"BRD-K51973945","MCF7","24 h","10.0 µM",0.000159866,0.00150207,-1.57753,0.000299043062200957,"LINCS L1000","l1000_results_down","down","CPC007_MCF7_24H:BRD-K51973945-001-05-8:10","BRD-K51973945",NA,NA,NA,"brd-k51973945",0.00150207,2.82330982771444,FALSE,"Downregula NQO1",4.45385595251436
744,"SA-63133","PC3","24 h","10.0 µM",0.000161333,0.00382286,-1.2007,0.000615006150061501,"LINCS L1000","l1000_results_down","down","CPC001_PC3_24H:BRD-K09638361-001-01-4:10","BRD-K09638361",NA,NA,NA,"sa-63133",0.00382286,2.41761160633378,FALSE,"Downregula NQO1",2.90282625572497
745,"cucurbitacin-i","A549","6 h","10.0 µM",0.000161359,0.0020404,-1.36859,0.000376931775348662,"LINCS L1000","l1000_results_down","down","CPC006_A549_6H:BRD-A28105619-001-01-3:10","BRD-A28105619",NA,NA,NA,"cucurbitacin-i",0.0020404,2.69028468514085,FALSE,"Downregula NQO1",3.68189671723692
746,"JWE-035","VCAP","24 h","10.0 µM",0.000163514,0.000979059,-1.6411,0.00022517451024544,"LINCS L1000","l1000_results_down","down","CPC014_VCAP_24H:BRD-K83972459-001-01-9:10","BRD-K83972459",NA,NA,NA,"jwe-035",0.000979059,3.0091911359779,FALSE,"Downregula NQO1",4.93838357325334
747,"BRD-K92158425","HT29","6 h","10.0 µM",0.000163823,0.00117754,-1.79827,0.00025779840164991,"LINCS L1000","l1000_results_down","down","CPC008_HT29_6H:BRD-K92158425-001-01-5:10","BRD-K92158425",NA,NA,NA,"brd-k92158425",0.00117754,2.92902433134622,FALSE,"Downregula NQO1",5.26717658432998
748,"quizartinib","MCF7","6 h","10.0 µM",0.000164015,0.00311363,-0.968291,0.000469704086425552,"LINCS L1000","l1000_results_down","down","CPC014_MCF7_6H:BRD-K93918653-001-01-4:10","BRD-K93918653",NA,NA,NA,"quizartinib",0.00311363,2.50673299693985,FALSE,"Downregula NQO1",2.42724700033988
749,"ZD-7155","PC3","6 h","10.0 µM",0.000164673,0.00730465,-1.1724,0.000980392156862745,"LINCS L1000","l1000_results_down","down","CPC001_PC3_6H:BRD-K11373525-003-01-3:10","BRD-K11373525",NA,NA,NA,"zd-7155",0.00730465,2.13640058831424,FALSE,"Downregula NQO1",2.50471604973962
750,"lestaurtinib","SKB","24 h","10.0 µM",0.000167358,0.00184491,-1.82006,0.000324149108589951,"LINCS L1000","l1000_results_down","down","CPC014_SKB_24H:BRD-K23192422-001-01-1:10","BRD-K23192422",NA,NA,NA,"lestaurtinib",0.00184491,2.73402481511833,FALSE,"Downregula NQO1",4.97608920500426
751,"apicidin","MCF7","24 h","10.0 µM",0.000168015,0.000393288,-0.539979,0.000144759698899826,"LINCS L1000","l1000_results_down","down","HDAC001_MCF7_24H:BRD-K64606589-001-02-7:10","BRD-K64606589",NA,NA,NA,"apicidin",0.000393288,3.40528930457751,FALSE,"Downregula NQO1",1.83878471339646
752,"alvespimycin","PC3","24 h","0.4 µM",0.000168527,0.00118947,-0.860905,0.000226654578422484,"LINCS L1000","l1000_results_down","down","ASG001_PC3_24H:BRD-A06304526-001-01-0:0.4","BRD-A06304526",NA,NA,NA,"alvespimycin",0.00118947,2.92464650696741,FALSE,"Downregula NQO1",2.51784280108078
753,"calyculin","MCF7","24 h","10.0 µM",0.000170535,0.00107364,-1.03761,0.000223663609930664,"LINCS L1000","l1000_results_down","down","CPC005_MCF7_24H:BRD-A47513740-001-02-5:10","BRD-A47513740",NA,NA,NA,"calyculin",0.00107364,2.96914131660907,FALSE,"Downregula NQO1",3.08081072152674
754,"epothilone","MCF7","24 h","10.0 µM",0.000171347,0.00130294,-1.84428,0.000258064516129032,"LINCS L1000","l1000_results_down","down","CPC012_MCF7_24H:BRD-K48935217-001-01-3:10","BRD-K48935217",NA,NA,NA,"epothilone",0.00130294,2.88507558295885,FALSE,"Downregula NQO1",5.32088719613935
755,"clofarabine","PC3","24 h","10.0 µM",0.000171535,0.00349474,-1.16691,0.000557724484104852,"LINCS L1000","l1000_results_down","down","CPC001_PC3_24H:BRD-A82371568-001-01-5:10","BRD-A82371568",NA,NA,NA,"clofarabine",0.00349474,2.45658512915022,FALSE,"Downregula NQO1",2.86661375305668
756,"MK-1775","HA1E","6 h","10.0 µM",0.000174463,0.0122297,-1.27887,0.00221729490022173,"LINCS L1000","l1000_results_down","down","CPC006_HA1E_6H:BRD-K54256913-001-01-2:10","BRD-K54256913",NA,NA,NA,"mk-1775",0.0122297,1.91258419627055,FALSE,"Downregula NQO1",2.44594655108452
757,"paroxetine","HT29","6 h","10.0 µM",0.000174716,0.0279897,-1.64692,0.00746268656716418,"LINCS L1000","l1000_results_down","down","CPC020_HT29_6H:BRD-A62326914-001-02-2:10","BRD-A62326914",NA,NA,NA,"paroxetine",0.0279897,1.55300175637638,FALSE,"Downregula NQO1",2.55766965261139
758,"vindesine","PC3","24 h","10.0 µM",0.000174761,0.00555584,-1.3338,0.00094876660341556,"LINCS L1000","l1000_results_down","down","CPC011_PC3_24H:BRD-K59753975-065-02-1:10","BRD-K59753975",NA,NA,NA,"vindesine",0.00555584,2.25525026979505,FALSE,"Downregula NQO1",3.00805280985264
759,"wortmannin","PC3","24 h","10.0 µM",0.000175068,0.00214316,-1.65594,0.000362056480811006,"LINCS L1000","l1000_results_down","down","CPC003_PC3_24H:BRD-A75409952:10","BRD-A75409952",NA,NA,NA,"wortmannin",0.00214316,2.66894540500893,FALSE,"Downregula NQO1",4.41961345397049
760,"vinorelbine","PC3","24 h","10.0 µM",0.000175771,0.0268756,-1.96473,0.00581395348837209,"LINCS L1000","l1000_results_down","down","CPC014_PC3_24H:BRD-M30523314-002-01-5:10","BRD-M30523314",NA,NA,NA,"vinorelbine",0.0268756,1.57064183130776,FALSE,"Downregula NQO1",3.0858871252253
761,"geldanamycin","MCF7","24 h","10.0 µM",0.000179726,0.00116748,-0.735939,0.000235960358659745,"LINCS L1000","l1000_results_down","down","CPC018_MCF7_24H:BRD-A19500257:10","BRD-A19500257",NA,NA,NA,"geldanamycin",0.00116748,2.93275055055974,FALSE,"Downregula NQO1",2.15832550742838
762,"vorinostat","A549","6 h","11.1 µM",0.000180418,0.00093934,-0.609233,0.000201979398101394,"LINCS L1000","l1000_results_down","down","CPC006_A549_6H:BRD-K81418486-001-13-7:11.1","BRD-K81418486",NA,NA,NA,"vorinostat",0.00093934,3.02717718366853,FALSE,"Downregula NQO1",1.84425623713793
763,"parbendazole","A375","24 h","0.31 µM",0.000180425,0.00192142,-0.871031,0.000347826086956522,"LINCS L1000","l1000_results_down","down","CPC006_A375_24H:BRD-K02407574-001-04-8:0.31","BRD-K02407574",NA,NA,NA,"parbendazole",0.00192142,2.71637769305331,FALSE,"Downregula NQO1",2.36604917835791
764,"LY-294002","MCF7","24 h","10.0 µM",0.000183197,0.0448469,-2.0352,0.0169491525423729,"LINCS L1000","l1000_results_down","down","ASG001_MCF7_24H:BRD-K27305650-001-06-7:10","BRD-K27305650",NA,NA,NA,"ly-294002",0.0448469,1.34826757178208,FALSE,"Downregula NQO1",2.74399416209088
765,"BRD-K05649647","MCF7","6 h","20.0 µM",0.000183685,0.00335546,-1.04993,0.000450450450450451,"LINCS L1000","l1000_results_down","down","CPC006_MCF7_6H:BRD-K05649647-001-03-7:20","BRD-K05649647",NA,NA,NA,"brd-k05649647",0.00335546,2.47424793398457,FALSE,"Downregula NQO1",2.59778713332842
766,"manumycin-a","PC3","24 h","9.08 µM",0.000184668,0.00100371,-1.34552,0.000228937728937729,"LINCS L1000","l1000_results_down","down","CPC006_PC3_24H:BRD-K78599730-001-02-6:9.08","BRD-K78599730",NA,NA,NA,"manumycin-a",0.00100371,2.9983917489366,FALSE,"Downregula NQO1",4.03439606602917
767,"MW-SHH-61","HT29","24 h","10.0 µM",0.000184907,0.010092,-1.46113,0.00101010101010101,"LINCS L1000","l1000_results_down","down","PCLB001_HT29_24H:BRD-K92084213-001-01-9:10","BRD-K92084213",NA,NA,NA,"mw-shh-61",0.010092,1.99602275815446,FALSE,"Downregula NQO1",2.91644873262223
768,"benzylpenicillin","PC3","24 h","10.0 µM",0.000185704,0.0101854,-1.90741,0.00127713920817369,"LINCS L1000","l1000_results_down","down","CPC004_PC3_24H:BRD-K55191674-237-12-6:10","BRD-K55191674",NA,NA,NA,"benzylpenicillin",0.0101854,1.99202191075988,FALSE,"Downregula NQO1",3.7996025128025
769,"apicidin","PC3","6 h","10.0 µM",0.000186316,0.00112314,-1.15961,0.00021519259737465,"LINCS L1000","l1000_results_down","down","CPC013_PC3_6H:BRD-K64606589-001-01-9:10","BRD-K64606589",NA,NA,NA,"apicidin",0.00112314,2.94956610532549,FALSE,"Downregula NQO1",3.42034635139649
770,"avicin-d","PC3","24 h","2.5 µM",0.000188442,0.00248068,-1.56907,0.000386548125241593,"LINCS L1000","l1000_results_down","down","PCLB001_PC3_24H:BRD-A15100685-001-02-6:2.5","BRD-A15100685",NA,NA,NA,"avicin-d",0.00248068,2.60542925475135,FALSE,"Downregula NQO1",4.0881008807527
771,"vorinostat","HT29","24 h","10.0 µM",0.000188762,0.000555045,-1.22217,0.000156030581994071,"LINCS L1000","l1000_results_down","down","CPC006_HT29_24H:BRD-K81418486:10","BRD-K81418486",NA,NA,NA,"vorinostat",0.000555045,3.2556718052387,FALSE,"Downregula NQO1",3.97898441020859
772,"etoposide","HA1E","24 h","10.0 µM",0.000188785,0.000757046,-1.10035,0.000188786105342647,"LINCS L1000","l1000_results_down","down","CRCGN004_HA1E_24H:BRD-A02579693-001-01-8:10UM","BRD-A02579693",NA,NA,NA,"etoposide",0.000757046,3.12087773088406,FALSE,"Downregula NQO1",3.43405781117827
773,"HG-5-88-01","ASC","24 h","10.0 µM",0.000189771,0.0045734,-1.8468,0.000611995104039168,"LINCS L1000","l1000_results_down","down","CPC013_ASC_24H:BRD-U44700465-000-01-4:10","BRD-U44700465",NA,NA,NA,"hg-5-88-01",0.0045734,2.33976081257172,FALSE,"Downregula NQO1",4.32107026865745
774,"PLX-4720","HEK293T","24 h","10.0 µM",0.000190191,0.00252846,-1.18104,0.000366703337000367,"LINCS L1000","l1000_results_down","down","BRAF001_HEK293T_24H:BRD-K16478699-001-05-0:10","BRD-K16478699",NA,NA,NA,"plx-4720",0.00252846,2.59714391247505,FALSE,"Downregula NQO1",3.06733084638954
775,"BRD-K61894884","PC3","24 h","10.0 µM",0.000190971,0.000843088,-1.05066,0.000175530981218185,"LINCS L1000","l1000_results_down","down","HDAC001_PC3_24H:BRD-K61894884-001-01-6:10","BRD-K61894884",NA,NA,NA,"brd-k61894884",0.000843088,3.07412709213708,FALSE,"Downregula NQO1",3.22986237062475
776,"PK-11195","A375","24 h","160.0 µM",0.000191093,0.000517673,-1.05958,0.000156617071260767,"LINCS L1000","l1000_results_down","down","CPC006_A375_24H:BRD-A41451487-001-06-2:160","BRD-A41451487",NA,NA,NA,"pk-11195",0.000517673,3.28594448569768,FALSE,"Downregula NQO1",3.48172105815555
777,"BRD-K89692698","VCAP","6 h","160.0 µM",0.000191694,0.0127422,-1.27596,0.00169779286926995,"LINCS L1000","l1000_results_down","down","CPC006_VCAP_6H:BRD-K89692698-001-06-7:160","BRD-K89692698",NA,NA,NA,"brd-k89692698",0.0127422,1.89475558256784,FALSE,"Downregula NQO1",2.41763233313327
778,"BRD-A47816767","PC3","24 h","10.0 µM",0.000194584,0.00110142,-1.53976,0.000227531285551763,"LINCS L1000","l1000_results_down","down","CPC007_PC3_24H:BRD-A47816767-001-11-1:10","BRD-A47816767",NA,NA,NA,"brd-a47816767",0.00110142,2.95804704170005,FALSE,"Downregula NQO1",4.55468251292806
779,"amsacrine","MCF7","6 h","10.0 µM",0.000196054,0.00349818,-1.13043,0.00043535045711798,"LINCS L1000","l1000_results_down","down","CPC015_MCF7_6H:BRD-K98490050-001-01-8:10","BRD-K98490050",NA,NA,NA,"amsacrine",0.00349818,2.45615784751729,FALSE,"Downregula NQO1",2.77651451556897
780,"BRD-K55844427","PC3","24 h","10.0 µM",0.00019645,0.00675085,-1.16018,0.000860585197934596,"LINCS L1000","l1000_results_down","down","CPC009_PC3_24H:BRD-K55844427-019-01-5:10","BRD-K55844427",NA,NA,NA,"brd-k55844427",0.00675085,2.17064154167731,FALSE,"Downregula NQO1",2.51833490382318
781,"geldanamycin","MCF7","24 h","10.0 µM",0.000196668,0.00196158,-1.02548,0.000315258511979824,"LINCS L1000","l1000_results_down","down","CPC005_MCF7_24H:BRD-A19500257:10","BRD-A19500257",NA,NA,NA,"geldanamycin",0.00196158,2.70739397514594,FALSE,"Downregula NQO1",2.77637837363265
782,"PHA-793887","SKBR3","6 h","0.4 µM",0.000197946,0.0193801,-1.16283,0.00359712230215827,"LINCS L1000","l1000_results_down","down","LJP001_SKBR3_6H:BRD-K64800655-001-03-3:0.4","BRD-K64800655",NA,NA,NA,"pha-793887",0.0193801,1.71264398634944,FALSE,"Downregula NQO1",1.99151380664671
783,"AS-601245","MCF7","6 h","2.0 µM",0.000199528,0.00169194,-1.45756,0.000329055610398157,"LINCS L1000","l1000_results_down","down","LJP001_MCF7_6H:BRD-A60245366-001-02-9:2","BRD-A60245366",NA,NA,NA,"as-601245",0.00169194,2.7716150420836,FALSE,"Downregula NQO1",4.03979522073938
784,"BRD-K50776152","MCF7","6 h","0.0045 µM",0.000199615,0.0376338,-1.33688,0.0113636363636364,"LINCS L1000","l1000_results_down","down","HOG003_MCF7_6H:BRD-K50776152-001-07-0:0.0045","BRD-K50776152",NA,NA,NA,"brd-k50776152",0.0376338,1.42442192742264,FALSE,"Downregula NQO1",1.90428118633278
785,"salermide","PC3","6 h","120.0 µM",0.000201083,0.00196477,-1.44335,0.000323310701584223,"LINCS L1000","l1000_results_down","down","CPC006_PC3_6H:BRD-A67788537-001-01-7:120","BRD-A67788537",NA,NA,NA,"salermide",0.00196477,2.70668828171458,FALSE,"Downregula NQO1",3.90669853141274
786,"SA-247615","MCF7","24 h","10.0 µM",0.000203314,0.000997882,-0.699652,0.000212720697723888,"LINCS L1000","l1000_results_down","down","CPC019_MCF7_24H:BRD-K67870070-001-01-4:10","BRD-K67870070",NA,NA,NA,"sa-247615",0.000997882,3.00092081119632,FALSE,"Downregula NQO1",2.09960024739513
787,"PF-562271","SKBR3","6 h","10.0 µM",0.000205061,0.00104996,-1.2705,0.000219202104340202,"LINCS L1000","l1000_results_down","down","LJP001_SKBR3_6H:BRD-K99545815-001-02-2:10","BRD-K99545815",NA,NA,NA,"pf-562271",0.00104996,2.9788272457969,FALSE,"Downregula NQO1",3.78460001578496
788,"BRD-K66426634","MCF7","24 h","10.0 µM",0.000205307,0.00224106,-1.7112,0.000321646831778707,"LINCS L1000","l1000_results_down","down","CPC012_MCF7_24H:BRD-K66426634-001-01-5:10","BRD-K66426634",NA,NA,NA,"brd-k66426634",0.00224106,2.64954651592362,FALSE,"Downregula NQO1",4.5339039980485
789,"evodiamine","A375","24 h","10.0 µM",0.000207181,0.00474741,-0.98266,0.000696378830083565,"LINCS L1000","l1000_results_down","down","CPC006_A375_24H:BRD-A68631409-001-01-3:10","BRD-A68631409",NA,NA,NA,"evodiamine",0.00474741,2.32354325973973,FALSE,"Downregula NQO1",2.28325301961584
790,"BRD-K88329126","MCF7","24 h","10.0 µM",0.000209459,0.0188074,-0.855914,0.00307692307692308,"LINCS L1000","l1000_results_down","down","CPC018_MCF7_24H:BRD-K88329126-001-01-0:10","BRD-K88329126",NA,NA,NA,"brd-k88329126",0.0188074,1.72567123867074,FALSE,"Downregula NQO1",1.47702617257563
791,"aminopurvalanol-a","PC3","24 h","10.0 µM",0.000209563,0.00113874,-1.00494,0.00024330900243309,"LINCS L1000","l1000_results_down","down","CPC002_PC3_24H:BRD-K07762753-001-02-8:10","BRD-K07762753",NA,NA,NA,"aminopurvalanol-a",0.00113874,2.94357542381819,FALSE,"Downregula NQO1",2.95811668641185
792,"narciclasine","HT29","6 h","10.0 µM",0.000210036,0.000710047,-1.19453,0.000157505118916365,"LINCS L1000","l1000_results_down","down","CPC006_HT29_6H:BRD-K06792661-001-01-9:10","BRD-K06792661",NA,NA,NA,"narciclasine",0.000710047,3.1487129031611,FALSE,"Downregula NQO1",3.76123202421303
793,"BMS-345541","MCF7","6 h","10.0 µM",0.000213996,0.000876453,-0.664954,0.000205846027171676,"LINCS L1000","l1000_results_down","down","CPC014_MCF7_6H:BRD-K13566078-003-01-1:10","BRD-K13566078",NA,NA,NA,"bms-345541",0.000876453,3.05727136809036,FALSE,"Downregula NQO1",2.03294482529716
794,"narciclasine","PC3","6 h","10.0 µM",0.000214026,0.00118144,-1.45202,0.000199680511182109,"LINCS L1000","l1000_results_down","down","CPC006_PC3_6H:BRD-K06792661-001-01-9:10","BRD-K06792661",NA,NA,NA,"narciclasine",0.00118144,2.92758832932622,FALSE,"Downregula NQO1",4.25091680594826
795,"BRD-A24021119","VCAP","6 h","10.0 µM",0.000214067,0.0016982,-1.09314,0.000287191269385411,"LINCS L1000","l1000_results_down","down","CPC007_VCAP_6H:BRD-A24021119-001-06-0:10","BRD-A24021119",NA,NA,NA,"brd-a24021119",0.0016982,2.77001116345519,FALSE,"Downregula NQO1",3.02801000321941
796,"BRD-K54168141","A375","6 h","10.0 µM",0.000214716,0.00355223,-1.64661,0.000472813238770686,"LINCS L1000","l1000_results_down","down","CPC010_A375_6H:BRD-K54168141-001-05-4:10","BRD-K54168141",NA,NA,NA,"brd-k54168141",0.00355223,2.44949892225802,FALSE,"Downregula NQO1",4.03336942037928
797,"BRD-A41997916","MCF7","24 h","10.0 µM",0.000215818,0.00288725,-1.49877,0.000382116927779901,"LINCS L1000","l1000_results_down","down","CPC013_MCF7_24H:BRD-A41997916-001-01-6:10","BRD-A41997916",NA,NA,NA,"brd-a41997916",0.00288725,2.5395156099815,FALSE,"Downregula NQO1",3.80614981077197
798,"BRD-K72615639","ASC","24 h","10.0 µM",0.000216495,0.00939748,-1.48863,0.00123152709359606,"LINCS L1000","l1000_results_down","down","CPC012_ASC_24H:BRD-K72615639-001-01-0:10","BRD-K72615639",NA,NA,NA,"brd-k72615639",0.00939748,2.02698858989176,FALSE,"Downregula NQO1",3.01743602457058
799,"PHA-793887","MCF7","6 h","10.0 µM",0.000217521,0.000927566,-1.58289,0.000208550573514077,"LINCS L1000","l1000_results_down","down","LJP001_MCF7_6H:BRD-K64800655-001-03-3:10","BRD-K64800655",NA,NA,NA,"pha-793887",0.000927566,3.0326551788385,FALSE,"Downregula NQO1",4.80035955603167
800,"neratinib","A375","24 h","10.0 µM",0.000218112,0.000608866,-0.986471,0.000162892979312592,"LINCS L1000","l1000_results_down","down","CPC006_A375_24H:BRD-K85606544-001-01-8:10","BRD-K85606544",NA,NA,NA,"neratinib",0.000608866,3.21547827693029,FALSE,"Downregula NQO1",3.1719760713217
801,"trichostatin-a","MCF7","6 h","10.0 µM",0.000220756,0.0010631,-1.05682,0.000198965380023876,"LINCS L1000","l1000_results_down","down","CPC013_MCF7_6H:BRD-A19037878:10","BRD-A19037878",NA,NA,NA,"trichostatin-a",0.0010631,2.97342588184967,FALSE,"Downregula NQO1",3.14237594045636
802,"thiostrepton","SKB","24 h","10.0 µM",0.000222541,0.00349009,-2.91017,0.000480076812289966,"LINCS L1000","l1000_results_down","down","CPC012_SKB_24H:BRD-A20697603-001-05-6:10","BRD-A20697603",NA,NA,NA,"thiostrepton",0.00349009,2.45716337361406,FALSE,"Downregula NQO1",7.15076313499042
803,"importazole","HA1E","24 h","60.0 µM",0.000224623,0.000789815,-1.02316,0.000190657769304099,"LINCS L1000","l1000_results_down","down","CPC006_HA1E_24H:BRD-A02481876-001-09-9:60","BRD-A02481876",NA,NA,NA,"importazole",0.000789815,3.10247462249189,FALSE,"Downregula NQO1",3.17432793474881
804,"PU-H71","PC3","24 h","10.0 µM",0.000228504,0.00320625,-1.92067,0.000422654268808115,"LINCS L1000","l1000_results_down","down","CPC014_PC3_24H:BRD-K36529613-001-01-8:10","BRD-K36529613",NA,NA,NA,"pu-h71",0.00320625,2.49400261754411,FALSE,"Downregula NQO1",4.79015600743844
805,"VU-0418939-2","PC3","24 h","10.0 µM",0.000229013,0.00141657,-2.02518,0.000241662638956017,"LINCS L1000","l1000_results_down","down","CPC008_PC3_24H:BRD-K69097969-001-03-2:10","BRD-K69097969",NA,NA,NA,"vu-0418939-2",0.00141657,2.84876195989215,FALSE,"Downregula NQO1",5.76925574593439
806,"AKT-inhibitor-1-2","MDAMB231","6 h","10.0 µM",0.000229324,0.0144595,-1.22829,0.00229357798165138,"LINCS L1000","l1000_results_down","down","LJP001_MDAMB231_6H:BRD-K04887706-001-05-7:10","BRD-K04887706",NA,NA,NA,"akt-inhibitor-1-2",0.0144595,1.83984672439939,FALSE,"Downregula NQO1",2.25986533311253
807,"IKK-2-inhibitor-V","PC3","6 h","10.0 µM",0.000229906,0.00473594,-0.971174,0.000584795321637427,"LINCS L1000","l1000_results_down","down","CPC001_PC3_6H:BRD-K74305673-001-01-3:10","BRD-K74305673",NA,NA,NA,"ikk-2-inhibitor-v",0.00473594,2.32459380836157,FALSE,"Downregula NQO1",2.25758506724174
808,"BRD-K78385490","A375","6 h","10.0 µM",0.000230214,0.00219923,-1.44647,0.000297973778307509,"LINCS L1000","l1000_results_down","down","CPC010_A375_6H:BRD-K78385490-019-02-2:10","BRD-K78385490",NA,NA,NA,"brd-k78385490",0.00219923,2.65772934885321,FALSE,"Downregula NQO1",3.8443257712357
809,"BRD-A16820783","PC3","24 h","10.0 µM",0.000232916,0.0187468,-1.44385,0.00294985250737463,"LINCS L1000","l1000_results_down","down","CPC009_PC3_24H:BRD-A16820783-001-06-0:10","BRD-A16820783",NA,NA,NA,"brd-a16820783",0.0187468,1.72707285385343,FALSE,"Downregula NQO1",2.49363414003628
810,"BRD-K13146765","VCAP","6 h","10.0 µM",0.00023394,0.00141984,-1.29623,0.000248570718369376,"LINCS L1000","l1000_results_down","down","CPC007_VCAP_6H:BRD-K13146765-001-04-8:10","BRD-K13146765",NA,NA,NA,"brd-k13146765",0.00141984,2.84776059296354,FALSE,"Downregula NQO1",3.69135271341713
811,"hinokitiol","A375","6 h","10.0 µM",0.000235318,0.0041538,-1.23337,0.000470145745181006,"LINCS L1000","l1000_results_down","down","CPC016_A375_6H:BRD-K37691127-001-02-2:10","BRD-K37691127",NA,NA,NA,"hinokitiol",0.0041538,2.38155441800492,FALSE,"Downregula NQO1",2.93733777253473
812,"trichostatin-a","MCF7","24 h","10.0 µM",0.000236103,0.000943735,-1.36509,0.000178539546509552,"LINCS L1000","l1000_results_down","down","CPC016_MCF7_24H:BRD-A19037878:10","BRD-A19037878",NA,NA,NA,"trichostatin-a",0.000943735,3.02514993811136,FALSE,"Downregula NQO1",4.12960192901644
813,"BRD-K30804015","A375","6 h","10.0 µM",0.0002383,0.0367347,-1.42318,0.00884955752212389,"LINCS L1000","l1000_results_down","down","CPC010_A375_6H:BRD-K30804015-001-03-1:10","BRD-K30804015",NA,NA,NA,"brd-k30804015",0.0367347,1.4349235025428,FALSE,"Downregula NQO1",2.04215443034886
814,"Merck60","PC3","24 h","0.15625 µM",0.000242339,0.00184493,-1.02454,0.000251889168765743,"LINCS L1000","l1000_results_down","down","HDAC001_PC3_24H:BRD-K04466929-001-05-1:0.15625","BRD-K04466929",NA,NA,NA,"merck60",0.00184493,2.73402010711492,FALSE,"Downregula NQO1",2.80111296054352
815,"TL-AA09","PC3","6 h","2.5 µM",0.000242458,0.00704598,-1.59055,0.000490918016691213,"LINCS L1000","l1000_results_down","down","PRISM001_PC3_6H:BRD-K29830875:2.5","BRD-K29830875",NA,NA,NA,"tl-aa09",0.00704598,2.15205859389704,FALSE,"Downregula NQO1",3.42295679652293
816,"XMD-1150","MDAMB231","6 h","10.0 µM",0.000243681,0.00437252,-1.38682,0.000519480519480519,"LINCS L1000","l1000_results_down","down","LJP001_MDAMB231_6H:BRD-K01436366-001-05-7:10","BRD-K01436366",NA,NA,NA,"xmd-1150",0.00437252,2.35926819537249,FALSE,"Downregula NQO1",3.27188031870648
817,"AZD-1152HQPA","A375","24 h","10.0 µM",0.000243681,0.0169572,-1.27207,0.00279329608938547,"LINCS L1000","l1000_results_down","down","PRISM001_A375_24H:CMAP-AZD-1152HQPA:10","CMAP-AZD-1152HQPA",NA,NA,NA,"azd-1152hqpa",0.0169572,1.77064585755924,FALSE,"Downregula NQO1",2.25238547602539
818,"vemurafenib","A375","24 h","2.5 µM",0.000243951,0.000671132,-0.836527,0.000147688672278836,"LINCS L1000","l1000_results_down","down","BRAF001_A375_24H:BRD-U73308409-000-01-9:2.5","BRD-U73308409",NA,NA,NA,"vemurafenib",0.000671132,3.1731920532533,FALSE,"Downregula NQO1",2.65446082873182
819,"tyrphostin-AG-1478","ASC","24 h","10.0 µM",0.000247169,0.0037776,-1.91837,0.000515198351365276,"LINCS L1000","l1000_results_down","down","CPC017_ASC_24H:BRD-K68336408-001-03-4:10","BRD-K68336408",NA,NA,NA,"tyrphostin-ag-1478",0.0037776,2.42278403026535,FALSE,"Downregula NQO1",4.64779620014014
820,"JNJ-7706621","PC3","24 h","10.0 µM",0.00024904,0.000820844,-1.43226,0.000175284837861525,"LINCS L1000","l1000_results_down","down","CPC013_PC3_24H:BRD-K11636097-001-01-5:10","BRD-K11636097",NA,NA,NA,"jnj-7706621",0.000820844,3.08573937196296,FALSE,"Downregula NQO1",4.41958107288767
821,"SNS-314","PC3","6 h","10.0 µM",0.000250847,0.0234283,-1.13334,0.00328947368421053,"LINCS L1000","l1000_results_down","down","CPC013_PC3_6H:BRD-K71512533-001-01-7:10","BRD-K71512533",NA,NA,NA,"sns-314",0.0234283,1.63025922345617,FALSE,"Downregula NQO1",1.84763798831181
822,"tanespimycin","HT29","24 h","0.35 µM",0.000251092,0.00116157,-1.37885,0.000207253886010363,"LINCS L1000","l1000_results_down","down","CPC006_HT29_24H:BRD-K81473043-001-04-7:0.35","BRD-K81473043",NA,NA,NA,"tanespimycin",0.00116157,2.93495461307193,FALSE,"Downregula NQO1",4.04686216823423
823,"selumetinib","SKBR3","24 h","0.08 µM",0.000251547,0.0342406,-1.29883,0.00833333333333333,"LINCS L1000","l1000_results_down","down","LJP001_SKBR3_24H:BRD-K57080016-001-08-4:0.08","BRD-K57080016",NA,NA,NA,"selumetinib",0.0342406,1.46545863376106,FALSE,"Downregula NQO1",1.90338163728788
824,"PHA-793887","BT20","6 h","10.0 µM",0.000253392,0.0037269,-0.685796,0.000464252553389044,"LINCS L1000","l1000_results_down","down","LJP001_BT20_6H:BRD-K64800655-001-03-3:10","BRD-K64800655",NA,NA,NA,"pha-793887",0.0037269,2.4286522600583,FALSE,"Downregula NQO1",1.66556000533894
825,"geldanamycin","PC3","24 h","10.0 µM",0.000255455,0.00239658,-1.48261,0.00033311125916056,"LINCS L1000","l1000_results_down","down","CPC001_PC3_24H:BRD-A19500257:10","BRD-A19500257",NA,NA,NA,"geldanamycin",0.00239658,2.62040806928907,FALSE,"Downregula NQO1",3.88504320760866
826,"granisetron","PC3","6 h","10.0 µM",0.000255512,0.00532748,-1.18065,0.000525210084033613,"LINCS L1000","l1000_results_down","down","CPC010_PC3_6H:BRD-K10860596-003-06-3:10","BRD-K10860596",NA,NA,NA,"granisetron",0.00532748,2.27347817200436,FALSE,"Downregula NQO1",2.68418200377695
827,"BMS-536924","HA1E","24 h","11.1 µM",0.000256015,0.000976022,-1.0154,0.000185494342422556,"LINCS L1000","l1000_results_down","down","CPC006_HA1E_24H:BRD-K34581968-001-01-2:11.1","BRD-K34581968",NA,NA,NA,"bms-536924",0.000976022,3.01054039301884,FALSE,"Downregula NQO1",3.05690271507133
828,"dasatinib","MCF10A","24 h","10.0 µM",0.000257888,0.00113022,-1.30481,0.000196001568012544,"LINCS L1000","l1000_results_down","down","LJP001_MCF10A_24H:BRD-K49328571-001-06-9:10","BRD-K49328571",NA,NA,NA,"dasatinib",0.00113022,2.94683701183834,FALSE,"Downregula NQO1",3.84506240141679
829,"tyrphostin-AG-1478","HA1E","6 h","56.78 µM",0.000258178,0.00369613,-1.05259,0.000499750124937531,"LINCS L1000","l1000_results_down","down","CPC006_HA1E_6H:BRD-K68336408-001-04-2:56.78","BRD-K68336408",NA,NA,NA,"tyrphostin-ag-1478",0.00369613,2.43225276221119,FALSE,"Downregula NQO1",2.56016493497588
830,"I-606061","MCF7","24 h","10.0 µM",0.00025863,0.00202716,-1.59846,0.000309981401115933,"LINCS L1000","l1000_results_down","down","CPC020_MCF7_24H:BRD-K77877933-001-01-4:10","BRD-K77877933",NA,NA,NA,"i-606061",0.00202716,2.6931119718917,FALSE,"Downregula NQO1",4.30483176259001
831,"JAK3-inhibitor-VI","PC3","24 h","10.0 µM",0.000259172,0.00177032,-1.11948,0.000273972602739726,"LINCS L1000","l1000_results_down","down","CPC001_PC3_24H:BRD-K04546108-066-01-5:10","BRD-K04546108",NA,NA,NA,"jak3-inhibitor-vi",0.00177032,2.75194822421837,FALSE,"Downregula NQO1",3.08075099804799
832,"BRD-K99633092","A375","6 h","10.0 µM",0.000259329,0.00218079,-1.14348,0.000322061191626409,"LINCS L1000","l1000_results_down","down","CPC010_A375_6H:BRD-K99633092-001-02-0:10","BRD-K99633092",NA,NA,NA,"brd-k99633092",0.00218079,2.66138615295968,FALSE,"Downregula NQO1",3.04324183818634
833,"WYE-125132","BT20","6 h","0.4 µM",0.000259863,0.0128023,-0.907854,0.00163398692810457,"LINCS L1000","l1000_results_down","down","LJP001_BT20_6H:BRD-A45498368-001-03-0:0.4","BRD-A45498368",NA,NA,NA,"wye-125132",0.0128023,1.89271200007274,FALSE,"Downregula NQO1",1.71830616011404
834,"BIIB021","SKB","24 h","10.0 µM",0.000260319,0.00431952,-2.28081,0.000510725229826353,"LINCS L1000","l1000_results_down","down","CPC013_SKB_24H:BRD-K51967704-001-01-0:10","BRD-K51967704",NA,NA,NA,"biib021",0.00431952,2.36456451080855,FALSE,"Downregula NQO1",5.39312238189725
835,"BRD-K51556300","MCF7","24 h","10.0 µM",0.00026035,0.00106957,-0.657864,0.000200722601364914,"LINCS L1000","l1000_results_down","down","CPC019_MCF7_24H:BRD-K51556300-001-01-9:10","BRD-K51556300",NA,NA,NA,"brd-k51556300",0.00106957,2.97079078695136,FALSE,"Downregula NQO1",1.95437631026697
836,"mitoxantrone","PC3","6 h","10.0 µM",0.000260706,0.00171895,-1.6935,0.000278164116828929,"LINCS L1000","l1000_results_down","down","CPC005_PC3_6H:BRD-K21680192-300-06-0:10","BRD-K21680192",NA,NA,NA,"mitoxantrone",0.00171895,2.76473675568055,FALSE,"Downregula NQO1",4.68208169574501
837,"toremifene","ASC","24 h","10.0 µM",0.000262432,0.0136538,-2.25973,0.00144300144300144,"LINCS L1000","l1000_results_down","down","CPC015_ASC_24H:BRD-K51350053-048-06-6:10","BRD-K51350053",NA,NA,NA,"toremifene",0.0136538,1.86474646295589,FALSE,"Downregula NQO1",4.21382352473531
838,"BRD-A43087975","ASC","24 h","10.0 µM",0.000262783,0.0118204,-1.32986,0.000944287063267233,"LINCS L1000","l1000_results_down","down","CPC013_ASC_24H:BRD-A43087975-001-01-2:10","BRD-A43087975",NA,NA,NA,"brd-a43087975",0.0118204,1.92736782676666,FALSE,"Downregula NQO1",2.5631293781039
839,"BRD-K65983740","PC3","24 h","10.0 µM",0.000263236,0.00240728,-1.53206,0.000301750150875075,"LINCS L1000","l1000_results_down","down","CPC019_PC3_24H:BRD-K65983740-001-01-7:10","BRD-K65983740",NA,NA,NA,"brd-k65983740",0.00240728,2.61847339232462,FALSE,"Downregula NQO1",4.01165834544486
840,"BRD-K49712247","PC3","24 h","10.0 µM",0.000263806,0.0134119,-1.83964,0.00140449438202247,"LINCS L1000","l1000_results_down","down","CPC008_PC3_24H:BRD-K49712247-001-04-3:10","BRD-K49712247",NA,NA,NA,"brd-k49712247",0.0134119,1.87250969335909,FALSE,"Downregula NQO1",3.44474373229112
841,"methiazole","HS27A","6 h","10.0 µM",0.000265637,0.0318027,-1.51145,0.0065359477124183,"LINCS L1000","l1000_results_down","down","KHW001_HS27A_6H:BRD-K02764365-001-05-2:10","BRD-K02764365",NA,NA,NA,"methiazole",0.0318027,1.4975360075211,FALSE,"Downregula NQO1",2.26345079856777
842,"HY-11007","SKBR3","6 h","10.0 µM",0.000265905,0.00209862,-1.07109,0.000273822562979189,"LINCS L1000","l1000_results_down","down","LJP001_SKBR3_6H:BRD-K97056771-001-07-3:10","BRD-K97056771",NA,NA,NA,"hy-11007",0.00209862,2.67806619259602,FALSE,"Downregula NQO1",2.86844991822767
843,"periplocymarin","PC3","24 h","10.0 µM",0.000268678,0.0014134,-1.20421,0.000217013888888889,"LINCS L1000","l1000_results_down","down","CPC005_PC3_24H:BRD-A45333398-001-01-7:10","BRD-A45333398",NA,NA,NA,"periplocymarin",0.0014134,2.8497349130213,FALSE,"Downregula NQO1",3.43167927960938
844,"VU-0410183-2","A375","6 h","10.0 µM",0.000269214,0.0020294,-1.00576,0.000272331154684096,"LINCS L1000","l1000_results_down","down","CPC012_A375_6H:BRD-K74710236-001-02-2:10","BRD-K74710236",NA,NA,NA,"vu-0410183-2",0.0020294,2.69263234396147,FALSE,"Downregula NQO1",2.70814190626269
845,"artesunate","PC3","24 h","10.0 µM",0.000271395,0.00307554,-1.31764,0.00036403349108118,"LINCS L1000","l1000_results_down","down","CPC011_PC3_24H:BRD-K79759031-001-05-4:10","BRD-K79759031",NA,NA,NA,"artesunate",0.00307554,2.5120786202363,FALSE,"Downregula NQO1",3.31001527316815
846,"BRD-K68588778","MCF7","24 h","10.0 µM",0.000273934,0.00522705,-2.09771,0.000616142945163278,"LINCS L1000","l1000_results_down","down","CPC012_MCF7_24H:BRD-K68588778-001-05-7:10","BRD-K68588778",NA,NA,NA,"brd-k68588778",0.00522705,2.28174334558424,FALSE,"Downregula NQO1",4.78643583346552
847,"forskolin","MCF7","6 h","10.0 µM",0.000274904,0.0047937,-0.932209,0.000463821892393321,"LINCS L1000","l1000_results_down","down","CPC006_MCF7_6H:BRD-A70449690-001-01-4:10","BRD-A70449690",NA,NA,NA,"forskolin",0.0047937,2.3193291485296,FALSE,"Downregula NQO1",2.16209950622163
848,"BRD-A43155244","SKB","24 h","10.0 µM",0.000275046,0.0035444,-2.92979,0.000364166059723234,"LINCS L1000","l1000_results_down","down","CPC012_SKB_24H:BRD-A43155244-001-01-2:10","BRD-A43155244",NA,NA,NA,"brd-a43155244",0.0035444,2.45045727211512,FALSE,"Downregula NQO1",7.17932521127015
849,"SCH-58261","PC3","6 h","10.0 µM",0.000275421,0.00559865,-1.09219,0.000638162093171666,"LINCS L1000","l1000_results_down","down","CPC001_PC3_6H:BRD-K81225797-001-01-5:10","BRD-K81225797",NA,NA,NA,"sch-58261",0.00559865,2.25191668160661,FALSE,"Downregula NQO1",2.45952088048392
850,"benazepril","VCAP","6 h","10.0 µM",0.000275532,0.0213782,-1.6903,0.00261096605744125,"LINCS L1000","l1000_results_down","down","CPC011_VCAP_6H:BRD-K49807096-003-11-4:10","BRD-K49807096",NA,NA,NA,"benazepril",0.0213782,1.67002886428049,FALSE,"Downregula NQO1",2.82284978929332
851,"ZSTK-474","MCF7","6 h","10.0 µM",0.000276412,0.00620479,-1.50909,0.000574052812858783,"LINCS L1000","l1000_results_down","down","LJP001_MCF7_6H:BRD-K63068307-001-04-8:10","BRD-K63068307",NA,NA,NA,"zstk-474",0.00620479,2.20727291253504,FALSE,"Downregula NQO1",3.3309734795775
852,"cycloheximide","PC3","6 h","10.0 µM",0.000277401,0.00335533,-1.40241,0.000445037828215398,"LINCS L1000","l1000_results_down","down","CPC004_PC3_6H:BRD-A62184259-001-02-8:10","BRD-A62184259",NA,NA,NA,"cycloheximide",0.00335533,2.47426476010569,FALSE,"Downregula NQO1",3.46993364221982
853,"digitoxin","ASC","24 h","10.0 µM",0.000278324,0.0010589,-1.68117,0.000179565451607111,"LINCS L1000","l1000_results_down","down","CPC017_ASC_24H:BRD-A93236127-001-03-7:10","BRD-A93236127",NA,NA,NA,"digitoxin",0.0010589,2.97514505169498,FALSE,"Downregula NQO1",5.00172460655805
854,"BRD-K26304855","VCAP","6 h","10.0 µM",0.000278407,0.00283476,-1.14798,0.000329706561160567,"LINCS L1000","l1000_results_down","down","CPC009_VCAP_6H:BRD-K26304855-001-01-5:10","BRD-K26304855",NA,NA,NA,"brd-k26304855",0.00283476,2.54748370399781,FALSE,"Downregula NQO1",2.9244603425154
855,"AS-601245","MDAMB231","6 h","10.0 µM",0.000278656,0.00201858,-1.22285,0.00027122321670735,"LINCS L1000","l1000_results_down","down","LJP001_MDAMB231_6H:BRD-A60245366-001-02-9:10","BRD-A60245366",NA,NA,NA,"as-601245",0.00201858,2.69495403403169,FALSE,"Downregula NQO1",3.29552454051565
856,"BRD-K91517665","PC3","6 h","10.0 µM",0.000279581,0.024731,-1.21394,0.0032258064516129,"LINCS L1000","l1000_results_down","down","CPC019_PC3_6H:BRD-K91517665-001-05-3:10","BRD-K91517665",NA,NA,NA,"brd-k91517665",0.024731,1.6067583225509,FALSE,"Downregula NQO1",1.95050819807744
857,"AKT-inhibitor-1-2","MCF7","6 h","10.0 µM",0.000280399,0.00702823,-1.29551,0.000637348629700446,"LINCS L1000","l1000_results_down","down","LJP001_MCF7_6H:BRD-K04887706-001-05-7:10","BRD-K04887706",NA,NA,NA,"akt-inhibitor-1-2",0.00702823,2.15315403458477,FALSE,"Downregula NQO1",2.78943258334491
858,"BRD-K05402890","PC3","24 h","0.35 µM",0.000281199,0.00523589,-0.907222,0.000620732464307883,"LINCS L1000","l1000_results_down","down","CPC006_PC3_24H:BRD-K05402890-001-02-7:0.35","BRD-K05402890",NA,NA,NA,"brd-k05402890",0.00523589,2.28100948605078,FALSE,"Downregula NQO1",2.06938198795396
859,"KUC111774N","A549","6 h","10.0 µM",0.000281538,0.0034899,-1.39047,0.000423908435777872,"LINCS L1000","l1000_results_down","down","PCLB001_A549_6H:BRD-K73037408-001-01-5:10","BRD-K73037408",NA,NA,NA,"kuc111774n",0.0034899,2.45718701718707,FALSE,"Downregula NQO1",3.4166448317881
860,"BRD-K81814927","PC3","24 h","10.0 µM",0.000282112,0.000750238,-1.43993,0.000160333493666827,"LINCS L1000","l1000_results_down","down","CPC009_PC3_24H:BRD-K81814927-001-01-9:10","BRD-K81814927",NA,NA,NA,"brd-k81814927",0.000750238,3.12480094235491,FALSE,"Downregula NQO1",4.4994946209251
861,"MD-041","MCF7","24 h","10.0 µM",0.000282361,0.00195571,-1.63553,0.000247770069375619,"LINCS L1000","l1000_results_down","down","CPC012_MCF7_24H:BRD-K56653679-001-01-2:10","BRD-K56653679",NA,NA,NA,"md-041",0.00195571,2.7086955435858,FALSE,"Downregula NQO1",4.43015282240088
862,"KU-C104254","PC3","24 h","10.0 µM",0.000284798,0.00209994,-1.14572,0.000282007896221094,"LINCS L1000","l1000_results_down","down","CPC009_PC3_24H:BRD-K17023947-001-03-8:10","BRD-K17023947",NA,NA,NA,"ku-c104254",0.00209994,2.67779311385712,FALSE,"Downregula NQO1",3.06800112640838
863,"HDAC3-selective","MCF7","24 h","10.0 µM",0.000287404,0.00132944,-0.609246,0.000208942749686586,"LINCS L1000","l1000_results_down","down","HDAC001_MCF7_24H:BRD-K29313308-001-01-6:10","BRD-K29313308",NA,NA,NA,"hdac3-selective",0.00132944,2.87633125837523,FALSE,"Downregula NQO1",1.75239331384007
864,"digoxin","PC3","6 h","10.0 µM",0.000287952,0.00275671,-1.02996,0.000339789330615019,"LINCS L1000","l1000_results_down","down","CPC001_PC3_6H:BRD-K23478508-001-03-7:10","BRD-K23478508",NA,NA,NA,"digoxin",0.00275671,2.55960891834258,FALSE,"Downregula NQO1",2.63629480153612
865,"rottlerin","A375","24 h","9.68 µM",0.000289545,0.00158339,-0.855757,0.000248385494287134,"LINCS L1000","l1000_results_down","down","CPC006_A375_24H:BRD-K03816923-001-04-7:9.68","BRD-K03816923",NA,NA,NA,"rottlerin",0.00158339,2.800412102202,FALSE,"Downregula NQO1",2.39647225934408
866,"oxfendazole","MCF7","24 h","10.0 µM",0.000289896,0.0163842,-1.45618,0.00188323917137476,"LINCS L1000","l1000_results_down","down","CPD003_MCF7_24H:BRD-A33447119-001-04-1:10","BRD-A33447119",NA,NA,NA,"oxfendazole",0.0163842,1.78557475929031,FALSE,"Downregula NQO1",2.60011825298336
867,"sirolimus","VCAP","24 h","1.0 µM",0.00029016,0.010007,-1.00998,0.000903342366757001,"LINCS L1000","l1000_results_down","down","ERG005_VCAP_24H:BRD-A79768653-001-01-3:1","BRD-A79768653",NA,NA,NA,"sirolimus",0.010007,1.99969610021519,FALSE,"Downregula NQO1",2.01965306729534
868,"SB-202190","MCF7","24 h","10.0 µM",0.000290933,0.0195319,-1.31588,0.00244498777506113,"LINCS L1000","l1000_results_down","down","CPC016_MCF7_24H:BRD-K54330070-001-07-1:10","BRD-K54330070",NA,NA,NA,"sb-202190",0.0195319,1.70925550789597,FALSE,"Downregula NQO1",2.24917513773015
869,"BRD-K37852224","MCF7","24 h","10.0 µM",0.0002916,0.00651216,-2.09637,0.000471698113207547,"LINCS L1000","l1000_results_down","down","CPC012_MCF7_24H:BRD-K37852224-001-01-4:10","BRD-K37852224",NA,NA,NA,"brd-k37852224",0.00651216,2.18627493762385,FALSE,"Downregula NQO1",4.58324119098651
870,"vemurafenib","SW620","6 h","10.0 µM",0.000291812,0.0108357,-2.143,0.000938086303939962,"LINCS L1000","l1000_results_down","down","CPC006_SW620_6H:BRD-K56343971-001-02-3:10","BRD-K56343971",NA,NA,NA,"vemurafenib",0.0108357,1.96514302746207,FALSE,"Downregula NQO1",4.21130150785121
871,"AZD-8055","BT20","6 h","2.0 µM",0.000292192,0.0070423,-0.43572,0.000707714083510262,"LINCS L1000","l1000_results_down","down","LJP001_BT20_6H:BRD-K69932463-001-05-6:2","BRD-K69932463",NA,NA,NA,"azd-8055",0.0070423,2.15228547804893,FALSE,"Downregula NQO1",0.937793828495482
872,"ZG-10","PC3","24 h","10.0 µM",0.000293021,0.000773012,-1.91862,0.000168067226890756,"LINCS L1000","l1000_results_down","down","CPC014_PC3_24H:BRD-U51951544-000-01-8:10","BRD-U51951544",NA,NA,NA,"zg-10",0.000773012,3.11181376417568,FALSE,"Downregula NQO1",5.97038812422275
873,"alvocidib","MCF7","24 h","10.0 µM",0.000293735,0.000785503,-1.61652,0.000158478605388273,"LINCS L1000","l1000_results_down","down","CPC012_MCF7_24H:BRD-K87909389-003-01-8:10","BRD-K87909389",NA,NA,NA,"alvocidib",0.000785503,3.10485215195952,FALSE,"Downregula NQO1",5.0190556006856
874,"KI-16425","ASC","24 h","10.0 µM",0.000295975,0.0197637,-1.52989,0.00198019801980198,"LINCS L1000","l1000_results_down","down","CPC013_ASC_24H:BRD-A25569250-001-01-7:10","BRD-A25569250",NA,NA,NA,"ki-16425",0.0197637,1.7041317470379,FALSE,"Downregula NQO1",2.60713411847582
875,"BRD-K08448573","PC3","24 h","10.0 µM",0.00029839,0.00162345,-1.50873,0.000243546030199708,"LINCS L1000","l1000_results_down","down","CPC019_PC3_24H:BRD-K08448573-001-01-3:10","BRD-K08448573",NA,NA,NA,"brd-k08448573",0.00162345,2.78956108249747,FALSE,"Downregula NQO1",4.20869449199641
876,"PF-04217903","MCF7","6 h","0.3704 µM",0.00029986,0.00844158,-0.879939,0.000836820083682008,"LINCS L1000","l1000_results_down","down","HOG003_MCF7_6H:BRD-K73319509-001-02-3:0.3704","BRD-K73319509",NA,NA,NA,"pf-04217903",0.00844158,2.07357625940975,FALSE,"Downregula NQO1",1.82462062012876
877,"YM-155","SW620","6 h","0.31 µM",0.000303055,0.00365174,-1.69432,0.000339789330615019,"LINCS L1000","l1000_results_down","down","CPC006_SW620_6H:BRD-K76703230-001-01-3:0.31","BRD-K76703230",NA,NA,NA,"ym-155",0.00365174,2.43750015134173,FALSE,"Downregula NQO1",4.12990525642132
878,"trichostatin-a","MCF7","24 h","10.0 µM",0.000304148,0.00081775,-1.13675,0.000148522204069508,"LINCS L1000","l1000_results_down","down","CPC017_MCF7_24H:BRD-A19037878:10","BRD-A19037878",NA,NA,NA,"trichostatin-a",0.00081775,3.08737944720298,FALSE,"Downregula NQO1",3.50957858660799
879,"pyrvinium-pamoate","A549","6 h","10.0 µM",0.000305097,0.00613722,-1.28155,0.000673854447439353,"LINCS L1000","l1000_results_down","down","CPC006_A549_6H:BRD-M86331534-373-01-5:10","BRD-M86331534",NA,NA,NA,"pyrvinium-pamoate",0.00613722,2.21202830834822,FALSE,"Downregula NQO1",2.83482487856366
880,"mocetinostat","MCF7","6 h","10.0 µM",0.000308364,0.00150222,-0.778254,0.000213492741246798,"LINCS L1000","l1000_results_down","down","CPC014_MCF7_6H:BRD-K16485616-001-03-0:10","BRD-K16485616",NA,NA,NA,"mocetinostat",0.00150222,2.82326646028164,FALSE,"Downregula NQO1",2.19721841578003
881,"KF-38789","PC3","24 h","10.0 µM",0.000310533,0.00857935,-1.11495,0.001,"LINCS L1000","l1000_results_down","down","CPC001_PC3_24H:BRD-A54927599-001-07-8:10","BRD-A54927599",NA,NA,NA,"kf-38789",0.00857935,2.06654561449472,FALSE,"Downregula NQO1",2.30409503288089
882,"pyrvinium-pamoate","MCF7","6 h","10.0 µM",0.000311263,0.00442041,-0.914368,0.000523286237571952,"LINCS L1000","l1000_results_down","down","CPC006_MCF7_6H:BRD-M86331534-373-01-5:10","BRD-M86331534",NA,NA,NA,"pyrvinium-pamoate",0.00442041,2.35453744728448,FALSE,"Downregula NQO1",2.15291369659861
883,"selumetinib","HT29","24 h","80.0 µM",0.000312631,0.000927976,-1.21175,0.000178762960314623,"LINCS L1000","l1000_results_down","down","CPC006_HT29_24H:BRD-K57080016-001-04-3:80","BRD-K57080016",NA,NA,NA,"selumetinib",0.000927976,3.03246325568022,FALSE,"Downregula NQO1",3.67458735007051
884,"vinorelbine","HT29","6 h","10.0 µM",0.000313701,0.0118198,-1.2445,0.00149253731343284,"LINCS L1000","l1000_results_down","down","CPC014_HT29_6H:BRD-M30523314-002-01-5:10","BRD-M30523314",NA,NA,NA,"vinorelbine",0.0118198,1.92738987198532,FALSE,"Downregula NQO1",2.39863669568574
885,"gossypol","SW620","6 h","11.1 µM",0.000318301,0.011677,-1.72843,0.00107874865156419,"LINCS L1000","l1000_results_down","down","CPC006_SW620_6H:BRD-K19295594-001-08-5:11.1","BRD-K19295594",NA,NA,NA,"gossypol",0.011677,1.93266871979183,FALSE,"Downregula NQO1",3.3404825953498
886,"MD-II-051","A375","6 h","10.0 µM",0.000321543,0.00273809,-1.39587,0.000332446808510638,"LINCS L1000","l1000_results_down","down","CPC012_A375_6H:BRD-K86472598-001-02-7:10","BRD-K86472598",NA,NA,NA,"md-ii-051",0.00273809,2.56255228086931,FALSE,"Downregula NQO1",3.57698985229704
887,"curcumin","MCF7","24 h","13.57 µM",0.000325371,0.0476668,-0.805822,0.0151515151515152,"LINCS L1000","l1000_results_down","down","CPC006_MCF7_24H:BRD-K69690935-001-02-7:13.57","BRD-K69690935",NA,NA,NA,"curcumin",0.0476668,1.32178400244656,FALSE,"Downregula NQO1",1.06512262841949
888,"parthenolide","A375","24 h","10.0 µM",0.000329687,0.000914257,-0.827651,0.000174459176552687,"LINCS L1000","l1000_results_down","down","CPC006_A375_24H:BRD-K98548675-001-02-6:10","BRD-K98548675",NA,NA,NA,"parthenolide",0.000914257,3.03893170580563,FALSE,"Downregula NQO1",2.51517486524174
889,"BRD-K78062244","A375","6 h","10.0 µM",0.000333817,0.00236697,-1.11563,0.00029585798816568,"LINCS L1000","l1000_results_down","down","CPC010_A375_6H:BRD-K78062244-001-10-7:10","BRD-K78062244",NA,NA,NA,"brd-k78062244",0.00236697,2.62580724647186,FALSE,"Downregula NQO1",2.9294293383814
890,"GW-843682X","PC3","24 h","10.0 µM",0.000334266,0.00491316,-0.700546,0.000510464522715671,"LINCS L1000","l1000_results_down","down","CPC006_PC3_24H:BRD-K90382497-001-03-2:10","BRD-K90382497",NA,NA,NA,"gw-843682x",0.00491316,2.3086390925748,FALSE,"Downregula NQO1",1.6173078817469
891,"cycloheximide","PC3","24 h","10.0 µM",0.000334296,0.00205185,-1.70479,0.000249875062468766,"LINCS L1000","l1000_results_down","down","CPC004_PC3_24H:BRD-A62184259-001-02-8:10","BRD-A62184259",NA,NA,NA,"cycloheximide",0.00205185,2.68785439139326,FALSE,"Downregula NQO1",4.58222728790332
892,"nonoxynol-9","MCF7","24 h","10.0 µM",0.000337736,0.0184784,-1.20827,0.00268817204301075,"LINCS L1000","l1000_results_down","down","CPC015_MCF7_24H:BRD-K88625236-001-03-4:10","BRD-K88625236",NA,NA,NA,"nonoxynol-9",0.0184784,1.73333563599761,FALSE,"Downregula NQO1",2.09433744890683
893,"imatinib","BT20","6 h","0.4 µM",0.000338398,0.0106005,-0.911677,0.00106382978723404,"LINCS L1000","l1000_results_down","down","LJP001_BT20_6H:BRD-K92723993-066-12-8:0.4","BRD-K92723993",NA,NA,NA,"imatinib",0.0106005,1.9746736496296,FALSE,"Downregula NQO1",1.80026454887336
894,"curcumin","HCC515","24 h","48.0 µM",0.000340613,0.00084576,-1.35832,0.000161864681126578,"LINCS L1000","l1000_results_down","down","CPC006_HCC515_24H:BRD-K74148702-001-03-8:48","BRD-K74148702",NA,NA,NA,"curcumin",0.00084576,3.07275285854838,FALSE,"Downregula NQO1",4.17378166282344
895,"pitavastatin","PC3","6 h","10.0 µM",0.000340776,0.00441374,-0.987357,0.000417014178482068,"LINCS L1000","l1000_results_down","down","CPC010_PC3_6H:BRD-K30097969-001-04-6:10","BRD-K30097969",NA,NA,NA,"pitavastatin",0.00441374,2.35519325338801,FALSE,"Downregula NQO1",2.32541654508542
896,"acamprosate","MCF7","24 h","10.0 µM",0.000343816,0.00815861,-1.43147,0.000648929266709929,"LINCS L1000","l1000_results_down","down","CPC018_MCF7_24H:BRD-M41783010-238-01-9:10","BRD-M41783010",NA,NA,NA,"acamprosate",0.00815861,2.08838382663231,FALSE,"Downregula NQO1",2.98945879630935
897,"chloroxine","MCF7","24 h","10.0 µM",0.000344052,0.0390885,-0.660061,0.00709219858156028,"LINCS L1000","l1000_results_down","down","CPC016_MCF7_24H:BRD-K17075857-001-06-9:10","BRD-K17075857",NA,NA,NA,"chloroxine",0.0390885,1.40795099506333,FALSE,"Downregula NQO1",0.929333541752496
898,"brefeldin-a","VCAP","24 h","0.09 µM",0.000344797,0.00111712,-1.38546,0.00016655562958028,"LINCS L1000","l1000_results_down","down","CPC006_VCAP_24H:BRD-A31107743-001-01-3:0.09","BRD-A31107743",NA,NA,NA,"brefeldin-a",0.00111712,2.95190017286592,FALSE,"Downregula NQO1",4.08973961349881
899,"YK-4279","HT29","24 h","10.0 µM",0.000347583,0.00306898,-1.33927,0.000354609929078014,"LINCS L1000","l1000_results_down","down","CPC006_HT29_24H:BRD-A62182663-001-01-4:10","BRD-A62182663",NA,NA,NA,"yk-4279",0.00306898,2.5130059417793,FALSE,"Downregula NQO1",3.36559346764677
900,"wortmannin","PC3","24 h","2.0 µM",0.000349286,0.00372416,-0.68306,0.000384319754035357,"LINCS L1000","l1000_results_down","down","ASG001_PC3_24H:BRD-A75409952-001-05-7:2","BRD-A75409952",NA,NA,NA,"wortmannin",0.00372416,2.4289716688227,FALSE,"Downregula NQO1",1.65913338810603
901,"SKF-86002","MCF7","24 h","10.0 µM",0.000349547,0.00863677,-1.34459,0.000610500610500611,"LINCS L1000","l1000_results_down","down","CPC016_MCF7_24H:BRD-K96809896-300-01-5:10","BRD-K96809896",NA,NA,NA,"skf-86002",0.00863677,2.06364864565186,FALSE,"Downregula NQO1",2.77476133245704
902,"mepacrine","HA1E","24 h","10.0 µM",0.00034976,0.00377531,-1.21546,0.000381679389312977,"LINCS L1000","l1000_results_down","down","CPC006_HA1E_24H:BRD-A45889380-300-04-8:10","BRD-A45889380",NA,NA,NA,"mepacrine",0.00377531,2.42304738158134,FALSE,"Downregula NQO1",2.94511717041686
903,"trichostatin-a","A549","6 h","2.5 µM",0.000349904,0.0046379,-1.12832,0.000473484848484848,"LINCS L1000","l1000_results_down","down","PCLB001_A549_6H:BRD-A19037878-001-02-3:2.5","BRD-A19037878",NA,NA,NA,"trichostatin-a",0.0046379,2.33367861962998,FALSE,"Downregula NQO1",2.6331362601009
904,"BRD-K05684908","PC3","24 h","10.0 µM",0.000352675,0.0283539,-1.46156,0.00277777777777778,"LINCS L1000","l1000_results_down","down","CPC019_PC3_24H:BRD-K05684908-001-01-2:10","BRD-K05684908",NA,NA,NA,"brd-k05684908",0.0283539,1.54738719666565,FALSE,"Downregula NQO1",2.26159923115864
905,"wortmannin","MCF7","24 h","10.0 µM",0.000355568,0.00731098,-1.31396,0.000521648408972353,"LINCS L1000","l1000_results_down","down","CPC019_MCF7_24H:BRD-A75409952:10","BRD-A75409952",NA,NA,NA,"wortmannin",0.00731098,2.13602440415491,FALSE,"Downregula NQO1",2.80665062608339
906,"PF-562271","MDAMB231","6 h","10.0 µM",0.00035636,0.00136277,-1.11186,0.000199840127897682,"LINCS L1000","l1000_results_down","down","LJP001_MDAMB231_6H:BRD-K99545815-001-02-2:10","BRD-K99545815",NA,NA,NA,"pf-562271",0.00136277,2.86557743555167,FALSE,"Downregula NQO1",3.18612092749248
907,"tyrphostin-AG-494","MCF7","6 h","10.0 µM",0.000357797,0.0360344,-1.45371,0.00645161290322581,"LINCS L1000","l1000_results_down","down","CPC017_MCF7_6H:BRD-K34533029-001-01-0:10","BRD-K34533029",NA,NA,NA,"tyrphostin-ag-494",0.0360344,1.44328270487576,FALSE,"Downregula NQO1",2.09811450090494
908,"I-505056","MCF7","24 h","10.0 µM",0.000358228,0.00438298,-1.38055,0.000412541254125412,"LINCS L1000","l1000_results_down","down","CPC020_MCF7_24H:BRD-K94173926-001-01-6:10","BRD-K94173926",NA,NA,NA,"i-505056",0.00438298,2.35823051107304,FALSE,"Downregula NQO1",3.25565513206189
909,"geldanamycin","HT29","24 h","10.0 µM",0.000358822,0.00176267,-1.32657,0.000217391304347826,"LINCS L1000","l1000_results_down","down","CPC006_HT29_24H:BRD-A19500257:10","BRD-A19500257",NA,NA,NA,"geldanamycin",0.00176267,2.7538289869598,FALSE,"Downregula NQO1",3.65314691923126
910,"THZ-2-98-01","MCF7","6 h","10.0 µM",0.000359396,0.00164468,-0.7449,0.000222172850477672,"LINCS L1000","l1000_results_down","down","CPC014_MCF7_6H:BRD-U74615290-000-01-8:10","BRD-U74615290",NA,NA,NA,"thz-2-98-01",0.00164468,2.78391858874939,FALSE,"Downregula NQO1",2.07374095675942
911,"TGX-115","VCAP","24 h","160.0 µM",0.000359541,0.00945332,-1.37434,0.000859106529209622,"LINCS L1000","l1000_results_down","down","CPC006_VCAP_24H:BRD-K67075780-001-03-7:160","BRD-K67075780",NA,NA,NA,"tgx-115",0.00945332,2.02441564075417,FALSE,"Downregula NQO1",2.78223539171409
912,"BRD-K30351863","A375","6 h","10.0 µM",0.000360157,0.0109413,-1.84003,0.00102880658436214,"LINCS L1000","l1000_results_down","down","CPC008_A375_6H:BRD-K30351863-019-01-2:10","BRD-K30351863",NA,NA,NA,"brd-k30351863",0.0109413,1.96093107386324,FALSE,"Downregula NQO1",3.60817200384058
913,"vemurafenib","HEK293T","24 h","10.0 µM",0.000364584,0.011229,-1.09699,0.000970873786407767,"LINCS L1000","l1000_results_down","down","BRAF001_HEK293T_24H:BRD-U73308409-000-01-9:10","BRD-U73308409",NA,NA,NA,"vemurafenib",0.011229,1.94965891816592,FALSE,"Downregula NQO1",2.13875633663883
914,"doxorubicin","HT29","6 h","10.0 µM",0.000368276,0.00147921,-2.1445,0.000206483584555028,"LINCS L1000","l1000_results_down","down","CPC011_HT29_6H:BRD-K92093830-003-23-3:10","BRD-K92093830",NA,NA,NA,"doxorubicin",0.00147921,2.8299701658496,FALSE,"Downregula NQO1",6.06887102066447
915,"chromomycin-a3","MCF7","6 h","10.0 µM",0.0003704,0.00151064,-1.0039,0.000209819555182543,"LINCS L1000","l1000_results_down","down","CPC014_MCF7_6H:BRD-A11702965-001-01-6:10","BRD-A11702965",NA,NA,NA,"chromomycin-a3",0.00151064,2.82083901987102,FALSE,"Downregula NQO1",2.83184029204852
916,"vincristine","HA1E","24 h","10.0 µM",0.000372053,0.00201726,-1.21114,0.000250815149235014,"LINCS L1000","l1000_results_down","down","CRCGN004_HA1E_24H:BRD-K74793820-001-01-2:10UM","BRD-K74793820",NA,NA,NA,"vincristine",0.00201726,2.69523812296314,FALSE,"Downregula NQO1",3.26431070024557
917,"BRD-K95080525","VCAP","6 h","10.0 µM",0.000377041,0.00343814,-1.27189,0.000364697301239971,"LINCS L1000","l1000_results_down","down","CPC007_VCAP_6H:BRD-K95080525-001-04-1:10","BRD-K95080525",NA,NA,NA,"brd-k95080525",0.00343814,2.4636764429516,FALSE,"Downregula NQO1",3.13352543102571
918,"SD-6-035-A7","MCF7","24 h","10.0 µM",0.000382654,0.0283136,-0.574116,0.00261096605744125,"LINCS L1000","l1000_results_down","down","CPC019_MCF7_24H:BRD-K45253154-001-04-3:10","BRD-K45253154",NA,NA,NA,"sd-6-035-a7",0.0283136,1.54800490771947,FALSE,"Downregula NQO1",0.888734385600272
919,"BRD-K05402890","PC3","24 h","10.0 µM",0.000382793,0.0140429,-1.43733,0.00131752305665349,"LINCS L1000","l1000_results_down","down","CPC007_PC3_24H:BRD-K05402890-001-09-2:10","BRD-K05402890",NA,NA,NA,"brd-k05402890",0.0140429,1.85254319676863,FALSE,"Downregula NQO1",2.66271591301146
920,"XMD-1150","VCAP","24 h","10.0 µM",0.00038559,0.00340457,-1.91098,0.000338638672536404,"LINCS L1000","l1000_results_down","down","CPC014_VCAP_24H:BRD-K01436366-001-02-4:10","BRD-K01436366",NA,NA,NA,"xmd-1150",0.00340457,2.46793773203896,FALSE,"Downregula NQO1",4.71617964717182
921,"BRD-K65050353","MCF7","24 h","10.0 µM",0.000388837,0.00299966,-1.89713,0.000289603243556328,"LINCS L1000","l1000_results_down","down","CPC012_MCF7_24H:BRD-K65050353-001-01-3:10","BRD-K65050353",NA,NA,NA,"brd-k65050353",0.00299966,2.52292796811097,FALSE,"Downregula NQO1",4.78632233614236
922,"atorvastatin","HA1E","24 h","10.0 µM",0.000390908,0.00226332,-1.15038,0.000233863423760524,"LINCS L1000","l1000_results_down","down","CPC006_HA1E_24H:BRD-U88459701-000-01-8:10","BRD-U88459701",NA,NA,NA,"atorvastatin",0.00226332,2.64525403888253,FALSE,"Downregula NQO1",3.04304734124968
923,"ruxolitinib","VCAP","6 h","10.0 µM",0.000392049,0.00419114,-1.305,0.000344234079173838,"LINCS L1000","l1000_results_down","down","CPC014_VCAP_6H:BRD-K53972329-001-02-1:10","BRD-K53972329",NA,NA,NA,"ruxolitinib",0.00419114,2.37766783183808,FALSE,"Downregula NQO1",3.1028565205487
924,"PNU-74654","HA1E","24 h","80.0 µM",0.000395116,0.00422392,-1.31662,0.000385208012326656,"LINCS L1000","l1000_results_down","down","CPC006_HA1E_24H:BRD-K30707190-001-02-5:80","BRD-K30707190",NA,NA,NA,"pnu-74654",0.00422392,2.37428431582641,FALSE,"Downregula NQO1",3.12603021590337
925,"BRD-K62459624","A375","6 h","10.0 µM",0.000396429,0.000902452,-0.998271,0.000149476831091181,"LINCS L1000","l1000_results_down","down","CPC012_A375_6H:BRD-K62459624-001-08-7:10","BRD-K62459624",NA,NA,NA,"brd-k62459624",0.000902452,3.04457588824724,FALSE,"Downregula NQO1",3.03931181653646
926,"latrunculin-b","PC3","24 h","10.0 µM",0.000397301,0.00241,-1.41779,0.00024612355402412,"LINCS L1000","l1000_results_down","down","CPC012_PC3_24H:BRD-A19248578-001-02-9:10","BRD-A19248578",NA,NA,NA,"latrunculin-b",0.00241,2.61798295742513,FALSE,"Downregula NQO1",3.71175005720778
927,"PHA-793887","SKB","24 h","10.0 µM",0.000402871,0.00222388,-1.69868,0.000250438266967193,"LINCS L1000","l1000_results_down","down","CPC014_SKB_24H:BRD-K64800655-001-01-7:10","BRD-K64800655",NA,NA,NA,"pha-793887",0.00222388,2.65288865087769,FALSE,"Downregula NQO1",4.50640889347292
928,"BRD-K40758391","PC3","24 h","10.0 µM",0.000403643,0.00149357,-1.33689,0.000205676676264912,"LINCS L1000","l1000_results_down","down","CPC007_PC3_24H:BRD-K40758391-001-06-4:10","BRD-K40758391",NA,NA,NA,"brd-k40758391",0.00149357,2.82577441825482,FALSE,"Downregula NQO1",3.77774956202068
929,"BRD-K23027438","MCF7","24 h","10.0 µM",0.00040705,0.0085754,-1.21563,0.000550357732526142,"LINCS L1000","l1000_results_down","down","CPC013_MCF7_24H:BRD-K23027438-001-01-1:10","BRD-K23027438",NA,NA,NA,"brd-k23027438",0.0085754,2.06674561312296,FALSE,"Downregula NQO1",2.51239796968066
930,"geldanamycin","VCAP","24 h","10.0 µM",0.000408746,0.00462968,-1.11072,0.000417536534446764,"LINCS L1000","l1000_results_down","down","CPC020_VCAP_24H:BRD-A19500257:10","BRD-A19500257",NA,NA,NA,"geldanamycin",0.00462968,2.33444902605267,FALSE,"Downregula NQO1",2.59291922221722
931,"gemcitabine","MCF7","24 h","10.0 µM",0.000408846,0.00908668,-1.39217,0.000829187396351575,"LINCS L1000","l1000_results_down","down","CPD003_MCF7_24H:BRD-K15108141-001-03-3:10","BRD-K15108141",NA,NA,NA,"gemcitabine",0.00908668,2.04159476595885,FALSE,"Downregula NQO1",2.84224698532493
932,"quiflapon","A549","6 h","80.0 µM",0.000410573,0.00419195,-1.38478,0.000379362670713202,"LINCS L1000","l1000_results_down","down","CPC006_A549_6H:BRD-K39503511-001-02-1:80","BRD-K39503511",NA,NA,NA,"quiflapon",0.00419195,2.37758390609437,FALSE,"Downregula NQO1",3.29243064148136
933,"fludarabine","PC3","24 h","10.0 µM",0.000410772,0.00198767,-1.14078,0.000229990800367985,"LINCS L1000","l1000_results_down","down","CPC012_PC3_24H:BRD-K72238567-001-12-4:10","BRD-K72238567",NA,NA,NA,"fludarabine",0.00198767,2.70165571705912,FALSE,"Downregula NQO1",3.0819948089067
934,"PI-828","VCAP","24 h","10.0 µM",0.000414185,0.00730251,-1.23217,0.000595592614651578,"LINCS L1000","l1000_results_down","down","CPC001_VCAP_24H:BRD-K97365803-001-01-3:10","BRD-K97365803",NA,NA,NA,"pi-828",0.00730251,2.13652783963454,FALSE,"Downregula NQO1",2.6325655081625
935,"chloramphenicol","HT29","6 h","10.0 µM",0.000414507,0.0103594,-1.47728,0.000685400959561343,"LINCS L1000","l1000_results_down","down","CPC020_HT29_6H:BRD-A51182606-001-07-4:10","BRD-A51182606",NA,NA,NA,"chloramphenicol",0.0103594,1.98466539750923,FALSE,"Downregula NQO1",2.93190649843244
936,"arachidonyl-trifluoro-methane","A549","6 h","80.0 µM",0.000415664,0.00291619,-0.550858,0.000263365815117198,"LINCS L1000","l1000_results_down","down","CPC006_A549_6H:BRD-K07303502-001-02-5:80","BRD-K07303502",NA,NA,NA,"arachidonyl-trifluoro-methane",0.00291619,2.5351841836245,FALSE,"Downregula NQO1",1.39652648902303
937,"dexamethasone","A549","6 h","10.0 µM",0.000420306,0.0139069,-0.569679,0.00142045454545455,"LINCS L1000","l1000_results_down","down","CPC006_A549_6H:BRD-A35108200-001-04-7:10","BRD-A35108200",NA,NA,NA,"dexamethasone",0.0139069,1.85676966820613,FALSE,"Downregula NQO1",1.057762687814
938,"BRD-K23935793","PC3","6 h","10.0 µM",0.000424412,0.0039995,-1.05867,0.000345065562456867,"LINCS L1000","l1000_results_down","down","CPC007_PC3_6H:BRD-K23935793-001-06-3:10","BRD-K23935793",NA,NA,NA,"brd-k23935793",0.0039995,2.39799429887548,FALSE,"Downregula NQO1",2.53868462439051
939,"radicicol","PC3","24 h","10.0 µM",0.00042568,0.00182002,-2.3553,0.000217344055640078,"LINCS L1000","l1000_results_down","down","CPC014_PC3_24H:BRD-K33551950-001-01-6:10","BRD-K33551950",NA,NA,NA,"radicicol",0.00182002,2.73992383957431,FALSE,"Downregula NQO1",6.45334261934938
940,"fluphenazine","MCF7","24 h","10.0 µM",0.000427202,0.0379715,-1.16258,0.005,"LINCS L1000","l1000_results_down","down","CPC015_MCF7_24H:BRD-K53987533-003-01-9:10","BRD-K53987533",NA,NA,NA,"fluphenazine",0.0379715,1.42054224645105,FALSE,"Downregula NQO1",1.65149400487906
941,"PP-30","MCF7","24 h","11.1 µM",0.000427608,0.00758119,-0.650329,0.000640614990390775,"LINCS L1000","l1000_results_down","down","CPC006_MCF7_24H:BRD-K30677119-001-01-0:11.1","BRD-K30677119",NA,NA,NA,"pp-30",0.00758119,2.12026261892334,FALSE,"Downregula NQO1",1.3788682687018
942,"digoxin","MCF7","6 h","10.0 µM",0.000431866,0.00571068,-1.40648,0.000443458980044346,"LINCS L1000","l1000_results_down","down","CPC017_MCF7_6H:BRD-K23478508-001-03-7:10","BRD-K23478508",NA,NA,NA,"digoxin",0.00571068,2.24331217500033,FALSE,"Downregula NQO1",3.15517370789446
943,"MLN-2238","A549","6 h","10.0 µM",0.000432247,0.00520285,-0.504059,0.00045475216007276,"LINCS L1000","l1000_results_down","down","CPC006_A549_6H:BRD-K78659596-001-01-3:10","BRD-K78659596",NA,NA,NA,"mln-2238",0.00520285,2.28375869478652,FALSE,"Downregula NQO1",1.1511491239354
944,"doxorubicin","MCF7","6 h","10.0 µM",0.000435841,0.00372994,-1.20829,0.000305343511450382,"LINCS L1000","l1000_results_down","down","CPC015_MCF7_6H:BRD-K92093830-003-05-0:10","BRD-K92093830",NA,NA,NA,"doxorubicin",0.00372994,2.42829815421772,FALSE,"Downregula NQO1",2.93408837675973
945,"AZD-8055","MCF10A","24 h","0.08 µM",0.000437166,0.0073194,-1.34174,0.000617665225447807,"LINCS L1000","l1000_results_down","down","LJP001_MCF10A_24H:BRD-K69932463-001-05-6:0.08","BRD-K69932463",NA,NA,NA,"azd-8055",0.0073194,2.13552451830897,FALSE,"Downregula NQO1",2.86531866719588
946,"BMS-345541","PC3","24 h","10.0 µM",0.000437193,0.00940619,-1.78547,0.000721500721500722,"LINCS L1000","l1000_results_down","down","CPC014_PC3_24H:BRD-K13566078-003-01-1:10","BRD-K13566078",NA,NA,NA,"bms-345541",0.00940619,2.02658625298541,FALSE,"Downregula NQO1",3.61840895711787
947,"idarubicin","HA1E","24 h","0.08 µM",0.000438172,0.00251019,-1.21382,0.000252079657171666,"LINCS L1000","l1000_results_down","down","CPC006_HA1E_24H:BRD-A71390734-001-01-7:0.08","BRD-A71390734",NA,NA,NA,"idarubicin",0.00251019,2.60029340488207,FALSE,"Downregula NQO1",3.15628814071395
948,"indatraline","VCAP","6 h","10.0 µM",0.00044039,0.0209992,-1.28061,0.00182815356489945,"LINCS L1000","l1000_results_down","down","CPC011_VCAP_6H:BRD-K01649396-003-05-5:10","BRD-K01649396",NA,NA,NA,"indatraline",0.0209992,1.67779725013291,FALSE,"Downregula NQO1",2.14860393649271
949,"prothionamide","MCF7","24 h","10.0 µM",0.000443718,0.010846,-1.16581,0.00074019245003701,"LINCS L1000","l1000_results_down","down","CPC015_MCF7_24H:BRD-K97863768-001-02-8:10","BRD-K97863768",NA,NA,NA,"prothionamide",0.010846,1.96473039990056,FALSE,"Downregula NQO1",2.29050234750808
950,"wortmannin","PC3","24 h","10.0 µM",0.000454388,0.0049893,-1.29592,0.00038550501156515,"LINCS L1000","l1000_results_down","down","CPC012_PC3_24H:BRD-A75409952:10","BRD-A75409952",NA,NA,NA,"wortmannin",0.0049893,2.30196038172378,FALSE,"Downregula NQO1",2.98315649788349
951,"KIN001-220","MCF7","6 h","2.0 µM",0.000457164,0.0100495,-1.46191,0.000691085003455425,"LINCS L1000","l1000_results_down","down","LJP001_MCF7_6H:BRD-K53561341-001-03-4:2","BRD-K53561341",NA,NA,NA,"kin001-220",0.0100495,1.99785554547163,FALSE,"Downregula NQO1",2.92068500048043
952,"SA-792574","HT29","6 h","10.0 µM",0.000465456,0.0142765,-0.834918,0.00154083204930663,"LINCS L1000","l1000_results_down","down","CPC018_HT29_6H:BRD-K26997899-001-01-4:10","BRD-K26997899",NA,NA,NA,"sa-792574",0.0142765,1.84537825033263,FALSE,"Downregula NQO1",1.54073951801122
953,"bisindolylmaleimide","HA1E","6 h","12.12 µM",0.000467244,0.00594888,-1.01683,0.000465983224603914,"LINCS L1000","l1000_results_down","down","CPC006_HA1E_6H:BRD-K31342827-001-05-4:12.12","BRD-K31342827",NA,NA,NA,"bisindolylmaleimide",0.00594888,2.22556479151603,FALSE,"Downregula NQO1",2.26302104695724
954,"BRD-K41652870","ASC","24 h","10.0 µM",0.000468742,0.0237826,-1.42366,0.00170648464163823,"LINCS L1000","l1000_results_down","down","CPC012_ASC_24H:BRD-K41652870-001-01-9:10","BRD-K41652870",NA,NA,NA,"brd-k41652870",0.0237826,1.62374066847559,FALSE,"Downregula NQO1",2.31165464008196
955,"piperlongumine","A375","6 h","10.0 µM",0.000473023,0.00523208,-1.93277,0.00041631973355537,"LINCS L1000","l1000_results_down","down","CPC006_A375_6H:BRD-K24132293-001-16-0:10","BRD-K24132293",NA,NA,NA,"piperlongumine",0.00523208,2.28132562414615,FALSE,"Downregula NQO1",4.40927772658095
956,"SA-63133","MCF7","24 h","10.0 µM",0.000473586,0.0050338,-1.21434,0.000404367165386171,"LINCS L1000","l1000_results_down","down","CPC017_MCF7_24H:BRD-K09638361-001-01-4:10","BRD-K09638361",NA,NA,NA,"sa-63133",0.0050338,2.29810404357945,FALSE,"Downregula NQO1",2.79067966428026
957,"BRD-K22215695","MCF7","24 h","10.0 µM",0.000474344,0.0117619,-1.62196,0.0008110300081103,"LINCS L1000","l1000_results_down","down","CPC007_MCF7_24H:BRD-K22215695-001-08-6:10","BRD-K22215695",NA,NA,NA,"brd-k22215695",0.0117619,1.92952251730201,FALSE,"Downregula NQO1",3.12960834216318
958,"AT-7519","SKBR3","24 h","0.4 µM",0.000474449,0.0377578,-1.22067,0.00462962962962963,"LINCS L1000","l1000_results_down","down","LJP001_SKBR3_24H:BRD-K13390322-001-02-2:0.4","BRD-K13390322",NA,NA,NA,"at-7519",0.0377578,1.42299331828538,FALSE,"Downregula NQO1",1.73700525383141
959,"PX-12","SW620","6 h","30.0 µM",0.000477247,0.0164002,-1.96578,0.00111482720178372,"LINCS L1000","l1000_results_down","down","CPC006_SW620_6H:BRD-A56592690-001-01-9:30","BRD-A56592690",NA,NA,NA,"px-12",0.0164002,1.78515085571043,FALSE,"Downregula NQO1",3.50921384913844
960,"erythromycin","MCF7","24 h","10.0 µM",0.000477499,0.0444133,-1.32724,0.00757575757575758,"LINCS L1000","l1000_results_down","down","CPC016_MCF7_24H:BRD-K39746403-084-03-1:10","BRD-K39746403",NA,NA,NA,"erythromycin",0.0444133,1.35248695664967,FALSE,"Downregula NQO1",1.79507478834371
961,"MRS-1845","MCF7","24 h","10.0 µM",0.000480057,0.0106473,-1.04069,0.000672043010752688,"LINCS L1000","l1000_results_down","down","CPC017_MCF7_24H:BRD-A32949107-001-01-7:10","BRD-A32949107",NA,NA,NA,"mrs-1845",0.0106473,1.9727605090107,FALSE,"Downregula NQO1",2.05303213412234
962,"WYE-125132","MCF7","6 h","2.0 µM",0.00048081,0.00586345,-1.44139,0.000469924812030075,"LINCS L1000","l1000_results_down","down","LJP001_MCF7_6H:BRD-A45498368-001-03-0:2","BRD-A45498368",NA,NA,NA,"wye-125132",0.00586345,2.23184677390027,FALSE,"Downregula NQO1",3.2169616214321
963,"BIBR-1532","PC3","24 h","80.0 µM",0.000481549,0.00339125,-0.873098,0.000280583613916947,"LINCS L1000","l1000_results_down","down","CPC006_PC3_24H:BRD-K04623885-001-03-4:80","BRD-K04623885",NA,NA,NA,"bibr-1532",0.00339125,2.46964019323035,FALSE,"Downregula NQO1",2.15623791342903
964,"troglitazone","HT29","24 h","10.0 µM",0.000485278,0.0341967,-1.10514,0.004739336492891,"LINCS L1000","l1000_results_down","down","CPC006_HT29_24H:BRD-A13084692-001-04-1:10","BRD-A13084692",NA,NA,NA,"troglitazone",0.0341967,1.46601580157366,FALSE,"Downregula NQO1",1.62015270295111
965,"BRD-K07005393","MCF7","24 h","10.0 µM",0.000489269,0.00254795,-0.668243,0.000220312844238819,"LINCS L1000","l1000_results_down","down","CPC019_MCF7_24H:BRD-K07005393-001-01-0:10","BRD-K07005393",NA,NA,NA,"brd-k07005393",0.00254795,2.59380909868251,FALSE,"Downregula NQO1",1.7332947735309
966,"VU-0410183-2","HT29","6 h","10.0 µM",0.000490516,0.0172556,-1.54847,0.00154083204930663,"LINCS L1000","l1000_results_down","down","CPC008_HT29_6H:BRD-K74710236-001-04-8:10","BRD-K74710236",NA,NA,NA,"vu-0410183-2",0.0172556,1.76306993511728,FALSE,"Downregula NQO1",2.73006090243105
967,"phenoxybenzamine","MCF7","24 h","10.0 µM",0.000490585,0.00565735,-1.15446,0.000414593698175788,"LINCS L1000","l1000_results_down","down","CPC020_MCF7_24H:BRD-A67799922-003-22-9:10","BRD-A67799922",NA,NA,NA,"phenoxybenzamine",0.00565735,2.24738695218294,FALSE,"Downregula NQO1",2.59451834081711
968,"wortmannin","VCAP","24 h","10.0 µM",0.000491067,0.00660331,-1.09941,0.000515463917525773,"LINCS L1000","l1000_results_down","down","CPC004_VCAP_24H:BRD-A11678676-001-03-4:10","BRD-A11678676",NA,NA,NA,"wortmannin",0.00660331,2.1802383137933,FALSE,"Downregula NQO1",2.3969758045675
969,"BML-259","MCF7","6 h","80.0 µM",0.000491133,0.00805936,-0.812333,0.000582072176949942,"LINCS L1000","l1000_results_down","down","CPC006_MCF7_6H:BRD-K71799778-001-03-0:80","BRD-K71799778",NA,NA,NA,"bml-259",0.00805936,2.09369944448575,FALSE,"Downregula NQO1",1.70078115083744
970,"BRD-K22006123","VCAP","6 h","10.0 µM",0.000492695,0.0301925,-1.01031,0.00306748466257669,"LINCS L1000","l1000_results_down","down","CPC007_VCAP_6H:BRD-K22006123-001-05-7:10","BRD-K22006123",NA,NA,NA,"brd-k22006123",0.0301925,1.52010092502748,FALSE,"Downregula NQO1",1.53577316556452
971,"GDC-0941","MCF7","6 h","10.0 µM",0.00049443,0.0102993,-1.27962,0.000750187546886722,"LINCS L1000","l1000_results_down","down","LJP001_MCF7_6H:BRD-K52911425-001-04-9:10","BRD-K52911425",NA,NA,NA,"gdc-0941",0.0102993,1.98719229145678,FALSE,"Downregula NQO1",2.54285099999392
972,"BRD-K95138506","PC3","24 h","10.0 µM",0.000494645,0.00271366,-1.48544,0.000243368216110976,"LINCS L1000","l1000_results_down","down","CPC009_PC3_24H:BRD-K95138506-019-01-8:10","BRD-K95138506",NA,NA,NA,"brd-k95138506",0.00271366,2.5664445669098,FALSE,"Downregula NQO1",3.8122994174705
973,"torin-1","MCF7","6 h","10.0 µM",0.000494853,0.00531819,-1.24005,0.000381970970206264,"LINCS L1000","l1000_results_down","down","LJP001_MCF7_6H:BRD-K40175214-001-03-3:10","BRD-K40175214",NA,NA,NA,"torin-1",0.00531819,2.2742361509312,FALSE,"Downregula NQO1",2.82016653896224
974,"MLN-2238","PC3","24 h","10.0 µM",0.000499947,0.00169656,-1.10983,0.000183688464364438,"LINCS L1000","l1000_results_down","down","CPC006_PC3_24H:BRD-K78659596-001-01-3:10","BRD-K78659596",NA,NA,NA,"mln-2238",0.00169656,2.7704307766271,FALSE,"Downregula NQO1",3.07470718882405
975,"COL-3","HCC515","6 h","10.0 µM",0.000501145,0.0474508,-1.11662,0.00826446280991736,"LINCS L1000","l1000_results_down","down","PCLB001_HCC515_6H:BRD-A59431241-001-02-9:10","BRD-A59431241",NA,NA,NA,"col-3",0.0474508,1.32375646115752,FALSE,"Downregula NQO1",1.47813293965771
976,"kinetin-riboside","A375","24 h","10.0 µM",0.000501845,0.00277642,-0.810357,0.000262950302392848,"LINCS L1000","l1000_results_down","down","CPC006_A375_24H:BRD-K94325918-001-03-8:10","BRD-K94325918",NA,NA,NA,"kinetin-riboside",0.00277642,2.55651483580895,FALSE,"Downregula NQO1",2.07168969280164
977,"BRD-K11362964","MCF7","24 h","10.0 µM",0.000512071,0.002747,-2.00139,0.000245037980887037,"LINCS L1000","l1000_results_down","down","CPC012_MCF7_24H:BRD-K11362964-001-01-8:10","BRD-K11362964",NA,NA,NA,"brd-k11362964",0.002747,2.56114134057944,FALSE,"Downregula NQO1",5.12584266762228
978,"sirolimus","MCF7","24 h","10.0 µM",0.000512239,0.0111733,-1.56199,0.000662251655629139,"LINCS L1000","l1000_results_down","down","CPC012_MCF7_24H:BRD-K89626439-001-01-0:10","BRD-K89626439",NA,NA,NA,"sirolimus",0.0111733,1.95181854039129,FALSE,"Downregula NQO1",3.04872104190578
979,"linsitinib","SW620","6 h","10.0 µM",0.000517398,0.0449174,-1.45298,0.0062111801242236,"LINCS L1000","l1000_results_down","down","CPC006_SW620_6H:BRD-K08589866-001-01-0:10","BRD-K08589866",NA,NA,NA,"linsitinib",0.0449174,1.34758539039661,FALSE,"Downregula NQO1",1.95801462053847
980,"BRD-K35004659","PC3","24 h","10.0 µM",0.000519398,0.00678253,-1.42061,0.000431406384814495,"LINCS L1000","l1000_results_down","down","CPC012_PC3_24H:BRD-K35004659-001-01-8:10","BRD-K35004659",NA,NA,NA,"brd-k35004659",0.00678253,2.16860827662193,FALSE,"Downregula NQO1",3.08074660385188
981,"BRD-K61717269","PC3","24 h","10.0 µM",0.000521128,0.00256303,-1.33047,0.000216497077289457,"LINCS L1000","l1000_results_down","down","CPC012_PC3_24H:BRD-K61717269-001-01-4:10","BRD-K61717269",NA,NA,NA,"brd-k61717269",0.00256303,2.59124631041419,FALSE,"Downregula NQO1",3.44757547861677
982,"alvocidib","MDAMB231","6 h","0.08 µM",0.00052182,0.00347901,-1.34101,0.000321646831778707,"LINCS L1000","l1000_results_down","down","LJP001_MDAMB231_6H:BRD-K87909389-001-04-6:0.08","BRD-K87909389",NA,NA,NA,"alvocidib",0.00347901,2.45854432292284,FALSE,"Downregula NQO1",3.29693252248276
983,"teniposide","PC3","24 h","1.25 µM",0.000522143,0.00781916,-0.722732,0.000591366055588409,"LINCS L1000","l1000_results_down","down","CPC006_PC3_24H:BRD-A35588707-001-03-0:1.25","BRD-A35588707",NA,NA,NA,"teniposide",0.00781916,2.10683990000402,FALSE,"Downregula NQO1",1.5226806146097
984,"PIK-75","HA1E","6 h","0.09 µM",0.00052281,0.00171659,-1.20448,0.000193535900909619,"LINCS L1000","l1000_results_down","down","CPC006_HA1E_6H:BRD-K49371609-310-01-1:0.09","BRD-K49371609",NA,NA,NA,"pik-75",0.00171659,2.76533342178748,FALSE,"Downregula NQO1",3.33078879987459
985,"amsacrine","ASC","24 h","10.0 µM",0.000523222,0.00813057,-2.29587,0.00061652281134402,"LINCS L1000","l1000_results_down","down","CPC015_ASC_24H:BRD-K98490050-001-01-8:10","BRD-K98490050",NA,NA,NA,"amsacrine",0.00813057,2.08987900678266,FALSE,"Downregula NQO1",4.7980905153021
986,"phenolphthalein","MCF7","24 h","10.0 µM",0.000530504,0.0199886,-1.08813,0.00150375939849624,"LINCS L1000","l1000_results_down","down","CPC015_MCF7_24H:BRD-K19227686-001-12-9:10","BRD-K19227686",NA,NA,NA,"phenolphthalein",0.0199886,1.69921762276866,FALSE,"Downregula NQO1",1.84896967186327
987,"PF-562271","HT29","6 h","10.0 µM",0.000531583,0.00155243,-1.11995,0.000183553597650514,"LINCS L1000","l1000_results_down","down","CPC014_HT29_6H:BRD-K99545815-001-01-4:10","BRD-K99545815",NA,NA,NA,"pf-562271",0.00155243,2.80898797330862,FALSE,"Downregula NQO1",3.14592608070699
988,"IKK-16","VCAP","24 h","10.0 µM",0.000532355,0.00564564,-1.6065,0.00037821482602118,"LINCS L1000","l1000_results_down","down","CPC001_VCAP_24H:BRD-K14618467-003-01-8:10","BRD-K14618467",NA,NA,NA,"ikk-16",0.00564564,2.24828681853734,FALSE,"Downregula NQO1",3.61187277398024
989,"AS-601245","PC3","24 h","10.0 µM",0.000533433,0.00127849,-1.87877,0.000158478605388273,"LINCS L1000","l1000_results_down","down","CPC014_PC3_24H:BRD-A60245366-001-01-1:10","BRD-A60245366",NA,NA,NA,"as-601245",0.00127849,2.89330266455732,FALSE,"Downregula NQO1",5.43585024709036
990,"KU-C104495","HT29","6 h","10.0 µM",0.000537506,0.00280967,-1.55931,0.000239693192713327,"LINCS L1000","l1000_results_down","down","CPC008_HT29_6H:BRD-K73044744-001-03-0:10","BRD-K73044744",NA,NA,NA,"ku-c104495",0.00280967,2.55134468564478,FALSE,"Downregula NQO1",3.97833728177276
991,"tubocurarine","MCF7","24 h","10.0 µM",0.000539179,0.026452,-0.696749,0.00221729490022173,"LINCS L1000","l1000_results_down","down","CPC016_MCF7_24H:BRD-K99621550-003-03-4:10","BRD-K99621550",NA,NA,NA,"tubocurarine",0.026452,1.57754148596806,FALSE,"Downregula NQO1",1.09915045280676
992,"BRD-K60070073","MCF7","24 h","10.0 µM",0.000541268,0.0307474,-0.616886,0.00265957446808511,"LINCS L1000","l1000_results_down","down","CPC019_MCF7_24H:BRD-K60070073-001-02-3:10","BRD-K60070073",NA,NA,NA,"brd-k60070073",0.0307474,1.51219160227532,FALSE,"Downregula NQO1",0.932849828761213
993,"BRD-K83670234","VCAP","6 h","10.0 µM",0.000545813,0.0124658,-1.17115,0.000826446280991736,"LINCS L1000","l1000_results_down","down","CPC009_VCAP_6H:BRD-K83670234-001-01-1:10","BRD-K83670234",NA,NA,NA,"brd-k83670234",0.0124658,1.90427984516367,FALSE,"Downregula NQO1",2.23019734066343
994,"corticosterone","PC3","6 h","10.0 µM",0.000546708,0.0379255,-0.979746,0.00421940928270042,"LINCS L1000","l1000_results_down","down","CPC010_PC3_6H:BRD-K73589401-001-20-2:10","BRD-K73589401",NA,NA,NA,"corticosterone",0.0379255,1.42106868487717,FALSE,"Downregula NQO1",1.39228635973367
995,"BRD-K43131268","VCAP","6 h","10.0 µM",0.000550226,0.0125281,-1.80153,0.000710732054015636,"LINCS L1000","l1000_results_down","down","CPC010_VCAP_6H:BRD-K43131268-001-06-1:10","BRD-K43131268",NA,NA,NA,"brd-k43131268",0.0125281,1.90211478870928,FALSE,"Downregula NQO1",3.42671685530342
996,"dactinomycin","ASC","24 h","10.0 µM",0.000553485,0.00210576,-2.07316,0.000205465379083624,"LINCS L1000","l1000_results_down","down","CPC015_ASC_24H:BRD-A73909368-001-01-5:10","BRD-A73909368",NA,NA,NA,"dactinomycin",0.00210576,2.67659112821947,FALSE,"Downregula NQO1",5.54900166337947
997,"dorsomorphin","VCAP","24 h","10.0 µM",0.000553926,0.00246499,-1.22419,0.000227221086116792,"LINCS L1000","l1000_results_down","down","CPC004_VCAP_24H:BRD-K54233340-300-01-0:10","BRD-K54233340",NA,NA,NA,"dorsomorphin",0.00246499,2.60818483823406,FALSE,"Downregula NQO1",3.19291379711776
998,"BRD-K78883024","VCAP","6 h","10.0 µM",0.000556353,0.00402047,-1.04613,0.000301023479831427,"LINCS L1000","l1000_results_down","down","CPC007_VCAP_6H:BRD-K78883024-067-02-0:10","BRD-K78883024",NA,NA,NA,"brd-k78883024",0.00402047,2.39572317416052,FALSE,"Downregula NQO1",2.50623788418455
999,"cymarin","PC3","6 h","10.0 µM",0.000557285,0.0166126,-1.89024,0.0012853470437018,"LINCS L1000","l1000_results_down","down","CPC002_PC3_6H:BRD-A71459254-001-02-8:10","BRD-A71459254",NA,NA,NA,"cymarin",0.0166126,1.77956239179383,FALSE,"Downregula NQO1",3.36380001546437
1000,"BRD-K65983740","MCF7","24 h","10.0 µM",0.000557585,0.00618342,-1.43569,0.000410509031198686,"LINCS L1000","l1000_results_down","down","CPC019_MCF7_24H:BRD-K65983740-001-01-7:10","BRD-K65983740",NA,NA,NA,"brd-k65983740",0.00618342,2.20877125366488,FALSE,"Downregula NQO1",3.17111080117413
1001,"geldanamycin","VCAP","48 h","5.0 µM",0.000560751,0.00101925,-0.64513,0.000126598303582732,"LINCS L1000","l1000_results_down","down","ERG005_VCAP_48H:BRD-A19500257-001-01-3:5","BRD-A19500257",NA,NA,NA,"geldanamycin",0.00101925,2.99171927987581,FALSE,"Downregula NQO1",1.93004785902628
1002,"CYT-997","A549","6 h","1.0 µM",0.000564416,0.0336769,-1.15158,0.00364963503649635,"LINCS L1000","l1000_results_down","down","CPC006_A549_6H:BRD-K23363278-001-01-3:1","BRD-K23363278",NA,NA,NA,"cyt-997",0.0336769,1.47266789267289,FALSE,"Downregula NQO1",1.69589489184425
1003,"BRD-K48803730","PC3","24 h","10.0 µM",0.000564778,0.00737906,-1.35425,0.000404858299595142,"LINCS L1000","l1000_results_down","down","CPC019_PC3_24H:BRD-K48803730-001-01-1:10","BRD-K48803730",NA,NA,NA,"brd-k48803730",0.00737906,2.13199895834146,FALSE,"Downregula NQO1",2.88725958933392
1004,"BRD-K86456986","VCAP","24 h","10.0 µM",0.00056544,0.0133246,-1.66159,0.000903342366757001,"LINCS L1000","l1000_results_down","down","CPC007_VCAP_24H:BRD-K86456986-001-05-3:10","BRD-K86456986",NA,NA,NA,"brd-k86456986",0.0133246,1.87534581947964,FALSE,"Downregula NQO1",3.11605586018918
1005,"BRD-K41652870","PC3","24 h","10.0 µM",0.00056587,0.0485887,-1.24857,0.0121951219512195,"LINCS L1000","l1000_results_down","down","CPC012_PC3_24H:BRD-K41652870-001-01-9:10","BRD-K41652870",NA,NA,NA,"brd-k41652870",0.0485887,1.31346472041382,FALSE,"Downregula NQO1",1.63995264596709
1006,"BL003-049-HDAC3","MCF7","24 h","10.0 µM",0.000567255,0.00246663,-0.170635,0.000215100021510002,"LINCS L1000","l1000_results_down","down","HDAC001_MCF7_24H:BRD-K47503321-001-01-3:10","BRD-K47503321",NA,NA,NA,"bl003-049-hdac3",0.00246663,2.60789599076545,FALSE,"Downregula NQO1",0.444998332384263
1007,"BRD-K40300908","MCF7","6 h","10.0 µM",0.000569569,0.00331067,-0.732833,0.000267022696929239,"LINCS L1000","l1000_results_down","down","CPC014_MCF7_6H:BRD-K40300908-001-01-2:10","BRD-K40300908",NA,NA,NA,"brd-k40300908",0.00331067,2.48008410656945,FALSE,"Downregula NQO1",1.81748747606961
1008,"H-9","PC3","24 h","10.0 µM",0.000574198,0.00377509,-1.77691,0.000285388127853881,"LINCS L1000","l1000_results_down","down","CPC014_PC3_24H:BRD-K09790412-001-03-8:10","BRD-K09790412",NA,NA,NA,"h-9",0.00377509,2.42307269011759,FALSE,"Downregula NQO1",4.30558209379684
1009,"XMD-885","VCAP","24 h","10.0 µM",0.000576961,0.00449222,-1.49236,0.000326370757180157,"LINCS L1000","l1000_results_down","down","CPC014_VCAP_24H:BRD-K64857848-001-02-3:10","BRD-K64857848",NA,NA,NA,"xmd-885",0.00449222,2.34753898294344,FALSE,"Downregula NQO1",3.50337327658547
1010,"geldanamycin","PC3","24 h","10.0 µM",0.000578307,0.0112765,-1.40042,0.000743494423791822,"LINCS L1000","l1000_results_down","down","CPC019_PC3_24H:BRD-A19500257:10","BRD-A19500257",NA,NA,NA,"geldanamycin",0.0112765,1.94782567575656,FALSE,"Downregula NQO1",2.727774032843
1011,"HDAC3-selective","PC3","24 h","2.5 µM",0.000579878,0.00579032,-1.03757,0.000356125356125356,"LINCS L1000","l1000_results_down","down","HDAC001_PC3_24H:BRD-K29313308-001-01-6:2.5","BRD-K29313308",NA,NA,NA,"hdac3-selective",0.00579032,2.23729743447741,FALSE,"Downregula NQO1",2.32135269909072
1012,"BRD-K37340241","ASC","24 h","10.0 µM",0.000580586,0.00476404,-1.31952,0.000338638672536404,"LINCS L1000","l1000_results_down","down","CPC013_ASC_24H:BRD-K37340241-001-01-9:10","BRD-K37340241",NA,NA,NA,"brd-k37340241",0.00476404,2.32202460073537,FALSE,"Downregula NQO1",3.06395790116233
1013,"torin-1","PC3","24 h","10.0 µM",0.000583088,0.00475786,-1.74089,0.000341530054644809,"LINCS L1000","l1000_results_down","down","CPC014_PC3_24H:BRD-K40175214-001-01-7:10","BRD-K40175214",NA,NA,NA,"torin-1",0.00475786,2.32258834122309,FALSE,"Downregula NQO1",4.04337081735186
1014,"TPCA-1","HCC515","24 h","10.0 µM",0.000583759,0.00622267,-1.44061,0.000449034575662326,"LINCS L1000","l1000_results_down","down","CPC006_HCC515_24H:BRD-K51575138-001-01-7:10","BRD-K51575138",NA,NA,NA,"tpca-1",0.00622267,2.20602322986547,FALSE,"Downregula NQO1",3.17801912517649
1015,"BRD-K46373671","MCF7","24 h","10.0 µM",0.000588025,0.00328085,-1.34204,0.000246974561620153,"LINCS L1000","l1000_results_down","down","CPC019_MCF7_24H:BRD-K46373671-001-01-8:10","BRD-K46373671",NA,NA,NA,"brd-k46373671",0.00328085,2.48401362504262,FALSE,"Downregula NQO1",3.3336456453522
1016,"PLX-4720","A375","24 h","2.5 µM",0.000590011,0.00138386,-0.780551,0.000144112984579911,"LINCS L1000","l1000_results_down","down","BRAF001_A375_24H:BRD-K16478699-001-05-0:2.5","BRD-K16478699",NA,NA,NA,"plx-4720",0.00138386,2.85890784362412,FALSE,"Downregula NQO1",2.23152337624865
1017,"digoxin","PC3","6 h","10.0 µM",0.000591993,0.00673607,-1.10512,0.000433839479392625,"LINCS L1000","l1000_results_down","down","CPC020_PC3_6H:BRD-A75144621-001-02-8:10","BRD-A75144621",NA,NA,NA,"digoxin",0.00673607,2.17159340837661,FALSE,"Downregula NQO1",2.39987130746516
1018,"Merck60","PC3","24 h","0.625 µM",0.000592218,0.00276062,-0.903079,0.000198649185538339,"LINCS L1000","l1000_results_down","down","HDAC001_PC3_24H:BRD-K04466929-001-05-1:0.625","BRD-K04466929",NA,NA,NA,"merck60",0.00276062,2.55899336998549,FALSE,"Downregula NQO1",2.31097317357313
1019,"ouabain","PC3","6 h","10.0 µM",0.000596557,0.010131,-0.993513,0.000659195781147001,"LINCS L1000","l1000_results_down","down","CPC003_PC3_6H:BRD-K35708212-331-03-1:10","BRD-K35708212",NA,NA,NA,"ouabain",0.010131,1.99434768464493,FALSE,"Downregula NQO1",1.98141035121463
1020,"avicin-d","PC3","6 h","10.0 µM",0.000598179,0.00670707,-0.806653,0.000396510705789056,"LINCS L1000","l1000_results_down","down","PCLB001_PC3_6H:BRD-A15100685-001-02-6:10","BRD-A15100685",NA,NA,NA,"avicin-d",0.00670707,2.17346716101359,FALSE,"Downregula NQO1",1.7532338058331
1021,"panobinostat","HA1E","24 h","0.15625 µM",0.000600361,0.00465327,-1.60109,0.000303122158229767,"LINCS L1000","l1000_results_down","down","HDAC002_HA1E_24H:BRD-K02130563-001-05-6:0.15625","BRD-K02130563",NA,NA,NA,"panobinostat",0.00465327,2.33224174735753,FALSE,"Downregula NQO1",3.73412893927666
1022,"BMS-754807","VCAP","24 h","10.0 µM",0.000600746,0.0104757,-1.16879,0.000622277535780958,"LINCS L1000","l1000_results_down","down","CPC006_VCAP_24H:BRD-K13049116-001-01-6:10","BRD-K13049116",NA,NA,NA,"bms-754807",0.0104757,1.97981694726572,FALSE,"Downregula NQO1",2.3139902497947
1023,"mepacrine","A549","6 h","10.0 µM",0.000601093,0.00459784,-0.500572,0.000310752019888129,"LINCS L1000","l1000_results_down","down","CPC006_A549_6H:BRD-A45889380-300-04-8:10","BRD-A45889380",NA,NA,NA,"mepacrine",0.00459784,2.33744614579535,FALSE,"Downregula NQO1",1.17006009209307
1024,"BRD-K52163391","VCAP","24 h","10.0 µM",0.000608693,0.017695,-1.70091,0.00119760479041916,"LINCS L1000","l1000_results_down","down","CPC008_VCAP_24H:BRD-K52163391-001-05-4:10","BRD-K52163391",NA,NA,NA,"brd-k52163391",0.017695,1.75214943302647,FALSE,"Downregula NQO1",2.98024849212905
1025,"CVF-SUMO-14","A375","6 h","10.0 µM",0.000610794,0.00706187,-1.41104,0.000433463372345037,"LINCS L1000","l1000_results_down","down","CPC020_A375_6H:BRD-A93393712-001-01-1:10","BRD-A93393712",NA,NA,NA,"cvf-sumo-14",0.00706187,2.15108028150562,FALSE,"Downregula NQO1",3.03526032041569
1026,"parbendazole","VCAP","24 h","0.31 µM",0.000611016,0.0316421,-1.2167,0.00378787878787879,"LINCS L1000","l1000_results_down","down","CPC006_VCAP_24H:BRD-K02407574-001-04-8:0.31","BRD-K02407574",NA,NA,NA,"parbendazole",0.0316421,1.4997347012759,FALSE,"Downregula NQO1",1.82472721104239
1027,"trichostatin-a","HT29","6 h","0.16 µM",0.000618379,0.00305594,-1.20092,0.000231320842007865,"LINCS L1000","l1000_results_down","down","PCLB001_HT29_6H:BRD-A19037878-001-02-3:0.16","BRD-A19037878",NA,NA,NA,"trichostatin-a",0.00305594,2.51485517690417,FALSE,"Downregula NQO1",3.02013987904776
1028,"salermide","HA1E","6 h","120.0 µM",0.000618532,0.00574374,-0.954466,0.000393700787401575,"LINCS L1000","l1000_results_down","down","CPC006_HA1E_6H:BRD-A67788537-001-01-7:120","BRD-A67788537",NA,NA,NA,"salermide",0.00574374,2.24080522738709,FALSE,"Downregula NQO1",2.13877240216324
1029,"AKT-inhibitor-IV","A375","6 h","10.0 µM",0.000620572,0.00897331,-1.86963,0.000471031559114461,"LINCS L1000","l1000_results_down","down","CPC006_A375_6H:BRD-K28296557-005-14-6:10","BRD-K28296557",NA,NA,NA,"akt-inhibitor-iv",0.00897331,2.04704732846391,FALSE,"Downregula NQO1",3.82722109671597
1030,"vincristine","PC3","24 h","10.0 µM",0.00062285,0.0141961,-1.25475,0.00100300902708124,"LINCS L1000","l1000_results_down","down","CPC011_PC3_24H:BRD-K82109576-065-20-2:10","BRD-K82109576",NA,NA,NA,"vincristine",0.0141961,1.84783095006161,FALSE,"Downregula NQO1",2.3185658845898
1031,"BRD-K30064966","MCF7","24 h","11.1 µM",0.000628237,0.037067,-0.80041,0.00343642611683849,"LINCS L1000","l1000_results_down","down","CPC006_MCF7_24H:BRD-K30064966-001-01-5:11.1","BRD-K30064966",NA,NA,NA,"brd-k30064966",0.037067,1.43101256196527,FALSE,"Downregula NQO1",1.14539676472262
1032,"BRD-K26767475","PC3","24 h","10.0 µM",0.000631573,0.0131315,-1.33163,0.000908265213442325,"LINCS L1000","l1000_results_down","down","CPC007_PC3_24H:BRD-K26767475-001-05-4:10","BRD-K26767475",NA,NA,NA,"brd-k26767475",0.0131315,1.88168566199014,FALSE,"Downregula NQO1",2.50570907807593
1033,"SU-11652","A375","6 h","10.0 µM",0.000631705,0.00290456,-1.63011,0.000233045910044279,"LINCS L1000","l1000_results_down","down","CPC006_A375_6H:BRD-K60623809-001-02-0:10","BRD-K60623809",NA,NA,NA,"su-11652",0.00290456,2.53691964779861,FALSE,"Downregula NQO1",4.13545808707299
1034,"COT-10b","HCC515","6 h","44.4 µM",0.00063319,0.00963106,-1.22139,0.000700770847932726,"LINCS L1000","l1000_results_down","down","CPC006_HCC515_6H:BRD-K18190982-002-01-2:44.4","BRD-K18190982",NA,NA,NA,"cot-10b",0.00963106,2.01632591154456,FALSE,"Downregula NQO1",2.46272030510142
1035,"BRD-K63425657","MCF7","24 h","10.0 µM",0.000634003,0.0105661,-1.28331,0.000607164541590771,"LINCS L1000","l1000_results_down","down","CPC013_MCF7_24H:BRD-K63425657-001-01-2:10","BRD-K63425657",NA,NA,NA,"brd-k63425657",0.0105661,1.97608528336679,FALSE,"Downregula NQO1",2.53593000499743
1036,"sirolimus","VCAP","48 h","1.0 µM",0.00064093,0.0152924,-0.413037,0.000998003992015968,"LINCS L1000","l1000_results_down","down","ERG005_VCAP_48H:BRD-A79768653-001-01-3:1","BRD-A79768653",NA,NA,NA,"sirolimus",0.0152924,1.81552435075759,FALSE,"Downregula NQO1",0.749878731263862
1037,"mitomycin-c","ASC","24 h","10.0 µM",0.000642377,0.00652278,-2.16107,0.0004516711833785,"LINCS L1000","l1000_results_down","down","CPC015_ASC_24H:BRD-A48237631-001-03-0:10","BRD-A48237631",NA,NA,NA,"mitomycin-c",0.00652278,2.18556726909322,FALSE,"Downregula NQO1",4.72316385821929
1038,"BRD-A04172077","MCF7","6 h","10.0 µM",0.000643409,0.00670886,-1.72282,0.000398247710075667,"LINCS L1000","l1000_results_down","down","CPC012_MCF7_6H:BRD-A04172077-001-01-6:10","BRD-A04172077",NA,NA,NA,"brd-a04172077",0.00670886,2.17335127085507,FALSE,"Downregula NQO1",3.74429303645453
1039,"sulindac","A375","6 h","0.625 µM",0.000645925,0.00624553,-1.09335,0.000336587007741501,"LINCS L1000","l1000_results_down","down","BRAF001_A375_6H:BRD-A03427350-001-02-1:0.625","BRD-A03427350",NA,NA,NA,"sulindac",0.00624553,2.20443070119558,FALSE,"Downregula NQO1",2.41021430715219
1040,"vincristine","MCF7","24 h","10.0 µM",0.000651049,0.0111348,-0.721389,0.000684931506849315,"LINCS L1000","l1000_results_down","down","CPC016_MCF7_24H:BRD-A76528577-065-01-2:10","BRD-A76528577",NA,NA,NA,"vincristine",0.0111348,1.95331757922953,FALSE,"Downregula NQO1",1.40910181516281
1041,"BRD-K56196992","PC3","24 h","10.0 µM",0.00065121,0.00243594,-1.12566,0.000195733020160501,"LINCS L1000","l1000_results_down","down","CPC012_PC3_24H:BRD-K56196992-001-01-2:10","BRD-K56196992",NA,NA,NA,"brd-k56196992",0.00243594,2.61333341307932,FALSE,"Downregula NQO1",2.94172488976687
1042,"narciclasine","HCC515","6 h","10.0 µM",0.000653514,0.00327316,-1.26785,0.000234907211651398,"LINCS L1000","l1000_results_down","down","CPC006_HCC515_6H:BRD-K06792661-001-01-9:10","BRD-K06792661",NA,NA,NA,"narciclasine",0.00327316,2.48503276480543,FALSE,"Downregula NQO1",3.15064879085856
1043,"geldanamycin","PC3","24 h","10.0 µM",0.000654906,0.00376833,-0.791775,0.000256081946222791,"LINCS L1000","l1000_results_down","down","CPC006_PC3_24H:BRD-A19500257:10","BRD-A19500257",NA,NA,NA,"geldanamycin",0.00376833,2.42385107219987,FALSE,"Downregula NQO1",1.91914468269105
1044,"BRD-K45542213","MCF7","24 h","10.0 µM",0.000655845,0.0110388,-1.10211,0.000604960677555959,"LINCS L1000","l1000_results_down","down","CPC020_MCF7_24H:BRD-K45542213-001-01-4:10","BRD-K45542213",NA,NA,NA,"brd-k45542213",0.0110388,1.95707813509449,FALSE,"Downregula NQO1",2.15691538346899
1045,"fludarabine","PC3","6 h","10.0 µM",0.000657412,0.0046638,-1.27736,0.000333889816360601,"LINCS L1000","l1000_results_down","down","CPC012_PC3_6H:BRD-K72238567-001-12-4:10","BRD-K72238567",NA,NA,NA,"fludarabine",0.0046638,2.33126008191087,FALSE,"Downregula NQO1",2.97785837822967
1046,"dabrafenib","HEK293T","24 h","0.625 µM",0.000659893,0.00741772,-1.35523,0.000440334654337296,"LINCS L1000","l1000_results_down","down","BRAF001_HEK293T_24H:BRD-K09951645-001-02-7:0.625","BRD-K09951645",NA,NA,NA,"dabrafenib",0.00741772,2.12972956420638,FALSE,"Downregula NQO1",2.88627339729942
1047,"NU-1025","A375","24 h","10.0 µM",0.000660862,0.0448806,-1.19161,0.00515463917525773,"LINCS L1000","l1000_results_down","down","CPC006_A375_24H:BRD-K48692744-001-01-2:10","BRD-K48692744",NA,NA,NA,"nu-1025",0.0448806,1.34794134571474,FALSE,"Downregula NQO1",1.60622038696715
1048,"salermide","SW620","6 h","120.0 µM",0.000663401,0.00708536,-1.47338,0.000382995021064726,"LINCS L1000","l1000_results_down","down","CPC006_SW620_6H:BRD-A67788537-001-01-7:120","BRD-A67788537",NA,NA,NA,"salermide",0.00708536,2.14963807879104,FALSE,"Downregula NQO1",3.16723375252914
1049,"rotenone","A375","24 h","0.63 µM",0.000666498,0.0104665,-0.807882,0.000735294117647059,"LINCS L1000","l1000_results_down","down","CPC006_A375_24H:BRD-K08316444-001-04-3:0.63","BRD-K08316444",NA,NA,NA,"rotenone",0.0104665,1.98019852221874,FALSE,"Downregula NQO1",1.59976674252712
1050,"BRD-K27484191","MCF7","24 h","10.0 µM",0.00066751,0.00389781,-1.64735,0.000283205890682526,"LINCS L1000","l1000_results_down","down","CPC007_MCF7_24H:BRD-K27484191-001-07-4:10","BRD-K27484191",NA,NA,NA,"brd-k27484191",0.00389781,2.40917933452642,FALSE,"Downregula NQO1",3.96876157673209
1051,"wortmannin","MCF7","24 h","10.0 µM",0.000669395,0.00677241,-1.05795,0.000426439232409382,"LINCS L1000","l1000_results_down","down","CPC017_MCF7_24H:BRD-A75409952:10","BRD-A75409952",NA,NA,NA,"wortmannin",0.00677241,2.16925675768838,FALSE,"Downregula NQO1",2.29496518679643
1052,"BRD-K11533227","PC3","24 h","10.0 µM",0.000670124,0.00296608,-0.955822,0.000186846038863976,"LINCS L1000","l1000_results_down","down","HDAC001_PC3_24H:BRD-K11533227-001-01-7:10","BRD-K11533227",NA,NA,NA,"brd-k11533227",0.00296608,2.52781713952139,FALSE,"Downregula NQO1",2.41614323393162
1053,"RU-24969","NEU.KCL","None h","10.0 µM",0.000673029,0.0252732,-2.15223,0.00120627261761158,"LINCS L1000","l1000_results_down","down","NMH001_NEU.KCL_24H.4H:BRD-K00234327-001-02-2:10","BRD-K00234327",NA,NA,NA,"ru-24969",0.0252732,1.59733976582222,FALSE,"Downregula NQO1",3.43784256419555
1054,"MLN-4924","PC3","24 h","11.1 µM",0.000678808,0.00313279,-0.762583,0.000243013365735115,"LINCS L1000","l1000_results_down","down","CPC006_PC3_24H:BRD-K67844266-001-01-3:11.1","BRD-K67844266",NA,NA,NA,"mln-4924",0.00313279,2.50406871616135,FALSE,"Downregula NQO1",1.90956023377647
1055,"BRD-K84203638","VCAP","24 h","10.0 µM",0.000680991,0.00571375,-1.25871,0.000366300366300366,"LINCS L1000","l1000_results_down","down","CPC007_VCAP_24H:BRD-K84203638-019-03-0:10","BRD-K84203638",NA,NA,NA,"brd-k84203638",0.00571375,2.24307876570261,FALSE,"Downregula NQO1",2.82338567317754
1056,"trichostatin-a","HT29","24 h","2.5 µM",0.000681892,0.00296377,-0.825173,0.000223863890754421,"LINCS L1000","l1000_results_down","down","PCLB001_HT29_24H:BRD-A19037878-001-02-3:2.5","BRD-A19037878",NA,NA,NA,"trichostatin-a",0.00296377,2.52815550231436,FALSE,"Downregula NQO1",2.08616566031125
1057,"BRD-A27640568","MCF7","24 h","10.0 µM",0.000684882,0.00601378,-1.79167,0.000333667000333667,"LINCS L1000","l1000_results_down","down","CPC012_MCF7_24H:BRD-A27640568-001-01-1:10","BRD-A27640568",NA,NA,NA,"brd-a27640568",0.00601378,2.22085246358729,FALSE,"Downregula NQO1",3.97903473343543
1058,"methylene-blue","PC3","24 h","10.0 µM",0.000685073,0.00217652,-0.795655,0.000188394875659382,"LINCS L1000","l1000_results_down","down","CPC006_PC3_24H:BRD-K16406336-311-01-2:10","BRD-K16406336",NA,NA,NA,"methylene-blue",0.00217652,2.66223733776469,FALSE,"Downregula NQO1",2.11822244897916
1059,"BRD-K37932103","ASC","24 h","10.0 µM",0.000686404,0.0153308,-1.30206,0.00076103500761035,"LINCS L1000","l1000_results_down","down","CPC013_ASC_24H:BRD-K37932103-001-01-0:10","BRD-K37932103",NA,NA,NA,"brd-k37932103",0.0153308,1.81443518196752,FALSE,"Downregula NQO1",2.36250347303263
1060,"mitoxantrone","PC3","24 h","0.4 µM",0.000687258,0.00784814,-0.605092,0.000457247370827618,"LINCS L1000","l1000_results_down","down","ASG001_PC3_24H:BRD-K21680192-300-08-6:0.4","BRD-K21680192",NA,NA,NA,"mitoxantrone",0.00784814,2.10523325834407,FALSE,"Downregula NQO1",1.27385980275793
1061,"cucurbitacin-i","A375","6 h","10.0 µM",0.000694813,0.00530048,-1.90092,0.00032499187520312,"LINCS L1000","l1000_results_down","down","CPC006_A375_6H:BRD-A28105619-001-01-3:10","BRD-A28105619",NA,NA,NA,"cucurbitacin-i",0.00530048,2.27568479984975,FALSE,"Downregula NQO1",4.32589474973039
1062,"cycloheximide","PC3","24 h","10.0 µM",0.00069597,0.00502362,-1.58341,0.000317662007623888,"LINCS L1000","l1000_results_down","down","CPC004_PC3_24H:BRD-K36055864-001-09-3:10","BRD-K36055864",NA,NA,NA,"cycloheximide",0.00502362,2.29898321922004,FALSE,"Downregula NQO1",3.64023301914521
1063,"BAS-00535043","MCF7","24 h","10.0 µM",0.000697088,0.0109935,-1.53226,0.000540248514316586,"LINCS L1000","l1000_results_down","down","CPC012_MCF7_24H:BRD-K17119186-001-01-8:10","BRD-K17119186",NA,NA,NA,"bas-00535043",0.0109935,1.95886401925122,FALSE,"Downregula NQO1",3.00148898213787
1064,"hydroxyl","HEPG2","24 h","0.63 µM",0.000699335,0.0201217,-1.13165,0.00111607142857143,"LINCS L1000","l1000_results_down","down","PCLB001_HEPG2_24H:BRD-A70150975-001-01-4:0.63","BRD-A70150975",NA,NA,NA,"hydroxyl",0.0201217,1.69633533030446,FALSE,"Downregula NQO1",1.91965787653904
1065,"vorinostat","HT29","24 h","11.1 µM",0.000700747,0.00187664,-1.1546,0.000161186331399097,"LINCS L1000","l1000_results_down","down","CPC006_HT29_24H:BRD-K81418486-001-13-7:11.1","BRD-K81418486",NA,NA,NA,"vorinostat",0.00187664,2.72661903105933,FALSE,"Downregula NQO1",3.1481543332611
1066,"BRD-K74486276","MCF7","24 h","10.0 µM",0.000703306,0.0076359,-0.584787,0.0003933910306845,"LINCS L1000","l1000_results_down","down","CPC019_MCF7_24H:BRD-K74486276-001-01-2:10","BRD-K74486276",NA,NA,NA,"brd-k74486276",0.0076359,2.11713976777609,FALSE,"Downregula NQO1",1.23807581337847
1067,"BRD-K91184774","PC3","6 h","10.0 µM",0.000707241,0.0414426,-1.22893,0.00366300366300366,"LINCS L1000","l1000_results_down","down","CPC010_PC3_6H:BRD-K91184774-001-05-0:10","BRD-K91184774",NA,NA,NA,"brd-k91184774",0.0414426,1.38255300591167,FALSE,"Downregula NQO1",1.69906086555503
1068,"entinostat","MCF7","24 h","10.0 µM",0.000713488,0.00260936,-1.07088,0.000184774575018478,"LINCS L1000","l1000_results_down","down","CPC013_MCF7_24H:BRD-K77908580-001-04-7:10","BRD-K77908580",NA,NA,NA,"entinostat",0.00260936,2.58346599938661,FALSE,"Downregula NQO1",2.76658206942313
1069,"parbendazole","A549","6 h","0.31 µM",0.000719319,0.0428283,-0.472374,0.00418410041841004,"LINCS L1000","l1000_results_down","down","CPC006_A549_6H:BRD-K02407574-001-04-8:0.31","BRD-K02407574",NA,NA,NA,"parbendazole",0.0428283,1.36826916387735,FALSE,"Downregula NQO1",0.646334778017398
1070,"KUC111774N","A549","6 h","2.5 µM",0.000719462,0.0346025,-1.17757,0.0028735632183908,"LINCS L1000","l1000_results_down","down","PCLB001_A549_6H:BRD-K73037408-001-01-5:2.5","BRD-K73037408",NA,NA,NA,"kuc111774n",0.0346025,1.46089252268173,FALSE,"Downregula NQO1",1.72030320793432
1071,"EMF-bca1-16","PC3","24 h","10.0 µM",0.000720313,0.00312791,-1.82097,0.000231535077564251,"LINCS L1000","l1000_results_down","down","CPC020_PC3_24H:BRD-K50234570-001-09-0:10","BRD-K50234570",NA,NA,NA,"emf-bca1-16",0.00312791,2.50474575147718,FALSE,"Downregula NQO1",4.5610668710674
1072,"QL-X-138","MCF7","6 h","2.0 µM",0.000720367,0.0470415,-1.2004,0.00531914893617021,"LINCS L1000","l1000_results_down","down","LJP001_MCF7_6H:BRD-K72636697-001-01-5:2","BRD-K72636697",NA,NA,NA,"ql-x-138",0.0470415,1.32751883847663,FALSE,"Downregula NQO1",1.59355361370735
1073,"naproxol","MCF7","24 h","10.0 µM",0.000724727,0.00635804,-0.917861,0.000409332787556283,"LINCS L1000","l1000_results_down","down","CPC015_MCF7_24H:BRD-K34014345-001-03-4:10","BRD-K34014345",NA,NA,NA,"naproxol",0.00635804,2.1966767441588,FALSE,"Downregula NQO1",2.01624391307034
1074,"vorinostat","A375","6 h","0.625 µM",0.000729873,0.00339095,-1.02864,0.000193760899050572,"LINCS L1000","l1000_results_down","down","BRAF001_A375_6H:BRD-K81418486-001-15-2:0.625","BRD-K81418486",NA,NA,NA,"vorinostat",0.00339095,2.46967861390348,FALSE,"Downregula NQO1",2.54041020940567
1075,"BRD-K24156250","PC3","24 h","10.0 µM",0.000734818,0.00416572,-2.31438,0.000266028198989093,"LINCS L1000","l1000_results_down","down","CPC008_PC3_24H:BRD-K24156250-001-06-1:10","BRD-K24156250",NA,NA,NA,"brd-k24156250",0.00416572,2.3803099246287,FALSE,"Downregula NQO1",5.50894168336217
1076,"NSC-632839","MCF7","24 h","10.0 µM",0.000735659,0.00172366,-0.829283,0.000145878920495988,"LINCS L1000","l1000_results_down","down","CPC006_MCF7_24H:BRD-K74402642-003-01-2:10","BRD-K74402642",NA,NA,NA,"nsc-632839",0.00172366,2.76354839668196,FALSE,"Downregula NQO1",2.29176370504561
1077,"alvespimycin","MCF7","6 h","10.0 µM",0.000735669,0.0184005,-0.60246,0.00111482720178372,"LINCS L1000","l1000_results_down","down","CPC014_MCF7_6H:BRD-K83988098-003-01-8:10","BRD-K83988098",NA,NA,NA,"alvespimycin",0.0184005,1.73517037567032,FALSE,"Downregula NQO1",1.04537074452634
1078,"JNJ-7706621","ASC","24 h","10.0 µM",0.000737077,0.00185691,-1.2365,0.000170532060027285,"LINCS L1000","l1000_results_down","down","CPC013_ASC_24H:BRD-K11636097-001-01-5:10","BRD-K11636097",NA,NA,NA,"jnj-7706621",0.00185691,2.73120914496812,FALSE,"Downregula NQO1",3.37714010775308
1079,"dorsomorphin","MCF7","6 h","10.0 µM",0.000737822,0.00278613,-0.860323,0.000204206657137023,"LINCS L1000","l1000_results_down","down","CPC006_MCF7_6H:BRD-K54233340-300-01-0:10","BRD-K54233340",NA,NA,NA,"dorsomorphin",0.00278613,2.55499862338748,FALSE,"Downregula NQO1",2.19812408066859
1080,"BRD-K55502647","VCAP","6 h","10.0 µM",0.000738126,0.0075846,-0.960309,0.000408830744071954,"LINCS L1000","l1000_results_down","down","CPC007_VCAP_6H:BRD-K55502647-001-05-2:10","BRD-K55502647",NA,NA,NA,"brd-k55502647",0.0075846,2.12006731828839,FALSE,"Downregula NQO1",2.0359197263582
1081,"PIK-75","HA1E","24 h","0.09 µM",0.000741596,0.00136886,-1.07685,0.000140311491511155,"LINCS L1000","l1000_results_down","down","CPC006_HA1E_24H:BRD-K49371609-310-01-1:0.09","BRD-K49371609",NA,NA,NA,"pik-75",0.00136886,2.86364096701326,FALSE,"Downregula NQO1",3.08371177532822
1082,"CD-437","A549","6 h","11.1 µM",0.000742224,0.00807812,-0.49231,0.000426439232409382,"LINCS L1000","l1000_results_down","down","CPC006_A549_6H:BRD-K28907958-001-02-7:11.1","BRD-K28907958",NA,NA,NA,"cd-437",0.00807812,2.09268969969899,FALSE,"Downregula NQO1",1.03025206605881
1083,"PJ-34","HT29","24 h","10.0 µM",0.000743032,0.00733266,-1.07577,0.000404367165386171,"LINCS L1000","l1000_results_down","down","CPC006_HT29_24H:BRD-K11853856-003-01-3:10","BRD-K11853856",NA,NA,NA,"pj-34",0.00733266,2.13473845185795,FALSE,"Downregula NQO1",2.29648758435522
1084,"sirolimus","MCF7","6 h","10.0 µM",0.00074768,0.00718884,-0.746424,0.000368052999631947,"LINCS L1000","l1000_results_down","down","CPC014_MCF7_6H:BRD-K99369265-001-01-4:10","BRD-K99369265",NA,NA,NA,"sirolimus",0.00718884,2.14334118225164,FALSE,"Downregula NQO1",1.599841298621
1085,"pramipexole","HT29","6 h","10.0 µM",0.000750943,0.00474089,-1.91667,0.000283045570336824,"LINCS L1000","l1000_results_down","down","CPC011_HT29_6H:BRD-K06388322-001-05-8:10","BRD-K06388322",NA,NA,NA,"pramipexole",0.00474089,2.32414012123604,FALSE,"Downregula NQO1",4.45460964616947
1086,"tosedostat","MCF7","24 h","80.0 µM",0.000752244,0.00256327,-0.759519,0.000183722212015433,"LINCS L1000","l1000_results_down","down","CPC006_MCF7_24H:BRD-K92241597-001-02-9:80","BRD-K92241597",NA,NA,NA,"tosedostat",0.00256327,2.59120564534358,FALSE,"Downregula NQO1",1.96806992054571
1087,"PIK-90","SW948","6 h","10.0 µM",0.000754355,0.0166978,-1.38697,0.000820344544708778,"LINCS L1000","l1000_results_down","down","CPC006_SW948_6H:BRD-K99818283-001-01-8:10","BRD-K99818283",NA,NA,NA,"pik-90",0.0166978,1.77734074506795,FALSE,"Downregula NQO1",2.46511829318689
1088,"BX-912","BT20","6 h","0.08 µM",0.000756259,0.0202355,-0.658795,0.00109289617486339,"LINCS L1000","l1000_results_down","down","LJP001_BT20_6H:BRD-K49669041-001-03-5:0.08","BRD-K49669041",NA,NA,NA,"bx-912",0.0202355,1.69388606013537,FALSE,"Downregula NQO1",1.11592366698688
1089,"GDC-0941","HT29","6 h","10.0 µM",0.000761867,0.00821165,-0.954272,0.000471475719000471,"LINCS L1000","l1000_results_down","down","CPC014_HT29_6H:BRD-K52911425-001-02-3:10","BRD-K52911425",NA,NA,NA,"gdc-0941",0.00821165,2.08556956956788,FALSE,"Downregula NQO1",1.99020064429068
1090,"COL-3","HT29","6 h","10.0 µM",0.00076529,0.00927475,-0.293779,0.000515198351365276,"LINCS L1000","l1000_results_down","down","PCLB001_HT29_6H:BRD-A59431241-001-02-9:10","BRD-A59431241",NA,NA,NA,"col-3",0.00927475,2.03269778792141,FALSE,"Downregula NQO1",0.597163923437763
1091,"TPCA-1","HCC515","6 h","10.0 µM",0.000768673,0.0231621,-1.25197,0.00168634064080944,"LINCS L1000","l1000_results_down","down","CPC006_HCC515_6H:BRD-K51575138-001-01-7:10","BRD-K51575138",NA,NA,NA,"tpca-1",0.0231621,1.63522206769648,FALSE,"Downregula NQO1",2.04724897209396
1092,"A-443644","BT20","6 h","0.08 µM",0.000772179,0.0202269,-0.639652,0.00112233445566779,"LINCS L1000","l1000_results_down","down","LJP001_BT20_6H:BRD-K38615104-001-08-4:0.08","BRD-K38615104",NA,NA,NA,"a-443644",0.0202269,1.69407067264479,FALSE,"Downregula NQO1",1.08361569389858
1093,"BAX-channel-blocker","A375","24 h","10.0 µM",0.000773582,0.00185646,-0.809157,0.000162311313098523,"LINCS L1000","l1000_results_down","down","CPC006_A375_24H:BRD-A18763547-300-04-8:10","BRD-A18763547",NA,NA,NA,"bax-channel-blocker",0.00185646,2.73131440381268,FALSE,"Downregula NQO1",2.21006216904586
1094,"forskolin","MCF7","24 h","10.0 µM",0.000776005,0.0139355,-0.647122,0.000711237553342817,"LINCS L1000","l1000_results_down","down","CPC006_MCF7_24H:BRD-A70449690-001-01-4:10","BRD-A70449690",NA,NA,NA,"forskolin",0.0139355,1.855877444364,FALSE,"Downregula NQO1",1.20097912355172
1095,"STK-661558","A375","6 h","10.0 µM",0.000779808,0.0100256,-1.02973,0.000464684014869889,"LINCS L1000","l1000_results_down","down","CPC012_A375_6H:BRD-K19146323-001-01-3:10","BRD-K19146323",NA,NA,NA,"stk-661558",0.0100256,1.99888962679839,FALSE,"Downregula NQO1",2.0583166154031
1096,"BRD-K38625260","PC3","6 h","10.0 µM",0.00078083,0.0229789,-1.13364,0.00123304562268804,"LINCS L1000","l1000_results_down","down","CPC009_PC3_6H:BRD-K38625260-019-01-0:10","BRD-K38625260",NA,NA,NA,"brd-k38625260",0.0229789,1.63867076482807,FALSE,"Downregula NQO1",1.8576627258397
1097,"BRD-K34092011","MCF7","24 h","10.0 µM",0.000782159,0.00490485,-0.864549,0.000286697247706422,"LINCS L1000","l1000_results_down","down","CPC019_MCF7_24H:BRD-K34092011-001-01-7:10","BRD-K34092011",NA,NA,NA,"brd-k34092011",0.00490485,2.30937426966393,FALSE,"Downregula NQO1",1.99656721546368
1098,"SKF-96365","MCF7","24 h","10.0 µM",0.000783766,0.00533401,-0.732949,0.000303214069132808,"LINCS L1000","l1000_results_down","down","CPC018_MCF7_24H:BRD-A72703248-003-03-1:10","BRD-A72703248",NA,NA,NA,"skf-96365",0.00533401,2.27294617444653,FALSE,"Downregula NQO1",1.66595362561441
1099,"wortmannin","MCF7","24 h","10.0 µM",0.000784368,0.00833316,-1.45999,0.00043010752688172,"LINCS L1000","l1000_results_down","down","CPC012_MCF7_24H:BRD-A75409952:10","BRD-A75409952",NA,NA,NA,"wortmannin",0.00833316,2.0791902794668,FALSE,"Downregula NQO1",3.03559701611873
1100,"PNU-96415E","VCAP","24 h","10.0 µM",0.000788334,0.0493107,-1.44847,0.00571428571428571,"LINCS L1000","l1000_results_down","down","CPC001_VCAP_24H:BRD-A95096829-300-01-4:10","BRD-A95096829",NA,NA,NA,"pnu-96415e",0.0493107,1.30705883231008,FALSE,"Downregula NQO1",1.89323550683618
1101,"WZ-3105","HT29","6 h","10.0 µM",0.000791998,0.00328479,-0.955655,0.000227583067819754,"LINCS L1000","l1000_results_down","down","CPC014_HT29_6H:BRD-U00779237-000-01-7:10","BRD-U00779237",NA,NA,NA,"wz-3105",0.00328479,2.48349239010921,FALSE,"Downregula NQO1",2.37336192006982
1102,"TPCA-1","HT29","24 h","10.0 µM",0.000792828,0.00413072,-1.06412,0.000258131130614352,"LINCS L1000","l1000_results_down","down","CPC006_HT29_24H:BRD-K51575138-001-01-7:10","BRD-K51575138",NA,NA,NA,"tpca-1",0.00413072,2.38397424258726,FALSE,"Downregula NQO1",2.53683467102195
1103,"BRD-K05402890","SW620","6 h","0.35 µM",0.000794382,0.0319058,-1.95864,0.00184842883548983,"LINCS L1000","l1000_results_down","down","CPC006_SW620_6H:BRD-K05402890-001-02-7:0.35","BRD-K05402890",NA,NA,NA,"brd-k05402890",0.0319058,1.4961303614873,FALSE,"Downregula NQO1",2.93038077122348
1104,"BRD-K06405410","MCF7","24 h","10.0 µM",0.000794861,0.00689519,-0.624831,0.000356379187455453,"LINCS L1000","l1000_results_down","down","CPC019_MCF7_24H:BRD-K06405410-001-01-2:10","BRD-K06405410",NA,NA,NA,"brd-k06405410",0.00689519,2.16145376214735,FALSE,"Downregula NQO1",1.35054331565629
1105,"geldanamycin","MCF7","24 h","10.0 µM",0.000808649,0.0036734,-0.94146,0.000228780599405171,"LINCS L1000","l1000_results_down","down","CPC015_MCF7_24H:BRD-A19500257:10","BRD-A19500257",NA,NA,NA,"geldanamycin",0.0036734,2.4349317783429,FALSE,"Downregula NQO1",2.2923908720387
1106,"BRD-K80346834","ASC","24 h","10.0 µM",0.000814373,0.0139496,-1.32927,0.000673854447439353,"LINCS L1000","l1000_results_down","down","CPC013_ASC_24H:BRD-K80346834-001-01-5:10","BRD-K80346834",NA,NA,NA,"brd-k80346834",0.0139496,1.85543824545729,FALSE,"Downregula NQO1",2.46637839653902
1107,"sirolimus","MCF10A","24 h","0.4 µM",0.000818746,0.0163075,-1.18539,8e-04,"LINCS L1000","l1000_results_down","down","LJP001_MCF10A_24H:BRD-A79768653-001-05-4:0.4","BRD-A79768653",NA,NA,NA,"sirolimus",0.0163075,1.78761261280547,FALSE,"Downregula NQO1",2.11901811509348
1108,"L-690488","HCC515","24 h","10.0 µM",0.000819638,0.00736253,-1.26226,0.000376222723852521,"LINCS L1000","l1000_results_down","down","CPC006_HCC515_24H:BRD-K69328504-001-01-7:10","BRD-K69328504",NA,NA,NA,"l-690488",0.00736253,2.13297292258747,FALSE,"Downregula NQO1",2.69236640126526
1109,"COL-3","A375","6 h","10.0 µM",0.000835406,0.00827402,-1.679,0.000408830744071954,"LINCS L1000","l1000_results_down","down","PCLB001_A375_6H:BRD-A59431241-001-02-9:10","BRD-A59431241",NA,NA,NA,"col-3",0.00827402,2.08228343366058,FALSE,"Downregula NQO1",3.49615388511611
1110,"daunorubicin","MCF7","6 h","10.0 µM",0.000839384,0.00420788,-1.30506,0.000248323814253787,"LINCS L1000","l1000_results_down","down","CPC015_MCF7_6H:BRD-A68009927-003-02-9:10","BRD-A68009927",NA,NA,NA,"daunorubicin",0.00420788,2.37593665385454,FALSE,"Downregula NQO1",3.1007398894794
1111,"dorsomorphin","HT29","6 h","10.0 µM",0.00084128,0.0109335,-1.17773,0.000541711809317443,"LINCS L1000","l1000_results_down","down","CPC018_HT29_6H:BRD-K54233340-001-02-2:10","BRD-K54233340",NA,NA,NA,"dorsomorphin",0.0109335,1.96124079071573,FALSE,"Downregula NQO1",2.30981211644964
1112,"BRD-K71303366","MCF7","24 h","10.0 µM",0.000883526,0.00362861,-0.567162,0.000207900207900208,"LINCS L1000","l1000_results_down","down","CPC019_MCF7_24H:BRD-K71303366-001-01-3:10","BRD-K71303366",NA,NA,NA,"brd-k71303366",0.00362861,2.44025970690271,FALSE,"Downregula NQO1",1.38402257588635
1113,"RO-28-1675","MCF7","24 h","160.0 µM",0.000884282,0.00385422,-0.798929,0.000234741784037559,"LINCS L1000","l1000_results_down","down","CPC006_MCF7_24H:BRD-K21672174-001-02-2:160","BRD-K21672174",NA,NA,NA,"ro-28-1675",0.00385422,2.41406349931754,FALSE,"Downregula NQO1",1.92866533744626
1114,"QL-X-138","VCAP","24 h","10.0 µM",0.000889497,0.00415596,-1.21673,0.000255102040816327,"LINCS L1000","l1000_results_down","down","CPC014_VCAP_24H:BRD-U33728988-000-01-6:10","BRD-U33728988",NA,NA,NA,"ql-x-138",0.00415596,2.38132864106262,FALSE,"Downregula NQO1",2.89743399744012
1115,"JW-7-24-1","MCF7","6 h","10.0 µM",0.000890065,0.00666441,-1.48599,0.000342700479780672,"LINCS L1000","l1000_results_down","down","LJP001_MCF7_6H:BRD-K57282030-001-01-3:10","BRD-K57282030",NA,NA,NA,"jw-7-24-1",0.00666441,2.17623829262464,FALSE,"Downregula NQO1",3.23386834045729
1116,"BX-795","HT29","6 h","10.0 µM",0.000890633,0.00886176,-0.963935,0.000455580865603645,"LINCS L1000","l1000_results_down","down","CPC006_HT29_6H:BRD-K47983010-001-02-1:10","BRD-K47983010",NA,NA,NA,"bx-795",0.00886176,2.05248001599331,FALSE,"Downregula NQO1",1.97845732421651
1117,"alvocidib","MCF7","6 h","0.3704 µM",0.000892168,0.0044031,-1.12499,0.000261506276150628,"LINCS L1000","l1000_results_down","down","HOG003_MCF7_6H:BRD-K87909389-001-01-2:0.3704","BRD-K87909389",NA,NA,NA,"alvocidib",0.0044031,2.35624145104853,FALSE,"Downregula NQO1",2.65074807001509
1118,"BRD-K58679021","VCAP","6 h","10.0 µM",0.000893761,0.00315909,-0.963123,0.00021128248468202,"LINCS L1000","l1000_results_down","down","CPC007_VCAP_6H:BRD-K58679021-001-07-7:10","BRD-K58679021",NA,NA,NA,"brd-k58679021",0.00315909,2.50043800120894,FALSE,"Downregula NQO1",2.40822934903836
1119,"MD-II-008-P","PC3","24 h","10.0 µM",0.000896423,0.00651912,-1.6158,0.000309405940594059,"LINCS L1000","l1000_results_down","down","CPC013_PC3_24H:BRD-K09854848-001-01-0:10","BRD-K09854848",NA,NA,NA,"md-ii-008-p",0.00651912,2.18581102465729,FALSE,"Downregula NQO1",3.53183345364124
1120,"BRD-K92754162","A375","6 h","10.0 µM",0.000898218,0.028585,-1.27737,0.00207900207900208,"LINCS L1000","l1000_results_down","down","CPC010_A375_6H:BRD-K92754162-001-03-4:10","BRD-K92754162",NA,NA,NA,"brd-k92754162",0.028585,1.54386180344971,FALSE,"Downregula NQO1",1.97208275187255
1121,"QL-X-138","SKBR3","24 h","10.0 µM",0.0009059,0.00408435,-1.12201,0.000244857982370225,"LINCS L1000","l1000_results_down","down","LJP001_SKBR3_24H:BRD-K72636697-001-01-5:10","BRD-K72636697",NA,NA,NA,"ql-x-138",0.00408435,2.38887704901518,FALSE,"Downregula NQO1",2.68034393776552
1122,"WYE-125132","MCF7","6 h","10.0 µM",0.000914664,0.0196032,-1.18695,0.000987166831194472,"LINCS L1000","l1000_results_down","down","LJP001_MCF7_6H:BRD-A45498368-001-03-0:10","BRD-A45498368",NA,NA,NA,"wye-125132",0.0196032,1.70767302920954,FALSE,"Downregula NQO1",2.02692250202026
1123,"CCCP","MCF7","24 h","10.0 µM",0.000922532,0.00684309,-0.701232,0.000329055610398157,"LINCS L1000","l1000_results_down","down","CPC018_MCF7_24H:BRD-K15616905-001-01-5:10","BRD-K15616905",NA,NA,NA,"cccp",0.00684309,2.16474774814539,FALSE,"Downregula NQO1",1.51799039292749
1124,"BRD-K88278225","PC3","24 h","10.0 µM",0.000929771,0.00470442,-1.54761,0.000235793444942231,"LINCS L1000","l1000_results_down","down","CPC019_PC3_24H:BRD-K88278225-001-01-9:10","BRD-K88278225",NA,NA,NA,"brd-k88278225",0.00470442,2.32749391236987,FALSE,"Downregula NQO1",3.60205285372274
1125,"WZ-3105","MDAMB231","6 h","2.0 µM",0.00093184,0.00360122,-1.03119,0.000227117874176698,"LINCS L1000","l1000_results_down","down","LJP001_MDAMB231_6H:BRD-K92571446-001-01-4:2","BRD-K92571446",NA,NA,NA,"wz-3105",0.00360122,2.44355034659108,FALSE,"Downregula NQO1",2.51976468190126
1126,"tacrolimus","MCF7","6 h","10.0 µM",0.000935347,0.0397487,-1.20032,0.00304878048780488,"LINCS L1000","l1000_results_down","down","CPC015_MCF7_6H:BRD-K69608737-001-03-7:10","BRD-K69608737",NA,NA,NA,"tacrolimus",0.0397487,1.40067707058132,FALSE,"Downregula NQO1",1.68126070136017
1127,"fluphenazine","PC3","24 h","10.0 µM",0.000937382,0.0235328,-1.34869,0.00123304562268804,"LINCS L1000","l1000_results_down","down","CPC003_PC3_24H:BRD-K53987533-003-01-9:10","BRD-K53987533",NA,NA,NA,"fluphenazine",0.0235328,1.62832639614725,FALSE,"Downregula NQO1",2.19610752721984
1128,"trichostatin-a","NEU","6 h","10.0 µM",0.000942084,0.00452171,-1.1776,0.00024390243902439,"LINCS L1000","l1000_results_down","down","NMH002_NEU_6H:BRD-K68202742-001-08-2:10","BRD-K68202742",NA,NA,NA,"trichostatin-a",0.00452171,2.34469729458651,FALSE,"Downregula NQO1",2.76111553410507
1129,"heliomycin","MCF7","24 h","10.0 µM",0.000944271,0.00587511,-1.25149,0.000291630212890055,"LINCS L1000","l1000_results_down","down","CPC020_MCF7_24H:BRD-K64517075-001-01-9:10","BRD-K64517075",NA,NA,NA,"heliomycin",0.00587511,2.2309839976612,FALSE,"Downregula NQO1",2.79205416323301
1130,"AZ-628","MCF7","6 h","10.0 µM",0.000946802,0.0058192,-0.655746,0.000314564328405159,"LINCS L1000","l1000_results_down","down","CPC014_MCF7_6H:BRD-K05804044-001-01-1:10","BRD-K05804044",NA,NA,NA,"az-628",0.0058192,2.23513671628936,FALSE,"Downregula NQO1",1.46568196115988
1131,"MW-STK33-4C","VCAP","6 h","10.0 µM",0.000946904,0.00305398,-0.944179,0.000200080032012805,"LINCS L1000","l1000_results_down","down","CPC007_VCAP_6H:BRD-K03568209-001-12-2:10","BRD-K03568209",NA,NA,NA,"mw-stk33-4c",0.00305398,2.51513381139161,FALSE,"Downregula NQO1",2.37473652690592
1132,"PI-103","VCAP","6 h","11.1 µM",0.000951272,0.00645821,-0.964277,0.000298596595998806,"LINCS L1000","l1000_results_down","down","CPC006_VCAP_6H:BRD-K67868012-003-01-5:11.1","BRD-K67868012",NA,NA,NA,"pi-103",0.00645821,2.18988783724416,FALSE,"Downregula NQO1",2.11165847403429
1133,"ZM-336372","A375","6 h","102.71 µM",0.000952589,0.0283208,-1.83559,0.00150602409638554,"LINCS L1000","l1000_results_down","down","CPC006_A375_6H:BRD-K73789395-001-06-5:102.71","BRD-K73789395",NA,NA,NA,"zm-336372",0.0283208,1.54789448294984,FALSE,"Downregula NQO1",2.8412996339579
1134,"niclosamide","A549","6 h","10.0 µM",0.000957458,0.0112495,-1.19499,0.000491642084562439,"LINCS L1000","l1000_results_down","down","CPC006_A549_6H:BRD-K35960502-001-10-1:10","BRD-K35960502",NA,NA,NA,"niclosamide",0.0112495,1.94886677995854,FALSE,"Downregula NQO1",2.32887631338265
1135,"NU-1025","MCF7","6 h","0.0741 µM",0.00096143,0.0235783,-1.31676,0.00117370892018779,"LINCS L1000","l1000_results_down","down","HOG003_MCF7_6H:BRD-K48692744-001-01-2:0.0741","BRD-K48692744",NA,NA,NA,"nu-1025",0.0235783,1.62748751082848,FALSE,"Downregula NQO1",2.14301045475851
1136,"BRD-K00816165","HT29","6 h","10.0 µM",0.000961517,0.0189146,-1.23665,0.000997008973080758,"LINCS L1000","l1000_results_down","down","CPC012_HT29_6H:BRD-K00816165-001-01-3:10","BRD-K00816165",NA,NA,NA,"brd-k00816165",0.0189146,1.72320283859696,FALSE,"Downregula NQO1",2.13099879035093
1137,"azacitidine","PC3","24 h","10.0 µM",0.000962915,0.005098,-1.47849,0.00029146021568056,"LINCS L1000","l1000_results_down","down","CPC020_PC3_24H:BRD-K03406345-001-11-2:10","BRD-K03406345",NA,NA,NA,"azacitidine",0.005098,2.29260016886675,FALSE,"Downregula NQO1",3.3895864236678
1138,"digoxin","NPC","24 h","10.0 µM",0.000963108,0.00260694,-1.40792,0.000178189593727726,"LINCS L1000","l1000_results_down","down","CPC017_NPC_24H:BRD-K23478508-001-03-7:10","BRD-K23478508",NA,NA,NA,"digoxin",0.00260694,2.5838689642167,FALSE,"Downregula NQO1",3.63788079209998
1139,"SCH-79797","A375","6 h","11.1 µM",0.000968927,0.0113702,-3.11113,0.000526038926880589,"LINCS L1000","l1000_results_down","down","CPC006_A375_6H:BRD-K17140735-300-02-4:11.1","BRD-K17140735",NA,NA,NA,"sch-79797",0.0113702,1.94423189607458,FALSE,"Downregula NQO1",6.04875817883451
1140,"TUL_XIX003","NOMO1","24 h","0.04 µM",0.000972924,0.0123049,-1.43283,0.000481927710843374,"LINCS L1000","l1000_results_down","down","KMS002_NOMO1_24H:BRD-K03073752-001-02-5:0.04","BRD-K03073752",NA,NA,NA,"tul_xix003",0.0123049,1.90992191139025,FALSE,"Downregula NQO1",2.73659341229728
1141,"KIN001-055","BT20","6 h","0.4 µM",0.000976006,0.0250121,-0.741461,0.00114285714285714,"LINCS L1000","l1000_results_down","down","LJP001_BT20_6H:BRD-K68407802-001-02-7:0.4","BRD-K68407802",NA,NA,NA,"kin001-055",0.0250121,1.60184984365036,FALSE,"Downregula NQO1",1.18770918692284
1142,"doxorubicin","VCAP","6 h","10.0 µM",0.000978965,0.0027834,-1.25775,0.000187125748502994,"LINCS L1000","l1000_results_down","down","CPC011_VCAP_6H:BRD-K92093830-003-23-3:10","BRD-K92093830",NA,NA,NA,"doxorubicin",0.0027834,2.5554243770976,FALSE,"Downregula NQO1",3.2140850102945
1143,"NVP-BEZ235","VCAP","6 h","0.63 µM",0.000983145,0.0115773,-1.23742,0.000535331905781585,"LINCS L1000","l1000_results_down","down","CPC006_VCAP_6H:BRD-K12184916-001-03-0:0.63","BRD-K12184916",NA,NA,NA,"nvp-bez235",0.0115773,1.93639271278681,FALSE,"Downregula NQO1",2.39613107065666
1144,"KIN001-220","MCF7","6 h","10.0 µM",0.000989352,0.0279229,-0.679678,0.00127226463104326,"LINCS L1000","l1000_results_down","down","CPC014_MCF7_6H:BRD-K53561341-001-02-6:10","BRD-K53561341",NA,NA,NA,"kin001-220",0.0279229,1.55403947900756,FALSE,"Downregula NQO1",1.0562464450129
1145,"BRD-K30802967","MCF7","24 h","10.0 µM",0.000997102,0.0104795,-1.13904,0.000481000481000481,"LINCS L1000","l1000_results_down","down","CPC019_MCF7_24H:BRD-K30802967-001-01-7:10","BRD-K30802967",NA,NA,NA,"brd-k30802967",0.0104795,1.97965943800317,FALSE,"Downregula NQO1",2.25491128626313
1146,"evodiamine","HA1E","24 h","10.0 µM",0.000998326,0.00686982,-1.07542,0.000339328130302002,"LINCS L1000","l1000_results_down","down","CPC006_HA1E_24H:BRD-A68631409-001-01-3:10","BRD-A68631409",NA,NA,NA,"evodiamine",0.00686982,2.16305464198424,FALSE,"Downregula NQO1",2.32619222308269
1147,"BRD-K26767475","MCF7","24 h","10.0 µM",0.000999358,0.00700904,-1.53281,0.000332778702163062,"LINCS L1000","l1000_results_down","down","CPC007_MCF7_24H:BRD-K26767475-001-05-4:10","BRD-K26767475",NA,NA,NA,"brd-k26767475",0.00700904,2.15434146152741,FALSE,"Downregula NQO1",3.30219613564383
1148,"auranofin","HCC515","24 h","10.0 µM",0.00100324,0.00263663,-1.29191,0.000185701021355617,"LINCS L1000","l1000_results_down","down","CPC006_HCC515_24H:BRD-A79465854-001-01-3:10","BRD-A79465854",NA,NA,NA,"auranofin",0.00263663,2.57895081075741,FALSE,"Downregula NQO1",3.3317723419256
1149,"tremulacin","MCF7","24 h","10.0 µM",0.0010041,0.00490441,-1.00119,0.00027972027972028,"LINCS L1000","l1000_results_down","down","CPC010_MCF7_24H:BRD-A61856038-001-05-3:10","BRD-A61856038",NA,NA,NA,"tremulacin",0.00490441,2.30941323072158,FALSE,"Downregula NQO1",2.31216143246614
1150,"KUC111774N","HT29","6 h","10.0 µM",0.00101168,0.00666512,-0.362034,0.000320410124959949,"LINCS L1000","l1000_results_down","down","PCLB001_HT29_6H:BRD-K73037408-001-01-5:10","BRD-K73037408",NA,NA,NA,"kuc111774n",0.00666512,2.17619202706502,FALSE,"Downregula NQO1",0.787855504326459
1151,"daunorubicin","MCF7","6 h","10.0 µM",0.00102295,0.00420665,-1.30765,0.000224769611148573,"LINCS L1000","l1000_results_down","down","CPC017_MCF7_6H:BRD-K43389675-001-01-3:10","BRD-K43389675",NA,NA,NA,"daunorubicin",0.00420665,2.37606362047455,FALSE,"Downregula NQO1",3.10705959331355
1152,"epitestosterone","MCF7","6 h","10.0 µM",0.00102514,0.0346741,-0.979284,0.00202020202020202,"LINCS L1000","l1000_results_down","down","CPC015_MCF7_6H:BRD-K25836724-001-01-6:10","BRD-K25836724",NA,NA,NA,"epitestosterone",0.0346741,1.45999480264419,FALSE,"Downregula NQO1",1.42974955031261
1153,"withaferin-a","PC3","24 h","10.0 µM",0.00102567,0.0127612,-2.00832,0.000561167227833895,"LINCS L1000","l1000_results_down","down","CPC014_PC3_24H:BRD-A52193669-001-01-7:10","BRD-A52193669",NA,NA,NA,"withaferin-a",0.0127612,1.894108484794,FALSE,"Downregula NQO1",3.80397595218148
1154,"LY-2183240","PC3","24 h","10.0 µM",0.00103469,0.0216545,-1.3652,0.00111358574610245,"LINCS L1000","l1000_results_down","down","CPC003_PC3_24H:BRD-K37865504-001-01-7:10","BRD-K37865504",NA,NA,NA,"ly-2183240",0.0216545,1.66445183962972,FALSE,"Downregula NQO1",2.2723096514625
1155,"A-443644","MDAMB231","6 h","2.0 µM",0.00103654,0.00298136,-1.16031,0.000189933523266857,"LINCS L1000","l1000_results_down","down","LJP001_MDAMB231_6H:BRD-K38615104-001-08-4:2","BRD-K38615104",NA,NA,NA,"a-443644",0.00298136,2.52558557962866,FALSE,"Downregula NQO1",2.93046220389893
1156,"BRD-K53423944","VCAP","24 h","10.0 µM",0.00104118,0.0134719,-1.49217,0.000562429696287964,"LINCS L1000","l1000_results_down","down","CPC010_VCAP_24H:BRD-K53423944-001-06-1:10","BRD-K53423944",NA,NA,NA,"brd-k53423944",0.0134719,1.87057114953871,FALSE,"Downregula NQO1",2.79121015220717
1157,"BRD-A68061604","MCF7","24 h","10.0 µM",0.00104123,0.00565931,-1.04016,0.000275178866263071,"LINCS L1000","l1000_results_down","down","CPC019_MCF7_24H:BRD-A68061604-003-01-2:10","BRD-A68061604",NA,NA,NA,"brd-a68061604",0.00565931,2.24723651606609,FALSE,"Downregula NQO1",2.3374855345513
1158,"PX-12","PC3","24 h","30.0 µM",0.00104561,0.0116944,-0.764664,0.000547645125958379,"LINCS L1000","l1000_results_down","down","CPC006_PC3_24H:BRD-A56592690-001-01-9:30","BRD-A56592690",NA,NA,NA,"px-12",0.0116944,1.9320220554601,FALSE,"Downregula NQO1",1.47734771301634
1159,"tozasertib","MCF7","24 h","10.0 µM",0.00104831,0.00401927,-1.21634,0.000221975582685905,"LINCS L1000","l1000_results_down","down","CPC013_MCF7_24H:BRD-K59369769-001-07-0:10","BRD-K59369769",NA,NA,NA,"tozasertib",0.00401927,2.39585281849782,FALSE,"Downregula NQO1",2.91417161725163
1160,"olopatadine","PC3","6 h","10.0 µM",0.00106004,0.0226536,-0.911646,0.000998003992015968,"LINCS L1000","l1000_results_down","down","CPC010_PC3_6H:BRD-K67637637-003-07-6:10","BRD-K67637637",NA,NA,NA,"olopatadine",0.0226536,1.64486277219863,FALSE,"Downregula NQO1",1.49953256682379
1161,"ouabain","PC3","6 h","10.0 µM",0.00108955,0.00897139,-1.10338,0.000379650721336371,"LINCS L1000","l1000_results_down","down","CPC004_PC3_6H:BRD-A68930007-001-03-1:10","BRD-A68930007",NA,NA,NA,"ouabain",0.00897139,2.04714026347073,FALSE,"Downregula NQO1",2.25877362390833
1162,"PSH-003","VCAP","6 h","10.0 µM",0.00109237,0.00750536,-0.952344,0.000357398141529664,"LINCS L1000","l1000_results_down","down","CPC007_VCAP_6H:BRD-K61923775-001-05-6:10","BRD-K61923775",NA,NA,NA,"psh-003",0.00750536,2.12462847167337,FALSE,"Downregula NQO1",2.0233771772273
1163,"ABT-737","A375","24 h","11.1 µM",0.00109454,0.0146386,-0.992143,0.000638569604086846,"LINCS L1000","l1000_results_down","down","CPC006_A375_24H:BRD-K56301217-001-01-7:11.1","BRD-K56301217",NA,NA,NA,"abt-737",0.0146386,1.8345004561566,FALSE,"Downregula NQO1",1.82008678607258
1164,"ZSTK-474","MCF7","6 h","2.0 µM",0.00109624,0.00601111,-1.20108,0.000275330396475771,"LINCS L1000","l1000_results_down","down","LJP001_MCF7_6H:BRD-K63068307-001-04-8:2","BRD-K63068307",NA,NA,NA,"zstk-474",0.00601111,2.22104532460901,FALSE,"Downregula NQO1",2.66765311848139
1165,"rucaparib","VCAP","6 h","10.0 µM",0.00109929,0.0423512,-1.10923,0.00253164556962025,"LINCS L1000","l1000_results_down","down","CPC006_VCAP_6H:BRD-K88560311-011-02-2:10","BRD-K88560311",NA,NA,NA,"rucaparib",0.0423512,1.37313427964272,FALSE,"Downregula NQO1",1.5231217370081
1166,"BRD-K08307026","A375","6 h","10.0 µM",0.00110182,0.00580857,-1.02684,0.000251572327044025,"LINCS L1000","l1000_results_down","down","CPC012_A375_6H:BRD-K08307026-001-01-4:10","BRD-K08307026",NA,NA,NA,"brd-k08307026",0.00580857,2.23593077252349,FALSE,"Downregula NQO1",2.29594315445802
1167,"tanespimycin","PC3","24 h","0.35 µM",0.00110216,0.00793241,-0.946112,0.000374531835205993,"LINCS L1000","l1000_results_down","down","CPC006_PC3_24H:BRD-K81473043-001-04-7:0.35","BRD-K81473043",NA,NA,NA,"tanespimycin",0.00793241,2.10059484664326,FALSE,"Downregula NQO1",1.98739799154735
1168,"ERK-inhibitor-11E","HT29","24 h","0.5 µM",0.00110477,0.00901464,-1.05107,0.000374391613627855,"LINCS L1000","l1000_results_down","down","CPC006_HT29_24H:BRD-K93725829-001-01-2:0.5","BRD-K93725829",NA,NA,NA,"erk-inhibitor-11e",0.00901464,2.04505161216235,FALSE,"Downregula NQO1",2.14949239799549
1169,"chelidonine","MCF7","24 h","10.0 µM",0.00110681,0.0177186,-1.41562,0.000848896434634975,"LINCS L1000","l1000_results_down","down","CPC005_MCF7_24H:BRD-K32828673-002-03-9:10","BRD-K32828673",NA,NA,NA,"chelidonine",0.0177186,1.7515705960096,FALSE,"Downregula NQO1",2.47955836712312
1170,"verrucarin-a","SKB","24 h","10.0 µM",0.00111464,0.00449117,-1.57086,0.000195274360476469,"LINCS L1000","l1000_results_down","down","CPC014_SKB_24H:BRD-A26002865-001-01-5:10","BRD-A26002865",NA,NA,NA,"verrucarin-a",0.00449117,2.34764050568888,FALSE,"Downregula NQO1",3.68781456476643
1171,"prostaglandin-a1","MCF7","24 h","1.0 µM",0.00112098,0.0230916,-0.903703,0.00116279069767442,"LINCS L1000","l1000_results_down","down","CPC006_MCF7_24H:BRD-K04010869-001-02-6:1","BRD-K04010869",NA,NA,NA,"prostaglandin-a1",0.0230916,1.63654597409465,FALSE,"Downregula NQO1",1.47895150642726
1172,"DG-041","A375","24 h","40.0 µM",0.00112499,0.0040269,-0.865204,0.000223713646532439,"LINCS L1000","l1000_results_down","down","CPC006_A375_24H:BRD-K33272502-001-01-2:40","BRD-K33272502",NA,NA,NA,"dg-041",0.0040269,2.3950291550927,FALSE,"Downregula NQO1",2.07218880510282
1173,"BRD-K89696951","VCAP","24 h","10.0 µM",0.00113047,0.0421662,-1.52924,0.00242718446601942,"LINCS L1000","l1000_results_down","down","CPC019_VCAP_24H:BRD-K89696951-001-01-1:10","BRD-K89696951",NA,NA,NA,"brd-k89696951",0.0421662,1.37503553565557,FALSE,"Downregula NQO1",2.10275934254592
1174,"BRD-K75081836","PHH","24 h","10.0 µM",0.00113189,0.0390775,-1.43078,0.00227790432801822,"LINCS L1000","l1000_results_down","down","CPC014_PHH_24H:BRD-K75081836-001-01-3:10","BRD-K75081836",NA,NA,NA,"brd-k75081836",0.0390775,1.40807322824227,FALSE,"Downregula NQO1",2.01464301350447
1175,"COT-10b","A549","6 h","44.4 µM",0.00113231,0.00870084,-1.16263,0.00038109756097561,"LINCS L1000","l1000_results_down","down","CPC006_A549_6H:BRD-K18190982-002-01-2:44.4","BRD-K18190982",NA,NA,NA,"cot-10b",0.00870084,2.06043881752454,FALSE,"Downregula NQO1",2.39552798241855
1176,"selinidin","PC3","6 h","10.0 µM",0.00114271,0.0227888,-0.966911,0.000931098696461825,"LINCS L1000","l1000_results_down","down","CPC001_PC3_6H:BRD-K07212038-001-02-1:10","BRD-K07212038",NA,NA,NA,"selinidin",0.0227888,1.64227854305566,FALSE,"Downregula NQO1",1.5879371883445
1177,"BRD-K82837433","A375","6 h","10.0 µM",0.00115009,0.00623605,-0.967948,0.000264061262212833,"LINCS L1000","l1000_results_down","down","CPC012_A375_6H:BRD-K82837433-001-01-6:10","BRD-K82837433",NA,NA,NA,"brd-k82837433",0.00623605,2.20509041134127,FALSE,"Downregula NQO1",2.13441285347696
1178,"BML-259","HA1E","6 h","80.0 µM",0.0011502,0.00863813,-0.902536,0.0003725782414307,"LINCS L1000","l1000_results_down","down","CPC006_HA1E_6H:BRD-K71799778-001-03-0:80","BRD-K71799778",NA,NA,NA,"bml-259",0.00863813,2.06358026430128,FALSE,"Downregula NQO1",1.86245547742142
1179,"clotrimazole","HT29","6 h","10.0 µM",0.00115584,0.00654418,-1.63708,0.000293772032902468,"LINCS L1000","l1000_results_down","down","CPC011_HT29_6H:BRD-K15916496-001-23-8:10","BRD-K15916496",NA,NA,NA,"clotrimazole",0.00654418,2.18414476374816,FALSE,"Downregula NQO1",3.57561970983683
1180,"alvocidib","SKBR3","6 h","0.08 µM",0.00116067,0.00633003,-0.957761,0.000283848992336077,"LINCS L1000","l1000_results_down","down","LJP001_SKBR3_6H:BRD-K87909389-001-04-6:0.08","BRD-K87909389",NA,NA,NA,"alvocidib",0.00633003,2.19859423171984,FALSE,"Downregula NQO1",2.10572780996622
1181,"narciclasine","SW948","6 h","10.0 µM",0.00116084,0.00349414,-1.79538,0.000194363459669582,"LINCS L1000","l1000_results_down","down","CPC006_SW948_6H:BRD-K06792661-001-01-9:10","BRD-K06792661",NA,NA,NA,"narciclasine",0.00349414,2.4566596980911,FALSE,"Downregula NQO1",4.4106376887588
1182,"BRD-K84203638","VCAP","6 h","10.0 µM",0.00116518,0.00428862,-1.0477,0.000220264317180617,"LINCS L1000","l1000_results_down","down","CPC007_VCAP_6H:BRD-K84203638-019-03-0:10","BRD-K84203638",NA,NA,NA,"brd-k84203638",0.00428862,2.36768243340988,FALSE,"Downregula NQO1",2.48062088548353
1183,"tozasertib","MCF7","24 h","0.312 µM",0.00116642,0.00271608,-2.37501,0.0001573564122738,"LINCS L1000","l1000_results_down","down","PRISM001_MCF7_24H:BRD-K59369769-001-05-4:0.312","BRD-K59369769",NA,NA,NA,"tozasertib",0.00271608,2.56605744240079,FALSE,"Downregula NQO1",6.09441208627629
1184,"arachidonamide","PC3","6 h","10.0 µM",0.00116676,0.00500318,-1.10114,0.000248941996514812,"LINCS L1000","l1000_results_down","down","CPC001_PC3_6H:BRD-K29555132-001-02-2:10","BRD-K29555132",NA,NA,NA,"arachidonamide",0.00500318,2.30075387217146,FALSE,"Downregula NQO1",2.53345211880288
1185,"BI-2536","BT20","6 h","10.0 µM",0.00118135,0.00881581,-0.32872,0.000327653997378768,"LINCS L1000","l1000_results_down","down","LJP001_BT20_6H:BRD-K64890080-001-09-6:10","BRD-K64890080",NA,NA,NA,"bi-2536",0.00881581,2.05473777838802,FALSE,"Downregula NQO1",0.67543340251171
1186,"trichostatin-a","MCF7","24 h","2.0 µM",0.00118756,0.00594929,-1.5578,0.000260688216892597,"LINCS L1000","l1000_results_down","down","ASG001_MCF7_24H:BRD-A19037878-001-04-9:2","BRD-A19037878",NA,NA,NA,"trichostatin-a",0.00594929,2.22553486073883,FALSE,"Downregula NQO1",3.46693820605895
1187,"PI-103","HCC515","24 h","11.1 µM",0.0011892,0.00803663,-1.38014,0.000318572793883402,"LINCS L1000","l1000_results_down","down","CPC006_HCC515_24H:BRD-K67868012-003-01-5:11.1","BRD-K67868012",NA,NA,NA,"pi-103",0.00803663,2.09492602578153,FALSE,"Downregula NQO1",2.89129120522212
1188,"CP466722","MCF7","6 h","10.0 µM",0.00120006,0.0125022,-1.14316,0.000478240076518412,"LINCS L1000","l1000_results_down","down","LJP001_MCF7_6H:BRD-K15592317-001-02-8:10","BRD-K15592317",NA,NA,NA,"cp466722",0.0125022,1.90301355788869,FALSE,"Downregula NQO1",2.17544897883604
1189,"lonidamine","MCF7","24 h","177.6 µM",0.00120701,0.0262735,-0.83143,0.00117096018735363,"LINCS L1000","l1000_results_down","down","CPC006_MCF7_24H:BRD-K78513633-001-07-4:177.6","BRD-K78513633",NA,NA,NA,"lonidamine",0.0262735,1.5804820692224,FALSE,"Downregula NQO1",1.31406020681358
1190,"EI-247","PC3","24 h","10.0 µM",0.00121925,0.0162967,-1.97944,0.000653167864141084,"LINCS L1000","l1000_results_down","down","CPC014_PC3_24H:BRD-K32710582-001-01-5:10","BRD-K32710582",NA,NA,NA,"ei-247",0.0162967,1.7879003291473,FALSE,"Downregula NQO1",3.53904142752734
1191,"MLN-8054","MDAMB231","24 h","2.0 µM",0.00121966,0.0200201,-1.05213,0.000786782061369001,"LINCS L1000","l1000_results_down","down","LJP001_MDAMB231_24H:BRD-K83963101-001-02-8:2","BRD-K83963101",NA,NA,NA,"mln-8054",0.0200201,1.69853375755901,FALSE,"Downregula NQO1",1.78707832234056
1192,"triptolide","HT29","6 h","0.08 µM",0.00121996,0.00907047,-0.77878,0.000379939209726444,"LINCS L1000","l1000_results_down","down","CPC006_HT29_6H:BRD-A13122391-001-01-9:0.08","BRD-A13122391",NA,NA,NA,"triptolide",0.00907047,2.04237020873725,FALSE,"Downregula NQO1",1.5905570711604
1193,"LY-294002","MCF7","24 h","10.0 µM",0.00123085,0.0213579,-1.33116,0.000858369098712446,"LINCS L1000","l1000_results_down","down","CPC005_MCF7_24H:BRD-K27305650-003-01-4:10","BRD-K27305650",NA,NA,NA,"ly-294002",0.0213579,1.67044145123371,FALSE,"Downregula NQO1",2.22362484222427
1194,"ST-4029573","VCAP","6 h","10.0 µM",0.00123679,0.0168137,-1.56764,0.000677966101694915,"LINCS L1000","l1000_results_down","down","CPC013_VCAP_6H:BRD-K16798053-001-01-0:10","BRD-K16798053",NA,NA,NA,"st-4029573",0.0168137,1.77433670578926,FALSE,"Downregula NQO1",2.78152119346347
1195,"BRD-A36275421","HA1E","6 h","10.0 µM",0.00123734,0.00532838,-1.01582,0.000234192037470726,"LINCS L1000","l1000_results_down","down","CPC006_HA1E_6H:BRD-A36275421-001-11-1:10","BRD-A36275421",NA,NA,NA,"brd-a36275421",0.00532838,2.27340481048598,FALSE,"Downregula NQO1",2.30937007458787
1196,"manumycin-a","A375","6 h","10.0 µM",0.00124698,0.0475007,-1.48732,0.00289855072463768,"LINCS L1000","l1000_results_down","down","CPC006_A375_6H:BRD-A77216878-001-01-4:10","BRD-A77216878",NA,NA,NA,"manumycin-a",0.0475007,1.32329999029308,FALSE,"Downregula NQO1",1.96817054156271
1197,"emetine","NPC","24 h","10.0 µM",0.00125308,0.0048201,-1.77319,0.000234741784037559,"LINCS L1000","l1000_results_down","down","CPC017_NPC_24H:BRD-A25687296-300-03-5:10","BRD-A25687296",NA,NA,NA,"emetine",0.0048201,2.31694395159566,FALSE,"Downregula NQO1",4.1083818455299
1198,"alvocidib","MCF7","6 h","0.08 µM",0.00125668,0.00510653,-1.14757,0.000227169468423444,"LINCS L1000","l1000_results_down","down","LJP001_MCF7_6H:BRD-K87909389-001-04-6:0.08","BRD-K87909389",NA,NA,NA,"alvocidib",0.00510653,2.29187411234216,FALSE,"Downregula NQO1",2.63008597510049
1199,"PP-110","SW948","6 h","22.2 µM",0.00126764,0.00702009,-1.27584,0.000289855072463768,"LINCS L1000","l1000_results_down","down","CPC006_SW948_6H:BRD-K03618428-001-01-3:22.2","BRD-K03618428",NA,NA,NA,"pp-110",0.00702009,2.15365732002791,FALSE,"Downregula NQO1",2.74772215518441
1200,"radicicol","PC3","24 h","0.4 µM",0.00126899,0.0136844,-0.595397,0.000528541226215645,"LINCS L1000","l1000_results_down","down","ASG001_PC3_24H:BRD-A39996500-001-01-4:0.4","BRD-A39996500",NA,NA,NA,"radicicol",0.0136844,1.86377423971543,FALSE,"Downregula NQO1",1.10968559100385
1201,"BRD-K29140223","VCAP","6 h","10.0 µM",0.00127347,0.00882214,-0.975123,0.000330578512396694,"LINCS L1000","l1000_results_down","down","CPC007_VCAP_6H:BRD-K29140223-001-04-9:10","BRD-K29140223",NA,NA,NA,"brd-k29140223",0.00882214,2.0544260546119,FALSE,"Downregula NQO1",2.00331809765132
1202,"DUP-697","PC3","6 h","10.0 µM",0.00127866,0.015441,-0.873981,0.000592768227622999,"LINCS L1000","l1000_results_down","down","CPC010_PC3_6H:BRD-K06221026-001-05-0:10","BRD-K06221026",NA,NA,NA,"dup-697",0.015441,1.81132457703017,FALSE,"Downregula NQO1",1.5830632651574
1203,"CGP-60474","MCF7","6 h","2.0 µM",0.00130072,0.0037665,-1.31294,0.000187511719482468,"LINCS L1000","l1000_results_down","down","LJP001_MCF7_6H:BRD-K79090631-001-18-1:2","BRD-K79090631",NA,NA,NA,"cgp-60474",0.0037665,2.4240620282314,FALSE,"Downregula NQO1",3.18264799934613
1204,"BRD-K10484463","A375","6 h","10.0 µM",0.0013033,0.00392931,-0.83982,0.000185770016719302,"LINCS L1000","l1000_results_down","down","CPC012_A375_6H:BRD-K10484463-001-06-6:10","BRD-K10484463",NA,NA,NA,"brd-k10484463",0.00392931,2.40568370649529,FALSE,"Downregula NQO1",2.02034129038887
1205,"ruxolitinib","PC3","6 h","10.0 µM",0.00130402,0.0312908,-1.14204,0.00139082058414465,"LINCS L1000","l1000_results_down","down","CPC014_PC3_6H:BRD-K53972329-001-02-1:10","BRD-K53972329",NA,NA,NA,"ruxolitinib",0.0312908,1.50458333326978,FALSE,"Downregula NQO1",1.71829434992742
1206,"BRD-K98219271","PC3","6 h","10.0 µM",0.00130943,0.0117527,-1.0413,0.000476644423260248,"LINCS L1000","l1000_results_down","down","CPC007_PC3_6H:BRD-K98219271-001-07-1:10","BRD-K98219271",NA,NA,NA,"brd-k98219271",0.0117527,1.92986234952858,FALSE,"Downregula NQO1",2.00956566456411
1207,"entinostat","PC3","6 h","5.0 µM",0.00131498,0.00585641,-1.10844,0.00021505376344086,"LINCS L1000","l1000_results_down","down","HDAC002_PC3_6H:BRD-K77908580-001-04-7:5","BRD-K77908580",NA,NA,NA,"entinostat",0.00585641,2.23236852646733,FALSE,"Downregula NQO1",2.47444656947745
1208,"triptolide","MCF7","24 h","0.08 µM",0.00131646,0.0025785,-0.600786,0.000141003948110547,"LINCS L1000","l1000_results_down","down","CPC006_MCF7_24H:BRD-A13122391-001-01-9:0.08","BRD-A13122391",NA,NA,NA,"triptolide",0.0025785,2.58863286425727,FALSE,"Downregula NQO1",1.55521438398567
1209,"nutlin-3","A375","6 h","44.4 µM",0.00132203,0.00904425,-1.77505,0.000327653997378768,"LINCS L1000","l1000_results_down","down","CPC006_A375_6H:BRD-A12230535-001-02-6:44.4","BRD-A12230535",NA,NA,NA,"nutlin-3",0.00904425,2.04362744144832,FALSE,"Downregula NQO1",3.62754088994284
1210,"KU-0063794","HA1E","24 h","10.0 µM",0.00132732,0.00653244,-1.07326,0.000279955207166853,"LINCS L1000","l1000_results_down","down","CPC006_HA1E_24H:BRD-K67566344-001-01-8:10","BRD-K67566344",NA,NA,NA,"ku-0063794",0.00653244,2.18492457054646,FALSE,"Downregula NQO1",2.34499214458469
1211,"trichostatin-a","HT29","6 h","10.0 µM",0.00134448,0.00694962,-1.14481,0.000257997936016512,"LINCS L1000","l1000_results_down","down","CPC012_HT29_6H:BRD-K68202742-001-06-6:10","BRD-K68202742",NA,NA,NA,"trichostatin-a",0.00694962,2.15803894165664,FALSE,"Downregula NQO1",2.47054456079794
1212,"tanespimycin","VCAP","48 h","20.0 µM",0.00134643,0.00257491,-0.538417,0.000137912012136257,"LINCS L1000","l1000_results_down","down","ERG005_VCAP_48H:BRD-A61304759-001-01-0:20","BRD-A61304759",NA,NA,NA,"tanespimycin",0.00257491,2.58923794611267,FALSE,"Downregula NQO1",1.39408972723215
1213,"COT-10b","MCF7","6 h","44.4 µM",0.00136107,0.00744861,-0.801508,0.000282645562464669,"LINCS L1000","l1000_results_down","down","CPC006_MCF7_6H:BRD-K18190982-002-01-2:44.4","BRD-K18190982",NA,NA,NA,"cot-10b",0.00744861,2.12792476425202,FALSE,"Downregula NQO1",1.70554872194611
1214,"dacinostat","PHH","24 h","10.0 µM",0.00136434,0.016782,-1.42805,0.000645994832041344,"LINCS L1000","l1000_results_down","down","CPC014_PHH_24H:BRD-K56957086-001-04-8:10","BRD-K56957086",NA,NA,NA,"dacinostat",0.016782,1.77515628324483,FALSE,"Downregula NQO1",2.53501193028778
1215,"dactinomycin","MCF7","6 h","10.0 µM",0.00136695,0.00630998,-1.14239,0.000255036980362153,"LINCS L1000","l1000_results_down","down","CPC015_MCF7_6H:BRD-A73909368-001-01-5:10","BRD-A73909368",NA,NA,NA,"dactinomycin",0.00630998,2.19997201728572,FALSE,"Downregula NQO1",2.51322603282704
1216,"AZD-8055","MCF10A","6 h","2.0 µM",0.00136814,0.0265381,-1.27649,0.00108932461873638,"LINCS L1000","l1000_results_down","down","LJP001_MCF10A_6H:BRD-K69932463-001-05-6:2","BRD-K69932463",NA,NA,NA,"azd-8055",0.0265381,1.57613017374941,FALSE,"Downregula NQO1",2.01191440548939
1217,"parbendazole","HA1E","24 h","0.31 µM",0.00137928,0.0153339,-0.943784,0.000571755288736421,"LINCS L1000","l1000_results_down","down","CPC006_HA1E_24H:BRD-K02407574-001-04-8:0.31","BRD-K02407574",NA,NA,NA,"parbendazole",0.0153339,1.8143473733212,FALSE,"Downregula NQO1",1.71235202138257
1218,"tegaserod","VCAP","6 h","10.0 µM",0.00138248,0.0487432,-1.15185,0.00316455696202532,"LINCS L1000","l1000_results_down","down","CPC011_VCAP_6H:BRD-K21806131-050-02-5:10","BRD-K21806131",NA,NA,NA,"tegaserod",0.0487432,1.31208596270315,FALSE,"Downregula NQO1",1.51132621613962
1219,"BRD-K63308290","HT29","6 h","10.0 µM",0.00138767,0.017435,-1.40592,0.000611620795107034,"LINCS L1000","l1000_results_down","down","CPC008_HT29_6H:BRD-K63308290-019-01-5:10","BRD-K63308290",NA,NA,NA,"brd-k63308290",0.017435,1.758578048288,FALSE,"Downregula NQO1",2.47242004964907
1220,"BRD-K84203638","VCAP","24 h","10.0 µM",0.0013881,0.00822955,-1.20003,0.000305250305250305,"LINCS L1000","l1000_results_down","down","CPC007_VCAP_24H:BRD-K84203638-001-05-3:10","BRD-K84203638",NA,NA,NA,"brd-k84203638",0.00822955,2.0846239117938,FALSE,"Downregula NQO1",2.50161123286992
1221,"BRD-K81441552","MCF7","24 h","10.0 µM",0.00139976,0.0155819,-1.91944,0.000471475719000471,"LINCS L1000","l1000_results_down","down","CPC012_MCF7_24H:BRD-K81441552-001-01-3:10","BRD-K81441552",NA,NA,NA,"brd-k81441552",0.0155819,1.80737958715093,FALSE,"Downregula NQO1",3.46915667476098
1222,"amsacrine","PC3","24 h","10.0 µM",0.00140086,0.0206448,-1.60538,0.00077639751552795,"LINCS L1000","l1000_results_down","down","CPC004_PC3_24H:BRD-K98490050-001-01-8:10","BRD-K98490050",NA,NA,NA,"amsacrine",0.0206448,1.68518932007032,FALSE,"Downregula NQO1",2.70536923065449
1223,"NVP-BEZ235","PC3","24 h","0.63 µM",0.00140473,0.00490214,-0.667618,0.000208420175072947,"LINCS L1000","l1000_results_down","down","CPC006_PC3_24H:BRD-K12184916-001-03-0:0.63","BRD-K12184916",NA,NA,NA,"nvp-bez235",0.00490214,2.30961428990988,FALSE,"Downregula NQO1",1.54194007300105
1224,"vinblastine","PC3","24 h","10.0 µM",0.00140687,0.0138206,-0.951887,0.000478468899521531,"LINCS L1000","l1000_results_down","down","CPC001_PC3_24H:BRD-A22783572-065-01-3:10","BRD-A22783572",NA,NA,NA,"vinblastine",0.0138206,1.85947310232848,FALSE,"Downregula NQO1",1.77000827295615
1225,"roscovitine","MCF7","6 h","10.0 µM",0.00140726,0.0144743,-1.34346,0.000513874614594039,"LINCS L1000","l1000_results_down","down","LJP001_MCF7_6H:BRD-K07691486-001-11-4:10","BRD-K07691486",NA,NA,NA,"roscovitine",0.0144743,1.83940243025948,FALSE,"Downregula NQO1",2.4711635889564
1226,"TL-HRAS-61","A549","6 h","10.0 µM",0.00141631,0.0175995,-0.670972,0.000605693519079346,"LINCS L1000","l1000_results_down","down","CPC006_A549_6H:BRD-K01877528-001-01-6:10","BRD-K01877528",NA,NA,NA,"tl-hras-61",0.0175995,1.75449967027253,FALSE,"Downregula NQO1",1.1772201527621
1227,"epoxycholesterol","VCAP","24 h","10.0 µM",0.00141681,0.00748863,-1.23696,0.000299311583358276,"LINCS L1000","l1000_results_down","down","CPC014_VCAP_24H:BRD-K61480498-001-01-2:10","BRD-K61480498",NA,NA,NA,"epoxycholesterol",0.00748863,2.12559762660777,FALSE,"Downregula NQO1",2.62927924020875
1228,"forskolin","HA1E","24 h","10.0 µM",0.00143247,0.0404286,-1.05969,0.00172117039586919,"LINCS L1000","l1000_results_down","down","CPC006_HA1E_24H:BRD-A70449690-001-01-4:10","BRD-A70449690",NA,NA,NA,"forskolin",0.0404286,1.39331129756818,FALSE,"Downregula NQO1",1.47647804892002
1229,"I-070759","ASC","24 h","10.0 µM",0.00144099,0.0485139,-1.22076,0.00284090909090909,"LINCS L1000","l1000_results_down","down","CPC013_ASC_24H:BRD-K86761848-001-01-3:10","BRD-K86761848",NA,NA,NA,"i-070759",0.0485139,1.31413381132739,FALSE,"Downregula NQO1",1.60424199151603
1230,"triamterene","A375","24 h","10.0 µM",0.00144214,0.0065874,-0.754392,0.000253613999492772,"LINCS L1000","l1000_results_down","down","BRAF001_A375_24H:BRD-K92049597-001-14-1:10","BRD-K92049597",NA,NA,NA,"triamterene",0.0065874,2.18128596453504,FALSE,"Downregula NQO1",1.64554468135752
1231,"narciclasine","HCC515","24 h","10.0 µM",0.00144889,0.00312333,-1.06483,0.000150330727600722,"LINCS L1000","l1000_results_down","down","CPC006_HCC515_24H:BRD-K06792661-001-01-9:10","BRD-K06792661",NA,NA,NA,"narciclasine",0.00312333,2.50538212732678,FALSE,"Downregula NQO1",2.66780605064137
1232,"NCH-51","VCAP","24 h","10.0 µM",0.00145018,0.00552293,-1.1303,0.000237868696479543,"LINCS L1000","l1000_results_down","down","CPC020_VCAP_24H:BRD-K52522949-001-01-7:10","BRD-K52522949",NA,NA,NA,"nch-51",0.00552293,2.25783046117726,FALSE,"Downregula NQO1",2.55202577026866
1233,"BRD-K56411643","A375","6 h","10.0 µM",0.0014521,0.00953964,-1.69594,0.000317965023847377,"LINCS L1000","l1000_results_down","down","CPC006_A375_6H:BRD-K56411643-001-02-6:10","BRD-K56411643",NA,NA,NA,"brd-k56411643",0.00953964,2.02046801407614,FALSE,"Downregula NQO1",3.4265925237923
1234,"CGP-60474","MCF7","6 h","0.08 µM",0.00145231,0.00596239,-1.58198,0.000243842965130456,"LINCS L1000","l1000_results_down","down","LJP001_MCF7_6H:BRD-K79090631-001-18-1:0.08","BRD-K79090631",NA,NA,NA,"cgp-60474",0.00596239,2.22457962016712,FALSE,"Downregula NQO1",3.51924046751198
1235,"PIK-90","PC3","24 h","10.0 µM",0.00145269,0.0169186,-0.662284,0.000602409638554217,"LINCS L1000","l1000_results_down","down","CPC006_PC3_24H:BRD-K99818283-001-01-8:10","BRD-K99818283",NA,NA,NA,"pik-90",0.0169186,1.77163557731533,FALSE,"Downregula NQO1",1.17332589668671
1236,"BRD-K71726959","HA1E","6 h","122.55 µM",0.00145335,0.00533872,-1.08033,0.000221729490022173,"LINCS L1000","l1000_results_down","down","CPC006_HA1E_6H:BRD-K71726959-001-06-7:122.55","BRD-K71726959",NA,NA,NA,"brd-k71726959",0.00533872,2.27256285599988,FALSE,"Downregula NQO1",2.45511783022235
1237,"TG-101348","MCF7","24 h","11.1 µM",0.00146006,0.00526009,-0.601368,0.000214178624973228,"LINCS L1000","l1000_results_down","down","CPC006_MCF7_24H:BRD-K12502280-001-01-5:11.1","BRD-K12502280",NA,NA,NA,"tg-101348",0.00526009,2.27900682501566,FALSE,"Downregula NQO1",1.37052177634601
1238,"trichostatin-a","MCF7","6 h","10.0 µM",0.00148545,0.005842,-0.837712,0.000204415372035977,"LINCS L1000","l1000_results_down","down","CPC005_MCF7_6H:BRD-A19037878:10","BRD-A19037878",NA,NA,NA,"trichostatin-a",0.005842,2.23343844736247,FALSE,"Downregula NQO1",1.87097818861691
1239,"BRD-K11533227","PC3","24 h","2.5 µM",0.00149099,0.0134582,-0.886024,0.000391236306729264,"LINCS L1000","l1000_results_down","down","HDAC001_PC3_24H:BRD-K11533227-001-01-7:2.5","BRD-K11533227",NA,NA,NA,"brd-k11533227",0.0134582,1.87101302200969,FALSE,"Downregula NQO1",1.65776244181311
1240,"medroxyprogesterone","HT29","6 h","10.0 µM",0.00150161,0.0209551,-0.996862,0.000716332378223496,"LINCS L1000","l1000_results_down","down","CPC020_HT29_6H:BRD-K82216340-001-19-7:10","BRD-K82216340",NA,NA,NA,"medroxyprogesterone",0.0209551,1.67871026232503,FALSE,"Downregula NQO1",1.67344246952185
1241,"KU-C104248","PC3","6 h","10.0 µM",0.00150427,0.0276836,-1.18532,0.00108932461873638,"LINCS L1000","l1000_results_down","down","CPC009_PC3_6H:BRD-K25320246-001-03-6:10","BRD-K25320246",NA,NA,NA,"ku-c104248",0.0276836,1.55777743450164,FALSE,"Downregula NQO1",1.84646474866348
1242,"wortmannin","MCF7","24 h","10.0 µM",0.00150801,0.00966401,-0.616932,0.000355871886120997,"LINCS L1000","l1000_results_down","down","CPC006_MCF7_24H:BRD-A75409952:10","BRD-A75409952",NA,NA,NA,"wortmannin",0.00966401,2.01484262932905,FALSE,"Downregula NQO1",1.24302089299723
1243,"sorafenib","A375","6 h","10.0 µM",0.00150853,0.0116154,-0.928664,0.000371747211895911,"LINCS L1000","l1000_results_down","down","BRAF001_A375_6H:BRD-K23984367-001-04-2:10","BRD-K23984367",NA,NA,NA,"sorafenib",0.0116154,1.93496582978957,FALSE,"Downregula NQO1",1.7969331073557
1244,"daunorubicin","PC3","24 h","10.0 µM",0.00151348,0.00479843,-1.19179,0.00020631318341242,"LINCS L1000","l1000_results_down","down","CPC009_PC3_24H:BRD-A68009927-001-02-3:10","BRD-A68009927",NA,NA,NA,"daunorubicin",0.00479843,2.31890083634744,FALSE,"Downregula NQO1",2.76364282775052
1245,"BRD-K73709114","MCF7","24 h","10.0 µM",0.00151419,0.00753375,-1.2854,0.000269759913676828,"LINCS L1000","l1000_results_down","down","CPC007_MCF7_24H:BRD-K73709114-001-03-0:10","BRD-K73709114",NA,NA,NA,"brd-k73709114",0.00753375,2.12298879552403,FALSE,"Downregula NQO1",2.72888979776659
1246,"BRD-K35716340","PC3","24 h","12.0 µM",0.00152729,0.0193899,-0.659483,0.000693962526023595,"LINCS L1000","l1000_results_down","down","CPC006_PC3_24H:BRD-K35716340-001-02-0:12","BRD-K35716340",NA,NA,NA,"brd-k35716340",0.0193899,1.71242443071295,FALSE,"Downregula NQO1",1.12931480083987
1247,"ouabain","PC3","6 h","10.0 µM",0.00155927,0.014947,-1.19854,0.000499001996007984,"LINCS L1000","l1000_results_down","down","CPC004_PC3_6H:BRD-A46747628-001-01-9:10","BRD-A46747628",NA,NA,NA,"ouabain",0.014947,1.82544596547917,FALSE,"Downregula NQO1",2.1878700074654
1248,"FL-HDAC-025","PC3","6 h","10.0 µM",0.00156879,0.0466406,-1.28594,0.00221238938053097,"LINCS L1000","l1000_results_down","down","HDAC002_PC3_6H:BRD-K03641750-001-01-3:10","BRD-K03641750",NA,NA,NA,"fl-hdac-025",0.0466406,1.33123587130622,FALSE,"Downregula NQO1",1.71188945634753
1249,"geldanamycin","PC3","24 h","10.0 µM",0.00156889,0.0243348,-1.29311,0.000914076782449726,"LINCS L1000","l1000_results_down","down","CPC010_PC3_24H:BRD-A19500257:10","BRD-A19500257",NA,NA,NA,"geldanamycin",0.0243348,1.61377221873436,FALSE,"Downregula NQO1",2.08678499376758
1250,"CAY-10618","A549","6 h","10.0 µM",0.00157707,0.0237125,-0.456766,0.000856164383561644,"LINCS L1000","l1000_results_down","down","CPC006_A549_6H:BRD-K83289131-001-01-4:10","BRD-K83289131",NA,NA,NA,"cay-10618",0.0237125,1.62502265610328,FALSE,"Downregula NQO1",0.742255098537671
1251,"NaCl","NEU.KCL","None h","0.1 µM",0.00158248,0.00873327,-1.31255,0.00025025025025025,"LINCS L1000","l1000_results_down","down","NMH002_NEU.KCL_6H.4H:CMAP-C110766:100","CMAP-C110766",NA,NA,NA,"nacl",0.00873327,2.05882311287514,FALSE,"Downregula NQO1",2.70230827680426
1252,"BRD-K57037351","PC3","6 h","10.0 µM",0.00160118,0.0304063,-1.06556,0.00170648464163823,"LINCS L1000","l1000_results_down","down","CPC010_PC3_6H:BRD-K57037351-001-05-3:10","BRD-K57037351",NA,NA,NA,"brd-k57037351",0.0304063,1.51703642389883,FALSE,"Downregula NQO1",1.61649333184964
1253,"tivozanib","HA1E","6 h","10.0 µM",0.00160899,0.019795,-0.975111,0.000623441396508728,"LINCS L1000","l1000_results_down","down","CPC006_HA1E_6H:BRD-K53414658-001-01-7:10","BRD-K53414658",NA,NA,NA,"tivozanib",0.019795,1.70344449391178,FALSE,"Downregula NQO1",1.66104746390281
1254,"GW-843682X","HA1E","24 h","10.0 µM",0.00160919,0.0153252,-0.927928,0.000526870389884088,"LINCS L1000","l1000_results_down","down","CPC006_HA1E_24H:BRD-K90382497-001-03-2:10","BRD-K90382497",NA,NA,NA,"gw-843682x",0.0153252,1.81459384905558,FALSE,"Downregula NQO1",1.68381244116644
1255,"BRD-A55565369","MCF7","24 h","10.0 µM",0.00160933,0.0289168,-1.46996,0.000838222967309304,"LINCS L1000","l1000_results_down","down","CPC012_MCF7_24H:BRD-A55565369-001-01-6:10","BRD-A55565369",NA,NA,NA,"brd-a55565369",0.0289168,1.53884976875079,FALSE,"Downregula NQO1",2.26204760607291
1256,"cyclosporin-a","MCF7","24 h","10.0 µM",0.00162413,0.0082666,-1.10713,0.000287108814240597,"LINCS L1000","l1000_results_down","down","CPC017_MCF7_24H:BRD-A38030642-001-01-2:10","BRD-A38030642",NA,NA,NA,"cyclosporin-a",0.0082666,2.08267307628242,FALSE,"Downregula NQO1",2.30578984294456
1257,"ZM-336372","MCF7","24 h","102.71 µM",0.00162496,0.0173184,-0.727736,0.000536768652710682,"LINCS L1000","l1000_results_down","down","CPC006_MCF7_24H:BRD-K73789395-001-06-5:102.71","BRD-K73789395",NA,NA,NA,"zm-336372",0.0173184,1.76149223375451,FALSE,"Downregula NQO1",1.28190131222357
1258,"granisetron","A375","6 h","10.0 µM",0.00163961,0.00977273,-0.979949,0.000320102432778489,"LINCS L1000","l1000_results_down","down","CPC010_A375_6H:BRD-K10860596-003-06-3:10","BRD-K10860596",NA,NA,NA,"granisetron",0.00977273,2.00998409970816,FALSE,"Downregula NQO1",1.96968190852491
1259,"RITA","MCF7","24 h","10.0 µM",0.0016636,0.00522939,-0.742484,0.000204081632653061,"LINCS L1000","l1000_results_down","down","CPC006_MCF7_24H:BRD-K00317371-001-02-0:10","BRD-K00317371",NA,NA,NA,"rita",0.00522939,2.28154896793666,FALSE,"Downregula NQO1",1.69401360390948
1260,"LE-135","A549","6 h","20.0 µM",0.00166685,0.0193219,-0.444029,0.000668002672010688,"LINCS L1000","l1000_results_down","down","CPC006_A549_6H:BRD-K06593056-001-02-2:20","BRD-K06593056",NA,NA,NA,"le-135",0.0193219,1.71395016990067,FALSE,"Downregula NQO1",0.761043579990823
1261,"bisindolylmaleimide-ix","PC3","6 h","10.0 µM",0.00167209,0.00457197,-1.39059,0.000191570881226054,"LINCS L1000","l1000_results_down","down","CPC004_PC3_6H:BRD-K06543683-066-01-3:10","BRD-K06543683",NA,NA,NA,"bisindolylmaleimide-ix",0.00457197,2.33989662798743,FALSE,"Downregula NQO1",3.25383685191304
1262,"WZ-3105","MCF7","6 h","2.0 µM",0.00167554,0.00548207,-1.32227,0.000214868929952729,"LINCS L1000","l1000_results_down","down","LJP001_MCF7_6H:BRD-K92571446-001-01-4:2","BRD-K92571446",NA,NA,NA,"wz-3105",0.00548207,2.26105542329859,FALSE,"Downregula NQO1",2.98972575456503
1263,"MK-1775","HT29","6 h","10.0 µM",0.00168607,0.0205503,-1.01636,0.000672494956287828,"LINCS L1000","l1000_results_down","down","CPC006_HT29_6H:BRD-K54256913-001-01-2:10","BRD-K54256913",NA,NA,NA,"mk-1775",0.0205503,1.68718183376876,FALSE,"Downregula NQO1",1.71478412856922
1264,"VU-0418946-1","MCF7","24 h","10.0 µM",0.00168983,0.00830848,-1.42918,0.000261437908496732,"LINCS L1000","l1000_results_down","down","CPC012_MCF7_24H:BRD-K44432556-001-01-4:10","BRD-K44432556",NA,NA,NA,"vu-0418946-1",0.00830848,2.08047842122101,FALSE,"Downregula NQO1",2.97337815004064
1265,"salermide","A375","24 h","120.0 µM",0.00169213,0.00341802,-1.0523,0.000149678191887442,"LINCS L1000","l1000_results_down","down","CPC006_A375_24H:BRD-A67788537-001-01-7:120","BRD-A67788537",NA,NA,NA,"salermide",0.00341802,2.46622540040281,FALSE,"Downregula NQO1",2.59520898884388
1266,"DMAB-anabaseine","VCAP","24 h","10.0 µM",0.00170902,0.0355003,-1.24116,0.00128700128700129,"LINCS L1000","l1000_results_down","down","CPC001_VCAP_24H:BRD-K26573499-300-01-3:10","BRD-K26573499",NA,NA,NA,"dmab-anabaseine",0.0355003,1.4497679768662,FALSE,"Downregula NQO1",1.79939402216725
1267,"vorinostat","VCAP","6 h","10.0 µM",0.00171156,0.00416718,-0.899009,0.00016926201760325,"LINCS L1000","l1000_results_down","down","CPC007_VCAP_6H:BRD-K81418486-001-21-0:10","BRD-K81418486",NA,NA,NA,"vorinostat",0.00416718,2.38015773992708,FALSE,"Downregula NQO1",2.1397832296141
1268,"BRD-K61717269","ASC","24 h","10.0 µM",0.00171328,0.0083618,-1.27837,0.000265322366675511,"LINCS L1000","l1000_results_down","down","CPC012_ASC_24H:BRD-K61717269-001-01-4:10","BRD-K61717269",NA,NA,NA,"brd-k61717269",0.0083618,2.07770022424496,FALSE,"Downregula NQO1",2.65606963566803
1269,"BRD-K71746704","VCAP","6 h","10.0 µM",0.00172614,0.0209141,-0.890725,0.000627746390458255,"LINCS L1000","l1000_results_down","down","CPC007_VCAP_6H:BRD-K71746704-001-05-5:10","BRD-K71746704",NA,NA,NA,"brd-k71746704",0.0209141,1.67956081974908,FALSE,"Downregula NQO1",1.496026811171
1270,"EMF-bca1-16","PC3","24 h","10.0 µM",0.00172639,0.00717761,-1.41169,0.000263504611330698,"LINCS L1000","l1000_results_down","down","CPC019_PC3_24H:BRD-K50234570-001-06-6:10","BRD-K50234570",NA,NA,NA,"emf-bca1-16",0.00717761,2.14402014302833,FALSE,"Downregula NQO1",3.02669179571166
1271,"HY-11007","MDAMB231","6 h","2.0 µM",0.00173805,0.033451,-1.17615,0.00133689839572193,"LINCS L1000","l1000_results_down","down","LJP001_MDAMB231_6H:BRD-K97056771-001-07-3:2","BRD-K97056771",NA,NA,NA,"hy-11007",0.033451,1.47559089469764,FALSE,"Downregula NQO1",1.73551623079863
1272,"celastrol","MCF7","6 h","10.0 µM",0.00174542,0.0159282,-0.547131,0.000497265042267529,"LINCS L1000","l1000_results_down","down","CPC014_MCF7_6H:BRD-A80960055-001-01-7:10","BRD-A80960055",NA,NA,NA,"celastrol",0.0159282,1.79783329979437,FALSE,"Downregula NQO1",0.983650331149792
1273,"trichostatin-a","MCF7","24 h","10.0 µM",0.00175632,0.00436054,-1.11219,0.000163934426229508,"LINCS L1000","l1000_results_down","down","CPC015_MCF7_24H:BRD-A19037878:10","BRD-A19037878",NA,NA,NA,"trichostatin-a",0.00436054,2.36045972529599,FALSE,"Downregula NQO1",2.62527970187694
1274,"albendazole","MCF7","24 h","10.0 µM",0.0017601,0.0218897,-1.30439,0.00066711140760507,"LINCS L1000","l1000_results_down","down","CPC020_MCF7_24H:BRD-K79131256-001-14-6:10","BRD-K79131256",NA,NA,NA,"albendazole",0.0218897,1.65976019043012,FALSE,"Downregula NQO1",2.16497459479515
1275,"BRD-K04534322","MCF7","6 h","10.0 µM",0.00176779,0.0204815,-1.68054,0.000535618639528656,"LINCS L1000","l1000_results_down","down","CPC012_MCF7_6H:BRD-K04534322-001-01-8:10","BRD-K04534322",NA,NA,NA,"brd-k04534322",0.0204815,1.68863824018314,FALSE,"Downregula NQO1",2.83782410815738
1276,"EMF-sumo1-39","A375","6 h","10.0 µM",0.00177376,0.0256481,-0.956243,0.0008424599831508,"LINCS L1000","l1000_results_down","down","CPC020_A375_6H:BRD-A83124583-003-01-4:10","BRD-A83124583",NA,NA,NA,"emf-sumo1-39",0.0256481,1.59094480170533,FALSE,"Downregula NQO1",1.52132983001711
1277,"etoposide","PC3","24 h","10.0 µM",0.00177479,0.0271809,-1.14856,0.000919963201471941,"LINCS L1000","l1000_results_down","down","CPC011_PC3_24H:BRD-K37798499-001-13-2:10","BRD-K37798499",NA,NA,NA,"etoposide",0.0271809,1.56573616722963,FALSE,"Downregula NQO1",1.79834193223326
1278,"NVP-AUY922","HA1E","24 h","10.0 µM",0.00177726,0.00569767,-0.804176,0.000201328769881216,"LINCS L1000","l1000_results_down","down","CPC006_HA1E_24H:BRD-K41859756-001-01-9:10","BRD-K41859756",NA,NA,NA,"nvp-auy922",0.00569767,2.24430270801499,FALSE,"Downregula NQO1",1.80481437452066
1279,"ruxolitinib","MCF7","6 h","10.0 µM",0.0017781,0.0278846,-0.586565,0.000988142292490119,"LINCS L1000","l1000_results_down","down","CPC014_MCF7_6H:BRD-K53972329-001-01-3:10","BRD-K53972329",NA,NA,NA,"ruxolitinib",0.0278846,1.55463558101064,FALSE,"Downregula NQO1",0.911894819575505
1280,"sorafenib","HEK293T","24 h","10.0 µM",0.00178545,0.00754287,-0.9365,0.000240442414041837,"LINCS L1000","l1000_results_down","down","BRAF001_HEK293T_24H:BRD-K23984367-001-04-2:10","BRD-K23984367",NA,NA,NA,"sorafenib",0.00754287,2.12246337720639,FALSE,"Downregula NQO1",1.98768695275378
1281,"wortmannin","HT29","24 h","10.0 µM",0.00178621,0.0375074,-1.00391,0.00136986301369863,"LINCS L1000","l1000_results_down","down","CPC006_HT29_24H:BRD-A75409952:10","BRD-A75409952",NA,NA,NA,"wortmannin",0.0375074,1.42588303994922,FALSE,"Downregula NQO1",1.43145824263542
1282,"CD-437","A375","6 h","11.1 µM",0.00178817,0.0137592,-1.36283,0.000391236306729264,"LINCS L1000","l1000_results_down","down","CPC006_A375_6H:BRD-K28907958-001-02-7:11.1","BRD-K28907958",NA,NA,NA,"cd-437",0.0137592,1.86140681651372,FALSE,"Downregula NQO1",2.53678105174939
1283,"avicin-d","PC3","24 h","10.0 µM",0.00179091,0.004308,-1.55993,0.000170270730461434,"LINCS L1000","l1000_results_down","down","PCLB001_PC3_24H:BRD-A15100685-001-02-6:10","BRD-A15100685",NA,NA,NA,"avicin-d",0.004308,2.36572430537406,FALSE,"Downregula NQO1",3.69036431568215
1284,"nicardipine","HA1E","24 h","10.0 µM",0.00179596,0.0132338,-1.00943,0.000415454923140839,"LINCS L1000","l1000_results_down","down","CPC006_HA1E_24H:BRD-A26711594-003-06-4:10","BRD-A26711594",NA,NA,NA,"nicardipine",0.0132338,1.87831543305594,FALSE,"Downregula NQO1",1.89602794758965
1285,"aripiprazole","PC3","24 h","10.0 µM",0.00179932,0.0167926,-1.14679,0.000466853408029879,"LINCS L1000","l1000_results_down","down","CPC011_PC3_24H:BRD-K70358946-001-11-6:10","BRD-K70358946",NA,NA,NA,"aripiprazole",0.0167926,1.7748820567962,FALSE,"Downregula NQO1",2.03541699391331
1286,"sorafenib","MCF10A","24 h","2.0 µM",0.00181906,0.0420876,-1.19977,0.00183150183150183,"LINCS L1000","l1000_results_down","down","LJP001_MCF10A_24H:BRD-K49810818-001-02-8:2","BRD-K49810818",NA,NA,NA,"sorafenib",0.0420876,1.37584583872036,FALSE,"Downregula NQO1",1.65069856192153
1287,"brefeldin-a","HT29","24 h","0.09 µM",0.00182024,0.00818849,-0.943595,0.000257864878803507,"LINCS L1000","l1000_results_down","down","CPC006_HT29_24H:BRD-A31107743-001-01-3:0.09","BRD-A31107743",NA,NA,NA,"brefeldin-a",0.00818849,2.08679617700991,FALSE,"Downregula NQO1",1.96909043864567
1288,"BRD-K00925050","MCF7","6 h","10.0 µM",0.00183064,0.0433952,-0.446995,0.00175746924428823,"LINCS L1000","l1000_results_down","down","CPC007_MCF7_6H:BRD-K00925050-001-03-6:10","BRD-K00925050",NA,NA,NA,"brd-k00925050",0.0433952,1.36255830571329,FALSE,"Downregula NQO1",0.609056749862313
1289,"cytochalasin-b","MCF7","24 h","10.0 µM",0.00183297,0.0196516,-0.578997,0.000565610859728507,"LINCS L1000","l1000_results_down","down","CPC006_MCF7_24H:BRD-K26664453-001-03-4:10","BRD-K26664453",NA,NA,NA,"cytochalasin-b",0.0196516,1.7066020843276,FALSE,"Downregula NQO1",0.98811748701943
1290,"vemurafenib","MCF7","24 h","10.0 µM",0.00184421,0.0267886,-0.69405,0.000788022064617809,"LINCS L1000","l1000_results_down","down","CPC006_MCF7_24H:BRD-K56343971-001-02-3:10","BRD-K56343971",NA,NA,NA,"vemurafenib",0.0267886,1.57204998247847,FALSE,"Downregula NQO1",1.09108129033918
1291,"alvocidib","MCF7","6 h","10.0 µM",0.0018447,0.00518069,-0.840193,0.000190912562046583,"LINCS L1000","l1000_results_down","down","CPC013_MCF7_6H:BRD-K87909389-001-01-2:10","BRD-K87909389",NA,NA,NA,"alvocidib",0.00518069,2.28561239407021,FALSE,"Downregula NQO1",1.92035553421103
1292,"ivermectin","MCF7","24 h","10.0 µM",0.00185719,0.0233702,-0.847545,0.000763941940412529,"LINCS L1000","l1000_results_down","down","CPC015_MCF7_24H:BRD-A48570745-001-01-1:10","BRD-A48570745",NA,NA,NA,"ivermectin",0.0233702,1.63133757094005,FALSE,"Downregula NQO1",1.38263200156238
1293,"IKK-inhibitor-X","MCF7","24 h","6.0 µM",0.00186779,0.0104497,-0.598471,0.000302388872089507,"LINCS L1000","l1000_results_down","down","CPC006_MCF7_24H:BRD-K93023739-001-01-1:6","BRD-K93023739",NA,NA,NA,"ikk-inhibitor-x",0.0104497,1.98089617751606,FALSE,"Downregula NQO1",1.18550891625422
1294,"berbamine","MCF7","6 h","10.0 µM",0.00187782,0.0351517,-1.08278,0.00118764845605701,"LINCS L1000","l1000_results_down","down","CPC005_MCF7_6H:BRD-K50464341-001-02-6:10","BRD-K50464341",NA,NA,NA,"berbamine",0.0351517,1.45405366686703,FALSE,"Downregula NQO1",1.57442022941028
1295,"AZD-7762","SKBR3","6 h","2.0 µM",0.00188134,0.0273583,-1.05739,0.000986193293885602,"LINCS L1000","l1000_results_down","down","LJP001_SKBR3_6H:BRD-K46056750-001-02-1:2","BRD-K46056750",NA,NA,NA,"azd-7762",0.0273583,1.56291089246205,FALSE,"Downregula NQO1",1.65260634858045
1296,"staurosporine","HT29","6 h","10.0 µM",0.00188506,0.00844089,-1.41133,0.000243664717348928,"LINCS L1000","l1000_results_down","down","CPC019_HT29_6H:BRD-K17953061-001-05-1:10","BRD-K17953061",NA,NA,NA,"staurosporine",0.00844089,2.07361175933277,FALSE,"Downregula NQO1",2.92655048429912
1297,"BRD-A84098870","VCAP","6 h","10.0 µM",0.00188914,0.0193058,-0.90142,0.000575373993095512,"LINCS L1000","l1000_results_down","down","CPC007_VCAP_6H:BRD-A84098870-001-05-6:10","BRD-A84098870",NA,NA,NA,"brd-a84098870",0.0193058,1.7143121972315,FALSE,"Downregula NQO1",1.54531530082842
1298,"BRD-A81530502","ASC","24 h","10.0 µM",0.00190127,0.0320012,-1.2411,0.00092678405931418,"LINCS L1000","l1000_results_down","down","CPC013_ASC_24H:BRD-A81530502-001-01-6:10","BRD-A81530502",NA,NA,NA,"brd-a81530502",0.0320012,1.49483373594238,FALSE,"Downregula NQO1",1.85523814967809
1299,"oxetane","HEPG2","6 h","3.33 µM",0.00191648,0.0439507,-1.47903,0.00193423597678917,"LINCS L1000","l1000_results_down","down","PCLB001_HEPG2_6H:BRD-A69592287-001-01-3:3.33","BRD-A69592287",NA,NA,NA,"oxetane",0.0439507,1.35703420355457,FALSE,"Downregula NQO1",2.00709429808331
1300,"trichostatin-a","MCF7","6 h","10.0 µM",0.00191812,0.0120487,-1.04763,0.000352112676056338,"LINCS L1000","l1000_results_down","down","PCLB001_MCF7_6H:BRD-A19037878-001-02-3:10","BRD-A19037878",NA,NA,NA,"trichostatin-a",0.0120487,1.91905980896325,FALSE,"Downregula NQO1",2.01046462766417
1301,"estradiol","VCAP","6 h","10.0 µM",0.00191925,0.0447985,-1.18277,0.00191570881226054,"LINCS L1000","l1000_results_down","down","CPC011_VCAP_6H:BRD-K18910433-001-23-4:10","BRD-K18910433",NA,NA,NA,"estradiol",0.0447985,1.34873652735518,FALSE,"Downregula NQO1",1.59524510245989
1302,"YL-61","HT29","6 h","10.0 µM",0.00192989,0.0430757,-1.19175,0.00181818181818182,"LINCS L1000","l1000_results_down","down","CPC020_HT29_6H:BRD-K55473186-001-01-2:10","BRD-K55473186",NA,NA,NA,"yl-61",0.0430757,1.36576765633688,FALSE,"Downregula NQO1",1.62765360443947
1303,"bithionol","MCF7","24 h","10.0 µM",0.0019303,0.0227068,-0.85334,0.000650618087182824,"LINCS L1000","l1000_results_down","down","CPC015_MCF7_24H:BRD-K39120595-304-03-9:10","BRD-K39120595",NA,NA,NA,"bithionol",0.0227068,1.64384406526347,FALSE,"Downregula NQO1",1.40275789465193
1304,"geldanamycin","MCF7","24 h","10.0 µM",0.00193224,0.00875245,-0.626207,0.000263019463440295,"LINCS L1000","l1000_results_down","down","CPC019_MCF7_24H:BRD-A19500257:10","BRD-A19500257",NA,NA,NA,"geldanamycin",0.00875245,2.05787036154392,FALSE,"Downregula NQO1",1.28865282549133
1305,"MW-STK33-4C","ASC","24 h","10.0 µM",0.00195629,0.044472,-1.22032,0.00192678227360308,"LINCS L1000","l1000_results_down","down","CPC012_ASC_24H:BRD-K03568209-001-07-2:10","BRD-K03568209",NA,NA,NA,"mw-stk33-4c",0.044472,1.3519133389695,FALSE,"Downregula NQO1",1.64976688581126
1306,"nizatidine","PC3","24 h","10.0 µM",0.00195804,0.0297217,-1.02911,0.000929368029739777,"LINCS L1000","l1000_results_down","down","CPC003_PC3_24H:BRD-K46652470-001-02-6:10","BRD-K46652470",NA,NA,NA,"nizatidine",0.0297217,1.52692635374375,FALSE,"Downregula NQO1",1.57137517990123
1307,"brefeldin-a","HA1E","6 h","0.09 µM",0.00196556,0.0181615,-0.863247,0.000556483027267668,"LINCS L1000","l1000_results_down","down","CPC006_HA1E_6H:BRD-A31107743-001-01-3:0.09","BRD-A31107743",NA,NA,NA,"brefeldin-a",0.0181615,1.7408482849548,FALSE,"Downregula NQO1",1.50278205944237
1308,"oxetane","PC3","24 h","0.63 µM",0.00197735,0.0284442,-1.08924,0.000959692898272553,"LINCS L1000","l1000_results_down","down","PCLB001_PC3_24H:BRD-A69592287-001-01-3:0.63","BRD-A69592287",NA,NA,NA,"oxetane",0.0284442,1.54600627636172,FALSE,"Downregula NQO1",1.68397187646424
1309,"reversine","MCF7","6 h","10.0 µM",0.00198012,0.0232928,-0.890933,0.000693481276005548,"LINCS L1000","l1000_results_down","down","CPC014_MCF7_6H:BRD-K77286328-001-02-9:10","BRD-K77286328",NA,NA,NA,"reversine",0.0232928,1.6327783023001,FALSE,"Downregula NQO1",1.45469607120313
1310,"torin-1","SKB","24 h","10.0 µM",0.00198593,0.0285259,-1.86799,0.00106044538706257,"LINCS L1000","l1000_results_down","down","CPC014_SKB_24H:BRD-K40175214-001-01-7:10","BRD-K40175214",NA,NA,NA,"torin-1",0.0285259,1.5447606445831,FALSE,"Downregula NQO1",2.88559743647478
1311,"wortmannin","MCF7","24 h","10.0 µM",0.00199787,0.0355623,-1.00076,0.00117370892018779,"LINCS L1000","l1000_results_down","down","CPC020_MCF7_24H:BRD-A75409952:10","BRD-A75409952",NA,NA,NA,"wortmannin",0.0355623,1.44901015869715,FALSE,"Downregula NQO1",1.45011140641776
1312,"BRD-K37061750","PC3","6 h","10.0 µM",0.00200256,0.0180466,-0.918746,0.000467726847521048,"LINCS L1000","l1000_results_down","down","CPC007_PC3_6H:BRD-K37061750-001-07-1:10","BRD-K37061750",NA,NA,NA,"brd-k37061750",0.0180466,1.74360460762682,FALSE,"Downregula NQO1",1.60192975883871
1313,"GSK-1070916","MCF7","6 h","10.0 µM",0.00200445,0.00909064,-0.719904,0.000267594327000268,"LINCS L1000","l1000_results_down","down","CPC014_MCF7_6H:BRD-K36740062-001-01-7:10","BRD-K36740062",NA,NA,NA,"gsk-1070916",0.00909064,2.04140554046515,FALSE,"Downregula NQO1",1.46961601420302
1314,"quizartinib","MCF7","6 h","10.0 µM",0.0020157,0.039757,-1.37062,0.00130718954248366,"LINCS L1000","l1000_results_down","down","LJP001_MCF7_6H:BRD-K93918653-001-03-0:10","BRD-K93918653",NA,NA,NA,"quizartinib",0.039757,1.40058639420936,FALSE,"Downregula NQO1",1.91967172363124
1315,"CAY-10585","PC3","24 h","10.0 µM",0.00201685,0.00487841,-1.75135,0.000180929980097702,"LINCS L1000","l1000_results_down","down","CPC014_PC3_24H:BRD-K88551539-001-01-0:10","BRD-K88551539",NA,NA,NA,"cay-10585",0.00487841,2.31172170274002,FALSE,"Downregula NQO1",4.04863380409373
1316,"SA-1017940","PC3","24 h","10.0 µM",0.00202535,0.0102946,-1.29235,0.0002686005909213,"LINCS L1000","l1000_results_down","down","CPC020_PC3_24H:BRD-K53308430-001-02-4:10","BRD-K53308430",NA,NA,NA,"sa-1017940",0.0102946,1.98739052337015,FALSE,"Downregula NQO1",2.56840414287741
1317,"BRD-K05326558","MCF7","24 h","10.0 µM",0.00202589,0.0371909,-1.31472,0.00109769484083425,"LINCS L1000","l1000_results_down","down","CPC007_MCF7_24H:BRD-K05326558-001-07-0:10","BRD-K05326558",NA,NA,NA,"brd-k05326558",0.0371909,1.42956331181838,FALSE,"Downregula NQO1",1.87947547731386
1318,"tyrphostin-AG-1478","A375","6 h","56.78 µM",0.00203849,0.0267332,-1.33989,0.000841042893187553,"LINCS L1000","l1000_results_down","down","CPC006_A375_6H:BRD-K68336408-001-04-2:56.78","BRD-K68336408",NA,NA,NA,"tyrphostin-ag-1478",0.0267332,1.57294905249817,FALSE,"Downregula NQO1",2.10757870595177
1319,"tunicamycin","A375","6 h","10.0 µM",0.00204664,0.00935778,-0.841269,0.000247831474597274,"LINCS L1000","l1000_results_down","down","CPC012_A375_6H:BRD-K10573841-001-01-0:10","BRD-K10573841",NA,NA,NA,"tunicamycin",0.00935778,2.02882716922175,FALSE,"Downregula NQO1",1.70678940382402
1320,"ochratoxin-a","SKB","24 h","10.0 µM",0.00204738,0.00866092,-1.46234,0.000244200244200244,"LINCS L1000","l1000_results_down","down","CPC014_SKB_24H:BRD-K39944607-001-03-0:10","BRD-K39944607",NA,NA,NA,"ochratoxin-a",0.00866092,2.06243597291318,FALSE,"Downregula NQO1",3.01598262062987
1321,"obatoclax","PC3","6 h","10.0 µM",0.00204808,0.0241946,-0.908946,0.000687757909215956,"LINCS L1000","l1000_results_down","down","CPC013_PC3_6H:BRD-K15600710-066-01-7:10","BRD-K15600710",NA,NA,NA,"obatoclax",0.0241946,1.61628155351935,FALSE,"Downregula NQO1",1.4691126529452
1322,"aloisine","MCF7","6 h","10.0 µM",0.00207048,0.0376505,-1.20105,0.00130548302872063,"LINCS L1000","l1000_results_down","down","CPC017_MCF7_6H:BRD-K51276371-001-02-6:10","BRD-K51276371",NA,NA,NA,"aloisine",0.0376505,1.42422925197858,FALSE,"Downregula NQO1",1.71057054308887
1323,"MD-041","A375","6 h","10.0 µM",0.00208089,0.00606163,-0.80443,0.000208637596494888,"LINCS L1000","l1000_results_down","down","CPC012_A375_6H:BRD-K56653679-001-01-2:10","BRD-K56653679",NA,NA,NA,"md-041",0.00606163,2.21741057635876,FALSE,"Downregula NQO1",1.78375158994028
1324,"dorsomorphin","A549","6 h","10.0 µM",0.00208482,0.00824073,-0.462926,0.000228050171037628,"LINCS L1000","l1000_results_down","down","CPC006_A549_6H:BRD-K54233340-300-01-0:10","BRD-K54233340",NA,NA,NA,"dorsomorphin",0.00824073,2.08403431488915,FALSE,"Downregula NQO1",0.964753669254373
1325,"BRD-K76211160","VCAP","6 h","10.0 µM",0.00208965,0.0115226,-0.877287,0.000324149108589951,"LINCS L1000","l1000_results_down","down","CPC007_VCAP_6H:BRD-K76211160-001-05-2:10","BRD-K76211160",NA,NA,NA,"brd-k76211160",0.0115226,1.93844951412037,FALSE,"Downregula NQO1",1.70057655889411
1326,"BRD-K85853281","PC3","6 h","10.0 µM",0.00209262,0.00678092,-0.919589,0.000229726625315874,"LINCS L1000","l1000_results_down","down","CPC010_PC3_6H:BRD-K85853281-001-03-9:10","BRD-K85853281",NA,NA,NA,"brd-k85853281",0.00678092,2.16871137931618,FALSE,"Downregula NQO1",1.99432312859398
1327,"BRD-K02216544","PC3","24 h","10.0 µM",0.00209572,0.0208906,-1.2585,0.000563380281690141,"LINCS L1000","l1000_results_down","down","CPC008_PC3_24H:BRD-K02216544-001-01-6:10","BRD-K02216544",NA,NA,NA,"brd-k02216544",0.0208906,1.68004908644635,FALSE,"Downregula NQO1",2.11434177529273
1328,"PNU-74654","A375","24 h","80.0 µM",0.00209675,0.01275,-1.03285,0.000343406593406593,"LINCS L1000","l1000_results_down","down","CPC006_A375_24H:BRD-K30707190-001-02-5:80","BRD-K30707190",NA,NA,NA,"pnu-74654",0.01275,1.89448981523003,FALSE,"Downregula NQO1",1.95672380566033
1329,"pyrvinium-pamoate","HT29","6 h","10.0 µM",0.00209943,0.0118776,-0.912743,0.000312402374258044,"LINCS L1000","l1000_results_down","down","CPC006_HT29_6H:BRD-M86331534-373-01-5:10","BRD-M86331534",NA,NA,NA,"pyrvinium-pamoate",0.0118776,1.92527130447724,FALSE,"Downregula NQO1",1.75727790626247
1330,"ouabain","HT29","6 h","10.0 µM",0.00210089,0.0235089,-0.9408,0.00068870523415978,"LINCS L1000","l1000_results_down","down","CPC004_HT29_6H:BRD-A46747628-001-01-9:10","BRD-A46747628",NA,NA,NA,"ouabain",0.0235089,1.6287676913815,FALSE,"Downregula NQO1",1.53234464405172
1331,"tanespimycin","HA1E","24 h","0.35 µM",0.00210165,0.0126656,-0.7886,0.000333333333333333,"LINCS L1000","l1000_results_down","down","CPC006_HA1E_24H:BRD-K81473043-001-04-7:0.35","BRD-K81473043",NA,NA,NA,"tanespimycin",0.0126656,1.89737423180972,FALSE,"Downregula NQO1",1.49626931920514
1332,"OSI-027","PC3","24 h","10.0 µM",0.00211937,0.010525,-1.57993,0.000281928390188892,"LINCS L1000","l1000_results_down","down","CPC014_PC3_24H:BRD-K94294671-003-01-3:10","BRD-K94294671",NA,NA,NA,"osi-027",0.010525,1.97777789549229,FALSE,"Downregula NQO1",3.12475063042514
1333,"TPCA-1","A375","6 h","10.0 µM",0.00212028,0.0468397,-1.37416,0.00182815356489945,"LINCS L1000","l1000_results_down","down","CPC006_A375_6H:BRD-K51575138-001-01-7:10","BRD-K51575138",NA,NA,NA,"tpca-1",0.0468397,1.32938589517017,FALSE,"Downregula NQO1",1.82678892170703
1334,"YL-59","VCAP","24 h","10.0 µM",0.00214046,0.0356067,-0.884893,0.00133868808567604,"LINCS L1000","l1000_results_down","down","CPC020_VCAP_24H:BRD-K20514654-001-01-8:10","BRD-K20514654",NA,NA,NA,"yl-59",0.0356067,1.4484682745201,FALSE,"Downregula NQO1",1.28173943684491
1335,"docetaxel","PC3","24 h","10.0 µM",0.00215764,0.0161935,-1.14416,0.00050125313283208,"LINCS L1000","l1000_results_down","down","CPC011_PC3_24H:BRD-K63265447-001-05-8:10","BRD-K63265447",NA,NA,NA,"docetaxel",0.0161935,1.79065927438387,FALSE,"Downregula NQO1",2.04880071537905
1336,"TUL-XX023","NOMO1","24 h","0.0 µM",0.0021658,0.019439,-0.929577,0.000487092060399416,"LINCS L1000","l1000_results_down","down","KMS002_NOMO1_24H:BRD-K35669573-001-02-9:0","BRD-K35669573",NA,NA,NA,"tul-xx023",0.019439,1.71132608023549,FALSE,"Downregula NQO1",1.59080936368706
1337,"trifluridine","MCF7","24 h","10.0 µM",0.00217012,0.0323501,-1.18805,0.00099403578528827,"LINCS L1000","l1000_results_down","down","CPD003_MCF7_24H:BRD-K03243820-001-14-7:10","BRD-K03243820",NA,NA,NA,"trifluridine",0.0323501,1.49012437251055,FALSE,"Downregula NQO1",1.77034226076116
1338,"phenethyl-isothiocyanate","A375","24 h","10.0 µM",0.00217072,0.0170143,-0.727018,0.000503524672708963,"LINCS L1000","l1000_results_down","down","CPC006_A375_24H:BRD-K56700933-001-01-3:10","BRD-K56700933",NA,NA,NA,"phenethyl-isothiocyanate",0.0170143,1.76918591388471,FALSE,"Downregula NQO1",1.28623000474064
1339,"digoxin","HT29","6 h","10.0 µM",0.00217602,0.0137294,-1.24316,0.000319897632757518,"LINCS L1000","l1000_results_down","down","CPC020_HT29_6H:BRD-A75144621-001-02-8:10","BRD-A75144621",NA,NA,NA,"digoxin",0.0137294,1.86234844181517,FALSE,"Downregula NQO1",2.31519708892694
1340,"verrucarin-a","PC3","6 h","10.0 µM",0.00218552,0.0102869,-1.3202,0.000274499039253363,"LINCS L1000","l1000_results_down","down","CPC014_PC3_6H:BRD-A26002865-001-01-5:10","BRD-A26002865",NA,NA,NA,"verrucarin-a",0.0102869,1.98771548196565,FALSE,"Downregula NQO1",2.62418197929106
1341,"ruxolitinib","VCAP","6 h","10.0 µM",0.00218774,0.0306009,-1.10773,0.000853242320819113,"LINCS L1000","l1000_results_down","down","CPC014_VCAP_6H:BRD-K53972329-001-01-3:10","BRD-K53972329",NA,NA,NA,"ruxolitinib",0.0306009,1.51426580033915,FALSE,"Downregula NQO1",1.67739765500968
1342,"triciribine","PC3","24 h","10.0 µM",0.00218824,0.0102112,-1.60794,0.00028312570781427,"LINCS L1000","l1000_results_down","down","CPC014_PC3_24H:BRD-A11706664-001-01-1:10","BRD-A11706664",NA,NA,NA,"triciribine",0.0102112,1.99092321748658,FALSE,"Downregula NQO1",3.20128507832538
1343,"DY-131","MCF7","24 h","10.0 µM",0.00218895,0.0145036,-1.05999,0.000397930760047752,"LINCS L1000","l1000_results_down","down","CPC017_MCF7_24H:BRD-K62353524-001-01-8:10","BRD-K62353524",NA,NA,NA,"dy-131",0.0145036,1.83852418631108,FALSE,"Downregula NQO1",1.94881725224788
1344,"BRD-K70161581","PC3","24 h","10.0 µM",0.00219488,0.00578547,-1.62132,0.00018618506795755,"LINCS L1000","l1000_results_down","down","CPC014_PC3_24H:BRD-K70161581-001-01-5:10","BRD-K70161581",NA,NA,NA,"brd-k70161581",0.00578547,2.23766135406484,FALSE,"Downregula NQO1",3.6279651065724
1345,"nutlin-3","A549","6 h","44.4 µM",0.00220565,0.0169072,-1.09867,0.000419815281276238,"LINCS L1000","l1000_results_down","down","CPC006_A549_6H:BRD-A12230535-001-02-6:44.4","BRD-A12230535",NA,NA,NA,"nutlin-3",0.0169072,1.77192830992069,FALSE,"Downregula NQO1",1.94676447626056
1346,"BRD-K48716658","MCF7","6 h","10.0 µM",0.00220863,0.0433869,-0.921078,0.00144927536231884,"LINCS L1000","l1000_results_down","down","CPC013_MCF7_6H:BRD-K48716658-001-05-4:10","BRD-K48716658",NA,NA,NA,"brd-k48716658",0.0433869,1.36264137916302,FALSE,"Downregula NQO1",1.25509899623671
1347,"bufalin","A375","6 h","10.0 µM",0.00221098,0.0129257,-0.874854,0.00034965034965035,"LINCS L1000","l1000_results_down","down","CPC018_A375_6H:BRD-K63606607-001-01-8:10","BRD-K63606607",NA,NA,NA,"bufalin",0.0129257,1.8885459280866,FALSE,"Downregula NQO1",1.65220195937028
1348,"AS-601245","SKBR3","24 h","2.0 µM",0.00221605,0.0107229,-1.09919,0.000276014352746343,"LINCS L1000","l1000_results_down","down","LJP001_SKBR3_24H:BRD-A60245366-001-02-9:2","BRD-A60245366",NA,NA,NA,"as-601245",0.0107229,1.96968774415137,FALSE,"Downregula NQO1",2.16506107149374
1349,"deguelin","MCF7","24 h","10.0 µM",0.00222785,0.0255325,-0.995513,0.000693481276005548,"LINCS L1000","l1000_results_down","down","CPC015_MCF7_24H:BRD-K61401890-001-04-6:10","BRD-K61401890",NA,NA,NA,"deguelin",0.0255325,1.59290665942025,FALSE,"Downregula NQO1",1.58575928723944
1350,"MW-STK33-1C","VCAP","24 h","10.0 µM",0.00223491,0.0478009,-1.19453,0.00198412698412698,"LINCS L1000","l1000_results_down","down","CPC019_VCAP_24H:BRD-K38340366-001-06-6:10","BRD-K38340366",NA,NA,NA,"mw-stk33-1c",0.0478009,1.32056392637211,FALSE,"Downregula NQO1",1.57745322696927
1351,"MW-STK33-2A","PC3","24 h","10.0 µM",0.00223629,0.0260707,-1.30504,0.000666666666666667,"LINCS L1000","l1000_results_down","down","CPC019_PC3_24H:BRD-K30849099-001-07-6:10","BRD-K30849099",NA,NA,NA,"mw-stk33-2a",0.0260707,1.58384730783988,FALSE,"Downregula NQO1",2.06698409062336
1352,"VU-0418934-2","VCAP","24 h","10.0 µM",0.002248,0.0104419,-2.16618,0.000264690312334569,"LINCS L1000","l1000_results_down","down","CPC008_VCAP_24H:BRD-K89093471-001-03-8:10","BRD-K89093471",NA,NA,NA,"vu-0418934-2",0.0104419,1.98122047025728,FALSE,"Downregula NQO1",4.29168015826192
1353,"IKK-2-inhibitor-V","HA1E","24 h","10.0 µM",0.00228632,0.00644699,-0.880147,0.000184162062615101,"LINCS L1000","l1000_results_down","down","CPC006_HA1E_24H:BRD-K74305673-001-01-3:10","BRD-K74305673",NA,NA,NA,"ikk-2-inhibitor-v",0.00644699,2.19064300342751,FALSE,"Downregula NQO1",1.92808786753772
1354,"avicin-d","A549","6 h","10.0 µM",0.00228748,0.0128338,-0.902086,0.000323624595469256,"LINCS L1000","l1000_results_down","down","PCLB001_A549_6H:BRD-A15100685-001-02-6:10","BRD-A15100685",NA,NA,NA,"avicin-d",0.0128338,1.89164473297168,FALSE,"Downregula NQO1",1.70642623058749
1355,"teniposide","HCC515","24 h","1.25 µM",0.00228856,0.0143594,-1.40839,0.000413393964448119,"LINCS L1000","l1000_results_down","down","CPC006_HCC515_24H:BRD-A35588707-001-03-0:1.25","BRD-A35588707",NA,NA,NA,"teniposide",0.0143594,1.84286370648182,FALSE,"Downregula NQO1",2.59547081557193
1356,"A-443644","MDAMB231","6 h","10.0 µM",0.00232483,0.0055487,-1.1121,0.000183992640294388,"LINCS L1000","l1000_results_down","down","LJP001_MDAMB231_6H:BRD-K38615104-001-08-4:10","BRD-K38615104",NA,NA,NA,"a-443644",0.0055487,2.25580875542852,FALSE,"Downregula NQO1",2.50868491691205
1357,"wortmannin","VCAP","24 h","10.0 µM",0.0023331,0.0114515,-1.00263,0.000327761389708292,"LINCS L1000","l1000_results_down","down","CPC011_VCAP_24H:BRD-A75409952:10","BRD-A75409952",NA,NA,NA,"wortmannin",0.0114515,1.94113762257687,FALSE,"Downregula NQO1",1.94624281452425
1358,"geldanamycin","MCF7","24 h","0.4 µM",0.0023491,0.0179389,-1.47632,0.000426985482493595,"LINCS L1000","l1000_results_down","down","ASG001_MCF7_24H:BRD-A19500257-001-04-7:0.4","BRD-A19500257",NA,NA,NA,"geldanamycin",0.0179389,1.74620419108996,FALSE,"Downregula NQO1",2.57795617138992
1359,"geldanamycin","PC3","24 h","10.0 µM",0.00238598,0.0209342,-1.64277,0.000484966052376334,"LINCS L1000","l1000_results_down","down","CPC008_PC3_24H:BRD-A19500257:10","BRD-A19500257",NA,NA,NA,"geldanamycin",0.0209342,1.67914363100987,FALSE,"Downregula NQO1",2.75844678271408
1360,"BRD-A93942655","PC3","24 h","10.0 µM",0.00238708,0.00629281,-1.17061,0.000187899285982713,"LINCS L1000","l1000_results_down","down","CPC007_PC3_24H:BRD-A93942655-001-02-2:10","BRD-A93942655",NA,NA,NA,"brd-a93942655",0.00629281,2.20115538078982,FALSE,"Downregula NQO1",2.57669450030637
1361,"BRD-K09716788","A375","6 h","10.0 µM",0.00239875,0.0214433,-2.61429,0.00055005500550055,"LINCS L1000","l1000_results_down","down","CPC009_A375_6H:BRD-K09716788-001-01-3:10","BRD-K09716788",NA,NA,NA,"brd-k09716788",0.0214433,1.66870837842394,FALSE,"Downregula NQO1",4.36248762662993
1362,"trichostatin-a","MCF7","24 h","10.0 µM",0.0024171,0.00616542,-0.537389,0.000172592336900242,"LINCS L1000","l1000_results_down","down","CPC018_MCF7_24H:BRD-A19037878:10","BRD-A19037878",NA,NA,NA,"trichostatin-a",0.00616542,2.21003733310403,FALSE,"Downregula NQO1",1.18764975239944
1363,"torin-2","MCF7","6 h","10.0 µM",0.00242483,0.0109592,-0.829978,0.000278629144608526,"LINCS L1000","l1000_results_down","down","CPC014_MCF7_6H:BRD-K68174511-001-01-7:10","BRD-K68174511",NA,NA,NA,"torin-2",0.0109592,1.9602211473358,FALSE,"Downregula NQO1",1.62694042742347
1364,"PU-H71","MCF7","6 h","10.0 µM",0.00243483,0.0307188,-0.992803,0.000843170320404722,"LINCS L1000","l1000_results_down","down","CPC014_MCF7_6H:BRD-K36529613-001-01-8:10","BRD-K36529613",NA,NA,NA,"pu-h71",0.0307188,1.51259575360007,FALSE,"Downregula NQO1",1.50170960196141
1365,"BRD-K84203638","VCAP","6 h","10.0 µM",0.00244806,0.00844384,-1.05203,0.000235404896421846,"LINCS L1000","l1000_results_down","down","CPC007_VCAP_6H:BRD-K84203638-001-05-3:10","BRD-K84203638",NA,NA,NA,"brd-k84203638",0.00844384,2.07346000461301,FALSE,"Downregula NQO1",2.18134212865303
1366,"BRD-K05326558","VCAP","6 h","10.0 µM",0.00246263,0.00846159,-1.06138,0.000234741784037559,"LINCS L1000","l1000_results_down","down","CPC007_VCAP_6H:BRD-K05326558-001-07-0:10","BRD-K05326558",NA,NA,NA,"brd-k05326558",0.00846159,2.07254802190846,FALSE,"Downregula NQO1",2.1997610194932
1367,"PSH-013","PC3","24 h","10.0 µM",0.00246984,0.0087424,-1.15641,0.000232720502676286,"LINCS L1000","l1000_results_down","down","CPC007_PC3_24H:BRD-K54568510-001-05-8:10","BRD-K54568510",NA,NA,NA,"psh-013",0.0087424,2.0583693266706,FALSE,"Downregula NQO1",2.38031887305515
1368,"wortmannin","ASC","24 h","10.0 µM",0.00247599,0.0396087,-1.30974,0.00108459869848156,"LINCS L1000","l1000_results_down","down","CPC017_ASC_24H:BRD-A75409952:10","BRD-A75409952",NA,NA,NA,"wortmannin",0.0396087,1.40220941137232,FALSE,"Downregula NQO1",1.83652975445078
1369,"PP-110","A375","6 h","22.2 µM",0.00249575,0.0102368,-1.34541,0.00028169014084507,"LINCS L1000","l1000_results_down","down","CPC006_A375_6H:BRD-K03618428-001-01-3:22.2","BRD-K03618428",NA,NA,NA,"pp-110",0.0102368,1.98983578159599,FALSE,"Downregula NQO1",2.67714495891706
1370,"PHA-793887","PC3","24 h","10.0 µM",0.00249989,0.0072446,-1.66971,0.000199600798403194,"LINCS L1000","l1000_results_down","down","CPC014_PC3_24H:BRD-K64800655-001-01-7:10","BRD-K64800655",NA,NA,NA,"pha-793887",0.0072446,2.13998558846589,FALSE,"Downregula NQO1",3.57315533691737
1371,"vorinostat","HA1E","24 h","11.1 µM",0.00251078,0.005988,-0.799459,0.000149767859817283,"LINCS L1000","l1000_results_down","down","CPC006_HA1E_24H:BRD-K81418486-001-13-7:11.1","BRD-K81418486",NA,NA,NA,"vorinostat",0.005988,2.22271820832899,FALSE,"Downregula NQO1",1.77697207611248
1372,"tozasertib","MCF7","24 h","10.0 µM",0.00251683,0.0112202,-0.808037,0.000252016129032258,"LINCS L1000","l1000_results_down","down","CPC006_MCF7_24H:BRD-K87947369-001-01-6:10","BRD-K87947369",NA,NA,NA,"tozasertib",0.0112202,1.94999940171424,FALSE,"Downregula NQO1",1.57567166656297
1373,"AG-14361","VCAP","6 h","10.0 µM",0.00254189,0.012926,-1.05714,0.000325309043591412,"LINCS L1000","l1000_results_down","down","CPC007_VCAP_6H:BRD-K00615600-001-07-9:10","BRD-K00615600",NA,NA,NA,"ag-14361",0.012926,1.88853584841335,FALSE,"Downregula NQO1",1.99644678679168
1374,"geldanamycin","MCF7","24 h","2.0 µM",0.00255411,0.0220985,-1.91704,0.000511247443762781,"LINCS L1000","l1000_results_down","down","ASG001_MCF7_24H:BRD-A19500257-001-04-7:2","BRD-A19500257",NA,NA,NA,"geldanamycin",0.0220985,1.65563720431632,FALSE,"Downregula NQO1",3.17392274616256
1375,"BRD-K78385490","PC3","24 h","10.0 µM",0.00255547,0.00985372,-1.03779,0.000233972859148339,"LINCS L1000","l1000_results_down","down","CPC010_PC3_24H:BRD-K78385490-019-02-2:10","BRD-K78385490",NA,NA,NA,"brd-k78385490",0.00985372,2.006399782652,FALSE,"Downregula NQO1",2.08222163043842
1376,"GDC-0879","PC3","24 h","10.0 µM",0.00256156,0.00936015,-1.51981,0.000241954996370675,"LINCS L1000","l1000_results_down","down","CPC014_PC3_24H:BRD-K67578145-001-01-4:10","BRD-K67578145",NA,NA,NA,"gdc-0879",0.00936015,2.0287171914702,FALSE,"Downregula NQO1",3.08326467476832
1377,"linifanib","SKB","24 h","10.0 µM",0.00256164,0.0258726,-1.41385,0.000556483027267668,"LINCS L1000","l1000_results_down","down","CPC014_SKB_24H:BRD-K99749624-001-01-3:10","BRD-K99749624",NA,NA,NA,"linifanib",0.0258726,1.58715992579004,FALSE,"Downregula NQO1",2.24400606107824
1378,"IKK-2-inhibitor-V","A549","6 h","10.0 µM",0.002576,0.0278999,-1.06382,0.000654450261780105,"LINCS L1000","l1000_results_down","down","CPC006_A549_6H:BRD-K74305673-001-01-3:10","BRD-K74305673",NA,NA,NA,"ikk-2-inhibitor-v",0.0278999,1.55439735334024,FALSE,"Downregula NQO1",1.65359899243041
1379,"QL-X-138","BT20","24 h","10.0 µM",0.00258542,0.00922926,-0.837611,0.000241545893719807,"LINCS L1000","l1000_results_down","down","LJP001_BT20_24H:BRD-K72636697-001-01-5:10","BRD-K72636697",NA,NA,NA,"ql-x-138",0.00922926,2.03483311921247,FALSE,"Downregula NQO1",1.70439860381668
1380,"BRD-K01621458","HA1E","6 h","1.25 µM",0.00259803,0.0244518,-1.16711,0.000533902829684997,"LINCS L1000","l1000_results_down","down","HDAC002_HA1E_6H:BRD-K01621458-001-01-2:1.25","BRD-K01621458",NA,NA,NA,"brd-k01621458",0.0244518,1.61168916511731,FALSE,"Downregula NQO1",1.88101854150007
1381,"I-212148","MCF7","24 h","10.0 µM",0.00261419,0.0150343,-1.31785,0.000343288705801579,"LINCS L1000","l1000_results_down","down","CPC012_MCF7_24H:BRD-K82857306-001-01-8:10","BRD-K82857306",NA,NA,NA,"i-212148",0.0150343,1.82291678793024,FALSE,"Downregula NQO1",2.40233088897387
1382,"avicin-g","HEPG2","24 h","2.5 µM",0.00263916,0.0160162,-1.48266,0.000362976406533575,"LINCS L1000","l1000_results_down","down","PCLB001_HEPG2_24H:BRD-A33746814-001-01-0:2.5","BRD-A33746814",NA,NA,NA,"avicin-g",0.0160162,1.79544051664085,FALSE,"Downregula NQO1",2.66202783640273
1383,"rhizocarpic-acid","MCF7","6 h","10.0 µM",0.00264628,0.0399342,-0.872486,0.00111607142857143,"LINCS L1000","l1000_results_down","down","CPC015_MCF7_6H:BRD-A17016119-001-01-0:10","BRD-A17016119",NA,NA,NA,"rhizocarpic-acid",0.0399342,1.39865501134583,FALSE,"Downregula NQO1",1.22030691622908
1384,"PX-12","MCF7","24 h","30.0 µM",0.00264737,0.0127565,-0.651686,0.000289603243556328,"LINCS L1000","l1000_results_down","down","CPC006_MCF7_24H:BRD-A56592690-001-01-9:30","BRD-A56592690",NA,NA,NA,"px-12",0.0127565,1.89426846661744,FALSE,"Downregula NQO1",1.23446823993605
1385,"BRD-K15916856","VCAP","24 h","10.0 µM",0.002655,0.0178777,-0.851857,0.000430663221360896,"LINCS L1000","l1000_results_down","down","CPC020_VCAP_24H:BRD-K15916856-001-01-8:10","BRD-K15916856",NA,NA,NA,"brd-k15916856",0.0178777,1.74768835475483,FALSE,"Downregula NQO1",1.48878055881639
1386,"SN-38","SW620","6 h","0.35 µM",0.00267039,0.0117798,-1.64813,0.00027292576419214,"LINCS L1000","l1000_results_down","down","CPC006_SW620_6H:BRD-A36630025-001-02-6:0.35","BRD-A36630025",NA,NA,NA,"sn-38",0.0117798,1.92886208303226,FALSE,"Downregula NQO1",3.17901546490795
1387,"BRD-K19166598","MCF7","24 h","10.0 µM",0.0026707,0.0109142,-0.931786,0.000249128051818635,"LINCS L1000","l1000_results_down","down","CPC013_MCF7_24H:BRD-K19166598-001-01-9:10","BRD-K19166598",NA,NA,NA,"brd-k19166598",0.0109142,1.96200809214161,FALSE,"Downregula NQO1",1.82817167214426
1388,"penfluridol","MCF7","24 h","10.0 µM",0.00267242,0.0164029,-0.770493,0.000339673913043478,"LINCS L1000","l1000_results_down","down","CPC015_MCF7_24H:BRD-K15409150-001-01-7:10","BRD-K15409150",NA,NA,NA,"penfluridol",0.0164029,1.78507936276593,FALSE,"Downregula NQO1",1.37539115345561
1389,"SA-1017940","VCAP","24 h","10.0 µM",0.0026747,0.00770108,-0.880968,0.000171262202431923,"LINCS L1000","l1000_results_down","down","CPC020_VCAP_24H:BRD-K53308430-001-02-4:10","BRD-K53308430",NA,NA,NA,"sa-1017940",0.00770108,2.11344836506778,FALSE,"Downregula NQO1",1.86188037927704
1390,"THZ-2-98-01","MDAMB231","6 h","10.0 µM",0.0026831,0.0163244,-1.1218,0.000401606425702811,"LINCS L1000","l1000_results_down","down","LJP001_MDAMB231_6H:BRD-K49327517-001-01-9:10","BRD-K49327517",NA,NA,NA,"thz-2-98-01",0.0163244,1.78716277216485,FALSE,"Downregula NQO1",2.00483919781453
1391,"paclitaxel","MCF7","24 h","10.0 µM",0.00268619,0.0111827,-1.07234,0.000266951414842499,"LINCS L1000","l1000_results_down","down","CPC017_MCF7_24H:BRD-A23723433-001-01-2:10","BRD-A23723433",NA,NA,NA,"paclitaxel",0.0111827,1.9514533258296,FALSE,"Downregula NQO1",2.09262145942012
1392,"BRD-K24014699","MCF7","24 h","10.0 µM",0.00272502,0.0223091,-1.04797,0.000483792936623125,"LINCS L1000","l1000_results_down","down","CPC013_MCF7_24H:BRD-K24014699-001-01-2:10","BRD-K24014699",NA,NA,NA,"brd-k24014699",0.0223091,1.65151794979316,FALSE,"Downregula NQO1",1.73074126584474
1393,"NVP-AUY922","MCF7","24 h","10.0 µM",0.00272737,0.00817953,-0.71691,0.00018201674554059,"LINCS L1000","l1000_results_down","down","CPC006_MCF7_24H:BRD-K41859756-001-01-9:10","BRD-K41859756",NA,NA,NA,"nvp-auy922",0.00817953,2.08727165039601,FALSE,"Downregula NQO1",1.4963859188854
1394,"BRD-K41087962","PC3","24 h","0.63 µM",0.00274668,0.0449068,-0.585319,0.00129533678756477,"LINCS L1000","l1000_results_down","down","CPC006_PC3_24H:BRD-K41087962-001-01-7:0.63","BRD-K41087962",NA,NA,NA,"brd-k41087962",0.0449068,1.34768789109308,FALSE,"Downregula NQO1",0.788827328726708
1395,"WZ-7043","MCF10A","6 h","2.0 µM",0.00276593,0.0349357,-1.43951,0.000856898029134533,"LINCS L1000","l1000_results_down","down","LJP001_MCF10A_6H:BRD-K66847579-001-01-9:2","BRD-K66847579",NA,NA,NA,"wz-7043",0.0349357,1.45673055044623,FALSE,"Downregula NQO1",2.09697819467285
1396,"BRD-K37940862","PC3","24 h","10.0 µM",0.00278396,0.00965467,-1.22515,0.000237416904083571,"LINCS L1000","l1000_results_down","down","CPC007_PC3_24H:BRD-K37940862-004-03-4:10","BRD-K37940862",NA,NA,NA,"brd-k37940862",0.00965467,2.01526256596831,FALSE,"Downregula NQO1",2.46899893269607
1397,"PJ-34","VCAP","6 h","10.0 µM",0.00278468,0.0292634,-1.07933,0.00066577896138482,"LINCS L1000","l1000_results_down","down","CPC006_VCAP_6H:BRD-K11853856-003-01-3:10","BRD-K11853856",NA,NA,NA,"pj-34",0.0292634,1.53367521630179,FALSE,"Downregula NQO1",1.65534167121101
1398,"AS-601245","MDAMB231","24 h","10.0 µM",0.00279313,0.00616794,-0.884356,0.000160797555877151,"LINCS L1000","l1000_results_down","down","LJP001_MDAMB231_24H:BRD-A60245366-001-02-9:10","BRD-A60245366",NA,NA,NA,"as-601245",0.00616794,2.20985985963214,FALSE,"Downregula NQO1",1.95430282602484
1399,"LDN-193189","HT29","6 h","10.0 µM",0.00280539,0.00997771,-1.15119,0.000225275963054742,"LINCS L1000","l1000_results_down","down","CPC006_HT29_6H:BRD-K04853698-003-01-4:10","BRD-K04853698",NA,NA,NA,"ldn-193189",0.00997771,2.00096912288932,FALSE,"Downregula NQO1",2.30349564457896
1400,"terbutaline","VCAP","6 h","10.0 µM",0.00281067,0.0438831,-1.39646,0.00136798905608755,"LINCS L1000","l1000_results_down","down","CPC020_VCAP_6H:BRD-A50157456-065-17-2:10","BRD-A50157456",NA,NA,NA,"terbutaline",0.0438831,1.35770270048339,FALSE,"Downregula NQO1",1.89597751311704
1401,"SB-205607","PC3","6 h","10.0 µM",0.00282967,0.0394559,-0.960057,0.00101010101010101,"LINCS L1000","l1000_results_down","down","CPC009_PC3_6H:BRD-K22878149-337-02-4:10","BRD-K22878149",NA,NA,NA,"sb-205607",0.0394559,1.40388804579156,FALSE,"Downregula NQO1",1.34781254557851
1402,"CHEMBL-1222381","HT29","24 h","80.0 µM",0.00283314,0.00939835,-0.924099,0.000196001568012544,"LINCS L1000","l1000_results_down","down","CPC006_HT29_24H:BRD-K53903639-001-01-3:80","BRD-K53903639",NA,NA,NA,"chembl-1222381",0.00939835,2.02694838563374,FALSE,"Downregula NQO1",1.87310097621576
1403,"KU-C103670","PC3","24 h","10.0 µM",0.00285674,0.027267,-1.83249,0.000641025641025641,"LINCS L1000","l1000_results_down","down","CPC008_PC3_24H:BRD-K25190777-001-03-0:10","BRD-K25190777",NA,NA,NA,"ku-c103670",0.027267,1.5643626418573,FALSE,"Downregula NQO1",2.86667889757708
1404,"NVP-TAE684","MDAMB231","6 h","10.0 µM",0.00285797,0.0169529,-0.930229,0.00033921302578019,"LINCS L1000","l1000_results_down","down","LJP001_MDAMB231_6H:BRD-K50140147-001-05-1:10","BRD-K50140147",NA,NA,NA,"nvp-tae684",0.0169529,1.77075599974592,FALSE,"Downregula NQO1",1.64720858288765
1405,"thiostrepton","SKB","24 h","10.0 µM",0.00288296,0.0148847,-1.83455,0.000356887937187723,"LINCS L1000","l1000_results_down","down","CPC014_SKB_24H:BRD-A20697603-001-06-4:10","BRD-A20697603",NA,NA,NA,"thiostrepton",0.0148847,1.8272599141014,FALSE,"Downregula NQO1",3.35219967541473
1406,"AGK-2","SW948","6 h","10.0 µM",0.00289169,0.0110983,-1.50592,0.000251952632905014,"LINCS L1000","l1000_results_down","down","CPC006_SW948_6H:BRD-K32536677-001-01-0:10","BRD-K32536677",NA,NA,NA,"agk-2",0.0110983,1.95474353987654,FALSE,"Downregula NQO1",2.94368739157089
1407,"BRD-K36087356","A375","6 h","10.0 µM",0.0029086,0.0231813,-0.812651,0.000466200466200466,"LINCS L1000","l1000_results_down","down","CPC012_A375_6H:BRD-K36087356-001-01-8:10","BRD-K36087356",NA,NA,NA,"brd-k36087356",0.0231813,1.63486221259178,FALSE,"Downregula NQO1",1.32857241192492
1408,"teniposide","A549","6 h","1.25 µM",0.00294983,0.0259159,-1.11309,0.000556173526140156,"LINCS L1000","l1000_results_down","down","CPC006_A549_6H:BRD-A35588707-001-03-0:1.25","BRD-A35588707",NA,NA,NA,"teniposide",0.0259159,1.58643370450739,FALSE,"Downregula NQO1",1.76584349215013
1409,"BRD-K63425657","MCF7","6 h","10.0 µM",0.00296809,0.0448155,-0.790003,0.00111856823266219,"LINCS L1000","l1000_results_down","down","CPC013_MCF7_6H:BRD-K63425657-001-01-2:10","BRD-K63425657",NA,NA,NA,"brd-k63425657",0.0448155,1.3485717538537,FALSE,"Downregula NQO1",1.06537573125968
1410,"balsalazide","VCAP","24 h","10.0 µM",0.00299785,0.0280842,-1.48223,0.00065359477124183,"LINCS L1000","l1000_results_down","down","CPC010_VCAP_24H:BRD-K41410256-001-03-2:10","BRD-K41410256",NA,NA,NA,"balsalazide",0.0280842,1.55153794282341,FALSE,"Downregula NQO1",2.29973608499114
1411,"AZD-8055","MCF7","6 h","2.0 µM",0.0030432,0.0236257,-1.11183,0.000513347022587269,"LINCS L1000","l1000_results_down","down","LJP001_MCF7_6H:BRD-K69932463-001-05-6:2","BRD-K69932463",NA,NA,NA,"azd-8055",0.0236257,1.62661531502468,FALSE,"Downregula NQO1",1.80851970570389
1412,"BRD-K07877311","PC3","24 h","10.0 µM",0.00308448,0.0104911,-1.48743,0.000221926320461607,"LINCS L1000","l1000_results_down","down","CPC014_PC3_24H:BRD-K07877311-001-01-1:10","BRD-K07877311",NA,NA,NA,"brd-k07877311",0.0104911,1.9791789733046,FALSE,"Downregula NQO1",2.94389018026246
1413,"vorinostat","A375","24 h","11.1 µM",0.00312301,0.00564886,-0.697864,0.000144759698899826,"LINCS L1000","l1000_results_down","down","CPC006_A375_24H:BRD-K81418486-001-13-7:11.1","BRD-K81418486",NA,NA,NA,"vorinostat",0.00564886,2.24803918858123,FALSE,"Downregula NQO1",1.56882562030005
1414,"podophyllotoxin","MCF7","24 h","10.0 µM",0.0031389,0.023959,-0.995223,0.000526870389884088,"LINCS L1000","l1000_results_down","down","CPC015_MCF7_24H:BRD-K47869605-001-18-9:10","BRD-K47869605",NA,NA,NA,"podophyllotoxin",0.023959,1.62053131247409,FALSE,"Downregula NQO1",1.6127900343944
1415,"CD-1530","SW620","6 h","40.0 µM",0.00314702,0.0134374,-1.6303,0.000266311584553928,"LINCS L1000","l1000_results_down","down","CPC006_SW620_6H:BRD-K25737009-001-02-0:40","BRD-K25737009",NA,NA,NA,"cd-1530",0.0134374,1.87168475471128,FALSE,"Downregula NQO1",3.0514076556058
1416,"BRD-K18726304","PC3","24 h","10.0 µM",0.00315501,0.0265216,-1.19356,0.000509164969450102,"LINCS L1000","l1000_results_down","down","CPC009_PC3_24H:BRD-K18726304-019-01-8:10","BRD-K18726304",NA,NA,NA,"brd-k18726304",0.0265216,1.57640027927894,FALSE,"Downregula NQO1",1.88152831733617
1417,"BRD-K05402890","VCAP","6 h","10.0 µM",0.00317117,0.0298334,-1.03142,0.00065402223675605,"LINCS L1000","l1000_results_down","down","CPC007_VCAP_6H:BRD-K05402890-001-09-2:10","BRD-K05402890",NA,NA,NA,"brd-k05402890",0.0298334,1.52529724891437,FALSE,"Downregula NQO1",1.57322208847526
1418,"epothilone-a","MCF7","24 h","10.0 µM",0.00318565,0.0274847,-0.914965,0.000589275191514437,"LINCS L1000","l1000_results_down","down","CPC013_MCF7_24H:BRD-K71823332-001-01-1:10","BRD-K71823332",NA,NA,NA,"epothilone-a",0.0274847,1.56090899906775,FALSE,"Downregula NQO1",1.42817710233202
1419,"BRD-K24346336","PC3","6 h","10.0 µM",0.0032125,0.0247187,-1.1742,0.000539374325782093,"LINCS L1000","l1000_results_down","down","CPC013_PC3_6H:BRD-K24346336-001-01-7:10","BRD-K24346336",NA,NA,NA,"brd-k24346336",0.0247187,1.60697437329489,FALSE,"Downregula NQO1",1.88690930912286
1420,"pitavastatin","A375","6 h","10.0 µM",0.0032327,0.0109734,-1.36264,0.000241662638956017,"LINCS L1000","l1000_results_down","down","CPC010_A375_6H:BRD-K30097969-001-04-6:10","BRD-K30097969",NA,NA,NA,"pitavastatin",0.0109734,1.95965878970335,FALSE,"Downregula NQO1",2.67030945320137
1421,"imiquimod","SW948","6 h","10.0 µM",0.00325399,0.027118,-1.12288,0.000609013398294762,"LINCS L1000","l1000_results_down","down","CPC006_SW948_6H:BRD-K26657438-001-01-2:10","BRD-K26657438",NA,NA,NA,"imiquimod",0.027118,1.56674234360265,FALSE,"Downregula NQO1",1.75926364278454
1422,"BRD-A43155244","A375","6 h","10.0 µM",0.00326609,0.0114842,-1.15028,0.000227531285551763,"LINCS L1000","l1000_results_down","down","CPC012_A375_6H:BRD-A43155244-001-01-2:10","BRD-A43155244",NA,NA,NA,"brd-a43155244",0.0114842,1.93989925277079,FALSE,"Downregula NQO1",2.23142731247719
1423,"BRD-K58288048","MCF7","24 h","10.0 µM",0.00326984,0.00914735,-0.494412,0.000184604024367731,"LINCS L1000","l1000_results_down","down","CPC019_MCF7_24H:BRD-K58288048-001-01-9:10","BRD-K58288048",NA,NA,NA,"brd-k58288048",0.00914735,2.03870470342719,FALSE,"Downregula NQO1",1.00796006983084
1424,"PIK-90","MCF7","6 h","10.0 µM",0.00328755,0.0362482,-0.669132,0.000732600732600733,"LINCS L1000","l1000_results_down","down","CPC006_MCF7_6H:BRD-K99818283-001-01-8:10","BRD-K99818283",NA,NA,NA,"pik-90",0.0362482,1.44071355459579,FALSE,"Downregula NQO1",0.964027542213789
1425,"torin-2","BT20","6 h","0.08 µM",0.00331753,0.0287227,-0.535634,0.000575373993095512,"LINCS L1000","l1000_results_down","down","LJP001_BT20_6H:BRD-K68174511-001-02-5:0.08","BRD-K68174511",NA,NA,NA,"torin-2",0.0287227,1.54177473782855,FALSE,"Downregula NQO1",0.825826969922058
1426,"sirolimus","MCF10A","24 h","10.0 µM",0.00333645,0.0330351,-1.06031,0.000657894736842105,"LINCS L1000","l1000_results_down","down","LJP001_MCF10A_24H:BRD-A79768653-001-05-4:10","BRD-A79768653",NA,NA,NA,"sirolimus",0.0330351,1.48102437420809,FALSE,"Downregula NQO1",1.57034495421658
1427,"AS-605240","MCF7","6 h","0.08 µM",0.00334034,0.0238865,-1.19268,0.000481000481000481,"LINCS L1000","l1000_results_down","down","LJP001_MCF7_6H:BRD-K41895714-001-03-0:0.08","BRD-K41895714",NA,NA,NA,"as-605240",0.0238865,1.62184748114353,FALSE,"Downregula NQO1",1.93434505381026
1428,"cymarin","A375","6 h","10.0 µM",0.00335461,0.0166816,-0.883885,0.000320821302534488,"LINCS L1000","l1000_results_down","down","CPC018_A375_6H:BRD-A71459254-001-02-8:10","BRD-A71459254",NA,NA,NA,"cymarin",0.0166816,1.77776229675307,FALSE,"Downregula NQO1",1.57133742766559
1429,"XMD-1150","HT29","6 h","10.0 µM",0.00336151,0.0172714,-0.869715,0.000320924261874198,"LINCS L1000","l1000_results_down","down","CPC014_HT29_6H:BRD-K01436366-001-02-4:10","BRD-K01436366",NA,NA,NA,"xmd-1150",0.0172714,1.76267245758995,FALSE,"Downregula NQO1",1.53302267645284
1430,"YM-155","PC3","6 h","10.0 µM",0.00337987,0.0420885,-0.86377,0.000968054211035818,"LINCS L1000","l1000_results_down","down","CPC013_PC3_6H:BRD-K24681473-004-01-4:10","BRD-K24681473",NA,NA,NA,"ym-155",0.0420885,1.37583655187923,FALSE,"Downregula NQO1",1.18840633841672
1431,"torin-2","BT20","6 h","0.4 µM",0.00338648,0.0206306,-0.533971,0.000384615384615385,"LINCS L1000","l1000_results_down","down","LJP001_BT20_6H:BRD-K68174511-001-02-5:0.4","BRD-K68174511",NA,NA,NA,"torin-2",0.0206306,1.68548814125128,FALSE,"Downregula NQO1",0.900001788272088
1432,"BI-2536","MDAMB231","24 h","0.4 µM",0.00339748,0.0344984,-0.783959,0.000772200772200772,"LINCS L1000","l1000_results_down","down","LJP001_MDAMB231_24H:BRD-K64890080-001-09-6:0.4","BRD-K64890080",NA,NA,NA,"bi-2536",0.0344984,1.46220104658715,FALSE,"Downregula NQO1",1.14630567028141
1433,"verrucarin-a","PC3","24 h","10.0 µM",0.0033984,0.0104581,-1.46728,0.000214776632302405,"LINCS L1000","l1000_results_down","down","CPC014_PC3_24H:BRD-A26002865-001-01-5:10","BRD-A26002865",NA,NA,NA,"verrucarin-a",0.0104581,1.9805472097773,FALSE,"Downregula NQO1",2.90601730996204
1434,"homoharringtonine","PC3","24 h","10.0 µM",0.00340096,0.0101454,-1.1517,0.000201979398101394,"LINCS L1000","l1000_results_down","down","CPC010_PC3_24H:BRD-A24643465-001-05-3:10","BRD-A24643465",NA,NA,NA,"homoharringtonine",0.0101454,1.99373082547951,FALSE,"Downregula NQO1",2.29617979170475
1435,"resveratrol","A375","6 h","10.0 µM",0.00340964,0.0246353,-1.01237,0.000523286237571952,"LINCS L1000","l1000_results_down","down","CPC010_A375_6H:BRD-K80738081-001-32-8:10","BRD-K80738081",NA,NA,NA,"resveratrol",0.0246353,1.60844214467175,FALSE,"Downregula NQO1",1.62833857400134
1436,"D-64406","PC3","6 h","10.0 µM",0.00341179,0.0260095,-0.910065,0.000513610683102209,"LINCS L1000","l1000_results_down","down","CPC001_PC3_6H:BRD-K27665173-001-01-3:10","BRD-K27665173",NA,NA,NA,"d-64406",0.0260095,1.58486799649033,FALSE,"Downregula NQO1",1.44233289322597
1437,"panobinostat","HA1E","6 h","0.078125 µM",0.0034279,0.0259811,-1.39958,0.000434971726837755,"LINCS L1000","l1000_results_down","down","HDAC002_HA1E_6H:BRD-K02130563-001-05-6:0.078125","BRD-K02130563",NA,NA,NA,"panobinostat",0.0259811,1.58534246551022,FALSE,"Downregula NQO1",2.2188136078788
1438,"dichlorobenzamil","PC3","6 h","10.0 µM",0.00345726,0.0138564,-1.20283,0.000270562770562771,"LINCS L1000","l1000_results_down","down","CPC001_PC3_6H:BRD-K12906962-001-02-1:10","BRD-K12906962",NA,NA,NA,"dichlorobenzamil",0.0138564,1.85834958813812,FALSE,"Downregula NQO1",2.23527863510018
1439,"STK-111867","VCAP","6 h","10.0 µM",0.00345775,0.0194782,-0.918949,0.000374111485222596,"LINCS L1000","l1000_results_down","down","CPC007_VCAP_6H:BRD-A89352139-001-07-5:10","BRD-A89352139",NA,NA,NA,"stk-111867",0.0194782,1.71045117919183,FALSE,"Downregula NQO1",1.57181740066715
1440,"MW-STK33-97","NOMO1","24 h","10.0 µM",0.00346734,0.021721,-1.2567,0.000351370344342938,"LINCS L1000","l1000_results_down","down","KMS002_NOMO1_24H:BRD-K46625679-001-01-3:10","BRD-K46625679",NA,NA,NA,"mw-stk33-97",0.021721,1.66312018440158,FALSE,"Downregula NQO1",2.09004313573746
1441,"roscovitine","MCF7","6 h","10.0 µM",0.00347191,0.0283092,-0.95384,0.00053248136315229,"LINCS L1000","l1000_results_down","down","CPC017_MCF7_6H:BRD-K07691486-001-04-9:10","BRD-K07691486",NA,NA,NA,"roscovitine",0.0283092,1.54807240334753,FALSE,"Downregula NQO1",1.47661338120901
1442,"tizanidine","HT29","6 h","10.0 µM",0.00348233,0.0253745,-1.19015,0.000463821892393321,"LINCS L1000","l1000_results_down","down","CPC020_HT29_6H:BRD-K06335600-003-13-2:10","BRD-K06335600",NA,NA,NA,"tizanidine",0.0253745,1.59560250668978,FALSE,"Downregula NQO1",1.89900632333684
1443,"IKK-16","MCF7","24 h","10.0 µM",0.00349954,0.00862606,-0.881247,0.0001634521085322,"LINCS L1000","l1000_results_down","down","CPC017_MCF7_24H:BRD-K14618467-003-01-8:10","BRD-K14618467",NA,NA,NA,"ikk-16",0.00862606,2.06418752537181,FALSE,"Downregula NQO1",1.81905906417133
1444,"BRD-K33720404","PC3","24 h","10.0 µM",0.00351005,0.0141611,-1.2388,0.000269832703723691,"LINCS L1000","l1000_results_down","down","CPC019_PC3_24H:BRD-K33720404-001-01-9:10","BRD-K33720404",NA,NA,NA,"brd-k33720404",0.0141611,1.84890301039093,FALSE,"Downregula NQO1",2.29042104927228
1445,"BRD-K60870698","PC3","24 h","10.0 µM",0.00352839,0.0141339,-1.217,0.000246426811237063,"LINCS L1000","l1000_results_down","down","CPC007_PC3_24H:BRD-K60870698-001-08-8:10","BRD-K60870698",NA,NA,NA,"brd-k60870698",0.0141339,1.84973798572554,FALSE,"Downregula NQO1",2.25113112862799
1446,"BRD-K06592610","MCF7","24 h","10.0 µM",0.00353229,0.0333795,-1.24531,0.000636942675159236,"LINCS L1000","l1000_results_down","down","CPC019_MCF7_24H:BRD-K06592610-001-01-5:10","BRD-K06592610",NA,NA,NA,"brd-k06592610",0.0333795,1.47652017301529,FALSE,"Downregula NQO1",1.83872533665767
1447,"BRD-K84924563","PC3","24 h","40.0 µM",0.00354188,0.031334,-0.591193,0.000643086816720257,"LINCS L1000","l1000_results_down","down","CPC006_PC3_24H:BRD-K84924563-001-01-2:40","BRD-K84924563",NA,NA,NA,"brd-k84924563",0.031334,1.50398416091014,FALSE,"Downregula NQO1",0.889144908040947
1448,"HU-211","MCF7","24 h","10.0 µM",0.00356169,0.0199777,-1.56631,0.00037202380952381,"LINCS L1000","l1000_results_down","down","CPC012_MCF7_24H:BRD-A15010982-001-01-9:10","BRD-A15010982",NA,NA,NA,"hu-211",0.0199777,1.69945451284706,FALSE,"Downregula NQO1",2.66187259801748
1449,"COT-10b","PC3","6 h","44.4 µM",0.00358842,0.0236762,-0.768333,0.000445831475702185,"LINCS L1000","l1000_results_down","down","CPC006_PC3_6H:BRD-K18190982-002-01-2:44.4","BRD-K18190982",NA,NA,NA,"cot-10b",0.0236762,1.62568800006826,FALSE,"Downregula NQO1",1.24906973815644
1450,"BIX-01294","HT29","6 h","10.0 µM",0.003606,0.0220903,-1.02347,0.000348796651552145,"LINCS L1000","l1000_results_down","down","CPC012_HT29_6H:BRD-K26818574-001-03-0:10","BRD-K26818574",NA,NA,NA,"bix-01294",0.0220903,1.6557983860996,FALSE,"Downregula NQO1",1.69465997422136
1451,"mitoxantrone","MCF7","24 h","10.0 µM",0.00362381,0.0253465,-1.46682,0.000436490615451768,"LINCS L1000","l1000_results_down","down","ASG001_MCF7_24H:BRD-K21680192-300-08-6:10","BRD-K21680192",NA,NA,NA,"mitoxantrone",0.0253465,1.59608200223319,FALSE,"Downregula NQO1",2.34116500251568
1452,"acarbose","MCF7","24 h","10.0 µM",0.00362863,0.0279884,-1.10813,0.000549148819330038,"LINCS L1000","l1000_results_down","down","CPC020_MCF7_24H:BRD-K44276885-001-02-5:10","BRD-K44276885",NA,NA,NA,"acarbose",0.0279884,1.55302192793728,FALSE,"Downregula NQO1",1.72095018900514
1453,"BRD-K49630153","PC3","24 h","10.0 µM",0.00363112,0.0169941,-1.10391,0.000311623558741041,"LINCS L1000","l1000_results_down","down","CPC007_PC3_24H:BRD-K49630153-001-05-6:10","BRD-K49630153",NA,NA,NA,"brd-k49630153",0.0169941,1.76970183051508,FALSE,"Downregula NQO1",1.9535915477239
1454,"piperlongumine","MCF7","6 h","10.0 µM",0.0036412,0.0277659,-1.46764,0.000478927203065134,"LINCS L1000","l1000_results_down","down","CPC017_MCF7_6H:BRD-K24132293-001-13-7:10","BRD-K24132293",NA,NA,NA,"piperlongumine",0.0277659,1.55648824480265,FALSE,"Downregula NQO1",2.28436440760217
1455,"torin-1","BT20","6 h","10.0 µM",0.00364252,0.0235327,-0.714215,0.000427167876975651,"LINCS L1000","l1000_results_down","down","LJP001_BT20_6H:BRD-K40175214-001-03-3:10","BRD-K40175214",NA,NA,NA,"torin-1",0.0235327,1.62832824163697,FALSE,"Downregula NQO1",1.16297645510075
1456,"wortmannin","PC3","24 h","10.0 µM",0.00367853,0.0196671,-1.70744,0.000324569944823109,"LINCS L1000","l1000_results_down","down","CPC004_PC3_24H:BRD-A75409952:10","BRD-A75409952",NA,NA,NA,"wortmannin",0.0196671,1.70625967398249,FALSE,"Downregula NQO1",2.91333601774466
1457,"menadione","HA1E","6 h","10.0 µM",0.00370419,0.0202417,-1.02301,0.000351000351000351,"LINCS L1000","l1000_results_down","down","CPC006_HA1E_6H:BRD-K78126613-001-16-0:10","BRD-K78126613",NA,NA,NA,"menadione",0.0202417,1.69375301606073,FALSE,"Downregula NQO1",1.73272627296029
1458,"MK-2206","VCAP","24 h","10.0 µM",0.00372629,0.0303526,-1.20628,0.000537923614846692,"LINCS L1000","l1000_results_down","down","CPC006_VCAP_24H:BRD-K68065987-300-03-4:10","BRD-K68065987",NA,NA,NA,"mk-2206",0.0303526,1.51780410138314,FALSE,"Downregula NQO1",1.83089673141645
1459,"TPCA-1","PC3","24 h","10.0 µM",0.00374659,0.0481414,-0.58701,0.0011001100110011,"LINCS L1000","l1000_results_down","down","CPC006_PC3_24H:BRD-K51575138-001-01-7:10","BRD-K51575138",NA,NA,NA,"tpca-1",0.0481414,1.31748128416,FALSE,"Downregula NQO1",0.773374688614759
1460,"lonidamine","A375","24 h","177.6 µM",0.00379485,0.0274898,-0.656659,0.000507872016251904,"LINCS L1000","l1000_results_down","down","CPC006_A375_24H:BRD-K78513633-001-07-4:177.6","BRD-K78513633",NA,NA,NA,"lonidamine",0.0274898,1.56082841982231,FALSE,"Downregula NQO1",1.0249320293321
1461,"sirolimus","MCF7","6 h","10.0 µM",0.00380111,0.0344778,-0.774069,0.000586854460093897,"LINCS L1000","l1000_results_down","down","CPC006_MCF7_6H:BRD-A79768653-001-02-1:10","BRD-A79768653",NA,NA,NA,"sirolimus",0.0344778,1.46246045393615,FALSE,"Downregula NQO1",1.1320453011179
1462,"BRD-K83355732","ASC","24 h","10.0 µM",0.00383032,0.0237388,-1.21443,0.000426621160409556,"LINCS L1000","l1000_results_down","down","CPC012_ASC_24H:BRD-K83355732-001-01-6:10","BRD-K83355732",NA,NA,NA,"brd-k83355732",0.0237388,1.62454123847958,FALSE,"Downregula NQO1",1.97289161624676
1463,"BRD-K73155123","A375","6 h","10.0 µM",0.00383214,0.0181562,-0.795795,0.00030826140567201,"LINCS L1000","l1000_results_down","down","CPC012_A375_6H:BRD-K73155123-001-01-9:10","BRD-K73155123",NA,NA,NA,"brd-k73155123",0.0181562,1.74097504192291,FALSE,"Downregula NQO1",1.38545923348704
1464,"BRD-K61717269","MCF7","24 h","10.0 µM",0.00384112,0.016904,-1.23684,0.000272034820457019,"LINCS L1000","l1000_results_down","down","CPC012_MCF7_24H:BRD-K61717269-001-01-4:10","BRD-K61717269",NA,NA,NA,"brd-k61717269",0.016904,1.77201051595574,FALSE,"Downregula NQO1",2.1916934865547
1465,"trichostatin-a","MCF7","6 h","10.0 µM",0.00384333,0.0183734,-1.70027,0.000301386377335744,"LINCS L1000","l1000_results_down","down","ASG001_MCF7_6H:BRD-A19037878-001-04-9:10","BRD-A19037878",NA,NA,NA,"trichostatin-a",0.0183734,1.73581047000843,FALSE,"Downregula NQO1",2.95134646784124
1466,"dorsomorphin","PC3","24 h","10.0 µM",0.00390112,0.0218048,-0.566941,0.000361663652802893,"LINCS L1000","l1000_results_down","down","CPC006_PC3_24H:BRD-K54233340-300-01-0:10","BRD-K54233340",NA,NA,NA,"dorsomorphin",0.0218048,1.66144789244824,FALSE,"Downregula NQO1",0.941942929592495
1467,"CGP-60474","MCF7","6 h","0.4 µM",0.00391365,0.0105037,-1.10776,0.000203832042397065,"LINCS L1000","l1000_results_down","down","LJP001_MCF7_6H:BRD-K79090631-001-18-1:0.4","BRD-K79090631",NA,NA,NA,"cgp-60474",0.0105037,1.97865769078426,FALSE,"Downregula NQO1",2.19187784354317
1468,"sarmentogenin","PC3","6 h","10.0 µM",0.00391805,0.0211252,-0.714442,0.000337723741979061,"LINCS L1000","l1000_results_down","down","CPC001_PC3_6H:BRD-A89434049-001-02-1:10","BRD-A89434049",NA,NA,NA,"sarmentogenin",0.0211252,1.675199170734,FALSE,"Downregula NQO1",1.19683264593754
1469,"BRD-K63954456","MCF7","24 h","10.0 µM",0.00392256,0.0330257,-1.70887,0.000598802395209581,"LINCS L1000","l1000_results_down","down","CPC012_MCF7_24H:BRD-K63954456-001-01-4:10","BRD-K63954456",NA,NA,NA,"brd-k63954456",0.0330257,1.48114796847754,FALSE,"Downregula NQO1",2.53108932889221
1470,"BCI-hydrochloride","PC3","24 h","10.0 µM",0.00399863,0.0277399,-1.75305,0.000497265042267529,"LINCS L1000","l1000_results_down","down","CPC014_PC3_24H:BRD-A11007541-003-01-9:10","BRD-A11007541",NA,NA,NA,"bci-hydrochloride",0.0277399,1.55689510885489,FALSE,"Downregula NQO1",2.72931497057807
1471,"BRD-K08121566","VCAP","24 h","30.0 µM",0.00399888,0.0100132,-0.855477,0.000173580975525083,"LINCS L1000","l1000_results_down","down","ERG004_VCAP_24H:BRD-K08121566-001-01-5:30","BRD-K08121566",NA,NA,NA,"brd-k08121566",0.0100132,1.99942710930862,FALSE,"Downregula NQO1",1.71046390519001
1472,"chloramphenicol","VCAP","24 h","10.0 µM",0.00400156,0.0244732,-0.885217,0.000417536534446764,"LINCS L1000","l1000_results_down","down","CPC020_VCAP_24H:BRD-A51182606-001-07-4:10","BRD-A51182606",NA,NA,NA,"chloramphenicol",0.0244732,1.61130924064085,FALSE,"Downregula NQO1",1.42635833207237
1473,"BRD-K99636700","PC3","24 h","0.625 µM",0.00400321,0.0171727,-0.738965,0.000249563264287497,"LINCS L1000","l1000_results_down","down","HDAC001_PC3_24H:BRD-K99636700-001-01-9:0.625","BRD-K99636700",NA,NA,NA,"brd-k99636700",0.0171727,1.76516141695819,FALSE,"Downregula NQO1",1.30439250648251
1474,"panobinostat","PC3","24 h","0.15625 µM",0.00401631,0.00762644,-0.665031,0.000139082058414464,"LINCS L1000","l1000_results_down","down","HDAC001_PC3_24H:BRD-K02130563-001-05-6:0.15625","BRD-K02130563",NA,NA,NA,"panobinostat",0.00762644,2.11767814214397,FALSE,"Downregula NQO1",1.40832161254815
1475,"BRD-K81814927","VCAP","6 h","10.0 µM",0.00402393,0.0148377,-0.987019,0.000250752256770311,"LINCS L1000","l1000_results_down","down","CPC009_VCAP_6H:BRD-K81814927-001-01-9:10","BRD-K81814927",NA,NA,NA,"brd-k81814927",0.0148377,1.82863341406526,FALSE,"Downregula NQO1",1.80489592371727
1476,"LE-135","PC3","24 h","20.0 µM",0.00402481,0.0190407,-0.793441,0.000290951411114344,"LINCS L1000","l1000_results_down","down","CPC006_PC3_24H:BRD-K06593056-001-02-2:20","BRD-K06593056",NA,NA,NA,"le-135",0.0190407,1.72031708953615,FALSE,"Downregula NQO1",1.36497011183865
1477,"BRD-K19826688","PC3","24 h","10.0 µM",0.00405263,0.0118602,-0.758642,0.000173130193905817,"LINCS L1000","l1000_results_down","down","HDAC001_PC3_24H:BRD-K19826688-001-01-9:10","BRD-K19826688",NA,NA,NA,"brd-k19826688",0.0118602,1.92590798734916,FALSE,"Downregula NQO1",1.46107468733854
1478,"dabrafenib","A375","24 h","10.0 µM",0.00406092,0.00837583,-0.662051,0.000150875075437538,"LINCS L1000","l1000_results_down","down","BRAF001_A375_24H:BRD-K09951645-001-02-7:10","BRD-K09951645",NA,NA,NA,"dabrafenib",0.00837583,2.07697214589597,FALSE,"Downregula NQO1",1.37506148616257
1479,"BRD-K83691318","MCF7","6 h","10.0 µM",0.00406391,0.0393582,-0.593896,0.000701262272089762,"LINCS L1000","l1000_results_down","down","CPC014_MCF7_6H:BRD-K83691318-001-01-6:10","BRD-K83691318",NA,NA,NA,"brd-k83691318",0.0393582,1.40496477172299,FALSE,"Downregula NQO1",0.834402958067194
1480,"BRD-K71746288","MCF7","24 h","10.0 µM",0.00408907,0.0334517,-0.922222,0.000597014925373134,"LINCS L1000","l1000_results_down","down","CPC019_MCF7_24H:BRD-K71746288-001-01-8:10","BRD-K71746288",NA,NA,NA,"brd-k71746288",0.0334517,1.47558180668961,FALSE,"Downregula NQO1",1.36081400492891
1481,"geldanamycin","PC3","24 h","1.0 µM",0.0041532,0.0377722,-0.79728,0.000704225352112676,"LINCS L1000","l1000_results_down","down","DEB001_PC3_24H:BRD-A19500257-001-04-7:1","BRD-A19500257",NA,NA,NA,"geldanamycin",0.0377722,1.42282771943419,FALSE,"Downregula NQO1",1.13439208415049
1482,"trichostatin-a","A549","6 h","0.16 µM",0.00415467,0.0314898,-0.907976,0.000559284116331096,"LINCS L1000","l1000_results_down","down","PCLB001_A549_6H:BRD-A19037878-001-02-3:0.16","BRD-A19037878",NA,NA,NA,"trichostatin-a",0.0314898,1.50183009767315,FALSE,"Downregula NQO1",1.36362568476487
1483,"ON-01910","PC3","24 h","10.0 µM",0.00416797,0.0356185,-1.29974,0.000657030223390276,"LINCS L1000","l1000_results_down","down","CPC013_PC3_24H:BRD-K35687265-236-01-8:10","BRD-K35687265",NA,NA,NA,"on-01910",0.0356185,1.44832437390814,FALSE,"Downregula NQO1",1.88244512174337
1484,"KU-C104135","HT29","6 h","10.0 µM",0.00417233,0.0150852,-1.14206,0.000237079184447606,"LINCS L1000","l1000_results_down","down","CPC008_HT29_6H:BRD-K64822626-001-03-3:10","BRD-K64822626",NA,NA,NA,"ku-c104135",0.0150852,1.82144892756254,FALSE,"Downregula NQO1",2.08020396221207
1485,"BRD-A68820570","PC3","24 h","10.0 µM",0.00418076,0.0121839,-1.07726,0.000213675213675214,"LINCS L1000","l1000_results_down","down","CPC007_PC3_24H:BRD-A68820570-001-04-9:10","BRD-A68820570",NA,NA,NA,"brd-a68820570",0.0121839,1.91421367415219,FALSE,"Downregula NQO1",2.06210582261718
1486,"F-1566-0341","PC3","24 h","10.0 µM",0.00420083,0.0119944,-1.48441,0.000208463623097769,"LINCS L1000","l1000_results_down","down","CPC014_PC3_24H:BRD-K69852452-001-02-6:10","BRD-K69852452",NA,NA,NA,"f-1566-0341",0.0119944,1.92102147201516,FALSE,"Downregula NQO1",2.85158348327402
1487,"MG-132","NKDBA","24 h","3.3333 µM",0.00420899,0.0274167,-1.96167,0.000468603561387067,"LINCS L1000","l1000_results_down","down","MUC.CP002_NKDBA_24H:BRD-K60230970-001-10-0:3.3333","BRD-K60230970",NA,NA,NA,"mg-132",0.0274167,1.56198482008036,FALSE,"Downregula NQO1",3.06409876200705
1488,"BRD-K05326558","PC3","6 h","10.0 µM",0.00421692,0.0369085,-0.837352,0.000668896321070234,"LINCS L1000","l1000_results_down","down","CPC007_PC3_6H:BRD-K05326558-001-07-0:10","BRD-K05326558",NA,NA,NA,"brd-k05326558",0.0369085,1.43287360462716,FALSE,"Downregula NQO1",1.19981957858176
1489,"PI-103","VCAP","24 h","11.1 µM",0.0042202,0.020012,-1.15964,0.00032916392363397,"LINCS L1000","l1000_results_down","down","CPC006_VCAP_24H:BRD-K67868012-003-01-5:11.1","BRD-K67868012",NA,NA,NA,"pi-103",0.020012,1.69870950578863,FALSE,"Downregula NQO1",1.96989149129273
1490,"sorafenib","MCF7","6 h","10.0 µM",0.00425434,0.0178041,-0.953579,0.000270051309748852,"LINCS L1000","l1000_results_down","down","CPC013_MCF7_6H:BRD-K23984367-075-05-3:10","BRD-K23984367",NA,NA,NA,"sorafenib",0.0178041,1.74947997508788,FALSE,"Downregula NQO1",1.66826736516433
1491,"alvocidib","BT20","6 h","0.08 µM",0.00425766,0.0188638,-0.52069,0.000305623471882641,"LINCS L1000","l1000_results_down","down","LJP001_BT20_6H:BRD-K87909389-001-04-6:0.08","BRD-K87909389",NA,NA,NA,"alvocidib",0.0188638,1.72437081675264,FALSE,"Downregula NQO1",0.897862640574929
1492,"trichostatin-a","A549","24 h","2.5 µM",0.00426512,0.0195867,-1.42944,0.000334448160535117,"LINCS L1000","l1000_results_down","down","PCLB001_A549_24H:BRD-A19037878-001-02-3:2.5","BRD-A19037878",NA,NA,NA,"trichostatin-a",0.0195867,1.70803872850323,FALSE,"Downregula NQO1",2.44153888007165
1493,"JAK3-inhibitor-VI","HT29","6 h","10.0 µM",0.00427009,0.0228134,-1.17629,0.000375375375375375,"LINCS L1000","l1000_results_down","down","CPC017_HT29_6H:BRD-K04546108-066-01-5:10","BRD-K04546108",NA,NA,NA,"jak3-inhibitor-vi",0.0228134,1.64180998472773,FALSE,"Downregula NQO1",1.93124466693538
1494,"BRD-K27484191","VCAP","6 h","10.0 µM",0.00430909,0.0247726,-0.804815,0.000438788942518648,"LINCS L1000","l1000_results_down","down","CPC007_VCAP_6H:BRD-K27484191-001-07-4:10","BRD-K27484191",NA,NA,NA,"brd-k27484191",0.0247726,1.606028409789,FALSE,"Downregula NQO1",1.29255575462433
1495,"BRD-K16331660","PC3","24 h","10.0 µM",0.00431166,0.0174061,-1.44235,0.000262260687123,"LINCS L1000","l1000_results_down","down","CPC014_PC3_24H:BRD-K16331660-001-01-5:10","BRD-K16331660",NA,NA,NA,"brd-k16331660",0.0174061,1.75929852573594,FALSE,"Downregula NQO1",2.53752422859523
1496,"sorafenib","BT20","6 h","0.08 µM",0.00432755,0.0494184,-0.615919,0.00100401606425703,"LINCS L1000","l1000_results_down","down","LJP001_BT20_6H:BRD-K49810818-001-02-8:0.08","BRD-K49810818",NA,NA,NA,"sorafenib",0.0494184,1.30611131968707,FALSE,"Downregula NQO1",0.80445877791034
1497,"STK-249718","MCF7","6 h","10.0 µM",0.00433861,0.0241229,-0.945076,0.000406669377795852,"LINCS L1000","l1000_results_down","down","CPC014_MCF7_6H:BRD-K81142122-001-15-8:10","BRD-K81142122",NA,NA,NA,"stk-249718",0.0241229,1.61757048350162,FALSE,"Downregula NQO1",1.52872704226577
1498,"SCH-79797","HCC515","6 h","11.1 µM",0.00434002,0.0327605,-1.03073,0.000543183052688756,"LINCS L1000","l1000_results_down","down","CPC006_HCC515_6H:BRD-K17140735-300-02-4:11.1","BRD-K17140735",NA,NA,NA,"sch-79797",0.0327605,1.48464947853604,FALSE,"Downregula NQO1",1.53027275701146
1499,"PIK-75","PC3","24 h","0.09 µM",0.00434403,0.0133591,-0.56956,0.000215656674574078,"LINCS L1000","l1000_results_down","down","CPC006_PC3_24H:BRD-K49371609-310-01-1:0.09","BRD-K49371609",NA,NA,NA,"pik-75",0.0133591,1.87422279921075,FALSE,"Downregula NQO1",1.06748233751847
1500,"wortmannin","PC3","24 h","10.0 µM",0.00435516,0.0232456,-1.03271,0.000352982703847512,"LINCS L1000","l1000_results_down","down","CPC009_PC3_24H:BRD-A75409952:10","BRD-A75409952",NA,NA,NA,"wortmannin",0.0232456,1.63365923961528,FALSE,"Downregula NQO1",1.6870962333431
1501,"nefazodone","VCAP","6 h","10.0 µM",0.00438031,0.0320002,-1.61687,0.000623052959501558,"LINCS L1000","l1000_results_down","down","CPC002_VCAP_6H:BRD-K90789829-003-03-3:10","BRD-K90789829",NA,NA,NA,"nefazodone",0.0320002,1.49484730734806,FALSE,"Downregula NQO1",2.41697376583187
1502,"BRD-K37340241","MCF7","24 h","10.0 µM",0.00444036,0.0297288,-1.21287,0.00055005500550055,"LINCS L1000","l1000_results_down","down","CPC013_MCF7_24H:BRD-K37340241-001-01-9:10","BRD-K37340241",NA,NA,NA,"brd-k37340241",0.0297288,1.52682262069403,FALSE,"Downregula NQO1",1.85183735196117
1503,"AZD-8055","MCF7","6 h","10.0 µM",0.00446565,0.0249664,-1.03691,0.000382116927779901,"LINCS L1000","l1000_results_down","down","LJP001_MCF7_6H:BRD-K69932463-001-05-6:10","BRD-K69932463",NA,NA,NA,"azd-8055",0.0249664,1.60264407570432,FALSE,"Downregula NQO1",1.66179766853857
1504,"cycloserine","VCAP","24 h","10.0 µM",0.00448735,0.0435021,-0.828297,0.000988142292490119,"LINCS L1000","l1000_results_down","down","CPC011_VCAP_24H:BRD-K87226815-001-13-0:10","BRD-K87226815",NA,NA,NA,"cycloserine",0.0435021,1.36148977761092,FALSE,"Downregula NQO1",1.12771789832579
1505,"trichostatin-a","A549","6 h","0.63 µM",0.00449944,0.0341724,-0.299495,0.000600961538461538,"LINCS L1000","l1000_results_down","down","PCLB001_A549_6H:BRD-A19037878-001-02-3:0.63","BRD-A19037878",NA,NA,NA,"trichostatin-a",0.0341724,1.46632451870917,FALSE,"Downregula NQO1",0.439156861730802
1506,"wortmannin","MCF7","24 h","10.0 µM",0.00450359,0.0314579,-1.03686,0.000491400491400491,"LINCS L1000","l1000_results_down","down","CPC013_MCF7_24H:BRD-A75409952:10","BRD-A75409952",NA,NA,NA,"wortmannin",0.0314579,1.50227027245821,FALSE,"Downregula NQO1",1.55764395470102
1507,"calyculin","MCF7","6 h","10.0 µM",0.00451905,0.0327205,-0.567807,0.000508130081300813,"LINCS L1000","l1000_results_down","down","CPC005_MCF7_6H:BRD-A47513740-001-02-5:10","BRD-A47513740",NA,NA,NA,"calyculin",0.0327205,1.48518006852205,FALSE,"Downregula NQO1",0.843295639167301
1508,"WZ-3105","SKB","24 h","10.0 µM",0.00457112,0.012762,-1.6115,0.000215796288303841,"LINCS L1000","l1000_results_down","down","CPC014_SKB_24H:BRD-U00779237-000-01-7:10","BRD-U00779237",NA,NA,NA,"wz-3105",0.012762,1.89408125971363,FALSE,"Downregula NQO1",3.05231195002851
1509,"5-iodotubercidin","SKB","24 h","10.0 µM",0.00457707,0.011199,-1.40343,0.00019712201852947,"LINCS L1000","l1000_results_down","down","CPC014_SKB_24H:BRD-A18497530-001-05-3:10","BRD-A18497530",NA,NA,NA,"5-iodotubercidin",0.011199,1.95082075535403,FALSE,"Downregula NQO1",2.73784037268651
1510,"ZG-10","PHH","24 h","10.0 µM",0.00459569,0.016068,-1.32188,0.000262743037309511,"LINCS L1000","l1000_results_down","down","CPC014_PHH_24H:BRD-U51951544-000-01-8:10","BRD-U51951544",NA,NA,NA,"zg-10",0.016068,1.79403817694037,FALSE,"Downregula NQO1",2.37150318533393
1511,"BRD-K28916077","PC3","6 h","10.0 µM",0.00459851,0.0373041,-0.994172,0.000669792364367046,"LINCS L1000","l1000_results_down","down","CPC010_PC3_6H:BRD-K28916077-001-04-0:10","BRD-K28916077",NA,NA,NA,"brd-k28916077",0.0373041,1.4282434333516,FALSE,"Downregula NQO1",1.41991963062203
1512,"COL-3","PC3","24 h","0.63 µM",0.00461227,0.0497974,-1.16304,0.00104058272632674,"LINCS L1000","l1000_results_down","down","PCLB001_PC3_24H:BRD-A59431241-001-02-9:0.63","BRD-A59431241",NA,NA,NA,"col-3",0.0497974,1.30279333184129,FALSE,"Downregula NQO1",1.51520075666469
1513,"dorsomorphin","HA1E","6 h","10.0 µM",0.00468183,0.0143921,-0.895965,0.000224719101123595,"LINCS L1000","l1000_results_down","down","CPC006_HA1E_6H:BRD-K54233340-300-01-0:10","BRD-K54233340",NA,NA,NA,"dorsomorphin",0.0143921,1.84187583206264,FALSE,"Downregula NQO1",1.650256279874
1514,"torin-1","MCF10A","24 h","0.08 µM",0.0047103,0.0286035,-1.05906,0.000432338953739732,"LINCS L1000","l1000_results_down","down","LJP001_MCF10A_24H:BRD-K40175214-001-03-3:0.08","BRD-K40175214",NA,NA,NA,"torin-1",0.0286035,1.54358082219664,FALSE,"Downregula NQO1",1.63474470555558
1515,"vorinostat","A375","6 h","10.0 µM",0.00473182,0.0202787,-1.17145,0.000271444082519001,"LINCS L1000","l1000_results_down","down","CPC008_A375_6H:BRD-K81418486:10","BRD-K81418486",NA,NA,NA,"vorinostat",0.0202787,1.69295988962089,FALSE,"Downregula NQO1",1.9832178626964
1516,"PP-110","PC3","24 h","22.2 µM",0.00479701,0.0127805,-0.585788,0.00017905102954342,"LINCS L1000","l1000_results_down","down","CPC006_PC3_24H:BRD-K03618428-001-01-3:22.2","BRD-K03618428",NA,NA,NA,"pp-110",0.0127805,1.89345215533307,FALSE,"Downregula NQO1",1.10916155116825
1517,"BRD-K14027855","PC3","24 h","10.0 µM",0.00485165,0.0264407,-0.879414,0.000344827586206897,"LINCS L1000","l1000_results_down","down","CPC009_PC3_24H:BRD-K14027855-019-01-8:10","BRD-K14027855",NA,NA,NA,"brd-k14027855",0.0264407,1.57772705137577,FALSE,"Downregula NQO1",1.38747525715857
1518,"BRD-K63569039","VCAP","6 h","10.0 µM",0.00486847,0.0232243,-0.977426,0.000365497076023392,"LINCS L1000","l1000_results_down","down","CPC007_VCAP_6H:BRD-K63569039-001-04-0:10","BRD-K63569039",NA,NA,NA,"brd-k63569039",0.0232243,1.63405736713922,FALSE,"Downregula NQO1",1.59717015613342
1519,"BRD-K78596368","MCF7","24 h","10.0 µM",0.00487999,0.0353256,-1.14278,0.000557413600891862,"LINCS L1000","l1000_results_down","down","CPC013_MCF7_24H:BRD-K78596368-001-01-3:10","BRD-K78596368",NA,NA,NA,"brd-k78596368",0.0353256,1.45191045299034,FALSE,"Downregula NQO1",1.6592142274683
1520,"BRD-K78883024","HT29","6 h","10.0 µM",0.00488822,0.0483567,-1.37624,0.000968992248062015,"LINCS L1000","l1000_results_down","down","CPC007_HT29_6H:BRD-K78883024-067-02-0:10","BRD-K78883024",NA,NA,NA,"brd-k78883024",0.0483567,1.31554334430198,FALSE,"Downregula NQO1",1.81050337216216
1521,"JNJ-7706621","MCF7","6 h","10.0 µM",0.00489024,0.0112357,-0.732524,0.000183755972069092,"LINCS L1000","l1000_results_down","down","CPC013_MCF7_6H:BRD-K11636097-001-01-5:10","BRD-K11636097",NA,NA,NA,"jnj-7706621",0.0112357,1.94939986524155,FALSE,"Downregula NQO1",1.4279821868862
1522,"emetine","MCF7","24 h","0.63 µM",0.00489157,0.0128662,-0.632108,0.000204624514016779,"LINCS L1000","l1000_results_down","down","CPC006_MCF7_24H:BRD-K01976263-003-04-5:0.63","BRD-K01976263",NA,NA,NA,"emetine",0.0128662,1.8905497019469,FALSE,"Downregula NQO1",1.19503159099825
1523,"BRD-K93623754","VCAP","6 h","10.0 µM",0.00490802,0.0483499,-0.802114,0.000954198473282443,"LINCS L1000","l1000_results_down","down","CPC007_VCAP_6H:BRD-K93623754-001-04-2:10","BRD-K93623754",NA,NA,NA,"brd-k93623754",0.0483499,1.31560441981248,FALSE,"Downregula NQO1",1.05526472359347
1524,"WT-171","MCF7","6 h","10.0 µM",0.00490918,0.0236414,-1.20894,0.000320924261874198,"LINCS L1000","l1000_results_down","down","CPC012_MCF7_6H:BRD-K74761218-001-03-5:10","BRD-K74761218",NA,NA,NA,"wt-171",0.0236414,1.62632680891296,FALSE,"Downregula NQO1",1.96613153236724
1525,"BRD-K84106030","MCF7","24 h","10.0 µM",0.00492513,0.0187925,-0.479691,0.000293427230046948,"LINCS L1000","l1000_results_down","down","CPC019_MCF7_24H:BRD-K84106030-001-01-1:10","BRD-K84106030",NA,NA,NA,"brd-k84106030",0.0187925,1.72601544108187,FALSE,"Downregula NQO1",0.827954072948002
1526,"BRD-K03829970","PC3","6 h","10.0 µM",0.0049448,0.0434534,-0.899497,0.000699790062981106,"LINCS L1000","l1000_results_down","down","CPC009_PC3_6H:BRD-K03829970-019-01-0:10","BRD-K03829970",NA,NA,NA,"brd-k03829970",0.0434534,1.36197623662685,FALSE,"Downregula NQO1",1.22509353891714
1527,"BRD-K00007652","PC3","24 h","10.0 µM",0.00496405,0.0459548,-1.18288,0.000822368421052632,"LINCS L1000","l1000_results_down","down","CPC019_PC3_24H:BRD-K00007652-001-01-9:10","BRD-K00007652",NA,NA,NA,"brd-k00007652",0.0459548,1.33766911965023,FALSE,"Downregula NQO1",1.58230204825187
1528,"PLX-4720","A375","6 h","0.625 µM",0.00496807,0.0227558,-0.669431,0.000304506699147381,"LINCS L1000","l1000_results_down","down","BRAF001_A375_6H:BRD-K16478699-001-05-0:0.625","BRD-K16478699",NA,NA,NA,"plx-4720",0.0227558,1.64290789188783,FALSE,"Downregula NQO1",1.09981347297436
1529,"PHA-793887","MDAMB231","6 h","2.0 µM",0.00497326,0.0378355,-0.872009,0.000613873542050338,"LINCS L1000","l1000_results_down","down","LJP001_MDAMB231_6H:BRD-K64800655-001-03-3:2","BRD-K64800655",NA,NA,NA,"pha-793887",0.0378355,1.42210052241252,FALSE,"Downregula NQO1",1.24008445444842
1530,"PP-110","VCAP","6 h","22.2 µM",0.00498612,0.0348059,-0.945323,0.000529941706412295,"LINCS L1000","l1000_results_down","down","CPC006_VCAP_6H:BRD-K03618428-001-01-3:22.2","BRD-K03618428",NA,NA,NA,"pp-110",0.0348059,1.45834713190807,FALSE,"Downregula NQO1",1.37860908577673
1531,"BRD-K85853281","MCF7","24 h","10.0 µM",0.00499363,0.012736,-0.831342,0.000203169443315725,"LINCS L1000","l1000_results_down","down","CPC010_MCF7_24H:BRD-K85853281-001-03-9:10","BRD-K85853281",NA,NA,NA,"brd-k85853281",0.012736,1.89496694960641,FALSE,"Downregula NQO1",1.57536561381969
1532,"BRD-K71726959","HA1E","24 h","122.55 µM",0.0050504,0.0225165,-0.752998,0.00033101621979477,"LINCS L1000","l1000_results_down","down","CPC006_HA1E_24H:BRD-K71726959-001-06-7:122.55","BRD-K71726959",NA,NA,NA,"brd-k71726959",0.0225165,1.64749911598848,FALSE,"Downregula NQO1",1.24056353934109
1533,"wortmannin","VCAP","24 h","20.0 µM",0.00509854,0.0368618,-0.50204,0.000541418516513265,"LINCS L1000","l1000_results_down","down","ERG005_VCAP_24H:BRD-A75409952-001-01-6:20","BRD-A75409952",NA,NA,NA,"wortmannin",0.0368618,1.43342346154829,FALSE,"Downregula NQO1",0.719635914635702
1534,"quiflapon","A375","6 h","80.0 µM",0.00511023,0.0244247,-1.58632,0.00031675641431739,"LINCS L1000","l1000_results_down","down","CPC006_A375_6H:BRD-K39503511-001-02-1:80","BRD-K39503511",NA,NA,NA,"quiflapon",0.0244247,1.61217076186281,FALSE,"Downregula NQO1",2.55741872295821
1535,"vorinostat","ASC","24 h","10.0 µM",0.00512103,0.0214634,-1.53746,0.000296912114014252,"LINCS L1000","l1000_results_down","down","CPC017_ASC_24H:BRD-K81418486:10","BRD-K81418486",NA,NA,NA,"vorinostat",0.0214634,1.66830148067954,FALSE,"Downregula NQO1",2.56494679448557
1536,"BRD-K35716340","A375","24 h","12.0 µM",0.00512408,0.0465537,-0.736604,0.000822368421052632,"LINCS L1000","l1000_results_down","down","CPC006_A375_24H:BRD-K35716340-001-02-0:12","BRD-K35716340",NA,NA,NA,"brd-k35716340",0.0465537,1.33204579640713,FALSE,"Downregula NQO1",0.981190261816675
1537,"TGX-115","MCF7","6 h","160.0 µM",0.00513055,0.0398768,-0.712535,0.000580383052814858,"LINCS L1000","l1000_results_down","down","CPC006_MCF7_6H:BRD-K67075780-001-03-7:160","BRD-K67075780",NA,NA,NA,"tgx-115",0.0398768,1.39927969986144,FALSE,"Downregula NQO1",0.997035760940768
1538,"IKK-2-inhibitor-V","A375","24 h","10.0 µM",0.00517267,0.0126563,-0.646903,0.000188643652141105,"LINCS L1000","l1000_results_down","down","CPC006_A375_24H:BRD-K74305673-001-01-3:10","BRD-K74305673",NA,NA,NA,"ikk-2-inhibitor-v",0.0126563,1.89769323937734,FALSE,"Downregula NQO1",1.22762344963292
1539,"QL-X-138","MDAMB231","6 h","10.0 µM",0.0052017,0.0468953,-0.895332,0.000755857898715042,"LINCS L1000","l1000_results_down","down","LJP001_MDAMB231_6H:BRD-K72636697-001-01-5:10","BRD-K72636697",NA,NA,NA,"ql-x-138",0.0468953,1.3288706815141,FALSE,"Downregula NQO1",1.18978044502138
1540,"BML-259","A549","6 h","80.0 µM",0.00520245,0.0343508,-0.441193,0.000473933649289099,"LINCS L1000","l1000_results_down","down","CPC006_A549_6H:BRD-K71799778-001-03-0:80","BRD-K71799778",NA,NA,NA,"bml-259",0.0343508,1.46406314414912,FALSE,"Downregula NQO1",0.645934410756585
1541,"TGX-115","HA1E","24 h","160.0 µM",0.00520761,0.0167639,-0.848335,0.000251130085384229,"LINCS L1000","l1000_results_down","down","CPC006_HA1E_24H:BRD-K67075780-001-03-7:160","BRD-K67075780",NA,NA,NA,"tgx-115",0.0167639,1.77562493848349,FALSE,"Downregula NQO1",1.50632478218839
1542,"BRD-K54687541","VCAP","24 h","10.0 µM",0.00521478,0.0414614,-1.28755,0.000594530321046373,"LINCS L1000","l1000_results_down","down","CPC008_VCAP_24H:BRD-K54687541-001-01-8:10","BRD-K54687541",NA,NA,NA,"brd-k54687541",0.0414614,1.3823560374566,FALSE,"Downregula NQO1",1.77985251602724
1543,"EI-346-erlotinib-analog","SKB","24 h","10.0 µM",0.0052279,0.0315316,-1.7089,0.000462107208872458,"LINCS L1000","l1000_results_down","down","CPC014_SKB_24H:BRD-U08759356-000-01-6:10","BRD-U08759356",NA,NA,NA,"ei-346-erlotinib-analog",0.0315316,1.50125399139796,FALSE,"Downregula NQO1",2.56549294589997
1544,"darinaparsin","SW620","6 h","10.0 µM",0.00525713,0.0447841,-1.6221,0.000667556742323097,"LINCS L1000","l1000_results_down","down","CPC006_SW620_6H:BRD-K35723520-001-01-0:10","BRD-K35723520",NA,NA,NA,"darinaparsin",0.0447841,1.34887614912533,FALSE,"Downregula NQO1",2.1880120014962
1545,"BRD-A24021119","PC3","24 h","10.0 µM",0.00525866,0.018745,-1.19414,0.000253292806484296,"LINCS L1000","l1000_results_down","down","CPC007_PC3_24H:BRD-A24021119-001-06-0:10","BRD-A24021119",NA,NA,NA,"brd-a24021119",0.018745,1.72711455524243,FALSE,"Downregula NQO1",2.0624165749972
1546,"BRD-K72504866","VCAP","6 h","10.0 µM",0.00530399,0.0236077,-0.826187,0.000364431486880467,"LINCS L1000","l1000_results_down","down","CPC007_VCAP_6H:BRD-K72504866-001-07-7:10","BRD-K72504866",NA,NA,NA,"brd-k72504866",0.0236077,1.62694632236494,FALSE,"Downregula NQO1",1.34416190123572
1547,"BRD-K21170640","VCAP","6 h","10.0 µM",0.0053042,0.0246584,-0.795993,0.000333889816360601,"LINCS L1000","l1000_results_down","down","CPC007_VCAP_6H:BRD-K21170640-001-03-1:10","BRD-K21170640",NA,NA,NA,"brd-k21170640",0.0246584,1.60803510672303,FALSE,"Downregula NQO1",1.27998468870579
1548,"trichostatin-a","PC3","24 h","10.0 µM",0.00531448,0.0143812,-0.849347,0.00021468441391155,"LINCS L1000","l1000_results_down","down","CPC009_PC3_24H:BRD-A19037878:10","BRD-A19037878",NA,NA,NA,"trichostatin-a",0.0143812,1.84220487392292,FALSE,"Downregula NQO1",1.56467118305181
1549,"BRD-A51666293","VCAP","6 h","10.0 µM",0.0053218,0.0179881,-0.960322,0.000253871541000254,"LINCS L1000","l1000_results_down","down","CPC007_VCAP_6H:BRD-A51666293-019-02-7:10","BRD-A51666293",NA,NA,NA,"brd-a51666293",0.0179881,1.74501470675411,FALSE,"Downregula NQO1",1.67577601321952
1550,"TPCA-1","VCAP","6 h","10.0 µM",0.00532726,0.0356881,-0.96085,0.000514933058702369,"LINCS L1000","l1000_results_down","down","CPC006_VCAP_6H:BRD-K51575138-001-01-7:10","BRD-K51575138",NA,NA,NA,"tpca-1",0.0356881,1.44747657284794,FALSE,"Downregula NQO1",1.39080786502095
1551,"BI-2536","BT20","24 h","10.0 µM",0.00534276,0.017988,-0.756406,0.000220264317180617,"LINCS L1000","l1000_results_down","down","LJP001_BT20_24H:BRD-K64890080-001-09-6:10","BRD-K64890080",NA,NA,NA,"bi-2536",0.017988,1.7450171211041,FALSE,"Downregula NQO1",1.31994142050586
1552,"RS-I-002-6","ASC","24 h","10.0 µM",0.0053645,0.0440512,-1.22834,0.000641025641025641,"LINCS L1000","l1000_results_down","down","CPC013_ASC_24H:BRD-K66254772-001-01-3:10","BRD-K66254772",NA,NA,NA,"rs-i-002-6",0.0440512,1.35604225646238,FALSE,"Downregula NQO1",1.665680945303
1553,"BRD-K01602319","VCAP","6 h","10.0 µM",0.00540552,0.0238574,-0.969198,0.000328623069339468,"LINCS L1000","l1000_results_down","down","CPC007_VCAP_6H:BRD-K01602319-001-05-2:10","BRD-K01602319",NA,NA,NA,"brd-k01602319",0.0238574,1.62237688787353,FALSE,"Downregula NQO1",1.57240443497325
1554,"PK-11195","HA1E","24 h","160.0 µM",0.00540873,0.0134227,-1.08746,0.000201572263656521,"LINCS L1000","l1000_results_down","down","CPC006_HA1E_24H:BRD-A41451487-001-06-2:160","BRD-A41451487",NA,NA,NA,"pk-11195",0.0134227,1.87216011627147,FALSE,"Downregula NQO1",2.03589924004057
1555,"JNK-9L","PC3","24 h","10.0 µM",0.00541969,0.00995677,-1.41528,0.000161943319838057,"LINCS L1000","l1000_results_down","down","CPC014_PC3_24H:BRD-K19220233-001-01-5:10","BRD-K19220233",NA,NA,NA,"jnk-9l",0.00995677,2.0018815248979,FALSE,"Downregula NQO1",2.8332228845575
1556,"niclosamide","PC3","6 h","10.0 µM",0.00543352,0.0499355,-0.746965,0.000747384155455904,"LINCS L1000","l1000_results_down","down","CPC006_PC3_6H:BRD-K35960502-001-10-1:10","BRD-K35960502",NA,NA,NA,"niclosamide",0.0499355,1.30159059721143,FALSE,"Downregula NQO1",0.972242620446033
1557,"brefeldin-a","A375","24 h","0.09 µM",0.00548576,0.0195264,-0.709321,0.00026476039184538,"LINCS L1000","l1000_results_down","down","CPC006_A375_24H:BRD-A31107743-001-01-3:0.09","BRD-A31107743",NA,NA,NA,"brefeldin-a",0.0195264,1.70937781837371,FALSE,"Downregula NQO1",1.21249758350666
1558,"lobendazole","ASC","24 h","10.0 µM",0.00554138,0.0261431,-1.78701,0.000383729854182655,"LINCS L1000","l1000_results_down","down","CPC015_ASC_24H:BRD-K15834839-001-01-5:10","BRD-K15834839",NA,NA,NA,"lobendazole",0.0261431,1.58264291587295,FALSE,"Downregula NQO1",2.82819871709413
1559,"DY-131","ASC","24 h","10.0 µM",0.00555116,0.0332361,-1.30886,0.000509164969450102,"LINCS L1000","l1000_results_down","down","CPC017_ASC_24H:BRD-K62353524-001-01-8:10","BRD-K62353524",NA,NA,NA,"dy-131",0.0332361,1.47838994300615,FALSE,"Downregula NQO1",1.93500546080303
1560,"PD-184352","ASC","24 h","10.0 µM",0.0055586,0.0496379,-1.00214,0.00085397096498719,"LINCS L1000","l1000_results_down","down","CPC013_ASC_24H:BRD-K05104363-001-02-7:10","BRD-K05104363",NA,NA,NA,"pd-184352",0.0496379,1.30418660021327,FALSE,"Downregula NQO1",1.30697755953773
1561,"BRD-A18725729","A375","6 h","10.0 µM",0.00557683,0.0140179,-0.840785,0.000200883889112093,"LINCS L1000","l1000_results_down","down","CPC010_A375_6H:BRD-A18725729-001-08-2:10","BRD-A18725729",NA,NA,NA,"brd-a18725729",0.0140179,1.85331704248367,FALSE,"Downregula NQO1",1.55824116956463
1562,"tyrphostin-AG-1478","HA1E","24 h","56.78 µM",0.00562934,0.0125204,-0.783678,0.000180407721450478,"LINCS L1000","l1000_results_down","down","CPC006_HA1E_24H:BRD-K68336408-001-04-2:56.78","BRD-K68336408",NA,NA,NA,"tyrphostin-ag-1478",0.0125204,1.90238179612417,FALSE,"Downregula NQO1",1.490854761223
1563,"WZ-3105","MDAMB231","6 h","10.0 µM",0.00563709,0.0159947,-0.917926,0.000224416517055655,"LINCS L1000","l1000_results_down","down","LJP001_MDAMB231_6H:BRD-K92571446-001-01-4:10","BRD-K92571446",NA,NA,NA,"wz-3105",0.0159947,1.79602390122329,FALSE,"Downregula NQO1",1.64861703555429
1564,"SA-25547","PC3","24 h","10.0 µM",0.00569041,0.0186125,-1.2357,0.000239177230327673,"LINCS L1000","l1000_results_down","down","CPC019_PC3_24H:BRD-K96076993-001-01-7:10","BRD-K96076993",NA,NA,NA,"sa-25547",0.0186125,1.73019528923977,FALSE,"Downregula NQO1",2.13800231891358
1565,"dalcetrapib","MCF7","24 h","79.44 µM",0.00570413,0.0231661,-0.620117,0.000288433804441881,"LINCS L1000","l1000_results_down","down","CPC006_MCF7_24H:BRD-K18849474-001-01-0:79.44","BRD-K18849474",NA,NA,NA,"dalcetrapib",0.0231661,1.63514707328997,FALSE,"Downregula NQO1",1.01398249764735
1566,"vemurafenib","HT29","24 h","10.0 µM",0.00572533,0.0117331,-0.863063,0.000163158753467123,"LINCS L1000","l1000_results_down","down","CPC006_HT29_24H:BRD-K56343971-001-02-3:10","BRD-K56343971",NA,NA,NA,"vemurafenib",0.0117331,1.9305872278654,FALSE,"Downregula NQO1",1.6662184046432
1567,"lestaurtinib","HT29","6 h","10.0 µM",0.00576387,0.0166862,-0.86634,0.000221287895552113,"LINCS L1000","l1000_results_down","down","CPC014_HT29_6H:BRD-K23192422-001-01-1:10","BRD-K23192422",NA,NA,NA,"lestaurtinib",0.0166862,1.77764255528799,FALSE,"Downregula NQO1",1.54004285134819
1568,"BRD-K63181962","VCAP","6 h","10.0 µM",0.0057809,0.0140045,-0.810548,0.000189897455374098,"LINCS L1000","l1000_results_down","down","CPC007_VCAP_6H:BRD-K63181962-001-04-5:10","BRD-K63181962",NA,NA,NA,"brd-k63181962",0.0140045,1.85373239209691,FALSE,"Downregula NQO1",1.50253908294937
1569,"WYE-125132","BT20","24 h","10.0 µM",0.00578466,0.0167442,-0.758248,0.000229937916762474,"LINCS L1000","l1000_results_down","down","LJP001_BT20_24H:BRD-A45498368-001-03-0:10","BRD-A45498368",NA,NA,NA,"wye-125132",0.0167442,1.7761355972364,FALSE,"Downregula NQO1",1.34675126433331
1570,"JWE-035","MCF7","6 h","10.0 µM",0.00578737,0.0286703,-0.817656,0.000328407224958949,"LINCS L1000","l1000_results_down","down","CPC014_MCF7_6H:BRD-K83972459-001-01-9:10","BRD-K83972459",NA,NA,NA,"jwe-035",0.0286703,1.54256776266346,FALSE,"Downregula NQO1",1.26128978654835
1571,"SB-218078","MCF7","6 h","10.0 µM",0.00580062,0.0212588,-0.993109,0.000288267512251369,"LINCS L1000","l1000_results_down","down","CPC004_MCF7_6H:BRD-A06352508-001-02-9:10","BRD-A06352508",NA,NA,NA,"sb-218078",0.0212588,1.67246125383374,FALSE,"Downregula NQO1",1.66093632333357
1572,"VU-0418933-1","VCAP","24 h","10.0 µM",0.00580838,0.0197918,-0.926324,0.000251635631605435,"LINCS L1000","l1000_results_down","down","CPC012_VCAP_24H:BRD-A51777634-001-01-0:10","BRD-A51777634",NA,NA,NA,"vu-0418933-1",0.0197918,1.70351470632324,FALSE,"Downregula NQO1",1.57800655682017
1573,"ISOX","HT29","24 h","10.0 µM",0.00583123,0.0152729,-0.835939,0.000200280392549569,"LINCS L1000","l1000_results_down","down","CPC006_HT29_24H:BRD-K69840642-001-01-4:10","BRD-K69840642",NA,NA,NA,"isox",0.0152729,1.81607849179635,FALSE,"Downregula NQO1",1.51813083835375
1574,"geldanamycin","MCF7","24 h","10.0 µM",0.00588923,0.0193939,-0.842593,0.000226808800181447,"LINCS L1000","l1000_results_down","down","CPC017_MCF7_24H:BRD-A19500257:10","BRD-A19500257",NA,NA,NA,"geldanamycin",0.0193939,1.71233484805556,FALSE,"Downregula NQO1",1.44280135662768
1575,"lestaurtinib","PC3","24 h","10.0 µM",0.00589673,0.0350156,-1.40187,0.00047192071731949,"LINCS L1000","l1000_results_down","down","CPC014_PC3_24H:BRD-K23192422-001-01-1:10","BRD-K23192422",NA,NA,NA,"lestaurtinib",0.0350156,1.45573842752086,FALSE,"Downregula NQO1",2.04075602938866
1576,"PI-103","HA1E","6 h","11.1 µM",0.00590041,0.0287259,-0.814515,0.000334001336005344,"LINCS L1000","l1000_results_down","down","CPC006_HA1E_6H:BRD-K67868012-003-01-5:11.1","BRD-K67868012",NA,NA,NA,"pi-103",0.0287259,1.54172635571503,FALSE,"Downregula NQO1",1.25575924262522
1577,"auranofin","PC3","6 h","10.0 µM",0.00591639,0.0347066,-0.992221,0.000475511174512601,"LINCS L1000","l1000_results_down","down","CPC006_PC3_6H:BRD-A79465854-001-01-3:10","BRD-A79465854",NA,NA,NA,"auranofin",0.0347066,1.4595879295024,FALSE,"Downregula NQO1",1.4482337949988
1578,"olaparib","A375","24 h","44.4 µM",0.00592693,0.0304595,-0.623611,0.000395413206801107,"LINCS L1000","l1000_results_down","down","CPC006_A375_24H:BRD-K02113016-001-01-4:44.4","BRD-K02113016",NA,NA,NA,"olaparib",0.0304595,1.51627722998958,FALSE,"Downregula NQO1",0.945567159671029
1579,"mepacrine","SW948","6 h","10.0 µM",0.00598349,0.038134,-1.29197,0.000484966052376334,"LINCS L1000","l1000_results_down","down","CPC006_SW948_6H:BRD-A45889380-300-04-8:10","BRD-A45889380",NA,NA,NA,"mepacrine",0.038134,1.41868763776815,FALSE,"Downregula NQO1",1.83290186736732
1580,"BRD-K83670234","PC3","24 h","10.0 µM",0.00604461,0.010581,-0.933122,0.000147579693034239,"LINCS L1000","l1000_results_down","down","CPC009_PC3_24H:BRD-K83670234-001-01-1:10","BRD-K83670234",NA,NA,NA,"brd-k83670234",0.010581,1.97547328561285,FALSE,"Downregula NQO1",1.84335758321763
1581,"BRD-K94991378","VCAP","24 h","10.0 µM",0.0060629,0.029103,-0.868446,0.000362450163102573,"LINCS L1000","l1000_results_down","down","CPC012_VCAP_24H:BRD-K94991378-001-02-2:10","BRD-K94991378",NA,NA,NA,"brd-k94991378",0.029103,1.5360622406948,FALSE,"Downregula NQO1",1.33398710868244
1582,"PP-110","VCAP","24 h","22.2 µM",0.00607021,0.039679,-1.09586,0.000513610683102209,"LINCS L1000","l1000_results_down","down","CPC006_VCAP_24H:BRD-K03618428-001-01-3:22.2","BRD-K03618428",NA,NA,NA,"pp-110",0.039679,1.40143928157719,FALSE,"Downregula NQO1",1.53578125110919
1583,"alvespimycin","PC3","24 h","10.0 µM",0.00612536,0.0233042,-1.36884,0.000333889816360601,"LINCS L1000","l1000_results_down","down","CPC014_PC3_24H:BRD-K83988098-003-01-8:10","BRD-K83988098",NA,NA,NA,"alvespimycin",0.0233042,1.63256580118662,FALSE,"Downregula NQO1",2.23472137129629
1584,"carbetocin","MCF7","24 h","10.0 µM",0.00613023,0.0343762,-0.787496,0.000427899015832264,"LINCS L1000","l1000_results_down","down","CPC013_MCF7_24H:BRD-A32161980-001-01-1:10","BRD-A32161980",NA,NA,NA,"carbetocin",0.0343762,1.46374213260075,FALSE,"Downregula NQO1",1.15269107445456
1585,"PI-103","MCF7","6 h","11.1 µM",0.00614355,0.027241,-0.603361,0.000322476620445018,"LINCS L1000","l1000_results_down","down","CPC006_MCF7_6H:BRD-K67868012-003-01-5:11.1","BRD-K67868012",NA,NA,NA,"pi-103",0.027241,1.56477695378897,FALSE,"Downregula NQO1",0.944125387615067
1586,"BRD-K99737413","PC3","24 h","10.0 µM",0.00616421,0.0235916,-1.02163,0.000306184935701164,"LINCS L1000","l1000_results_down","down","CPC007_PC3_24H:BRD-K99737413-001-02-1:10","BRD-K99737413",NA,NA,NA,"brd-k99737413",0.0235916,1.62724260393818,FALSE,"Downregula NQO1",1.66243986146136
1587,"vemurafenib","A375","24 h","0.15625 µM",0.00616565,0.012133,-0.70466,0.000151285930408472,"LINCS L1000","l1000_results_down","down","BRAF001_A375_24H:BRD-U73308409-000-01-9:0.15625","BRD-U73308409",NA,NA,NA,"vemurafenib",0.012133,1.91603180240158,FALSE,"Downregula NQO1",1.3501509698803
1588,"emetine","PC3","6 h","10.0 µM",0.00618486,0.0331228,-1.21662,0.000440917107583774,"LINCS L1000","l1000_results_down","down","CPC004_PC3_6H:BRD-A25687296-300-03-5:10","BRD-A25687296",NA,NA,NA,"emetine",0.0331228,1.47987295772199,FALSE,"Downregula NQO1",1.80044303782373
1589,"BRD-K14048378","MCF7","24 h","10.0 µM",0.00620934,0.0229798,-1.14786,0.000292911540714704,"LINCS L1000","l1000_results_down","down","CPC007_MCF7_24H:BRD-K14048378-001-06-9:10","BRD-K14048378",NA,NA,NA,"brd-k14048378",0.0229798,1.63865375542469,FALSE,"Downregula NQO1",1.88094509970178
1590,"YM-155","A375","6 h","0.31 µM",0.00626356,0.0323913,-1.46646,0.000349283967865875,"LINCS L1000","l1000_results_down","down","CPC006_A375_6H:BRD-K76703230-001-01-3:0.31","BRD-K76703230",NA,NA,NA,"ym-155",0.0323913,1.48957162156387,FALSE,"Downregula NQO1",2.18439720015855
1591,"parbendazole","PC3","24 h","0.31 µM",0.00627633,0.0351336,-0.628931,0.00043010752688172,"LINCS L1000","l1000_results_down","down","CPC006_PC3_24H:BRD-K02407574-001-04-8:0.31","BRD-K02407574",NA,NA,NA,"parbendazole",0.0351336,1.45427734750284,FALSE,"Downregula NQO1",0.914640106442309
1592,"COL-3","U266","24 h","10.0 µM",0.00629214,0.0222756,-1.56146,0.000283929585462805,"LINCS L1000","l1000_results_down","down","PCLB001_U266_24H:BRD-A59431241-001-01-1:10","BRD-A59431241",NA,NA,NA,"col-3",0.0222756,1.65217058928077,FALSE,"Downregula NQO1",2.57979828833836
1593,"BI-2536","A549","6 h","10.0 µM",0.00633352,0.0243415,-0.374032,0.000267665952890792,"LINCS L1000","l1000_results_down","down","CPC006_A549_6H:BRD-K64890080-001-03-9:10","BRD-K64890080",NA,NA,NA,"bi-2536",0.0243415,1.61365266268564,FALSE,"Downregula NQO1",0.603557732729634
1594,"VU-0410183-2","PC3","24 h","10.0 µM",0.00638369,0.0210284,-1.20075,0.000237079184447606,"LINCS L1000","l1000_results_down","down","CPC008_PC3_24H:BRD-K74710236-001-04-8:10","BRD-K74710236",NA,NA,NA,"vu-0410183-2",0.0210284,1.67719377047135,FALSE,"Downregula NQO1",2.01389041989348
1595,"wortmannin","HA1E","24 h","10.0 µM",0.00644789,0.0248842,-0.748246,0.000280190529560101,"LINCS L1000","l1000_results_down","down","CPC006_HA1E_24H:BRD-A75409952:10","BRD-A75409952",NA,NA,NA,"wortmannin",0.0248842,1.60407631679138,FALSE,"Downregula NQO1",1.20024368773388
1596,"BRD-K88278225","MCF7","24 h","10.0 µM",0.00645104,0.0271965,-0.537749,0.000339328130302002,"LINCS L1000","l1000_results_down","down","CPC019_MCF7_24H:BRD-K88278225-001-01-9:10","BRD-K88278225",NA,NA,NA,"brd-k88278225",0.0271965,1.56548698304268,FALSE,"Downregula NQO1",0.841839059644219
1597,"ST-4029573","PC3","6 h","10.0 µM",0.00645363,0.0372401,-1.1738,0.000495785820525533,"LINCS L1000","l1000_results_down","down","CPC013_PC3_6H:BRD-K16798053-001-01-0:10","BRD-K16798053",NA,NA,NA,"st-4029573",0.0372401,1.42898916148796,FALSE,"Downregula NQO1",1.67734747775457
1598,"BG-STK33-03","NOMO1","24 h","0.0 µM",0.00647626,0.0233487,-0.672969,0.000239120038259206,"LINCS L1000","l1000_results_down","down","KMS002_NOMO1_24H:BRD-K05922103-001-01-9:0","BRD-K05922103",NA,NA,NA,"bg-stk33-03",0.0233487,1.63173729490701,FALSE,"Downregula NQO1",1.09810861561628
1599,"SN-38","HCC515","24 h","0.35 µM",0.00652829,0.0217103,-1.12714,0.000268024658268561,"LINCS L1000","l1000_results_down","down","CPC006_HCC515_24H:BRD-A36630025-001-02-6:0.35","BRD-A36630025",NA,NA,NA,"sn-38",0.0217103,1.66333417528144,FALSE,"Downregula NQO1",1.87481048232673
1600,"NVP-BEZ235","HT29","24 h","0.63 µM",0.00655072,0.027372,-0.816156,0.000317965023847377,"LINCS L1000","l1000_results_down","down","CPC006_HT29_24H:BRD-K12184916-001-03-0:0.63","BRD-K12184916",NA,NA,NA,"nvp-bez235",0.027372,1.56269346867573,FALSE,"Downregula NQO1",1.27540165062051
1601,"KF-38789","MCF7","24 h","10.0 µM",0.00656583,0.0298201,-0.897739,0.000354484225451967,"LINCS L1000","l1000_results_down","down","CPC017_MCF7_24H:BRD-A54927599-001-07-8:10","BRD-A54927599",NA,NA,NA,"kf-38789",0.0298201,1.52549090449887,FALSE,"Downregula NQO1",1.36949267911391
1602,"MRE-269","HL60","6 h","1.11111 µM",0.00656955,0.0206713,-0.86969,0.000209205020920502,"LINCS L1000","l1000_results_down","down","AML001_HL60_6H:BRD-K19706299:1.11111","BRD-K19706299",NA,NA,NA,"mre-269",0.0206713,1.68463221011325,FALSE,"Downregula NQO1",1.46510778681339
1603,"WZ-3105","PC3","6 h","10.0 µM",0.00658072,0.0221861,-0.860861,0.000253742704897234,"LINCS L1000","l1000_results_down","down","CPC014_PC3_6H:BRD-U00779237-000-01-7:10","BRD-U00779237",NA,NA,NA,"wz-3105",0.0221861,1.65391903383555,FALSE,"Downregula NQO1",1.42379439338671
1604,"tanespimycin","VCAP","48 h","5.0 µM",0.00660884,0.0197405,-0.651177,0.0002313743637205,"LINCS L1000","l1000_results_down","down","ERG005_VCAP_48H:BRD-A61304759-001-01-0:5","BRD-A61304759",NA,NA,NA,"tanespimycin",0.0197405,1.70464185143888,FALSE,"Downregula NQO1",1.11002356689442
1605,"vorinostat","MCF7","6 h","10.0 µM",0.00662484,0.0318072,-1.31012,0.000360880548538434,"LINCS L1000","l1000_results_down","down","ASG001_MCF7_6H:BRD-K81418486-001-24-4:10","BRD-K81418486",NA,NA,NA,"vorinostat",0.0318072,1.49747456031959,FALSE,"Downregula NQO1",1.9618713709659
1606,"ER-27319","MCF7","6 h","10.0 µM",0.0066438,0.018563,-1.3532,0.000220118864186661,"LINCS L1000","l1000_results_down","down","CPC017_MCF7_6H:BRD-K11927976-050-01-1:10","BRD-K11927976",NA,NA,NA,"er-27319",0.018563,1.7313518353284,FALSE,"Downregula NQO1",2.34286530356639
1607,"KM-00927","MCF7","6 h","10.0 µM",0.00667786,0.0169269,-0.599968,0.000192678227360308,"LINCS L1000","l1000_results_down","down","CPC014_MCF7_6H:BRD-K85493820-001-01-6:10","BRD-K85493820",NA,NA,NA,"km-00927",0.0169269,1.77142257149346,FALSE,"Downregula NQO1",1.06279685737379
1608,"JW-7-24-1","BT20","24 h","10.0 µM",0.0067043,0.0210536,-0.987904,0.000244498777506112,"LINCS L1000","l1000_results_down","down","LJP001_BT20_24H:BRD-K57282030-001-01-3:10","BRD-K57282030",NA,NA,NA,"jw-7-24-1",0.0210536,1.67667363253817,FALSE,"Downregula NQO1",1.65639258827899
1609,"kepone","HA1E","24 h","21.9 µM",0.00673761,0.0399499,-1.10469,0.000469043151969981,"LINCS L1000","l1000_results_down","down","CRCGN001_HA1E_24H:BRD-A68045637-001-06-9:21.9","BRD-A68045637",NA,NA,NA,"kepone",0.0399499,1.39848430344642,FALSE,"Downregula NQO1",1.54489162517423
1610,"dacinostat","VCAP","6 h","10.0 µM",0.00675748,0.0276508,-0.960555,0.000294290759270159,"LINCS L1000","l1000_results_down","down","CPC014_VCAP_6H:BRD-K56957086-001-02-2:10","BRD-K56957086",NA,NA,NA,"dacinostat",0.0276508,1.55829229905876,FALSE,"Downregula NQO1",1.49682545932239
1611,"BRD-A40431293","A375","6 h","10.0 µM",0.00678172,0.0277143,-0.85858,0.000284414106939704,"LINCS L1000","l1000_results_down","down","CPC018_A375_6H:BRD-A40431293-001-01-0:10","BRD-A40431293",NA,NA,NA,"brd-a40431293",0.0277143,1.55729608622095,FALSE,"Downregula NQO1",1.33706327370759
1612,"BRD-K40329609","A375","6 h","10.0 µM",0.00682726,0.0310518,-1.20066,0.000333444481493831,"LINCS L1000","l1000_results_down","down","CPC008_A375_6H:BRD-K40329609-019-01-5:10","BRD-K40329609",NA,NA,NA,"brd-k40329609",0.0310518,1.50791321972542,FALSE,"Downregula NQO1",1.81049108639552
1613,"BRD-K71726959","VCAP","6 h","122.55 µM",0.00683537,0.0477148,-0.985172,0.000624219725343321,"LINCS L1000","l1000_results_down","down","CPC006_VCAP_6H:BRD-K71726959-001-06-7:122.55","BRD-K71726959",NA,NA,NA,"brd-k71726959",0.0477148,1.32134689220955,FALSE,"Downregula NQO1",1.30175396049187
1614,"ellipticine","HT29","6 h","10.0 µM",0.00683974,0.0385454,-1.02808,0.000467289719626168,"LINCS L1000","l1000_results_down","down","CPC014_HT29_6H:BRD-K85985071-001-20-7:10","BRD-K85985071",NA,NA,NA,"ellipticine",0.0385454,1.41402744313359,FALSE,"Downregula NQO1",1.45373333373678
1615,"nilotinib","MCF7","6 h","10.0 µM",0.00684506,0.0383557,-0.598328,0.00039984006397441,"LINCS L1000","l1000_results_down","down","CPC014_MCF7_6H:BRD-K81528515-001-03-9:10","BRD-K81528515",NA,NA,NA,"nilotinib",0.0383557,1.4161700868754,FALSE,"Downregula NQO1",0.847334215739985
1616,"AZD-8055","MCF10A","24 h","0.4 µM",0.00690036,0.031365,-1.01622,0.000358937544867193,"LINCS L1000","l1000_results_down","down","LJP001_MCF10A_24H:BRD-K69932463-001-05-6:0.4","BRD-K69932463",NA,NA,NA,"azd-8055",0.031365,1.50355470812665,FALSE,"Downregula NQO1",1.52794236549246
1617,"BRD-A27640568","A375","6 h","10.0 µM",0.00690826,0.0365661,-0.703538,0.000388198757763975,"LINCS L1000","l1000_results_down","down","CPC012_A375_6H:BRD-A27640568-001-01-1:10","BRD-A27640568",NA,NA,NA,"brd-a27640568",0.0365661,1.43692135737594,FALSE,"Downregula NQO1",1.01092877792556
1618,"BRD-K32944375","A375","6 h","10.0 µM",0.00691555,0.0344278,-1.66831,0.000379362670713202,"LINCS L1000","l1000_results_down","down","CPC008_A375_6H:BRD-K32944375-019-01-3:10","BRD-K32944375",NA,NA,NA,"brd-k32944375",0.0344278,1.46309072862809,FALSE,"Downregula NQO1",2.44088889347753
1619,"PP-110","A375","24 h","22.2 µM",0.00692929,0.0124026,-0.678744,0.000152601861742713,"LINCS L1000","l1000_results_down","down","CPC006_A375_24H:BRD-K03618428-001-01-3:22.2","BRD-K03618428",NA,NA,NA,"pp-110",0.0124026,1.90648726263702,FALSE,"Downregula NQO1",1.2940167905913
1620,"L-690488","HA1E","6 h","10.0 µM",0.00695954,0.037102,-0.84397,0.000440722785368003,"LINCS L1000","l1000_results_down","down","CPC006_HA1E_6H:BRD-K69328504-001-01-7:10","BRD-K69328504",NA,NA,NA,"l-690488",0.037102,1.43060267891453,FALSE,"Downregula NQO1",1.2073857429235
1621,"BRD-K58288048","PC3","24 h","10.0 µM",0.00700823,0.0242852,-1.10132,0.000280269058295964,"LINCS L1000","l1000_results_down","down","CPC019_PC3_24H:BRD-K58288048-001-01-9:10","BRD-K58288048",NA,NA,NA,"brd-k58288048",0.0242852,1.61465831555769,FALSE,"Downregula NQO1",1.77825549608999
1622,"KU-0060648","A375","6 h","10.0 µM",0.00704644,0.0326013,-1.50199,0.00033921302578019,"LINCS L1000","l1000_results_down","down","CPC006_A375_6H:BRD-K09499853-305-01-1:10","BRD-K09499853",NA,NA,NA,"ku-0060648",0.0326013,1.48676508178575,FALSE,"Downregula NQO1",2.23310628519138
1623,"OSI-027","MCF10A","24 h","0.4 µM",0.00705805,0.0332984,-1.00417,0.000368052999631947,"LINCS L1000","l1000_results_down","down","LJP001_MCF10A_24H:BRD-K94294671-003-02-1:0.4","BRD-K94294671",NA,NA,NA,"osi-027",0.0332984,1.47757663399714,FALSE,"Downregula NQO1",1.48373812856091
1624,"FU-JMBII113B","MCF7","24 h","10.0 µM",0.00714108,0.0472985,-1.22296,0.000628930817610063,"LINCS L1000","l1000_results_down","down","CPC007_MCF7_24H:BRD-K61248029-001-05-2:10","BRD-K61248029",NA,NA,NA,"fu-jmbii113b",0.0472985,1.32515263203285,FALSE,"Downregula NQO1",1.6206086628709
1625,"niclosamide","PC3","6 h","10.0 µM",0.0072399,0.0458527,-0.9036,0.000564015792442188,"LINCS L1000","l1000_results_down","down","CPC004_PC3_6H:BRD-K35960502-001-10-1:10","BRD-K35960502",NA,NA,NA,"niclosamide",0.0458527,1.33863508615368,FALSE,"Downregula NQO1",1.20959066384847
1626,"SA-25547","PC3","6 h","10.0 µM",0.00737963,0.0471263,-0.943194,0.000510725229826353,"LINCS L1000","l1000_results_down","down","CPC019_PC3_6H:BRD-K96076993-001-01-7:10","BRD-K96076993",NA,NA,NA,"sa-25547",0.0471263,1.32673665641396,FALSE,"Downregula NQO1",1.25137005390971
1627,"apicidin","MCF7","6 h","10.0 µM",0.0074748,0.023273,-0.743723,0.000233808744447042,"LINCS L1000","l1000_results_down","down","CPC013_MCF7_6H:BRD-K64606589-001-01-9:10","BRD-K64606589",NA,NA,NA,"apicidin",0.023273,1.63314763048774,FALSE,"Downregula NQO1",1.21460945518923
1628,"BRD-K12238169","VCAP","6 h","10.0 µM",0.0074963,0.0242698,-0.756941,0.000263019463440295,"LINCS L1000","l1000_results_down","down","CPC007_VCAP_6H:BRD-K12238169-001-04-6:10","BRD-K12238169",NA,NA,NA,"brd-k12238169",0.0242698,1.61493380254134,FALSE,"Downregula NQO1",1.22240960742944
1629,"SA-247714","PC3","24 h","10.0 µM",0.00751182,0.034527,-1.07293,0.00033167495854063,"LINCS L1000","l1000_results_down","down","CPC019_PC3_24H:BRD-K35424586-001-02-4:10","BRD-K35424586",NA,NA,NA,"sa-247714",0.034527,1.46184115521692,FALSE,"Downregula NQO1",1.56845323066689
1630,"A-443644","MCF7","6 h","2.0 µM",0.00754929,0.0178773,-0.930219,0.000189000189000189,"LINCS L1000","l1000_results_down","down","LJP001_MCF7_6H:BRD-K38615104-001-08-4:2","BRD-K38615104",NA,NA,NA,"a-443644",0.0178773,1.74769807187371,FALSE,"Downregula NQO1",1.62574195272029
1631,"trichostatin-a","PC3","24 h","10.0 µM",0.00763921,0.0154984,-0.797289,0.000159159637116027,"LINCS L1000","l1000_results_down","down","CPC001_PC3_24H:BRD-A19037878:10","BRD-A19037878",NA,NA,NA,"trichostatin-a",0.0154984,1.80971313454183,FALSE,"Downregula NQO1",1.44286437532572
1632,"gemcitabine","MCF7","24 h","0.08 µM",0.0076639,0.0239321,-0.638927,0.000220994475138121,"LINCS L1000","l1000_results_down","down","CPC006_MCF7_24H:BRD-K15108141-001-01-7:0.08","BRD-K15108141",NA,NA,NA,"gemcitabine",0.0239321,1.62101919113179,FALSE,"Downregula NQO1",1.03571292873226
1633,"IKK-2-inhibitor-V","MCF7","24 h","10.0 µM",0.0076959,0.0231584,-1.20741,0.00021953896816685,"LINCS L1000","l1000_results_down","down","CPC018_MCF7_24H:BRD-K74305673-001-02-1:10","BRD-K74305673",NA,NA,NA,"ikk-2-inhibitor-v",0.0231584,1.63529144905404,FALSE,"Downregula NQO1",1.97446724850234
1634,"PIK-75","A375","24 h","0.09 µM",0.00773204,0.0184707,-0.658624,0.000197433366238894,"LINCS L1000","l1000_results_down","down","CPC006_A375_24H:BRD-K49371609-310-01-1:0.09","BRD-K49371609",NA,NA,NA,"pik-75",0.0184707,1.73351664541646,FALSE,"Downregula NQO1",1.14173566707077
1635,"idarubicin","MCF7","6 h","3.33 µM",0.00773929,0.0287546,-0.901077,0.000295420974889217,"LINCS L1000","l1000_results_down","down","HOG003_MCF7_6H:BRD-A71390734-001-01-7:3.33","BRD-A71390734",NA,NA,NA,"idarubicin",0.0287546,1.54129266941562,FALSE,"Downregula NQO1",1.38882337467902
1636,"QL-XII-47","PC3","24 h","10.0 µM",0.00775527,0.0288304,-1.31974,0.000303674460977832,"LINCS L1000","l1000_results_down","down","CPC014_PC3_24H:BRD-U86922168-000-01-3:10","BRD-U86922168",NA,NA,NA,"ql-xii-47",0.0288304,1.54014933206245,FALSE,"Downregula NQO1",2.03259667949609
1637,"BRD-A31946439","HT29","6 h","10.0 µM",0.00775908,0.0231739,-1.10627,0.000238777459407832,"LINCS L1000","l1000_results_down","down","CPC008_HT29_6H:BRD-A31946439-019-01-5:10","BRD-A31946439",NA,NA,NA,"brd-a31946439",0.0231739,1.63500087143451,FALSE,"Downregula NQO1",1.80875241404186
1638,"trichostatin-a","PC3","24 h","0.63 µM",0.00776842,0.0230097,-1.23994,0.000237473284255521,"LINCS L1000","l1000_results_down","down","PCLB001_PC3_24H:BRD-A19037878-001-02-3:0.63","BRD-A19037878",NA,NA,NA,"trichostatin-a",0.0230097,1.63808904361705,FALSE,"Downregula NQO1",2.03113212874253
1639,"BRD-K03371390","VCAP","6 h","10.0 µM",0.00778229,0.0426208,-0.926509,0.000560224089635854,"LINCS L1000","l1000_results_down","down","CPC007_VCAP_6H:BRD-K03371390-001-06-2:10","BRD-K03371390",NA,NA,NA,"brd-k03371390",0.0426208,1.37037840276061,FALSE,"Downregula NQO1",1.26966792356333
1640,"BRD-K29003210","PC3","24 h","10.0 µM",0.0078274,0.0410409,-1.09306,0.000438020148926851,"LINCS L1000","l1000_results_down","down","CPC012_PC3_24H:BRD-K29003210-001-06-9:10","BRD-K29003210",NA,NA,NA,"brd-k29003210",0.0410409,1.38678312399887,FALSE,"Downregula NQO1",1.51583716151821
1641,"LDN-193189","HCC515","6 h","10.0 µM",0.0078448,0.0275119,-0.983377,0.000265111346765642,"LINCS L1000","l1000_results_down","down","CPC006_HCC515_6H:BRD-K04853698-003-01-4:10","BRD-K04853698",NA,NA,NA,"ldn-193189",0.0275119,1.56047941575275,FALSE,"Downregula NQO1",1.53453956642469
1642,"BX-912","VCAP","24 h","10.0 µM",0.00786613,0.0410795,-0.949957,0.000386697602474865,"LINCS L1000","l1000_results_down","down","CPC014_VCAP_24H:BRD-K49669041-001-02-7:10","BRD-K49669041",NA,NA,NA,"bx-912",0.0410795,1.38637485106703,FALSE,"Downregula NQO1",1.31699649439508
1643,"puromycin","A375","6 h","10.0 µM",0.00789747,0.048796,-0.818952,0.000498753117206983,"LINCS L1000","l1000_results_down","down","CPC016_A375_6H:BRD-K36007650-300-02-3:10","BRD-K36007650",NA,NA,NA,"puromycin",0.048796,1.31161577736465,FALSE,"Downregula NQO1",1.07415036410434
1644,"BRD-K84203638","MCF7","6 h","10.0 µM",0.00795031,0.0436483,-0.396897,0.000464468183929401,"LINCS L1000","l1000_results_down","down","CPC007_MCF7_6H:BRD-K84203638-019-03-0:10","BRD-K84203638",NA,NA,NA,"brd-k84203638",0.0436483,1.36003266639132,FALSE,"Downregula NQO1",0.539792885192717
1645,"trichostatin-a","A375","24 h","2.5 µM",0.00795285,0.0122497,-0.724033,0.000137779002480022,"LINCS L1000","l1000_results_down","down","BRAF001_A375_24H:BRD-A19037878-001-01-5:2.5","BRD-A19037878",NA,NA,NA,"trichostatin-a",0.0122497,1.91187454721292,FALSE,"Downregula NQO1",1.38426026404221
1646,"vorinostat","PC3","24 h","10.0 µM",0.00804343,0.0172904,-1.03495,0.000156862745098039,"LINCS L1000","l1000_results_down","down","CPC001_PC3_24H:BRD-K81418486:10","BRD-K81418486",NA,NA,NA,"vorinostat",0.0172904,1.7621949595437,FALSE,"Downregula NQO1",1.82378367337975
1647,"mitoxantrone","PC3","24 h","10.0 µM",0.00812297,0.0154179,-1.01414,0.000155110904296572,"LINCS L1000","l1000_results_down","down","CPC005_PC3_24H:BRD-K21680192-300-06-0:10","BRD-K21680192",NA,NA,NA,"mitoxantrone",0.0154179,1.81197477547573,FALSE,"Downregula NQO1",1.83759609880095
1648,"GSK-1059615","PC3","24 h","10.0 µM",0.00814676,0.0285868,-1.05781,0.000282805429864253,"LINCS L1000","l1000_results_down","down","CPC020_PC3_24H:BRD-K06750613-001-01-6:10","BRD-K06750613",NA,NA,NA,"gsk-1059615",0.0285868,1.54383445674844,FALSE,"Downregula NQO1",1.63308352669307
1649,"tacedinaline","PC3","24 h","2.5 µM",0.00817279,0.0216322,-0.734141,0.000167954316425932,"LINCS L1000","l1000_results_down","down","HDAC001_PC3_24H:BRD-K52313696-001-08-1:2.5","BRD-K52313696",NA,NA,NA,"tacedinaline",0.0216322,1.6648993104604,FALSE,"Downregula NQO1",1.22227084468071
1650,"BRD-K99582188","PC3","24 h","10.0 µM",0.00820657,0.0461941,-1.09586,0.000505050505050505,"LINCS L1000","l1000_results_down","down","CPC010_PC3_24H:BRD-K99582188-001-04-0:10","BRD-K99582188",NA,NA,NA,"brd-k99582188",0.0461941,1.33541348983499,FALSE,"Downregula NQO1",1.46342622697057
1651,"BRD-K48974000","VCAP","6 h","10.0 µM",0.00821886,0.029788,-0.738965,0.000289771080846132,"LINCS L1000","l1000_results_down","down","CPC007_VCAP_6H:BRD-K48974000-001-06-2:10","BRD-K48974000",NA,NA,NA,"brd-k48974000",0.029788,1.52595865482867,FALSE,"Downregula NQO1",1.12763003736547
1652,"rotenone","MCF7","24 h","0.63 µM",0.00836629,0.0312742,-0.622098,0.000284010224368077,"LINCS L1000","l1000_results_down","down","CPC006_MCF7_24H:BRD-K08316444-001-04-3:0.63","BRD-K08316444",NA,NA,NA,"rotenone",0.0312742,1.50481379082812,FALSE,"Downregula NQO1",0.936141649646593
1653,"XMD-16144","MCF7","6 h","10.0 µM",0.00838561,0.0261465,-0.787603,0.000227998176014592,"LINCS L1000","l1000_results_down","down","CPC014_MCF7_6H:BRD-U29336476-000-01-3:10","BRD-U29336476",NA,NA,NA,"xmd-16144",0.0261465,1.58258643805555,FALSE,"Downregula NQO1",1.24644982637186
1654,"BRD-K84203638","MCF7","24 h","10.0 µM",0.00844097,0.0341132,-1.06604,0.000356887937187723,"LINCS L1000","l1000_results_down","down","CPC007_MCF7_24H:BRD-K84203638-001-05-3:10","BRD-K84203638",NA,NA,NA,"brd-k84203638",0.0341132,1.46707753954431,FALSE,"Downregula NQO1",1.56396334025581
1655,"BRD-K61717269","VCAP","24 h","10.0 µM",0.00847607,0.0244996,-0.83417,0.000234631628343501,"LINCS L1000","l1000_results_down","down","CPC012_VCAP_24H:BRD-K61717269-001-01-4:10","BRD-K61717269",NA,NA,NA,"brd-k61717269",0.0244996,1.6108410062155,FALSE,"Downregula NQO1",1.34371524215479
1656,"BRD-K06009608","PC3","24 h","10.0 µM",0.0085796,0.0329227,-1.04876,0.000294464075382803,"LINCS L1000","l1000_results_down","down","CPC020_PC3_24H:BRD-K06009608-001-01-4:10","BRD-K06009608",NA,NA,NA,"brd-k06009608",0.0329227,1.48250455538512,FALSE,"Downregula NQO1",1.5547914775057
1657,"LDN-193189","MCF7","6 h","10.0 µM",0.00858338,0.0233747,-0.66378,0.000206440957886045,"LINCS L1000","l1000_results_down","down","CPC006_MCF7_6H:BRD-K04853698-003-01-4:10","BRD-K04853698",NA,NA,NA,"ldn-193189",0.0233747,1.63125395432414,FALSE,"Downregula NQO1",1.08279374980127
1658,"ZG-10","HT29","6 h","10.0 µM",0.00859475,0.0265337,-0.741595,0.000261437908496732,"LINCS L1000","l1000_results_down","down","CPC014_HT29_6H:BRD-U51951544-000-01-8:10","BRD-U51951544",NA,NA,NA,"zg-10",0.0265337,1.57620218546655,FALSE,"Downregula NQO1",1.16890365973107
1659,"CCCP","PC3","24 h","10.0 µM",0.00860064,0.0380578,-0.950905,0.000351000351000351,"LINCS L1000","l1000_results_down","down","CPC003_PC3_24H:BRD-K15616905-001-01-5:10","BRD-K15616905",NA,NA,NA,"cccp",0.0380578,1.41955632050185,FALSE,"Downregula NQO1",1.34986320294681
1660,"GDC-0941","BT20","24 h","10.0 µM",0.00861421,0.0226712,-0.753772,0.000206953642384106,"LINCS L1000","l1000_results_down","down","LJP001_BT20_24H:BRD-K52911425-001-04-9:10","BRD-K52911425",NA,NA,NA,"gdc-0941",0.0226712,1.64452549180178,FALSE,"Downregula NQO1",1.23959726900641
1661,"BRD-K40329609","VCAP","6 h","10.0 µM",0.00861532,0.0255624,-0.889029,0.000229095074455899,"LINCS L1000","l1000_results_down","down","CPC008_VCAP_6H:BRD-K40329609-019-01-5:10","BRD-K40329609",NA,NA,NA,"brd-k40329609",0.0255624,1.59239837360342,FALSE,"Downregula NQO1",1.41568833368628
1662,"vorinostat","MCF7","6 h","10.0 µM",0.0086682,0.0227783,-0.672577,0.000193723363037582,"LINCS L1000","l1000_results_down","down","CPC014_MCF7_6H:BRD-K81418486:10","BRD-K81418486",NA,NA,NA,"vorinostat",0.0227783,1.64247869150227,FALSE,"Downregula NQO1",1.10469339089452
1663,"ON-01910","MCF7","24 h","10.0 µM",0.00887956,0.0491743,-0.899402,0.000505050505050505,"LINCS L1000","l1000_results_down","down","CPC013_MCF7_24H:BRD-K35687265-236-01-8:10","BRD-K35687265",NA,NA,NA,"on-01910",0.0491743,1.30826181358048,FALSE,"Downregula NQO1",1.17665329165791
1664,"BRD-K41924482","ASC","24 h","10.0 µM",0.00892263,0.0299953,-1.07331,0.000299940011997601,"LINCS L1000","l1000_results_down","down","CPC012_ASC_24H:BRD-K41924482-001-01-2:10","BRD-K41924482",NA,NA,NA,"brd-k41924482",0.0299953,1.52294679007948,FALSE,"Downregula NQO1",1.63459401926021
1665,"BRD-K41797142","VCAP","6 h","10.0 µM",0.00892769,0.0227728,-0.733223,0.000219876868953386,"LINCS L1000","l1000_results_down","down","CPC007_VCAP_6H:BRD-K41797142-001-05-5:10","BRD-K41797142",NA,NA,NA,"brd-k41797142",0.0227728,1.64258356798877,FALSE,"Downregula NQO1",1.20438005147143
1666,"BAY-11-7821","A375","6 h","10.0 µM",0.00894498,0.0194756,-0.830063,0.000182515057492243,"LINCS L1000","l1000_results_down","down","CPC018_A375_6H:BRD-K15025317-001-11-0:10","BRD-K15025317",NA,NA,NA,"bay-11-7821",0.0194756,1.71050915380045,FALSE,"Downregula NQO1",1.41983035973106
1667,"emetine","HCC515","6 h","0.63 µM",0.0089707,0.0396348,-1.03081,0.000389559797428905,"LINCS L1000","l1000_results_down","down","CPC006_HCC515_6H:BRD-K01976263-003-04-5:0.63","BRD-K01976263",NA,NA,NA,"emetine",0.0396348,1.40192332894568,FALSE,"Downregula NQO1",1.4451165867105
1668,"torin-2","MCF7","6 h","10.0 µM",0.00897506,0.0350564,-0.911747,0.000330687830687831,"LINCS L1000","l1000_results_down","down","LJP001_MCF7_6H:BRD-K68174511-001-02-5:10","BRD-K68174511",NA,NA,NA,"torin-2",0.0350564,1.45523268437483,FALSE,"Downregula NQO1",1.3268040342807
1669,"QL-XII-47","MCF7","6 h","10.0 µM",0.00899127,0.0226107,-1.13019,0.000217108119843682,"LINCS L1000","l1000_results_down","down","LJP001_MCF7_6H:BRD-K99252563-001-01-1:10","BRD-K99252563",NA,NA,NA,"ql-xii-47",0.0226107,1.64568599221318,FALSE,"Downregula NQO1",1.85993785153941
1670,"YM-155","PC3","24 h","10.0 µM",0.00900033,0.0238794,-0.990967,0.000223363859727496,"LINCS L1000","l1000_results_down","down","CPC013_PC3_24H:BRD-K24681473-004-01-4:10","BRD-K24681473",NA,NA,NA,"ym-155",0.0238794,1.62197658960141,FALSE,"Downregula NQO1",1.60732527506754
1671,"etoposide","MCF7","6 h","10.0 µM",0.00902643,0.0439346,-0.676439,0.000419815281276238,"LINCS L1000","l1000_results_down","down","CPC005_MCF7_6H:BRD-A18419789-001-01-4:10","BRD-A18419789",NA,NA,NA,"etoposide",0.0439346,1.35719332325347,FALSE,"Downregula NQO1",0.918058494388253
1672,"WYE-125132","MDAMB231","24 h","0.4 µM",0.00903232,0.0325825,-0.807693,0.000291290416545296,"LINCS L1000","l1000_results_down","down","LJP001_MDAMB231_24H:BRD-A45498368-001-03-0:0.4","BRD-A45498368",NA,NA,NA,"wye-125132",0.0325825,1.48701559606955,FALSE,"Downregula NQO1",1.2010520878362
1673,"tunicamycin","PC3","24 h","10.0 µM",0.00907412,0.0423138,-0.860704,0.000383288616328095,"LINCS L1000","l1000_results_down","down","CPC012_PC3_24H:BRD-K10573841-001-01-0:10","BRD-K10573841",NA,NA,NA,"tunicamycin",0.0423138,1.37351797100703,FALSE,"Downregula NQO1",1.18219241171764
1674,"STK-111867","PC3","6 h","10.0 µM",0.00918021,0.0261982,-0.796664,0.000241779497098646,"LINCS L1000","l1000_results_down","down","CPC007_PC3_6H:BRD-A89352139-001-07-5:10","BRD-A89352139",NA,NA,NA,"stk-111867",0.0261982,1.58172854673071,FALSE,"Downregula NQO1",1.26010619095268
1675,"KU-0063794","SW948","6 h","10.0 µM",0.00919427,0.0357371,-1.05652,0.000322061191626409,"LINCS L1000","l1000_results_down","down","CPC006_SW948_6H:BRD-K67566344-001-01-8:10","BRD-K67566344",NA,NA,NA,"ku-0063794",0.0357371,1.44688069259975,FALSE,"Downregula NQO1",1.52865838934548
1676,"AZD-7762","SKBR3","6 h","10.0 µM",0.00921838,0.0357427,-0.920329,0.000337268128161889,"LINCS L1000","l1000_results_down","down","LJP001_SKBR3_6H:BRD-K46056750-001-02-1:10","BRD-K46056750",NA,NA,NA,"azd-7762",0.0357427,1.44681264402928,FALSE,"Downregula NQO1",1.33154363386682
1677,"PP-110","HA1E","24 h","22.2 µM",0.009324,0.0202424,-0.713977,0.000176740897843761,"LINCS L1000","l1000_results_down","down","CPC006_HA1E_24H:BRD-K03618428-001-01-3:22.2","BRD-K03618428",NA,NA,NA,"pp-110",0.0202424,1.69373799751581,FALSE,"Downregula NQO1",1.20928997425234
1678,"KU-0060648","HA1E","6 h","10.0 µM",0.00940135,0.033837,-0.71576,0.00026281208935611,"LINCS L1000","l1000_results_down","down","CPC006_HA1E_6H:BRD-K09499853-305-01-1:10","BRD-K09499853",NA,NA,NA,"ku-0060648",0.033837,1.47060814862359,FALSE,"Downregula NQO1",1.05260248845882
1679,"QL-X-138","MCF7","6 h","10.0 µM",0.00945265,0.0406945,-0.470292,0.000367511944138185,"LINCS L1000","l1000_results_down","down","CPC014_MCF7_6H:BRD-U33728988-000-01-6:10","BRD-U33728988",NA,NA,NA,"ql-x-138",0.0406945,1.39046428318407,FALSE,"Downregula NQO1",0.653924228667204
1680,"alvocidib","MCF10A","24 h","0.4 µM",0.00950849,0.0186946,-0.860287,0.000173310225303293,"LINCS L1000","l1000_results_down","down","LJP001_MCF10A_24H:BRD-K87909389-001-04-6:0.4","BRD-K87909389",NA,NA,NA,"alvocidib",0.0186946,1.72828382281526,FALSE,"Downregula NQO1",1.48682010507827
1681,"entinostat","MCF7","6 h","10.0 µM",0.00957493,0.0439074,-0.465968,0.000343053173241853,"LINCS L1000","l1000_results_down","down","CPC014_MCF7_6H:BRD-K77908580-001-05-4:10","BRD-K77908580",NA,NA,NA,"entinostat",0.0439074,1.35746227911252,FALSE,"Downregula NQO1",0.632533983273502
1682,"PAC-1","MCF7","24 h","10.0 µM",0.00969175,0.0314463,-0.606975,0.000234741784037559,"LINCS L1000","l1000_results_down","down","CPC006_MCF7_24H:BRD-K92991072-001-02-3:10","BRD-K92991072",NA,NA,NA,"pac-1",0.0314463,1.50243044669291,FALSE,"Downregula NQO1",0.911937720381426
1683,"apicidin","ASC","24 h","10.0 µM",0.00979948,0.0377404,-1.2197,0.000338868180277872,"LINCS L1000","l1000_results_down","down","CPC013_ASC_24H:BRD-K64606589-001-01-9:10","BRD-K64606589",NA,NA,NA,"apicidin",0.0377404,1.4231935011803,FALSE,"Downregula NQO1",1.73586911338962
1684,"pirarubicin","MCF7","6 h","10.0 µM",0.0098658,0.0263356,-0.473808,0.000220604456210015,"LINCS L1000","l1000_results_down","down","CPC014_MCF7_6H:BRD-K83794624-001-01-7:10","BRD-K83794624",NA,NA,NA,"pirarubicin",0.0263356,1.57945678272815,FALSE,"Downregula NQO1",0.748359259310861
1685,"PHA-793887","MDAMB231","6 h","10.0 µM",0.009872,0.025408,-0.817304,0.000229568411386593,"LINCS L1000","l1000_results_down","down","LJP001_MDAMB231_6H:BRD-K64800655-001-03-3:10","BRD-K64800655",NA,NA,NA,"pha-793887",0.025408,1.595029519253,FALSE,"Downregula NQO1",1.30362400620355
1686,"nilotinib","PC3","24 h","10.0 µM",0.00988951,0.0317457,-1.74226,0.000290107339715695,"LINCS L1000","l1000_results_down","down","CPC014_PC3_24H:BRD-K81528515-001-03-9:10","BRD-K81528515",NA,NA,NA,"nilotinib",0.0317457,1.49831509219065,FALSE,"Downregula NQO1",2.61045445252008
1687,"tyrphostin-AG-1478","VCAP","24 h","56.78 µM",0.0100813,0.0249269,-0.98329,0.000208986415882968,"LINCS L1000","l1000_results_down","down","CPC006_VCAP_24H:BRD-K68336408-001-04-2:56.78","BRD-K68336408",NA,NA,NA,"tyrphostin-ag-1478",0.0249269,1.60333172858033,FALSE,"Downregula NQO1",1.57654005539575
1688,"PLX-4720","A375","6 h","10.0 µM",0.0101121,0.0301561,-0.810834,0.000228362639872117,"LINCS L1000","l1000_results_down","down","BRAF001_A375_6H:BRD-K16478699-001-05-0:10","BRD-K16478699",NA,NA,NA,"plx-4720",0.0301561,1.52062482520274,FALSE,"Downregula NQO1",1.23297430951844
1689,"BJM-CSC-15","PC3","24 h","10.0 µM",0.0101146,0.026202,-1.03954,0.000233590282644242,"LINCS L1000","l1000_results_down","down","CPC019_PC3_24H:BRD-A32595718-001-02-7:10","BRD-A32595718",NA,NA,NA,"bjm-csc-15",0.026202,1.58166555769502,FALSE,"Downregula NQO1",1.64420461384628
1690,"vorinostat","A375","24 h","10.0 µM",0.0101365,0.0175411,-0.641881,0.000149432157800359,"LINCS L1000","l1000_results_down","down","CPC006_A375_24H:BRD-K81418486:10","BRD-K81418486",NA,NA,NA,"vorinostat",0.0175411,1.755943175568,FALSE,"Downregula NQO1",1.12710656147676
1691,"BRD-K00007652","MCF7","24 h","10.0 µM",0.0101844,0.0291575,-0.427056,0.00024703557312253,"LINCS L1000","l1000_results_down","down","CPC019_MCF7_24H:BRD-K00007652-001-01-9:10","BRD-K00007652",NA,NA,NA,"brd-k00007652",0.0291575,1.53524971570213,FALSE,"Downregula NQO1",0.655637602588888
1692,"BRD-K37043259","MCF7","24 h","10.0 µM",0.0102255,0.0312392,-0.801569,0.000241545893719807,"LINCS L1000","l1000_results_down","down","CPC019_MCF7_24H:BRD-K37043259-001-01-8:10","BRD-K37043259",NA,NA,NA,"brd-k37043259",0.0312392,1.50530009643476,FALSE,"Downregula NQO1",1.20660189299911
1693,"pidorubicine","MCF7","6 h","10.0 µM",0.0102717,0.0374084,-1.15381,0.000291375291375291,"LINCS L1000","l1000_results_down","down","CPC004_MCF7_6H:BRD-K04548931-003-05-8:10","BRD-K04548931",NA,NA,NA,"pidorubicine",0.0374084,1.42703086667565,FALSE,"Downregula NQO1",1.64652248427904
1694,"BRD-K01621458","HA1E","6 h","0.625 µM",0.0102845,0.0443998,-1.0916,0.000385356454720617,"LINCS L1000","l1000_results_down","down","HDAC002_HA1E_6H:BRD-K01621458-001-01-2:0.625","BRD-K01621458",NA,NA,NA,"brd-k01621458",0.0443998,1.35261898617124,FALSE,"Downregula NQO1",1.47651888530452
1695,"nutlin-3","A375","24 h","44.4 µM",0.0103198,0.0212681,-0.598309,0.000184433788270011,"LINCS L1000","l1000_results_down","down","CPC006_A375_24H:BRD-A12230535-001-02-6:44.4","BRD-A12230535",NA,NA,NA,"nutlin-3",0.0212681,1.67227130635362,FALSE,"Downregula NQO1",1.00053497303313
1696,"PHA-793887","MCF7","6 h","10.0 µM",0.0103479,0.0225665,-0.79265,0.000182848784055586,"LINCS L1000","l1000_results_down","down","CPC014_MCF7_6H:BRD-K64800655-001-01-7:10","BRD-K64800655",NA,NA,NA,"pha-793887",0.0225665,1.64653579353884,FALSE,"Downregula NQO1",1.30512659674856
1697,"PP-110","HCC515","24 h","22.2 µM",0.0103817,0.0327637,-1.06432,0.000266098988823843,"LINCS L1000","l1000_results_down","down","CPC006_HCC515_24H:BRD-K03618428-001-01-3:22.2","BRD-K03618428",NA,NA,NA,"pp-110",0.0327637,1.48460705932778,FALSE,"Downregula NQO1",1.58009698538374
1698,"MD-049","PC3","24 h","10.0 µM",0.0104605,0.0456825,-0.99117,0.000416840350145894,"LINCS L1000","l1000_results_down","down","CPC012_PC3_24H:BRD-K74797618-001-01-9:10","BRD-K74797618",NA,NA,NA,"md-049",0.0456825,1.34025013710688,FALSE,"Downregula NQO1",1.32841572839623
1699,"BRD-K70891562","PC3","24 h","10.0 µM",0.0104871,0.0496761,-0.906906,0.000387747188832881,"LINCS L1000","l1000_results_down","down","CPC012_PC3_24H:BRD-K70891562-001-01-0:10","BRD-K70891562",NA,NA,NA,"brd-k70891562",0.0496761,1.30385250733559,FALSE,"Downregula NQO1",1.18247166201769
1700,"VX-702","PC3","24 h","10.0 µM",0.0105193,0.0263136,-1.27203,0.000210128178188695,"LINCS L1000","l1000_results_down","down","CPC014_PC3_24H:BRD-K07736136-001-01-2:10","BRD-K07736136",NA,NA,NA,"vx-702",0.0263136,1.57981973142093,FALSE,"Downregula NQO1",2.00957809295937
1701,"CGP-60474","MDAMB231","6 h","0.08 µM",0.0106782,0.0277296,-0.885292,0.000232396002788752,"LINCS L1000","l1000_results_down","down","LJP001_MDAMB231_6H:BRD-K79090631-001-18-1:0.08","BRD-K79090631",NA,NA,NA,"cgp-60474",0.0277296,1.557056395083,FALSE,"Downregula NQO1",1.37844957011582
1702,"AZD-7762","PC3","24 h","10.0 µM",0.0107267,0.0381204,-1.15591,0.000290613193839,"LINCS L1000","l1000_results_down","down","CPC013_PC3_24H:BRD-K46056750-001-01-3:10","BRD-K46056750",NA,NA,NA,"azd-7762",0.0381204,1.41884255092769,FALSE,"Downregula NQO1",1.64005429304283
1703,"BRD-K35004659","A375","6 h","10.0 µM",0.0107829,0.0454504,-0.809335,0.000348553502962705,"LINCS L1000","l1000_results_down","down","CPC012_A375_6H:BRD-K35004659-001-01-8:10","BRD-K35004659",NA,NA,NA,"brd-k35004659",0.0454504,1.34246229028517,FALSE,"Downregula NQO1",1.08650171770795
1704,"JAK3-inhibitor-VI","VCAP","24 h","10.0 µM",0.0108259,0.0428799,-1.30573,0.000332115576220525,"LINCS L1000","l1000_results_down","down","CPC001_VCAP_24H:BRD-K04546108-066-01-5:10","BRD-K04546108",NA,NA,NA,"jak3-inhibitor-vi",0.0428799,1.36774623613009,FALSE,"Downregula NQO1",1.78590729290214
1705,"vorinostat","MCF7","24 h","11.1 µM",0.0108482,0.0187479,-0.59211,0.000138927479855515,"LINCS L1000","l1000_results_down","down","CPC006_MCF7_24H:BRD-K81418486-001-13-7:11.1","BRD-K81418486",NA,NA,NA,"vorinostat",0.0187479,1.72704737164233,FALSE,"Downregula NQO1",1.02260201922314
1706,"artesunate","MCF7","24 h","10.0 µM",0.0108629,0.0325257,-0.651461,0.000244618395303327,"LINCS L1000","l1000_results_down","down","CPC006_MCF7_24H:BRD-A47829399-001-01-1:10","BRD-A47829399",NA,NA,NA,"artesunate",0.0325257,1.48777334802184,FALSE,"Downregula NQO1",0.969226313075657
1707,"vinblastine","HA1E","24 h","10.0 µM",0.0108731,0.0264616,-0.672369,0.000226603217765692,"LINCS L1000","l1000_results_down","down","CRCGN004_HA1E_24H:BRD-A85648045-001-01-6:10UM","BRD-A85648045",NA,NA,NA,"vinblastine",0.0264616,1.57738389974931,FALSE,"Downregula NQO1",1.06058403529055
1708,"trichostatin-a","MCF7","24 h","1.0 µM",0.0110149,0.0226629,-0.841481,0.0001573564122738,"LINCS L1000","l1000_results_down","down","DEB001_MCF7_24H:BRD-A19037878-001-04-9:1","BRD-A19037878",NA,NA,NA,"trichostatin-a",0.0226629,1.64468451753473,FALSE,"Downregula NQO1",1.38397077249964
1709,"homoharringtonine","PC3","6 h","10.0 µM",0.0110396,0.0308522,-0.771217,0.000226039783001808,"LINCS L1000","l1000_results_down","down","CPC001_PC3_6H:BRD-K76674262-001-01-7:10","BRD-K76674262",NA,NA,NA,"homoharringtonine",0.0308522,1.51071386197777,FALSE,"Downregula NQO1",1.16508821249291
1710,"CGP-60474","BT20","6 h","2.0 µM",0.0110724,0.031757,-0.673695,0.000240963855421687,"LINCS L1000","l1000_results_down","down","LJP001_BT20_6H:BRD-K79090631-001-18-1:2","BRD-K79090631",NA,NA,NA,"cgp-60474",0.031757,1.49816053096105,FALSE,"Downregula NQO1",1.00930325890581
1711,"teniposide","HA1E","24 h","1.25 µM",0.0110795,0.025775,-0.684447,0.00019252984212553,"LINCS L1000","l1000_results_down","down","CPC006_HA1E_24H:BRD-A35588707-001-03-0:1.25","BRD-A35588707",NA,NA,NA,"teniposide",0.025775,1.58880132604445,FALSE,"Downregula NQO1",1.08745030120714
1712,"alvespimycin","PC3","24 h","10.0 µM",0.0110827,0.022952,-0.61366,0.000157554750275721,"LINCS L1000","l1000_results_down","down","ASG001_PC3_24H:BRD-A06304526-001-01-0:10","BRD-A06304526",NA,NA,NA,"alvespimycin",0.022952,1.63917946476206,FALSE,"Downregula NQO1",1.00589887034588
1713,"BI-2536","HA1E","6 h","10.0 µM",0.0110905,0.0342958,-0.877167,0.000232558139534884,"LINCS L1000","l1000_results_down","down","CPC006_HA1E_6H:BRD-K64890080-001-03-9:10","BRD-K64890080",NA,NA,NA,"bi-2536",0.0342958,1.4647590621295,FALSE,"Downregula NQO1",1.28483831225095
1714,"BRD-K98824517","A375","6 h","10.0 µM",0.0110984,0.0368095,-1.09451,0.000244259892525647,"LINCS L1000","l1000_results_down","down","CPC019_A375_6H:BRD-K98824517-001-06-4:10","BRD-K98824517",NA,NA,NA,"brd-k98824517",0.0368095,1.43404008173062,FALSE,"Downregula NQO1",1.56957120985498
1715,"VU-0418946-1","A375","6 h","10.0 µM",0.0111078,0.0398348,-0.736063,0.000271591526344378,"LINCS L1000","l1000_results_down","down","CPC012_A375_6H:BRD-K44432556-001-01-4:10","BRD-K44432556",NA,NA,NA,"vu-0418946-1",0.0398348,1.39973735897072,FALSE,"Downregula NQO1",1.03029487965607
1716,"CD-1530","HT29","6 h","40.0 µM",0.0111168,0.0339109,-0.740157,0.000230361667818475,"LINCS L1000","l1000_results_down","down","CPC006_HT29_6H:BRD-K25737009-001-02-0:40","BRD-K25737009",NA,NA,NA,"cd-1530",0.0339109,1.46966068383304,FALSE,"Downregula NQO1",1.08777964276381
1717,"trichostatin-a","MCF7","6 h","10.0 µM",0.0111212,0.0286331,-0.0902915,0.000186150409530901,"LINCS L1000","l1000_results_down","down","DEB001_MCF7_6H:BRD-A19037878-001-04-9:10","BRD-A19037878",NA,NA,NA,"trichostatin-a",0.0286331,1.54313162997312,FALSE,"Downregula NQO1",0.139331669567718
1718,"CAY-10594","MCF7","6 h","20.0 µM",0.0112443,0.0466534,-0.543108,0.000338638672536404,"LINCS L1000","l1000_results_down","down","CPC006_MCF7_6H:BRD-K61662457-001-02-2:20","BRD-K61662457",NA,NA,NA,"cay-10594",0.0466534,1.33111670031123,FALSE,"Downregula NQO1",0.722940128872634
1719,"panobinostat","PC3","24 h","0.625 µM",0.0113391,0.0189863,-0.580098,0.000136351240796291,"LINCS L1000","l1000_results_down","down","HDAC001_PC3_24H:BRD-K02130563-001-05-6:0.625","BRD-K02130563",NA,NA,NA,"panobinostat",0.0189863,1.72155966117905,FALSE,"Downregula NQO1",0.998673316330643
1720,"CGP-60474","SKBR3","6 h","2.0 µM",0.0114546,0.0241522,-0.696642,0.000184297825285662,"LINCS L1000","l1000_results_down","down","LJP001_SKBR3_6H:BRD-K79090631-001-18-1:2","BRD-K79090631",NA,NA,NA,"cgp-60474",0.0241522,1.61704330365601,FALSE,"Downregula NQO1",1.12650028114553
1721,"daunorubicin","PC3","6 h","10.0 µM",0.011457,0.0294262,-0.948453,0.000237360550676478,"LINCS L1000","l1000_results_down","down","CPC009_PC3_6H:BRD-A68009927-001-02-3:10","BRD-A68009927",NA,NA,NA,"daunorubicin",0.0294262,1.53126581760086,FALSE,"Downregula NQO1",1.45233365850099
1722,"SA-1478088","MCF7","24 h","10.0 µM",0.0115166,0.0257715,-0.603018,0.000177147918511957,"LINCS L1000","l1000_results_down","down","CPC006_MCF7_24H:BRD-K73395020-001-01-5:10","BRD-K73395020",NA,NA,NA,"sa-1478088",0.0257715,1.58886030311133,FALSE,"Downregula NQO1",0.958111362261586
1723,"vorinostat","MCF7","24 h","10.0 µM",0.0115791,0.0224935,-0.75325,0.000158127767235927,"LINCS L1000","l1000_results_down","down","CPC017_MCF7_24H:BRD-K81418486:10","BRD-K81418486",NA,NA,NA,"vorinostat",0.0224935,1.64794296286487,FALSE,"Downregula NQO1",1.24131303677796
1724,"AS-601245","SKBR3","6 h","10.0 µM",0.0116515,0.0283558,-0.691798,0.000203004466098254,"LINCS L1000","l1000_results_down","down","LJP001_SKBR3_6H:BRD-A60245366-001-02-9:10","BRD-A60245366",NA,NA,NA,"as-601245",0.0283558,1.54735809548839,FALSE,"Downregula NQO1",1.07045923574268
1725,"AS-601245","SKBR3","6 h","2.0 µM",0.0116901,0.0349323,-0.844304,0.000255623721881391,"LINCS L1000","l1000_results_down","down","LJP001_SKBR3_6H:BRD-A60245366-001-02-9:2","BRD-A60245366",NA,NA,NA,"as-601245",0.0349323,1.45677281875904,FALSE,"Downregula NQO1",1.22995911796953
1726,"BRD-K53610452","MCF7","24 h","10.0 µM",0.0116971,0.0371516,-0.790367,0.000278706800445931,"LINCS L1000","l1000_results_down","down","CPC019_MCF7_24H:BRD-K53610452-001-01-8:10","BRD-K53610452",NA,NA,NA,"brd-k53610452",0.0371516,1.43002247783321,FALSE,"Downregula NQO1",1.1302425757376
1727,"homoharringtonine","HT29","6 h","10.0 µM",0.0118369,0.0284065,-1.21562,0.00017352073572792,"LINCS L1000","l1000_results_down","down","CPC010_HT29_6H:BRD-A24643465-001-05-3:10","BRD-A24643465",NA,NA,NA,"homoharringtonine",0.0284065,1.5465822729411,FALSE,"Downregula NQO1",1.88005634263266
1728,"BRD-K99636700","MCF7","24 h","2.5 µM",0.0119079,0.0311738,-0.57602,0.000193685841564982,"LINCS L1000","l1000_results_down","down","HDAC001_MCF7_24H:BRD-K99636700-001-01-9:2.5","BRD-K99636700",NA,NA,NA,"brd-k99636700",0.0311738,1.50621025520014,FALSE,"Downregula NQO1",0.867607231200386
1729,"curcumin","SW620","6 h","48.0 µM",0.011932,0.0325443,-1.47358,0.000237360550676478,"LINCS L1000","l1000_results_down","down","CPC006_SW620_6H:BRD-K74148702-001-03-8:48","BRD-K74148702",NA,NA,NA,"curcumin",0.0325443,1.48752506532372,FALSE,"Downregula NQO1",2.19198718575973
1730,"BRD-K49010888","MCF7","24 h","10.0 µM",0.0120802,0.028622,-0.400537,0.000179888469149127,"LINCS L1000","l1000_results_down","down","CPC019_MCF7_24H:BRD-K49010888-001-01-2:10","BRD-K49010888",NA,NA,NA,"brd-k49010888",0.028622,1.54330002261621,FALSE,"Downregula NQO1",0.618148761158628
1731,"fludarabine","MCF7","6 h","10.0 µM",0.0120917,0.0301486,-0.997329,0.000213675213675214,"LINCS L1000","l1000_results_down","down","CPC012_MCF7_6H:BRD-K72238567-001-12-4:10","BRD-K72238567",NA,NA,NA,"fludarabine",0.0301486,1.52073285023665,FALSE,"Downregula NQO1",1.51667097279367
1732,"trichostatin-a","MCF7","24 h","10.0 µM",0.0121159,0.0258402,-1.04052,0.000175070028011205,"LINCS L1000","l1000_results_down","down","CPC019_MCF7_24H:BRD-A19037878:10","BRD-A19037878",NA,NA,NA,"trichostatin-a",0.0258402,1.58770412927756,FALSE,"Downregula NQO1",1.65203790059589
1733,"PIK-75","HT29","6 h","0.09 µM",0.0121333,0.0278511,-0.579866,0.000201979398101394,"LINCS L1000","l1000_results_down","down","CPC006_HT29_6H:BRD-K49371609-310-01-1:0.09","BRD-K49371609",NA,NA,NA,"pik-75",0.0278511,1.55515764736652,FALSE,"Downregula NQO1",0.901783044347835
1734,"KO-143","MCF7","24 h","40.0 µM",0.012135,0.0331399,-0.550497,0.000216497077289457,"LINCS L1000","l1000_results_down","down","CPC006_MCF7_24H:BRD-K64642496-001-01-6:40","BRD-K64642496",NA,NA,NA,"ko-143",0.0331399,1.47964880640291,FALSE,"Downregula NQO1",0.814542228978385
1735,"trichostatin-a","HT29","6 h","0.63 µM",0.0123067,0.0372245,-0.866136,0.000243013365735115,"LINCS L1000","l1000_results_down","down","PCLB001_HT29_6H:BRD-A19037878-001-02-3:0.63","BRD-A19037878",NA,NA,NA,"trichostatin-a",0.0372245,1.42917112698611,FALSE,"Downregula NQO1",1.23785656324324
1736,"dorsomorphin","VCAP","6 h","10.0 µM",0.0125614,0.0467051,-1.07137,0.000342231348391513,"LINCS L1000","l1000_results_down","down","CPC004_VCAP_6H:BRD-K54233340-300-01-0:10","BRD-K54233340",NA,NA,NA,"dorsomorphin",0.0467051,1.33063569371816,FALSE,"Downregula NQO1",1.42560316317883
1737,"digoxin","ASC","24 h","10.0 µM",0.012579,0.0303937,-1.06704,0.000197199763360284,"LINCS L1000","l1000_results_down","down","CPC017_ASC_24H:BRD-K23478508-001-03-7:10","BRD-K23478508",NA,NA,NA,"digoxin",0.0303937,1.51721642753535,FALSE,"Downregula NQO1",1.61893061683732
1738,"amonafide","MCF7","24 h","10.0 µM",0.0126103,0.0276874,-0.96321,0.00019669551534225,"LINCS L1000","l1000_results_down","down","CPC013_MCF7_24H:BRD-K56334280-001-01-0:10","BRD-K56334280",NA,NA,NA,"amonafide",0.0276874,1.55771782499364,FALSE,"Downregula NQO1",1.50040938621212
1739,"BRD-A47816767","VCAP","24 h","10.0 µM",0.0126493,0.0407044,-1.19709,0.000254777070063694,"LINCS L1000","l1000_results_down","down","CPC007_VCAP_24H:BRD-A47816767-001-11-1:10","BRD-A47816767",NA,NA,NA,"brd-a47816767",0.0407044,1.39035864255768,FALSE,"Downregula NQO1",1.66438442741937
1740,"dorsomorphin","HT29","6 h","10.0 µM",0.0126813,0.0378702,-0.825755,0.000261643118785976,"LINCS L1000","l1000_results_down","down","CPC004_HT29_6H:BRD-K54233340-300-01-0:10","BRD-K54233340",NA,NA,NA,"dorsomorphin",0.0378702,1.42170240127825,FALSE,"Downregula NQO1",1.17397786636752
1741,"CD-1530","A375","6 h","40.0 µM",0.0127386,0.0305409,-1.31074,0.000222667557336896,"LINCS L1000","l1000_results_down","down","CPC006_A375_6H:BRD-K25737009-001-02-0:40","BRD-K25737009",NA,NA,NA,"cd-1530",0.0305409,1.51511816900604,FALSE,"Downregula NQO1",1.98592598884297
1742,"vorinostat","MCF7","24 h","10.0 µM",0.0127421,0.0308515,-1.02999,0.000195198126097989,"LINCS L1000","l1000_results_down","down","CPC005_MCF7_24H:BRD-K81418486:10","BRD-K81418486",NA,NA,NA,"vorinostat",0.0308515,1.51072371571871,FALSE,"Downregula NQO1",1.55603031995312
1743,"HG-5-113-01","VCAP","24 h","10.0 µM",0.0129967,0.0403828,-1.0128,0.000267308206361935,"LINCS L1000","l1000_results_down","down","CPC013_VCAP_24H:BRD-U82589721-000-01-4:10","BRD-U82589721",NA,NA,NA,"hg-5-113-01",0.0403828,1.39380357191068,FALSE,"Downregula NQO1",1.41164425763114
1744,"PI-103","PC3","24 h","11.1 µM",0.0131974,0.0284932,-0.663649,0.000177210703526493,"LINCS L1000","l1000_results_down","down","CPC006_PC3_24H:BRD-K67868012-003-01-5:11.1","BRD-K67868012",NA,NA,NA,"pi-103",0.0284932,1.54525877349482,FALSE,"Downregula NQO1",1.02550943977106
1745,"CGP-60474","BT20","6 h","0.08 µM",0.0132779,0.0411686,-0.460903,0.000285225328009127,"LINCS L1000","l1000_results_down","down","LJP001_BT20_6H:BRD-K79090631-001-18-1:0.08","BRD-K79090631",NA,NA,NA,"cgp-60474",0.0411686,1.38543390158674,FALSE,"Downregula NQO1",0.638550641543035
1746,"vorinostat","A375","24 h","0.625 µM",0.0133095,0.0468282,-0.563191,0.000296120817293456,"LINCS L1000","l1000_results_down","down","BRAF001_A375_24H:BRD-K81418486-001-15-2:0.625","BRD-K81418486",NA,NA,NA,"vorinostat",0.0468282,1.32949253547206,FALSE,"Downregula NQO1",0.748758230545046
1747,"WYE-125132","MCF10A","24 h","2.0 µM",0.0133378,0.0422363,-0.78197,0.000285306704707561,"LINCS L1000","l1000_results_down","down","LJP001_MCF10A_24H:BRD-A45498368-001-03-0:2","BRD-A45498368",NA,NA,NA,"wye-125132",0.0422363,1.37431413403401,FALSE,"Downregula NQO1",1.07467242339058
1748,"phloretin","PC3","6 h","177.6 µM",0.0133612,0.0439154,-0.902697,0.000302663438256659,"LINCS L1000","l1000_results_down","down","CPC006_PC3_6H:BRD-K15563106-001-08-1:177.6","BRD-K15563106",NA,NA,NA,"phloretin",0.0439154,1.35738315715638,FALSE,"Downregula NQO1",1.22530570381559
1749,"AZD-8055","MDAMB231","24 h","10.0 µM",0.0134861,0.0305596,-0.649738,0.000198373338623289,"LINCS L1000","l1000_results_down","down","LJP001_MDAMB231_24H:BRD-K69932463-001-05-6:10","BRD-K69932463",NA,NA,NA,"azd-8055",0.0305596,1.5148523346163,FALSE,"Downregula NQO1",0.984257126188924
1750,"tanespimycin","PC3","24 h","0.4 µM",0.0137585,0.0486927,-0.535266,0.000289855072463768,"LINCS L1000","l1000_results_down","down","ASG001_PC3_24H:BRD-A61304759-001-01-0:0.4","BRD-A61304759",NA,NA,NA,"tanespimycin",0.0486927,1.31253614324851,FALSE,"Downregula NQO1",0.702555971252057
1751,"COL-3","PC3","24 h","10.0 µM",0.0137837,0.0420055,-1.0626,0.00028169014084507,"LINCS L1000","l1000_results_down","down","PCLB001_PC3_24H:BRD-A59431241-001-02-9:10","BRD-A59431241",NA,NA,NA,"col-3",0.0420055,1.37669384142909,FALSE,"Downregula NQO1",1.46287487590255
1752,"serdemetan","HA1E","24 h","10.0 µM",0.0138197,0.0496534,-0.722577,0.000332778702163062,"LINCS L1000","l1000_results_down","down","CPC006_HA1E_24H:BRD-K60219430-001-01-6:10","BRD-K60219430",NA,NA,NA,"serdemetan",0.0496534,1.30405100798064,FALSE,"Downregula NQO1",0.942277265193624
1753,"tetrahydrobiopterin","PC3","24 h","10.0 µM",0.0138823,0.0309596,-1.34346,0.0001822821728035,"LINCS L1000","l1000_results_down","down","CPC020_PC3_24H:BRD-A67605442-001-01-7:10","BRD-A67605442",NA,NA,NA,"tetrahydrobiopterin",0.0309596,1.50920465906521,FALSE,"Downregula NQO1",2.02755609126775
1754,"geldanamycin","HA1E","24 h","10.0 µM",0.0139136,0.0420448,-0.656467,0.000271076172404446,"LINCS L1000","l1000_results_down","down","CPC006_HA1E_24H:BRD-A19500257:10","BRD-A19500257",NA,NA,NA,"geldanamycin",0.0420448,1.37628770904449,FALSE,"Downregula NQO1",0.90348746349331
1755,"BRD-K81795824","A375","6 h","10.0 µM",0.0140483,0.0497182,-0.701917,0.000290528762347472,"LINCS L1000","l1000_results_down","down","CPC012_A375_6H:BRD-K81795824-001-01-4:10","BRD-K81795824",NA,NA,NA,"brd-k81795824",0.0497182,1.30348460296318,FALSE,"Downregula NQO1",0.914938002058106
1756,"panobinostat","MCF7","6 h","10.0 µM",0.014343,0.0400338,-1.07805,0.000237473284255521,"LINCS L1000","l1000_results_down","down","CPC012_MCF7_6H:BRD-K02130563-001-06-4:10","BRD-K02130563",NA,NA,NA,"panobinostat",0.0400338,1.3975731847961,FALSE,"Downregula NQO1",1.50665377186943
1757,"ER-27319","PC3","6 h","10.0 µM",0.0143723,0.0343061,-0.747076,0.000216966804078976,"LINCS L1000","l1000_results_down","down","CPC001_PC3_6H:BRD-K11927976-050-01-1:10","BRD-K11927976",NA,NA,NA,"er-27319",0.0343061,1.46462865077946,FALSE,"Downregula NQO1",1.09418891390971
1758,"topotecan","A375","6 h","10.0 µM",0.0144667,0.025288,-0.751667,0.000156470035988108,"LINCS L1000","l1000_results_down","down","CPC012_A375_6H:BRD-A59985574-003-01-9:10","BRD-A59985574",NA,NA,NA,"topotecan",0.025288,1.59708551716848,FALSE,"Downregula NQO1",1.20047647943348
1759,"vorinostat","HA1E","6 h","11.1 µM",0.0144988,0.0402019,-0.671874,0.000213174163291409,"LINCS L1000","l1000_results_down","down","CPC006_HA1E_6H:BRD-K81418486-001-13-7:11.1","BRD-K81418486",NA,NA,NA,"vorinostat",0.0402019,1.39575342104448,FALSE,"Downregula NQO1",0.937770434010839
1760,"BRD-K11072542","MCF7","24 h","10.0 µM",0.0145514,0.0412988,-0.415128,0.000254517688979384,"LINCS L1000","l1000_results_down","down","CPC019_MCF7_24H:BRD-K11072542-001-06-3:10","BRD-K11072542",NA,NA,NA,"brd-k11072542",0.0412988,1.38406256725279,FALSE,"Downregula NQO1",0.574563125418517
1761,"tyrphostin-AG-1478","HT29","24 h","56.78 µM",0.0145764,0.0306852,-0.884565,0.000181686046511628,"LINCS L1000","l1000_results_down","down","CPC006_HT29_24H:BRD-K68336408-001-04-2:56.78","BRD-K68336408",NA,NA,NA,"tyrphostin-ag-1478",0.0306852,1.5130710417262,FALSE,"Downregula NQO1",1.33840968602454
1762,"BRD-K92317137","A375","24 h","10.0 µM",0.0155027,0.0329034,-0.725705,0.000191717791411043,"LINCS L1000","l1000_results_down","down","CPC006_A375_24H:BRD-K92317137-001-04-0:10","BRD-K92317137",NA,NA,NA,"brd-k92317137",0.0329034,1.48275922287236,FALSE,"Downregula NQO1",1.07604578183459
1763,"NCH-51","MCF7","6 h","10.0 µM",0.0155181,0.0472774,-0.882393,0.000247831474597274,"LINCS L1000","l1000_results_down","down","CPC020_MCF7_6H:BRD-K52522949-001-01-7:10","BRD-K52522949",NA,NA,NA,"nch-51",0.0472774,1.32534641530576,FALSE,"Downregula NQO1",1.1694763994409
1764,"IKK-2-inhibitor-V","PC3","24 h","10.0 µM",0.0155448,0.0350528,-0.690863,0.000183958793230316,"LINCS L1000","l1000_results_down","down","CPC006_PC3_24H:BRD-K74305673-001-01-3:10","BRD-K74305673",NA,NA,NA,"ikk-2-inhibitor-v",0.0350528,1.45527728508733,FALSE,"Downregula NQO1",1.00539723100729
1765,"GDC-0879","A375","24 h","2.5 µM",0.0156203,0.0282126,-0.589725,0.00015556938394524,"LINCS L1000","l1000_results_down","down","BRAF001_A375_24H:BRD-K67578145-001-05-5:2.5","BRD-K67578145",NA,NA,NA,"gdc-0879",0.0282126,1.5495568885479,FALSE,"Downregula NQO1",0.91381243609891
1766,"BRD-K30640165","MCF7","6 h","10.0 µM",0.0158277,0.0493144,-1.0414,0.000307976593778873,"LINCS L1000","l1000_results_down","down","CPC012_MCF7_6H:BRD-K30640165-001-01-1:10","BRD-K30640165",NA,NA,NA,"brd-k30640165",0.0493144,1.30702624649605,FALSE,"Downregula NQO1",1.36113713310098
1767,"oxindole-I","ASC","24 h","10.0 µM",0.0159028,0.036183,-1.05279,0.000218818380743983,"LINCS L1000","l1000_results_down","down","CPC017_ASC_24H:BRD-K51816706-001-01-7:10","BRD-K51816706",NA,NA,NA,"oxindole-i",0.036183,1.44149542781805,FALSE,"Downregula NQO1",1.51759197145257
1768,"KU-0060648","MCF7","24 h","10.0 µM",0.0159814,0.0297578,-0.563373,0.000150715900527506,"LINCS L1000","l1000_results_down","down","CPC006_MCF7_24H:BRD-K09499853-305-01-1:10","BRD-K09499853",NA,NA,NA,"ku-0060648",0.0297578,1.52639917941573,FALSE,"Downregula NQO1",0.859932084904976
1769,"trichostatin-a","HT29","24 h","10.0 µM",0.0160292,0.0462949,-0.746147,0.000271296798697775,"LINCS L1000","l1000_results_down","down","PCLB001_HT29_24H:BRD-A19037878-001-02-3:10","BRD-A19037878",NA,NA,NA,"trichostatin-a",0.0462949,1.33446684967003,FALSE,"Downregula NQO1",0.995708436480745
1770,"proscillaridin","ASC","24 h","10.0 µM",0.0163363,0.0401227,-1.42356,0.000215470803706098,"LINCS L1000","l1000_results_down","down","CPC015_ASC_24H:BRD-A34806832-001-02-7:10","BRD-A34806832",NA,NA,NA,"proscillaridin",0.0401227,1.3966098494391,FALSE,"Downregula NQO1",1.98815791726753
1771,"WZ-3105","SKBR3","6 h","10.0 µM",0.0163533,0.0293532,-0.813375,0.000165672630881378,"LINCS L1000","l1000_results_down","down","LJP001_SKBR3_6H:BRD-K92571446-001-01-4:10","BRD-K92571446",NA,NA,NA,"wz-3105",0.0293532,1.53234454632143,FALSE,"Downregula NQO1",1.24637074536419
1772,"TG-101348","VCAP","6 h","11.1 µM",0.0165142,0.0432887,-0.799994,0.000213447171824973,"LINCS L1000","l1000_results_down","down","CPC006_VCAP_6H:BRD-K12502280-001-01-5:11.1","BRD-K12502280",NA,NA,NA,"tg-101348",0.0432887,1.363625456259,FALSE,"Downregula NQO1",1.09089218325447
1773,"verrucarin-a","HT29","6 h","10.0 µM",0.0166803,0.0437705,-0.870798,0.00022456770716371,"LINCS L1000","l1000_results_down","down","CPC014_HT29_6H:BRD-A26002865-001-01-5:10","BRD-A26002865",NA,NA,NA,"verrucarin-a",0.0437705,1.35881849231764,FALSE,"Downregula NQO1",1.18325642547322
1774,"panobinostat","ASC","24 h","10.0 µM",0.016722,0.0470754,-1.12356,0.000252270433905146,"LINCS L1000","l1000_results_down","down","CPC012_ASC_24H:BRD-K02130563-001-06-4:10","BRD-K02130563",NA,NA,NA,"panobinostat",0.0470754,1.3272059810924,FALSE,"Downregula NQO1",1.49119555211617
1775,"PHA-793887","BT20","24 h","10.0 µM",0.0167456,0.0331282,-0.443473,0.000183688464364438,"LINCS L1000","l1000_results_down","down","LJP001_BT20_24H:BRD-K64800655-001-03-3:10","BRD-K64800655",NA,NA,NA,"pha-793887",0.0331282,1.47980216059569,FALSE,"Downregula NQO1",0.656252303565851
1776,"apicidin","MCF7","6 h","2.5 µM",0.0171087,0.0311383,-0.556912,0.000142389292325217,"LINCS L1000","l1000_results_down","down","HDAC001_MCF7_6H:BRD-K64606589-001-02-7:2.5","BRD-K64606589",NA,NA,NA,"apicidin",0.0311383,1.50670510149085,FALSE,"Downregula NQO1",0.839102151481472
1777,"BRD-A36275421","A375","6 h","10.0 µM",0.017164,0.0451142,-1.31601,0.000233972859148339,"LINCS L1000","l1000_results_down","down","CPC006_A375_6H:BRD-A36275421-001-11-1:10","BRD-A36275421",NA,NA,NA,"brd-a36275421",0.0451142,1.34568673947478,FALSE,"Downregula NQO1",1.7709372060162
1778,"BRD-A43126523","VCAP","24 h","10.0 µM",0.0171718,0.0441091,-1.01115,0.000217627856365615,"LINCS L1000","l1000_results_down","down","CPC007_VCAP_24H:BRD-A43126523-001-06-4:10","BRD-A43126523",NA,NA,NA,"brd-a43126523",0.0441091,1.35547180345536,FALSE,"Downregula NQO1",1.37058531406388
1779,"BRD-K23165181","HT29","6 h","10.0 µM",0.0174624,0.0458465,-1.07365,0.000209248796819418,"LINCS L1000","l1000_results_down","down","CPC008_HT29_6H:BRD-K23165181-019-01-0:10","BRD-K23165181",NA,NA,NA,"brd-k23165181",0.0458465,1.3386938135099,FALSE,"Downregula NQO1",1.43728861287491
1780,"trichostatin-a","HT29","6 h","10.0 µM",0.0175428,0.0391712,-0.710433,0.000183049606443346,"LINCS L1000","l1000_results_down","down","CPC006_HT29_6H:BRD-A19037878:10","BRD-A19037878",NA,NA,NA,"trichostatin-a",0.0391712,1.40703312374456,FALSE,"Downregula NQO1",0.999602763201222
1781,"vorinostat","VCAP","24 h","10.0 µM",0.0175625,0.0482578,-0.86618,0.000255297421496043,"LINCS L1000","l1000_results_down","down","CPC019_VCAP_24H:BRD-K81418486:10","BRD-K81418486",NA,NA,NA,"vorinostat",0.0482578,1.3164324808035,FALSE,"Downregula NQO1",1.14026748622237
1782,"AG-14361","MCF7","6 h","25.0 µM",0.0175797,0.0376409,-0.660858,0.000190839694656488,"LINCS L1000","l1000_results_down","down","CPC006_MCF7_6H:BRD-K00615600-001-06-1:25","BRD-K00615600",NA,NA,NA,"ag-14361",0.0376409,1.42434000106941,FALSE,"Downregula NQO1",0.94128648442673
1783,"ellipticine","PC3","24 h","10.0 µM",0.0176509,0.0432019,-1.78444,0.000222965440356745,"LINCS L1000","l1000_results_down","down","CPC014_PC3_24H:BRD-K85985071-001-20-7:10","BRD-K85985071",NA,NA,NA,"ellipticine",0.0432019,1.36449715269041,FALSE,"Downregula NQO1",2.43486329914687
1784,"radicicol","PC3","24 h","2.0 µM",0.0177575,0.0481111,-0.52374,0.000232504068821204,"LINCS L1000","l1000_results_down","down","ASG001_PC3_24H:BRD-A39996500-001-01-4:2","BRD-A39996500",NA,NA,NA,"radicicol",0.0481111,1.31775471338493,FALSE,"Downregula NQO1",0.690160853588222
1785,"vorinostat","PC3","24 h","10.0 µM",0.0181097,0.046588,-0.89341,0.000228571428571429,"LINCS L1000","l1000_results_down","down","CPC011_PC3_24H:BRD-K81418486:10","BRD-K81418486",NA,NA,NA,"vorinostat",0.046588,1.33172593320079,FALSE,"Downregula NQO1",1.18977726598092
1786,"CT-200783","A375","24 h","10.0 µM",0.0186566,0.0294767,-0.682392,0.000140252454417952,"LINCS L1000","l1000_results_down","down","CPC006_A375_24H:BRD-K02822062-001-01-3:10","BRD-K02822062",NA,NA,NA,"ct-200783",0.0294767,1.53052113858813,FALSE,"Downregula NQO1",1.04441538080343
1787,"BMS-345541","MDAMB231","6 h","10.0 µM",0.0186988,0.0491831,-0.721557,0.000242777373148823,"LINCS L1000","l1000_results_down","down","LJP001_MDAMB231_6H:BRD-K13566078-003-03-7:10","BRD-K13566078",NA,NA,NA,"bms-345541",0.0491831,1.3081841012487,FALSE,"Downregula NQO1",0.94392939554471
1788,"trichostatin-a","A375","24 h","0.625 µM",0.019045,0.0284284,-0.618711,0.000139217597104274,"LINCS L1000","l1000_results_down","down","BRAF001_A375_24H:BRD-A19037878-001-01-5:0.625","BRD-A19037878",NA,NA,NA,"trichostatin-a",0.0284284,1.54624758247364,FALSE,"Downregula NQO1",0.956680387999851
1789,"menadione","HA1E","24 h","10.0 µM",0.0191826,0.0361998,-0.643349,0.000172176308539945,"LINCS L1000","l1000_results_down","down","CPC006_HA1E_24H:BRD-K78126613-001-16-0:10","BRD-K78126613",NA,NA,NA,"menadione",0.0361998,1.44129382889049,FALSE,"Downregula NQO1",0.927254943522868
1790,"topotecan","HT29","6 h","10.0 µM",0.0198143,0.0441844,-0.835929,0.000208507089241034,"LINCS L1000","l1000_results_down","down","CPC012_HT29_6H:BRD-A59985574-003-01-9:10","BRD-A59985574",NA,NA,NA,"topotecan",0.0441844,1.35473103811214,FALSE,"Downregula NQO1",1.13245896195804
1791,"BRD-K78559095","MCF7","24 h","10.0 µM",0.0198744,0.043177,-1.272,0.000212359311955829,"LINCS L1000","l1000_results_down","down","CPC012_MCF7_24H:BRD-K78559095-001-01-1:10","BRD-K78559095",NA,NA,NA,"brd-k78559095",0.043177,1.36474753635815,FALSE,"Downregula NQO1",1.73595886624757
1792,"PLX-4720","A375","24 h","0.625 µM",0.0203058,0.0360209,-0.564445,0.000152253349573691,"LINCS L1000","l1000_results_down","down","BRAF001_A375_24H:BRD-K16478699-001-05-0:0.625","BRD-K16478699",NA,NA,NA,"plx-4720",0.0360209,1.44344544031852,FALSE,"Downregula NQO1",0.814745561560587
1793,"BRD-K06009608","VCAP","24 h","10.0 µM",0.0212422,0.0494171,-0.707659,0.00020165355918532,"LINCS L1000","l1000_results_down","down","CPC020_VCAP_24H:BRD-K06009608-001-01-4:10","BRD-K06009608",NA,NA,NA,"brd-k06009608",0.0494171,1.3061227443842,FALSE,"Downregula NQO1",0.924289515168177
1794,"AT-7519","MDAMB231","6 h","2.0 µM",0.0216011,0.0482509,-0.895269,0.000216966804078976,"LINCS L1000","l1000_results_down","down","LJP001_MDAMB231_6H:BRD-K13390322-001-02-2:2","BRD-K13390322",NA,NA,NA,"at-7519",0.0482509,1.31649458156603,FALSE,"Downregula NQO1",1.17861678754403
1795,"trichostatin-a","MCF7","24 h","5.0 µM",0.0219052,0.0417196,-0.108856,0.000160410651267244,"LINCS L1000","l1000_results_down","down","DEB001_MCF7_24H:BRD-A19037878-001-04-9:5","BRD-A19037878",NA,NA,NA,"trichostatin-a",0.0417196,1.37965986416271,FALSE,"Downregula NQO1",0.150184254173296
1796,"apicidin","PC3","24 h","2.5 µM",0.0223843,0.0356395,-0.52204,0.000132135306553911,"LINCS L1000","l1000_results_down","down","HDAC001_PC3_24H:BRD-K64606589-001-02-7:2.5","BRD-K64606589",NA,NA,NA,"apicidin",0.0356395,1.44806839747366,FALSE,"Downregula NQO1",0.755949626217151
1797,"tacedinaline","MCF7","24 h","2.5 µM",0.0225387,0.0497268,-0.0753138,0.00019790223629527,"LINCS L1000","l1000_results_down","down","HDAC001_MCF7_24H:BRD-K52313696-001-08-1:2.5","BRD-K52313696",NA,NA,NA,"tacedinaline",0.0497268,1.30340948742085,FALSE,"Downregula NQO1",0.0981647214537161
1798,"apicidin","MCF7","6 h","0.625 µM",0.0227465,0.0414161,-0.40718,0.000146520146520146,"LINCS L1000","l1000_results_down","down","HDAC001_MCF7_6H:BRD-K64606589-001-02-7:0.625","BRD-K64606589",NA,NA,NA,"apicidin",0.0414161,1.38283079941224,FALSE,"Downregula NQO1",0.563061044904676
1799,"trichostatin-a","A375","24 h","0.15625 µM",0.0228954,0.0398682,-0.574698,0.000155086848635236,"LINCS L1000","l1000_results_down","down","BRAF001_A375_24H:BRD-A19037878-001-01-5:0.15625","BRD-A19037878",NA,NA,NA,"trichostatin-a",0.0398682,1.39937337175457,FALSE,"Downregula NQO1",0.804217078000606
1800,"MLN-4924","HT29","24 h","11.1 µM",0.0235027,0.0480454,-0.700276,0.00018723085564501,"LINCS L1000","l1000_results_down","down","CPC006_HT29_24H:BRD-K67844266-001-01-3:11.1","BRD-K67844266",NA,NA,NA,"mln-4924",0.0480454,1.31834818656461,FALSE,"Downregula NQO1",0.923207594694721
1801,"BMS-345541","VCAP","24 h","10.0 µM",0.023887,0.0386567,-0.875671,0.000155086848635236,"LINCS L1000","l1000_results_down","down","CPC014_VCAP_24H:BRD-K13566078-003-01-1:10","BRD-K13566078",NA,NA,NA,"bms-345541",0.0386567,1.41277522306901,FALSE,"Downregula NQO1",1.23712629236006
1802,"YM-155","PC3","24 h","0.31 µM",0.0246359,0.0454848,-0.543538,0.000187899285982713,"LINCS L1000","l1000_results_down","down","CPC006_PC3_24H:BRD-K76703230-001-01-3:0.31","BRD-K76703230",NA,NA,NA,"ym-155",0.0454848,1.34213371057369,FALSE,"Downregula NQO1",0.7295006727778
1803,"scriptaid","MCF7","24 h","10.0 µM",0.0253456,0.0470252,-0.733115,0.000164826108455579,"LINCS L1000","l1000_results_down","down","CPC015_MCF7_24H:BRD-K22503835-001-06-0:10","BRD-K22503835",NA,NA,NA,"scriptaid",0.0470252,1.32766934870238,FALSE,"Downregula NQO1",0.973334314573942
1804,"BRD-K31851742","MCF7","24 h","10.0 µM",0.0273136,0.0470395,-1.1456,0.000168406871000337,"LINCS L1000","l1000_results_down","down","CPC012_MCF7_24H:BRD-K31851742-001-01-5:10","BRD-K31851742",NA,NA,NA,"brd-k31851742",0.0470395,1.32753730318181,FALSE,"Downregula NQO1",1.52082673452508
1805,"apicidin","PC3","24 h","0.625 µM",0.0296516,0.047581,-0.501141,0.000138293458719403,"LINCS L1000","l1000_results_down","down","HDAC001_PC3_24H:BRD-K64606589-001-02-7:0.625","BRD-K64606589",NA,NA,NA,"apicidin",0.047581,1.32256643472586,FALSE,"Downregula NQO1",0.662792265664953
1806,"apicidin","PC3","24 h","10.0 µM",0.0311304,0.0482772,-0.507038,0.000137268359643102,"LINCS L1000","l1000_results_down","down","HDAC001_PC3_24H:BRD-K64606589-001-02-7:10","BRD-K64606589",NA,NA,NA,"apicidin",0.0482772,1.31625792622615,FALSE,"Downregula NQO1",0.667392786397853
0,"Cediranib",NA,NA,NA,2.25625e-11,1.88134e-10,-0.897133,0.000119660165131028,"CREEDS","creeds_results_down","down",NA,NA,"drug:2642","GSE32569",NA,"cediranib",1.88134e-10,9.72553271068019,FALSE,"Downregula NQO1",8.72509633733065
1,"Tretinoin",NA,NA,NA,1.64312e-10,1.59706e-08,-3.08667,0.0001312163758037,"CREEDS","creeds_results_down","down",NA,NA,"drug:3233","GSE23702","DB00755","tretinoin",1.59706e-08,7.79667876753126,FALSE,"Downregula NQO1",24.0657744513757
2,"Imatinib",NA,NA,NA,2.18689e-10,2.18921e-08,-1.23832,0.000343997248022016,"CREEDS","creeds_results_down","down",NA,NA,"drug:2519","GSE1922","DB00619","imatinib",2.18921e-08,7.65971257672956,FALSE,"Downregula NQO1",9.48517527801575
3,"Tretinoin",NA,NA,NA,3.36663e-10,2.58759e-08,-2.9,0.000130701869036727,"CREEDS","creeds_results_down","down",NA,NA,"drug:2828","GSE23702","DB00755","tretinoin",2.58759e-08,7.58710453590271,FALSE,"Downregula NQO1",22.0026031541179
4,"Imatinib",NA,NA,NA,3.48497e-10,7.55274e-08,-1.54876,0.000272182906913446,"CREEDS","creeds_results_down","down",NA,NA,"drug:2517","GSE1922","DB00619","imatinib",7.55274e-08,7.12189546545626,FALSE,"Downregula NQO1",11.03010682108
5,"Cycloheximide",NA,NA,NA,1.43922e-09,8.26324e-08,-0.87308,0.000227738556137554,"CREEDS","creeds_results_down","down",NA,NA,"drug:3059","GSE8597",NA,"cycloheximide",8.26324e-08,7.08284963328228,FALSE,"Downregula NQO1",6.1838943578261
6,"Imatinib",NA,NA,NA,2.25817e-09,1.28943e-07,-1.41259,0.000295508274231678,"CREEDS","creeds_results_down","down",NA,NA,"drug:2513","GSE1922","DB00619","imatinib",1.28943e-07,6.88960222967099,FALSE,"Downregula NQO1",9.73218321361094
7,"Imatinib",NA,NA,NA,4.53169e-09,4.12978e-07,-1.34826,0.000362450163102573,"CREEDS","creeds_results_down","down",NA,NA,"drug:2516","GSE1922","DB00619","imatinib",4.12978e-07,6.38407308329055,FALSE,"Downregula NQO1",8.60739037527731
8,"Antimony",NA,NA,NA,7.48791e-09,1.28422e-07,-0.98277,0.000316255534471853,"CREEDS","creeds_results_down","down",NA,NA,"drug:3532","GSE6907",NA,"antimony",1.28422e-07,6.89136057081417,FALSE,"Downregula NQO1",6.77262242817904
9,"Imatinib",NA,NA,NA,1.22353e-08,6.96887e-07,-1.07365,0.000457875457875458,"CREEDS","creeds_results_down","down",NA,NA,"drug:2520","GSE1922","DB00619","imatinib",6.96887e-07,6.15683763690201,FALSE,"Downregula NQO1",6.61028872885984
10,"Imatinib",NA,NA,NA,2.53157e-08,1.50685e-06,-0.961537,0.000404040404040404,"CREEDS","creeds_results_down","down",NA,NA,"drug:2515","GSE1922","DB00619","imatinib",1.50685e-06,5.82192997755569,FALSE,"Downregula NQO1",5.59800108482897
11,"Estradiol",NA,NA,NA,4.17479e-08,3.911e-06,-0.628601,0.000469263256687001,"CREEDS","creeds_results_down","down",NA,NA,"drug:2731","GSE8597","DB00783","estradiol",3.911e-06,5.40771218404787,FALSE,"Downregula NQO1",3.39929328660467
12,"Vx",NA,NA,NA,7.07564e-08,6.64126e-05,-0.846891,0.000553403431101273,"CREEDS","creeds_results_down","down",NA,NA,"drug:3345","GSE33606",NA,"vx",6.64126e-05,4.17774951714785,FALSE,"Downregula NQO1",3.53809846632686
13,"Imatinib",NA,NA,NA,7.72989e-08,3.69477e-06,-1.14649,0.00056657223796034,"CREEDS","creeds_results_down","down",NA,NA,"drug:2512","GSE1922","DB00619","imatinib",3.69477e-06,5.43241259132593,FALSE,"Downregula NQO1",6.22820671182927
14,"Nilotinib",NA,NA,NA,1.57499e-07,4.40103e-05,-1.75571,0.000668896321070234,"CREEDS","creeds_results_down","down",NA,NA,"drug:2528","GSE19567","DB04868","nilotinib",4.40103e-05,4.35644567102123,FALSE,"Downregula NQO1",7.64865522906868
15,"Vemurafenib",NA,NA,NA,2.38164e-07,7.84959e-06,-0.853845,0.000264620269912675,"CREEDS","creeds_results_down","down",NA,NA,"drug:2508","GSE63790","DB08881","vemurafenib",7.84959e-06,5.10515302674363,FALSE,"Downregula NQO1",4.35900938611992
16,"Puromycin, ec50, 5 d",NA,NA,NA,2.51581e-07,2.53411e-06,-1.15197,0.000193199381761978,"CREEDS","creeds_results_down","down",NA,NA,"drug:3270","GSE6930",NA,"puromycin, ec50, 5 d",2.53411e-06,5.5961745372994,FALSE,"Downregula NQO1",6.44662518173279
17,"Heregulin",NA,NA,NA,4.90095e-07,8.06983e-05,-1.39716,0.00139664804469274,"CREEDS","creeds_results_down","down",NA,NA,"drug:3215","GSE22288",NA,"heregulin",8.06983e-05,4.09313561408085,FALSE,"Downregula NQO1",5.7187653545692
18,"Tretinoin",NA,NA,NA,5.73979e-07,5.64311e-05,-3.32667,0.000196540880503145,"CREEDS","creeds_results_down","down",NA,NA,"drug:3232","GSE23702","DB00755","tretinoin",5.64311e-05,4.2484814840331,FALSE,"Downregula NQO1",14.1332958984884
19,"Imatinib",NA,NA,NA,6.55484e-07,3.93707e-05,-1.04309,0.000656167979002625,"CREEDS","creeds_results_down","down",NA,NA,"drug:2457","GSE1922","DB00619","imatinib",3.93707e-05,4.40482686350708,FALSE,"Downregula NQO1",4.59463085305561
20,"Imatinib",NA,NA,NA,1.05482e-06,1.39346e-05,-1.10841,0.000375234521575985,"CREEDS","creeds_results_down","down",NA,NA,"drug:2527","GSE19567","DB00619","imatinib",1.39346e-05,4.85590549342259,FALSE,"Downregula NQO1",5.38233420796453
21,"Puromycin, ec50, 1 d",NA,NA,NA,1.36133e-06,1.01085e-05,-0.261914,0.000188359389715577,"CREEDS","creeds_results_down","down",NA,NA,"drug:3268","GSE6930",NA,"puromycin, ec50, 1 d",1.01085e-05,4.99531328457262,FALSE,"Downregula NQO1",1.30834248361555
22,"Doxorubicin",NA,NA,NA,1.82088e-06,3.01906e-05,-0.806871,0.000234521575984991,"CREEDS","creeds_results_down","down",NA,NA,"drug:3262","GSE6930","DB00997","doxorubicin",3.01906e-05,4.52012825583746,FALSE,"Downregula NQO1",3.64716040591583
23,"Estradiol",NA,NA,NA,3.20651e-06,6.61011e-05,-0.363163,0.000299940011997601,"CREEDS","creeds_results_down","down",NA,NA,"drug:3061","GSE4668","DB00783","estradiol",6.61011e-05,4.17979131328357,FALSE,"Downregula NQO1",1.517945552706
24,"Tretinoin",NA,NA,NA,4.41816e-06,4.39188e-05,-2.99,0.000154320987654321,"CREEDS","creeds_results_down","down",NA,NA,"drug:3231","GSE23702","DB00755","tretinoin",4.39188e-05,4.35734953468952,FALSE,"Downregula NQO1",13.0284751087217
25,"Androstanolone",NA,NA,NA,5.74295e-06,0.000124853,-0.635853,0.000177619893428064,"CREEDS","creeds_results_down","down",NA,NA,"drug:3411","GSE7868",NA,"androstanolone",0.000124853,3.90360101784773,FALSE,"Downregula NQO1",2.48211641800154
26,"Doxorubicin",NA,NA,NA,6.71113e-06,6.14181e-05,-0.991075,0.000198688654877807,"CREEDS","creeds_results_down","down",NA,NA,"drug:3265","GSE6930","DB00997","doxorubicin",6.14181e-05,4.21170362280469,FALSE,"Downregula NQO1",4.17411416797115
27,"Estradiol",NA,NA,NA,8.98231e-06,0.000753929,-0.921441,0.000539956803455724,"CREEDS","creeds_results_down","down",NA,NA,"drug:2487","GSE46924","DB00783","estradiol",0.000753929,3.12266955115951,FALSE,"Downregula NQO1",2.87735575388997
28,"Diclofenac",NA,NA,NA,9.368e-06,5.1249e-05,-1.93239,0.000171086398631309,"CREEDS","creeds_results_down","down",NA,NA,"drug:3053","GSE54255","DB00586","diclofenac",5.1249e-05,4.29031460439355,FALSE,"Downregula NQO1",8.29056103838406
29,"Estradiol",NA,NA,NA,1.66108e-05,0.000419086,-0.372572,0.000435540069686411,"CREEDS","creeds_results_down","down",NA,NA,"drug:2733","GSE26834","DB00783","estradiol",0.000419086,3.37769684697885,FALSE,"Downregula NQO1",1.25843526967261
30,"Cytarabine",NA,NA,NA,2.10888e-05,5.50871e-05,-0.348426,0.000159159637116027,"CREEDS","creeds_results_down","down",NA,NA,"drug:3375","GSE6930","DB00987","cytarabine",5.50871e-05,4.25895008998188,FALSE,"Downregula NQO1",1.48392894405203
31,"Estradiol",NA,NA,NA,2.77439e-05,0.00123437,-0.931194,0.00113250283125708,"CREEDS","creeds_results_down","down",NA,NA,"drug:3063","GSE4668","DB00783","estradiol",0.00123437,2.90855464186453,FALSE,"Downregula NQO1",2.7084286311764
32,"Methotrexate",NA,NA,NA,2.91997e-05,0.00267103,-0.166752,0.0025706940874036,"CREEDS","creeds_results_down","down",NA,NA,"drug:2541","GSE23687","DB00563","methotrexate",0.00267103,2.57332123411966,FALSE,"Downregula NQO1",0.429106462431922
33,"Cisplatin",NA,NA,NA,3.10715e-05,0.00172873,-0.345007,0.000305903946160905,"CREEDS","creeds_results_down","down",NA,NA,"drug:3155","GSE47856","DB00515","cisplatin",0.00172873,2.76227283128748,FALSE,"Downregula NQO1",0.953003462704
34,"Aplidin",NA,NA,NA,4.22818e-05,0.000224675,-1.33815,0.000298507462686567,"CREEDS","creeds_results_down","down",NA,NA,"drug:2598","GSE5681",NA,"aplidin",0.000224675,3.64844524963732,FALSE,"Downregula NQO1",4.88216701080218
35,"Doxorubicin",NA,NA,NA,6.19442e-05,0.00201871,-2.47453,0.000510204081632653,"CREEDS","creeds_results_down","down",NA,NA,"drug:2533","GSE24460","DB00997","doxorubicin",0.00201871,2.69492606562582,FALSE,"Downregula NQO1",6.66867539717305
36,"4-hydroxytamoxifen",NA,NA,NA,8.23543e-05,0.000776699,-0.237915,0.000286532951289398,"CREEDS","creeds_results_down","down",NA,NA,"drug:3240","GSE26298",NA,"4-hydroxytamoxifen",0.000776699,3.10974725399927,FALSE,"Downregula NQO1",0.739855517935237
37,"Cisplatin",NA,NA,NA,8.68983e-05,0.000574396,-0.311517,0.000168947457340767,"CREEDS","creeds_results_down","down",NA,NA,"drug:3153","GSE47856","DB00515","cisplatin",0.000574396,3.24078859311112,FALSE,"Downregula NQO1",1.0095607401602
38,"Estradiol",NA,NA,NA,9.32956e-05,0.00477833,-1.0009,0.00253164556962025,"CREEDS","creeds_results_down","down",NA,NA,"drug:2727","GSE4668","DB00783","estradiol",0.00477833,2.32072386039819,FALSE,"Downregula NQO1",2.32281251187255
39,"Bicalutamide",NA,NA,NA,0.00011155,0.000453062,-0.275285,0.00024588148512417,"CREEDS","creeds_results_down","down",NA,NA,"drug:3088","GSE7708","DB01128","bicalutamide",0.000453062,3.34384236219156,FALSE,"Downregula NQO1",0.920509644675904
40,"Cisplatin",NA,NA,NA,0.00020023,0.0189498,-0.71411,0.00909090909090909,"CREEDS","creeds_results_down","down",NA,NA,"drug:3150","GSE47856","DB00515","cisplatin",0.0189498,1.72239536930302,FALSE,"Downregula NQO1",1.22997975717298
41,"Estradiol",NA,NA,NA,0.000242517,0.0124694,-0.784177,0.00328947368421053,"CREEDS","creeds_results_down","down",NA,NA,"drug:3062","GSE4668","DB00783","estradiol",0.0124694,1.90415444331041,FALSE,"Downregula NQO1",1.49319411889183
42,"Lipopolysaccharide",NA,NA,NA,0.000271761,0.0134043,-1.77916,0.00431034482758621,"CREEDS","creeds_results_down","down",NA,NA,"drug:3594","GSE3140",NA,"lipopolysaccharide",0.0134043,1.87275586083628,FALSE,"Downregula NQO1",3.33193231736547
43,"Cisplatin",NA,NA,NA,0.000337643,0.0264138,-0.56055,0.008,"CREEDS","creeds_results_down","down",NA,NA,"drug:3144","GSE47856","DB00515","cisplatin",0.0264138,1.57816911487355,FALSE,"Downregula NQO1",0.884642697342369
44,"Cisplatin",NA,NA,NA,0.000367204,0.00493496,-0.649543,0.000273522975929978,"CREEDS","creeds_results_down","down",NA,NA,"drug:3148","GSE47856","DB00515","cisplatin",0.00493496,2.30671636312599,FALSE,"Downregula NQO1",1.49831146665395
45,"Lysophosphatidic acid",NA,NA,NA,0.000464897,0.00564066,-0.463856,0.000558659217877095,"CREEDS","creeds_results_down","down",NA,NA,"drug:3225","GSE26309",NA,"lysophosphatidic acid",0.00564066,2.24867007729534,FALSE,"Downregula NQO1",1.04305910737391
46,"Cisplatin",NA,NA,NA,0.000487696,0.0417461,-0.4778,0.0103092783505155,"CREEDS","creeds_results_down","down",NA,NA,"drug:3147","GSE47856","DB00515","cisplatin",0.0417461,1.37938409090118,FALSE,"Downregula NQO1",0.659069718632585
47,"Triiodothyronine-[13c6] hydrochloride (t3 thyronine)",NA,NA,NA,0.000671855,0.00318483,-0.0345056,0.000203500203500203,"CREEDS","creeds_results_down","down",NA,NA,"drug:3046","GSE29159",NA,"triiodothyronine-[13c6] hydrochloride (t3 thyronine)",0.00318483,2.49691374450048,FALSE,"Downregula NQO1",0.0861575069022358
48,"Carboplatin",NA,NA,NA,0.000676996,0.00828984,-0.188228,0.000582072176949942,"CREEDS","creeds_results_down","down",NA,NA,"drug:3089","GSE13525","DB00958","carboplatin",0.00828984,2.08145385157128,FALSE,"Downregula NQO1",0.391787895573559
49,"Lysophosphatidic acid",NA,NA,NA,0.000678324,0.00649471,-0.482234,0.000434782608695652,"CREEDS","creeds_results_down","down",NA,NA,"drug:3224","GSE26309",NA,"lysophosphatidic acid",0.00649471,2.18744023615547,FALSE,"Downregula NQO1",1.0548580548422
50,"Natural alpha interferon",NA,NA,NA,0.000698277,0.00212506,-0.0828237,0.000230786983614124,"CREEDS","creeds_results_down","down",NA,NA,"drug:2474","GSE5542","DB05258","natural alpha interferon",0.00212506,2.67262880335435,FALSE,"Downregula NQO1",0.22135700622038
51,"Vemurafenib",NA,NA,NA,0.00103318,0.0029019,-0.270767,0.00016239038648912,"CREEDS","creeds_results_down","down",NA,NA,"drug:2495","GSE42872",NA,"vemurafenib",0.0029019,2.53731755750699,FALSE,"Downregula NQO1",0.687021863093496
52,"Interferon gamma-1b",NA,NA,NA,0.00108037,0.00314662,-0.0997352,0.000232126276694522,"CREEDS","creeds_results_down","down",NA,NA,"drug:2476","GSE5542","DB00033","interferon gamma-1b",0.00314662,2.50215570127735,FALSE,"Downregula NQO1",0.249552999298037
53,"Gamma-tocotrienol",NA,NA,NA,0.001297,0.0131377,-0.309604,0.000685871056241427,"CREEDS","creeds_results_down","down",NA,NA,"drug:3242","GSE21946",NA,"gamma-tocotrienol",0.0131377,1.88148065949004,FALSE,"Downregula NQO1",0.582513938100754
54,"Interferon beta-1a",NA,NA,NA,0.00150988,0.00665346,-0.119167,0.000181917409496089,"CREEDS","creeds_results_down","down",NA,NA,"drug:3187","GSE26104","DB00060","interferon beta-1a",0.00665346,2.17695244971559,FALSE,"Downregula NQO1",0.259420892575258
55,"Doxorubicin",NA,NA,NA,0.00232563,0.00924755,-0.259789,0.000257003341043434,"CREEDS","creeds_results_down","down",NA,NA,"drug:3180","GSE58074","DB00997","doxorubicin",0.00924755,2.03397331184654,FALSE,"Downregula NQO1",0.5284038927113
56,"Lysophosphatidic acid",NA,NA,NA,0.00320097,0.0227757,-0.406963,0.000612369871402327,"CREEDS","creeds_results_down","down",NA,NA,"drug:3223","GSE26309",NA,"lysophosphatidic acid",0.0227757,1.64252826632135,FALSE,"Downregula NQO1",0.668448230846936
57,"Sevoflurane",NA,NA,NA,0.00404386,0.0443592,-0.989121,0.000726216412490922,"CREEDS","creeds_results_down","down",NA,NA,"drug:2816","GSE4386","DB01236","sevoflurane",0.0443592,1.35301629477532,FALSE,"Downregula NQO1",1.33829683050446
58,"Chromium",NA,NA,NA,0.0040584,0.00973035,-0.147982,0.000364830353885443,"CREEDS","creeds_results_down","down",NA,NA,"drug:3534","GSE6907",NA,"chromium",0.00973035,2.01187153790895,FALSE,"Downregula NQO1",0.297720773922842
59,"Doxorubicin",NA,NA,NA,0.00501615,0.0265706,-0.58965,0.000660938532716457,"CREEDS","creeds_results_down","down",NA,NA,"drug:3264","GSE6930","DB00997","doxorubicin",0.0265706,1.57559863852359,FALSE,"Downregula NQO1",0.929051737205437
60,"Bisphenol a",NA,NA,NA,0.00509938,0.0128051,-0.0349366,0.000166333998669328,"CREEDS","creeds_results_down","down",NA,NA,"drug:2662","GSE17624",NA,"bisphenol a",0.0128051,1.892617025608,FALSE,"Downregula NQO1",0.0661216039768564
61,"Promegestone",NA,NA,NA,0.0054028,0.0308174,-0.139752,0.000448631673396142,"CREEDS","creeds_results_down","down",NA,NA,"drug:3694","GSE67561",NA,"promegestone",0.0308174,1.51120400459503,FALSE,"Downregula NQO1",0.211193782050164
62,"Doxorubicin",NA,NA,NA,0.00738979,0.0331266,-0.550892,0.000552181115405853,"CREEDS","creeds_results_down","down",NA,NA,"drug:3261","GSE6930","DB00997","doxorubicin",0.0331266,1.47982313631884,FALSE,"Downregula NQO1",0.815222727212959
63,"Cisplatin",NA,NA,NA,0.00750658,0.0397293,-0.266792,0.00045475216007276,"CREEDS","creeds_results_down","down",NA,NA,"drug:3143","GSE47856","DB00515","cisplatin",0.0397293,1.40088908681515,FALSE,"Downregula NQO1",0.373746001249588
64,"Vemurafenib",NA,NA,NA,0.0128944,0.0409195,-0.276608,0.000308451573103023,"CREEDS","creeds_results_down","down",NA,NA,"drug:2564","GSE37441","DB08881","vemurafenib",0.0409195,1.38806968162087,FALSE,"Downregula NQO1",0.383951178493784
65,"Dasatinib",NA,NA,NA,0.0132628,0.0247984,-0.0882775,0.000227169468423444,"CREEDS","creeds_results_down","down",NA,NA,"drug:3306","GSE59357","DB01254","dasatinib",0.0247984,1.60557633907649,FALSE,"Downregula NQO1",0.141736265272825
66,"Adenosine triphosphate",NA,NA,NA,0.0149793,0.0408247,-0.504254,0.000206440957886045,"CREEDS","creeds_results_down","down",NA,NA,"drug:3220","GSE30903",NA,"adenosine triphosphate",0.0408247,1.38907699798929,FALSE,"Downregula NQO1",0.700447632544093
67,"Nickel",NA,NA,NA,0.0206342,0.0345036,-0.270697,0.000322372662798195,"CREEDS","creeds_results_down","down",NA,NA,"drug:3531","GSE6907",NA,"nickel",0.0345036,1.46213558960589,FALSE,"Downregula NQO1",0.395795717699547
68,"Bexarotene",NA,NA,NA,0.0325331,0.046819,-0.0650159,0.000318979266347687,"CREEDS","creeds_results_down","down",NA,NA,"drug:2680","GSE6914","DB00307","bexarotene",0.046819,1.32957786657105,FALSE,"Downregula NQO1",0.0864437016151964
