"Drug_Name_Norm","Drug_Name","mean_fc","median_fc","max_abs_fc","min_p_value","min_q_value","n_tests","n_sources","sources","score","direction"
"trichostatin a","trichostatin A",0.68092125,0.6159675,1.21368,0,0,4,1,"CMAP",60.684,"Upregula NQO1"
"doxorubicin","Doxorubicin",-1.065066,-0.806871,4.21316,5.07e-29,2.21e-28,15,2,"CREEDS; LINCS L1000",41.4095711168431,"Downregula NQO1"
"manumycin-a","manumycin-a",-0.00966405000000002,0.745931,3.5044,2.12781e-22,3.61695e-20,20,1,"LINCS L1000",68.1313445247692,"Upregula NQO1"
"parthenolide","parthenolide",1.56870868965517,1.43363,5.65209,3.57655e-22,4.42459e-19,29,1,"LINCS L1000",93.9951550210712,"Upregula NQO1"
"panobinostat","panobinostat",-0.538731571428571,-1.022653,1.60109,2.91787e-19,6.60316e-18,14,1,"LINCS L1000",24.8555240533833,"Downregula NQO1"
"piperlongumine","piperlongumine",-0.705483,-1.49663,2.89271,2.77018e-19,1.15087e-17,10,1,"LINCS L1000",48.9995387003765,"Downregula NQO1"
"radicicol","radicicol",1.31851846153846,1.34336,3.82162,6.21395e-20,2.2684e-17,26,1,"LINCS L1000",53.705904064662,"Upregula NQO1"
"brd-k68548958","BRD-K68548958",-0.426082,-0.996418,3.25008,7.97697e-19,3.19481e-17,8,1,"LINCS L1000",53.6118732802001,"Downregula NQO1"
"ym-155","YM-155",-0.977160714285714,-0.990967,2.92837,2.39573e-18,6.17455e-17,7,1,"LINCS L1000",47.4671051231198,"Downregula NQO1"
"cot-10b","COT-10b",-1.61229827272727,-1.6163,2.60525,1.70657e-18,6.24006e-17,11,1,"LINCS L1000",34.6619291823317,"Downregula NQO1"
"15-delta-prostaglandin-j2","15-delta-prostaglandin-j2",1.46837841176471,1.5139,2.77645,2.64639e-19,9.06613e-17,17,1,"LINCS L1000",34.8412710260334,"Upregula NQO1"
"pha-793887","PHA-793887",-0.9412643125,-0.870275,3.61306,1.34453e-18,1.28498e-16,16,1,"LINCS L1000",57.4155108880287,"Downregula NQO1"
"tacedinaline","tacedinaline",0.02689915,0.1705651,2.30183,8.35331e-18,1.5501e-16,8,1,"LINCS L1000",25.6381774553269,"Upregula NQO1"
"sa-1447005","SA-1447005",2.57495333333333,1.69027,4.54297,9.97914e-20,1.70935e-16,3,1,"LINCS L1000",71.6297757686889,"Upregula NQO1"
"ct-200783","CT-200783",1.26114422222222,1.27471,4.30785,2.82695e-19,2.73698e-16,9,1,"LINCS L1000",67.0418994350204,"Upregula NQO1"
"nsc-632839","NSC-632839",0.681537727272727,1.04528,3.86004,4.27097e-18,2.98138e-16,11,1,"LINCS L1000",53.469855443197,"Upregula NQO1"
"narciclasine","narciclasine",-1.538838,-1.77927,3.42,2.13388e-17,4.96522e-16,13,1,"LINCS L1000",52.3398903434477,"Downregula NQO1"
"mw-a1-12","MW-A1-12",-1.89662,-2.272,3.62852,5.06676e-18,7.32641e-16,5,1,"LINCS L1000",54.9180449141669,"Downregula NQO1"
"withaferin-a","withaferin-a",0.552051692307692,1.02495,2.88648,6.47195e-18,1.15294e-15,13,1,"LINCS L1000",43.1187961768972,"Upregula NQO1"
"wz-3105","WZ-3105",-1.62310205555556,-1.584325,3.5393,4.87571e-17,2.95837e-15,18,1,"LINCS L1000",51.4223039229253,"Downregula NQO1"
"sa-792728","SA-792728",1.544364,1.44794,3.99659,1.14076e-17,3.18439e-15,9,1,"LINCS L1000",57.9384603138131,"Upregula NQO1"
"cerulenin","cerulenin",1.82514215384615,1.7934,3.89239,2.35345e-17,1.87167e-14,13,1,"LINCS L1000",53.4338374754239,"Upregula NQO1"
"brd-k05331696","BRD-K05331696",2.33585714285714,2.08914,4.49864,1.74405e-17,3.53059e-14,7,1,"LINCS L1000",60.5163922817758,"Upregula NQO1"
"cucurbitacin-i","cucurbitacin-i",0.495759214285714,0.977666,4.40906,2.53672e-16,5.92743e-14,14,1,"LINCS L1000",58.3192255210428,"Upregula NQO1"
"cd-1530","CD-1530",-0.819387125,-1.20339,2.81819,3.29939e-16,6.22634e-14,8,1,"LINCS L1000",27.78974461708,"Downregula NQO1"
"mepacrine","mepacrine",-1.584099875,-1.27597,3.57714,4.44368e-15,6.44638e-14,8,1,"LINCS L1000",47.1849237120281,"Downregula NQO1"
"brd-k66884694","BRD-K66884694",2.772785,2.074975,5.34134,8.02769e-17,6.62077e-14,4,1,"LINCS L1000",70.3940085866431,"Upregula NQO1"
"brd-k92317137","BRD-K92317137",1.19919107142857,1.297115,3.98036,1.77106e-15,1.74505e-13,14,1,"LINCS L1000",44.7115509681599,"Upregula NQO1"
"arachidonyl-trifluoro-methane","arachidonyl-trifluoro-methane",1.17357345454545,1.34857,3.68191,7.33822e-16,1.75707e-13,11,1,"LINCS L1000",46.9635386984001,"Upregula NQO1"
"pik-75","PIK-75",-1.38175111111111,-1.07685,3.21165,4.52242e-15,1.81778e-13,9,1,"LINCS L1000",40.9178941169949,"Downregula NQO1"
"chembl-1222381","CHEMBL-1222381",-0.7972946,-0.97041,1.84091,1.51688e-15,1.97532e-13,5,1,"LINCS L1000",23.3875880417379,"Downregula NQO1"
"7b-cis","7b-cis",1.53872976923077,1.3019,3.62974,4.68363e-16,3.00613e-13,13,1,"LINCS L1000",45.4515761215348,"Upregula NQO1"
"teniposide","teniposide",-1.07112855555556,-1.11309,2.24746,2.69897e-14,4.46182e-13,9,1,"LINCS L1000",27.7572276573872,"Downregula NQO1"
"er-27319","ER-27319",-2.4880392,-3.1173,4.06538,7.85313e-14,8.7393e-13,5,1,"LINCS L1000",38.0716522680879,"Downregula NQO1"
"chembl-399379","CHEMBL-399379",0.306883714285714,0.855248,1.81404,1.54864e-14,1.16111e-12,7,1,"LINCS L1000",21.650797120203,"Upregula NQO1"
"ouabain","ouabain",-1.76030922222222,-1.24198,4.04388,3.70098e-15,1.30815e-12,9,1,"LINCS L1000",48.0548108847184,"Downregula NQO1"
"tretinoin","tretinoin",-0.733664909090909,0.535507,3.32667,2.70855e-14,1.56005e-12,11,3,"CMAP; CREEDS; LINCS L1000",24.0657744513757,"Upregula NQO1"
"px-12","PX-12",-0.904106,-0.764664,2.23141,2.74178e-14,4.07026e-12,5,1,"LINCS L1000",25.4166030338795,"Downregula NQO1"
"brd-k87726525","BRD-K87726525",2.34962,1.62567,4.96103,3.58249e-15,5.31833e-12,5,1,"LINCS L1000",55.9317670546735,"Upregula NQO1"
"curcumin","curcumin",-0.1718094,-1.13427,2.89379,9.36128e-13,6.10416e-12,15,1,"LINCS L1000",23.749128588187,"Downregula NQO1"
"brd-k29003210","BRD-K29003210",-0.853206666666667,-1.09306,2.62685,6.81359e-14,6.21824e-12,3,1,"LINCS L1000",29.4373545798547,"Downregula NQO1"
"brd-k84203638","BRD-K84203638",-1.281448375,-1.080595,3.13503,5.88126e-13,6.92565e-12,8,1,"LINCS L1000",34.9854909935143,"Downregula NQO1"
"importazole","importazole",-1.56902166666667,-1.52097,2.61822,6.57715e-13,9.49806e-12,6,1,"LINCS L1000",28.8589767292717,"Downregula NQO1"
"afatinib","afatinib",2.33843,1.779085,4.69124,1.06599e-14,9.89059e-12,4,1,"LINCS L1000",51.6260538102678,"Upregula NQO1"
"sarmentogenin","sarmentogenin",-0.742587333333333,-0.714442,2.66948,1.84878e-13,1.06885e-11,3,1,"LINCS L1000",29.2870872833074,"Downregula NQO1"
"alvocidib","alvocidib",-1.48481752380952,-1.26623,3.38104,7.15707e-13,1.13514e-11,21,1,"LINCS L1000",33.3344338436958,"Downregula NQO1"
"daunorubicin","daunorubicin",-1.88414023076923,-1.49386,4.00394,5.86382e-13,1.38027e-11,13,1,"LINCS L1000",27.1077357379164,"Downregula NQO1"
"pnu-74654","PNU-74654",-1.1392242,-1.03285,1.36315,1.10036e-14,1.44134e-11,5,1,"LINCS L1000",14.7782275282415,"Downregula NQO1"
"azd-8055","AZD-8055",-1.26062375,-1.12317,2.32481,3.82491e-13,1.77814e-11,16,1,"LINCS L1000",20.93418630429,"Downregula NQO1"
"ag-957","AG-957",1.57798,1.40876,2.47095,5.42319e-14,2.01273e-11,5,1,"LINCS L1000",26.4298111697044,"Upregula NQO1"
"hg-5-113-01","HG-5-113-01",0.257802428571429,1.10538,3.23582,8.67865e-13,2.12837e-11,7,1,"LINCS L1000",34.5325185397265,"Upregula NQO1"
"brd-k07259155","BRD-K07259155",2.433984,2.17897,4.47619,4.66277e-14,2.25718e-11,5,1,"LINCS L1000",47.6554605403198,"Upregula NQO1"
"a-443644","A-443644",-0.95579775,-1.0516545,2.74503,6.68541e-13,2.42461e-11,12,1,"LINCS L1000",29.1394764671397,"Downregula NQO1"
"tyrphostin-ag-1478","tyrphostin-AG-1478",-1.22465136363636,-1.05259,1.95832,7.95875e-13,2.87704e-11,11,1,"LINCS L1000",20.6427570651004,"Downregula NQO1"
"su-11652","SU-11652",-1.88667166666667,-1.60442,2.64108,4.58288e-13,3.39734e-11,6,1,"LINCS L1000",27.6490993768744,"Downregula NQO1"
"mitoxantrone","mitoxantrone",-1.67836355555556,-1.68522,2.83981,2.65831e-12,3.8893e-11,9,1,"LINCS L1000",23.8574121190946,"Downregula NQO1"
"md-ii-038","MD-II-038",3.35132,3.35132,3.35132,7.71546e-13,5.30271e-11,1,1,"LINCS L1000",34.4364957760941,"Upregula NQO1"
"mw-stk33-23","MW-STK33-23",-2.07599,-2.07446,2.31327,1.71646e-12,6.00977e-11,3,1,"LINCS L1000",23.6442614980225,"Downregula NQO1"
"cgp-60474","CGP-60474",-1.22775542857143,-1.200985,3.12557,1.39756e-11,6.5421e-11,14,1,"LINCS L1000",25.3722502440288,"Downregula NQO1"
"brd-k36354764","BRD-K36354764",2.18462733333333,1.49929,4.12245,1.16055e-13,6.80083e-11,3,1,"LINCS L1000",41.9147551172456,"Upregula NQO1"
"bufalin","bufalin",-1.8052185,-1.31842,3.70918,6.07505e-13,9.6628e-11,4,1,"LINCS L1000",37.1470556892013,"Downregula NQO1"
"staurosporine","staurosporine",-2.00046833333333,-2.086355,2.37253,3.40628e-12,1.0579e-10,6,1,"LINCS L1000",22.8552942043518,"Downregula NQO1"
"digitoxin","digitoxin",-2.33293666666667,-2.26567,3.05197,1.44127e-11,1.13648e-10,3,1,"LINCS L1000",22.5308153026479,"Downregula NQO1"
"cediranib","cediranib",0.32994175,0.0609235,2.2553,2.25625e-11,1.88134e-10,4,2,"CREEDS; LINCS L1000",8.72509633733065,"Upregula NQO1"
"brd-k99636700","BRD-K99636700",-0.568867714285714,-0.738965,1.46201,2.12916e-11,2.0124e-10,7,1,"LINCS L1000",12.1540032255318,"Downregula NQO1"
"7-nitroindazole","7-nitroindazole",2.01969,2.01969,2.01969,1.64691e-13,2.44489e-10,1,1,"LINCS L1000",19.4127365254882,"Upregula NQO1"
"sn-38","SN-38",-1.04050666666667,-1.45738,1.7659,6.27333e-12,2.47247e-10,6,1,"LINCS L1000",15.6331430572349,"Downregula NQO1"
"thiostrepton","thiostrepton",-2.148094,-2.74968,4.25421,3.37297e-12,2.55474e-10,5,1,"LINCS L1000",40.8091615619058,"Downregula NQO1"
"emf-bca1-16","EMF-bca1-16",0.42336,0.093465,3.32748,9.20529e-13,2.84699e-10,4,1,"LINCS L1000",31.7628398667179,"Upregula NQO1"
"quinoclamine","quinoclamine",1.3383975,1.425725,1.87076,3.76996e-12,3.01977e-10,6,1,"LINCS L1000",13.7115032398598,"Upregula NQO1"
"brd-k28366633","BRD-K28366633",2.57512,2.45226,4.0743,1.559e-12,3.08244e-10,3,1,"LINCS L1000",38.7510966018002,"Upregula NQO1"
"gp-42","GP-42",0.76228,2.55773,3.05268,8.2919e-12,3.51034e-10,3,1,"LINCS L1000",28.8620234565286,"Upregula NQO1"
"brefeldin-a","brefeldin-a",-1.36143216666667,-1.1645275,2.22899,1.21717e-11,3.90546e-10,6,1,"LINCS L1000",20.9710685960967,"Downregula NQO1"
"cyt-997","CYT-997",-2.060168,-2.06912,3.30565,1.95273e-12,3.91743e-10,5,1,"LINCS L1000",29.7113446196107,"Downregula NQO1"
"brd-k18163752","BRD-K18163752",2.162735,1.58236,4.90304,4.73927e-13,4.22136e-10,6,1,"LINCS L1000",45.9637819107138,"Upregula NQO1"
"15-delta prostaglandin j2","15-delta prostaglandin J2",-2.31262833333333,-1.63676,4.63668,7.77375e-13,4.83566e-10,3,1,"CMAP",43.1931976778931,"Downregula NQO1"
"sa-25547","SA-25547",-0.8944768,-1.2357,1.97355,1.23107e-11,5.16259e-10,5,1,"LINCS L1000",18.3286200772998,"Downregula NQO1"
"apicidin","apicidin",-0.568813928571429,-0.5484455,1.54152,1.1429e-10,6.74174e-10,14,1,"LINCS L1000",9.82274135967023,"Downregula NQO1"
"sa-792709","SA-792709",1.6842175,1.59063,2.30322,2.32202e-13,7.38666e-10,4,1,"LINCS L1000",21.0319729455276,"Upregula NQO1"
"gdc-0941","GDC-0941",-0.438770166666667,-0.854022,1.45542,8.97813e-13,8.69239e-10,6,1,"LINCS L1000",13.1873580204375,"Downregula NQO1"
"topotecan","topotecan",-1.7033265,-1.2761395,3.50936,3.03427e-12,9.00896e-10,4,1,"LINCS L1000",31.7433029399378,"Downregula NQO1"
"mln-4924","MLN-4924",0.882127166666667,1.0380235,3.17517,5.73e-12,9.24607e-10,12,1,"LINCS L1000",25.4570292707506,"Upregula NQO1"
"ql-xii-47","QL-XII-47",-0.715138666666667,-1.224965,2.72317,2.43083e-12,9.33272e-10,6,1,"LINCS L1000",19.874259953953,"Downregula NQO1"
"brd-k82732294","BRD-K82732294",2.45022,2.31122,3.69819,1.07715e-11,1.16437e-09,3,1,"LINCS L1000",33.0392928976725,"Upregula NQO1"
"bg-fa-0953","BG-FA-0953",3.037905,3.037905,3.80044,1.46524e-12,1.25492e-09,2,1,"LINCS L1000",33.8291756538099,"Upregula NQO1"
"sb-239063","SB-239063",3.88925,3.88925,3.88925,1.04257e-10,1.46843e-09,1,1,"LINCS L1000",34.3543160030711,"Upregula NQO1"
"trichostatin-a","trichostatin-a",0.648613205,0.958869,4.20195,3.25062e-11,1.50176e-09,100,1,"LINCS L1000",32.473637707319,"Upregula NQO1"
"brd-k42489623","BRD-K42489623",2.418313,2.418313,3.89101,8.50156e-13,1.57761e-09,2,1,"LINCS L1000",34.2486713800276,"Upregula NQO1"
"triptolide","triptolide",-1.10456216666667,-1.189965,2.66248,2.43498e-10,1.89676e-09,6,1,"LINCS L1000",16.9682780305224,"Downregula NQO1"
"at-7519","AT-7519",-1.02575807692308,-1.2252,2.72629,2.19118e-10,1.95251e-09,13,1,"LINCS L1000",23.7443684825381,"Downregula NQO1"
"auranofin","auranofin",-0.4586161,-0.8472405,2.53913,2.86572e-10,2.02648e-09,10,1,"LINCS L1000",16.5005854662186,"Downregula NQO1"
"cymarin","cymarin",-1.67898833333333,-1.89024,2.26284,5.5349e-11,2.36566e-09,3,1,"LINCS L1000",19.5193657172185,"Downregula NQO1"
"gsk-3-inhibitor-ix","GSK-3-inhibitor-IX",1.666901,1.18118,2.78051,7.48012e-13,2.37953e-09,5,1,"LINCS L1000",23.9777524964448,"Upregula NQO1"
"mk-1775","MK-1775",-1.4016368,-1.27887,2.00568,7.16027e-11,2.40466e-09,5,1,"LINCS L1000",17.2868482566447,"Downregula NQO1"
"brd-k88707333","BRD-K88707333",2.48075,2.14742,4.03791,3.93303e-12,2.5759e-09,3,1,"LINCS L1000",34.6818956852333,"Upregula NQO1"
"digoxigenin","digoxigenin",-2.07568,-2.07568,2.07568,8.27784e-11,2.79289e-09,1,1,"LINCS L1000",17.7552549839985,"Downregula NQO1"
"pp-110","PP-110",-1.15453745454545,-1.09586,1.83858,1.691e-10,2.94412e-09,11,1,"LINCS L1000",11.9289595138272,"Downregula NQO1"
"abt-751","ABT-751",-1.88473,-1.85459,2.31445,2.0685e-11,3.17664e-09,3,1,"LINCS L1000",19.6682701619385,"Downregula NQO1"
"brd-a36275421","BRD-A36275421",0.626895727272727,1.01398,1.67942,3.21472e-11,3.30367e-09,11,1,"LINCS L1000",12.5785152942633,"Upregula NQO1"
"pf-562271","PF-562271",-1.5070364,-1.2728,2.35781,2.58646e-10,3.38397e-09,10,1,"LINCS L1000",19.9720028940814,"Downregula NQO1"
"tyrphostin-ag-18","tyrphostin-AG-18",1.94375,1.94375,1.94375,2.34747e-11,5.74433e-09,1,1,"LINCS L1000",16.0179784526372,"Upregula NQO1"
"md-ii-051","MD-II-051",-0.086015,-0.0118849999999999,2.71552,9.82886e-11,6.82803e-09,4,1,"LINCS L1000",19.5587405797486,"Downregula NQO1"
"brd-k54687541","BRD-K54687541",-2.44612,-2.44612,3.60469,7.89404e-11,7.4485e-09,2,1,"LINCS L1000",29.2986722376563,"Downregula NQO1"
"bms-345541","BMS-345541",-0.809754571428571,-0.875671,1.89562,9.98918e-11,8.82694e-09,7,1,"LINCS L1000",13.5080039238788,"Downregula NQO1"
"brd-k73610817","BRD-K73610817",1.9226665,1.9226665,2.90369,2.32168e-10,9.00681e-09,2,1,"LINCS L1000",23.3614317291378,"Upregula NQO1"
"chaetocin","chaetocin",1.41904875,1.769445,2.407,1.53912e-10,9.13951e-09,8,1,"LINCS L1000",18.6218789473419,"Upregula NQO1"
"calpeptin","calpeptin",-1.70922,-1.70922,1.70922,2.19296e-11,9.21376e-09,1,1,"LINCS L1000",13.734545169367,"Downregula NQO1"
"brd-k56593336","BRD-K56593336",2.91354,2.91354,3.57712,8.53993e-12,9.50836e-09,2,1,"LINCS L1000",28.6952788375609,"Upregula NQO1"
"cephaeline","cephaeline",0.26496,0.26496,2.16326,1.1527e-09,9.86974e-09,2,2,"CMAP; LINCS L1000",17.3183982251615,"Upregula NQO1"
"cd-437","CD-437",-1.287932,-1.35836,2.19352,1.2385e-09,1.06113e-08,5,1,"LINCS L1000",17.4916360759437,"Downregula NQO1"
"nvp-auy922","NVP-AUY922",-1.2947072,-1.32689,1.94663,6.68262e-10,1.2526e-08,5,1,"LINCS L1000",13.2672198149022,"Downregula NQO1"
"sulforaphane","sulforaphane",1.65694125,1.55872,2.60349,2.16033e-11,1.33628e-08,16,2,"CREEDS; LINCS L1000",12.8123983113581,"Upregula NQO1"
"geldanamycin","geldanamycin",-0.274934352941176,-0.791775,1.96502,1.12953e-10,1.4709e-08,51,2,"CMAP; LINCS L1000",12.9469178173466,"Downregula NQO1"
"puromycin","puromycin",-1.567814,-1.43906,2.44543,1.25186e-10,1.64949e-08,3,1,"LINCS L1000",19.0319265549495,"Downregula NQO1"
"brd-k77547920","BRD-K77547920",1.923372,1.50358,3.45201,1.74636e-10,1.69816e-08,3,1,"LINCS L1000",26.8221915491973,"Upregula NQO1"
"dactinomycin","dactinomycin",-1.94369,-1.70453,3.22331,6.24931e-10,1.75264e-08,4,1,"LINCS L1000",25.0009828211185,"Downregula NQO1"
"tanespimycin","tanespimycin",-0.6440754375,-0.7198885,2.62937,3.25841e-09,1.77954e-08,16,2,"CMAP; LINCS L1000",7.73735407751319,"Downregula NQO1"
"digoxin","digoxin",-1.69676857142857,-1.664015,2.845,1.15614e-09,2.04812e-08,14,1,"LINCS L1000",18.0513997954003,"Downregula NQO1"
"imatinib","Imatinib",-1.1792784,-1.12745,1.54876,2.18689e-10,2.18921e-08,10,2,"CREEDS; LINCS L1000",11.03010682108,"Downregula NQO1"
"brd-k95196255","BRD-K95196255",2.45755,2.45755,2.45755,7.40914e-10,2.26319e-08,1,1,"LINCS L1000",18.7886553683462,"Upregula NQO1"
"f-1566-0341","F-1566-0341",1.65954333333333,1.72347,2.98011,2.25075e-10,2.40304e-08,9,1,"LINCS L1000",21.4670534978648,"Upregula NQO1"
"brd-k56411643","BRD-K56411643",0.676000142857143,1.13506,2.05979,5.36119e-10,2.52395e-08,7,1,"LINCS L1000",15.6501180977478,"Upregula NQO1"
"brd-k26304855","BRD-K26304855",-1.59821,-1.59821,2.04844,4.35643e-09,2.73034e-08,2,1,"LINCS L1000",15.4939561982591,"Downregula NQO1"
"cinobufagin","cinobufagin",-2.003185,-2.003185,2.28131,1.16179e-09,2.98051e-08,2,1,"LINCS L1000",17.1684761494516,"Downregula NQO1"
"brd-k73261812","BRD-K73261812",1.46867,1.46867,1.92422,2.22789e-10,2.98859e-08,2,1,"LINCS L1000",14.4788581612786,"Upregula NQO1"
"md-049","MD-049",1.578126,1.87362,3.00884,1.19893e-10,3.2087e-08,5,1,"LINCS L1000",20.1818794927124,"Upregula NQO1"
"brd-k42455570","BRD-K42455570",3.01109,3.01109,4.22358,1.53089e-11,3.409e-08,2,1,"LINCS L1000",31.5390472501497,"Upregula NQO1"
"brd-k79222491","BRD-K79222491",-1.98276,-1.98276,1.98276,7.47884e-09,3.50977e-08,1,1,"LINCS L1000",14.7809232890743,"Downregula NQO1"
"pyrvinium-pamoate","pyrvinium-pamoate",-1.393958875,-1.35022,1.91367,4.80592e-09,3.5828e-08,8,1,"LINCS L1000",11.8869973131434,"Downregula NQO1"
"brd-k01834163","BRD-K01834163",3.39641,3.39641,3.39641,2.49285e-11,3.70072e-08,1,1,"LINCS L1000",25.2411469750621,"Upregula NQO1"
"menadione","menadione",0.1792462,-0.643349,3.31811,1.39159e-11,3.87349e-08,5,1,"LINCS L1000",24.5934914157736,"Downregula NQO1"
"fludarabine","fludarabine",-1.6980378,-1.27736,2.83063,3.67521e-09,4.41422e-08,5,1,"LINCS L1000",20.8196969951881,"Downregula NQO1"
"zm-336372","ZM-336372",-1.19207866666667,-1.01291,1.83559,7.07884e-11,4.63622e-08,3,1,"LINCS L1000",7.42851578617579,"Downregula NQO1"
"iodoacetic-acid","iodoacetic-acid",1.88976,1.88976,2.74159,7.0173e-11,4.88317e-08,2,1,"LINCS L1000",20.0445819119549,"Upregula NQO1"
"mln-2238","MLN-2238",0.134118714285714,0.80154,1.44413,7.52927e-09,5.17954e-08,7,1,"LINCS L1000",10.5215106618483,"Upregula NQO1"
"brd-k42644990","BRD-K42644990",-2.36528,-2.36528,2.36528,8.95396e-09,5.30143e-08,1,1,"LINCS L1000",17.2088476507766,"Downregula NQO1"
"sb-225002","SB-225002",-1.26081225,-1.337175,1.65112,5.45115e-10,5.9503e-08,4,1,"LINCS L1000",11.9301033935516,"Downregula NQO1"
"brd-k49861754","BRD-K49861754",1.91881,1.91881,2.41957,4.31709e-10,6.72258e-08,2,1,"LINCS L1000",17.3542787710145,"Upregula NQO1"
"wortmannin","wortmannin",-0.15864875,-0.715653,2.59817,2.03793e-09,6.73707e-08,48,1,"LINCS L1000",16.3477998754036,"Downregula NQO1"
"h-9","H-9",-0.867386666666667,-1.77691,2.58424,8.80138e-10,6.78163e-08,3,1,"LINCS L1000",18.5255531877732,"Downregula NQO1"
"phenethyl-isothiocyanate","phenethyl-isothiocyanate",1.554698,1.804275,3.33726,2.18038e-11,7.44983e-08,4,1,"LINCS L1000",22.6630192241083,"Upregula NQO1"
"sch-79797","SCH-79797",-1.8830386,-2.00808,3.11113,6.52462e-09,7.5202e-08,5,1,"LINCS L1000",14.3051012848757,"Downregula NQO1"
"cycloheximide","cycloheximide",-1.3768495,-1.455245,1.72863,1.43922e-09,8.26324e-08,8,2,"CREEDS; LINCS L1000",6.1838943578261,"Downregula NQO1"
"bi-2536","BI-2536",0.7282685,1.398695,2.08417,6.3869e-09,1.03965e-07,16,1,"LINCS L1000",13.3930517821151,"Upregula NQO1"
"bntx","BNTX",2.15027,2.15027,2.51441,2.20475e-09,1.07665e-07,2,1,"LINCS L1000",17.5202214439739,"Upregula NQO1"
"brd-k75999307","BRD-K75999307",2.3702825,2.114875,3.97347,7.09851e-11,1.12907e-07,4,1,"LINCS L1000",27.6048052121613,"Upregula NQO1"
"km-03472sc","KM-03472SC",2.48657,2.48657,2.48657,1.72543e-10,1.13006e-07,1,1,"LINCS L1000",17.2739493962939,"Upregula NQO1"
"sirolimus","sirolimus",0.20269055,0.773706,3.63075,4.62847e-10,1.21255e-07,20,1,"LINCS L1000",21.4438983445094,"Upregula NQO1"
"sa-1478088","SA-1478088",1.238238,1.73252,2.15466,2.70152e-09,1.24292e-07,5,1,"LINCS L1000",14.8791270656078,"Upregula NQO1"
"antimony","Antimony",-0.98277,-0.98277,0.98277,7.48791e-09,1.28422e-07,1,1,"CREEDS",6.77262242817904,"Downregula NQO1"
"tgx-115","TGX-115",-1.281056,-1.07592,2.39415,4.54942e-10,1.33298e-07,5,1,"LINCS L1000",16.4602034982899,"Downregula NQO1"
"brd-k39345836","BRD-K39345836",2.0506,1.96087,2.83199,1.48286e-10,1.37585e-07,5,1,"LINCS L1000",19.4314980640124,"Upregula NQO1"
"gsk-1059615","GSK-1059615",-1.64377333333333,-1.19219,2.68132,1.34765e-09,1.64888e-07,3,1,"LINCS L1000",18.1868866556838,"Downregula NQO1"
"mk-2206","MK-2206",-1.20561333333333,-1.20628,1.23431,5.49044e-09,1.66116e-07,3,1,"LINCS L1000",8.36811392470472,"Downregula NQO1"
"brd-k89224880","BRD-K89224880",2.88499,2.88499,3.19019,1.05094e-10,1.67159e-07,2,1,"LINCS L1000",17.4829020651315,"Upregula NQO1"
"brazilin","brazilin",2.3592,2.3592,2.3592,9.57707e-10,1.71986e-07,1,1,"LINCS L1000",15.9588246881103,"Upregula NQO1"
"salermide","salermide",-0.772107875,-1.003383,2.41246,3.47091e-09,2.15895e-07,8,1,"LINCS L1000",8.65092784205137,"Downregula NQO1"
"brd-k53932786","BRD-K53932786",-2.51364,-2.51364,2.51364,2.24869e-09,2.24546e-07,1,1,"LINCS L1000",16.7124248877271,"Downregula NQO1"
"niclosamide","niclosamide",-0.266445636363636,-0.9036,2.07409,2.42363e-08,2.25719e-07,11,1,"LINCS L1000",10.4021311462614,"Downregula NQO1"
"elesclomol","elesclomol",1.810778,1.74984,2.32917,3.52319e-09,2.37022e-07,5,1,"LINCS L1000",10.1347845455937,"Upregula NQO1"
"mg-132","MG-132",-2.66968,-2.66968,3.37769,1.33341e-08,2.5163e-07,2,1,"LINCS L1000",22.2901787896732,"Downregula NQO1"
"yc-1","YC-1",-1.80821,-1.80821,1.80821,3.5994e-08,2.64265e-07,1,1,"LINCS L1000",11.8943336885284,"Downregula NQO1"
"zg-10","ZG-10",-1.44993875,-1.56977,1.91862,1.9034e-08,2.66404e-07,4,1,"LINCS L1000",11.9501316160096,"Downregula NQO1"
"brd-k53423944","BRD-K53423944",-1.95778,-1.95778,2.42339,4.37999e-08,2.88561e-07,2,1,"LINCS L1000",15.848394719297,"Downregula NQO1"
"5-iodotubercidin","5-iodotubercidin",-2.11866666666667,-2.44848,2.50409,2.08526e-08,2.94823e-07,3,1,"LINCS L1000",16.3528060913213,"Downregula NQO1"
"pifithrin-mu","pifithrin-mu",1.751385875,1.526995,2.98734,4.96324e-10,3.0472e-07,8,1,"LINCS L1000",19.1050739503205,"Upregula NQO1"
"brd-k66037923","BRD-K66037923",2.304434,2.05279,3.43232,1.26744e-09,3.48436e-07,5,1,"LINCS L1000",22.1655003178755,"Upregula NQO1"
"vu-0418946-1","VU-0418946-1",-1.35278766666667,-1.42918,1.89312,3.06191e-08,3.58479e-07,3,1,"LINCS L1000",12.2021736435019,"Downregula NQO1"
"brd-k52321331","BRD-K52321331",1.97344,1.97344,2.32797,8.37246e-10,4.32651e-07,2,1,"LINCS L1000",14.8148804909426,"Upregula NQO1"
"brd-k67808578","BRD-K67808578",2.36882,2.36882,2.36882,1.36085e-09,4.38079e-07,1,1,"LINCS L1000",15.0620177607008,"Upregula NQO1"
"exemestane","exemestane",1.5025,1.51804,1.60804,2.78301e-08,5.14719e-07,3,1,"LINCS L1000",8.68696269458112,"Upregula NQO1"
"phorbol-myristate-acetate","phorbol-myristate-acetate",1.95546428571429,2.06818,2.48457,3.56592e-08,5.29019e-07,7,1,"LINCS L1000",15.5944749861156,"Upregula NQO1"
"hg-6-64-01","HG-6-64-01",-0.278233333333333,-1.18942,1.77542,1.94802e-09,5.56134e-07,3,1,"LINCS L1000",7.43960866207104,"Downregula NQO1"
"ly-2183240","LY-2183240",-1.24802685714286,-1.35676,1.50254,8.99148e-09,5.64006e-07,7,1,"LINCS L1000",9.38894615317151,"Downregula NQO1"
"brd-k24214483","BRD-K24214483",-1.46684,-1.46684,1.46684,1.11707e-10,6.21874e-07,1,1,"LINCS L1000",9.10364557198554,"Downregula NQO1"
"ribavirin","Ribavirin",1.22416,1.22416,1.22416,3.98067e-09,6.58886e-07,1,1,"CREEDS",7.56676520792553,"Upregula NQO1"
"md-040","MD-040",-1.9525875,-1.582535,3.5939,2.63868e-09,7.34476e-07,4,1,"LINCS L1000",22.0450630703084,"Downregula NQO1"
"pirarubicin","pirarubicin",-1.760704,-1.760704,3.0476,5.63124e-08,7.8275e-07,2,1,"LINCS L1000",18.6097943127018,"Downregula NQO1"
"brd-k71726959","BRD-K71726959",-1.0201525,-1.032751,1.26211,1.87616e-09,8.35568e-07,4,1,"LINCS L1000",7.67112755126044,"Downregula NQO1"
"flutamide","flutamide",-1.32395,-1.32395,1.32395,1.66512e-08,8.95627e-07,1,1,"LINCS L1000",8.00708122327797,"Downregula NQO1"
"brd-k85565420","BRD-K85565420",2.145161,2.145161,3.31932,3.76792e-09,9.30562e-07,2,1,"LINCS L1000",20.0196643046307,"Upregula NQO1"
"brd-a09984573","BRD-A09984573",1.84611,1.74624,2.66353,6.86724e-10,1.01947e-06,3,1,"LINCS L1000",15.9588744004071,"Upregula NQO1"
"brd-k44366801","BRD-K44366801",2.74513,2.74513,3.58881,7.95862e-08,1.05868e-06,2,1,"LINCS L1000",21.4439841657533,"Upregula NQO1"
"zstk-474","ZSTK-474",-1.572076,-1.50909,2.55357,1.68263e-08,1.06144e-06,5,1,"LINCS L1000",15.2552941561536,"Downregula NQO1"
"brd-a84102390","BRD-A84102390",-0.56946,-0.56946,2.31178,2.48718e-07,1.06622e-06,2,1,"LINCS L1000",13.8063042675992,"Downregula NQO1"
"f-1061-0166","F-1061-0166",2.11511,2.11511,2.8925,6.6371e-08,1.09316e-06,2,1,"LINCS L1000",17.2431073052783,"Upregula NQO1"
"isoliquiritigenin","isoliquiritigenin",1.47994,1.34184,2.00494,7.37655e-09,1.11742e-06,10,1,"LINCS L1000",8.43392475464838,"Upregula NQO1"
"mdm2-inhibitor","MDM2-inhibitor",2.081495,2.081495,2.55463,7.36085e-10,1.12224e-06,2,1,"LINCS L1000",15.1998294552908,"Upregula NQO1"
"oxibendazole","oxibendazole",-1.69171,-1.69171,1.69171,1.36366e-08,1.1373e-06,1,1,"LINCS L1000",10.0557356375262,"Downregula NQO1"
"thm-i-94","THM-I-94",-1.91981,-1.91981,1.91981,2.14124e-07,1.14618e-06,1,1,"LINCS L1000",11.4051058319868,"Downregula NQO1"
"ikk-2-inhibitor-v","IKK-2-inhibitor-V",0.0132759166666667,-0.668883,1.98001,8.58012e-08,1.2447e-06,12,1,"LINCS L1000",11.6918309640468,"Downregula NQO1"
"vemurafenib","vemurafenib",-0.146969375,-0.699355,2.143,2.38164e-07,1.27979e-06,16,2,"CREEDS; LINCS L1000",7.81890567835203,"Downregula NQO1"
"ispinesib","ispinesib",-0.18458,-0.18458,1.67392,5.02687e-08,1.30109e-06,2,1,"LINCS L1000",9.85217865917947,"Downregula NQO1"
"aminopurvalanol-a","aminopurvalanol-a",-0.466993333333333,-1.00494,2.30318,2.21653e-08,1.36007e-06,3,1,"LINCS L1000",13.5114643744584,"Downregula NQO1"
"sew-05685","SEW-05685",2.4888,2.4888,2.4888,9.24176e-08,1.37197e-06,1,1,"LINCS L1000",14.5909767221086,"Upregula NQO1"
"brd-a43155244","BRD-A43155244",-0.674518,-1.15028,2.92979,2.21726e-08,1.39082e-06,5,1,"LINCS L1000",15.3177477842568,"Downregula NQO1"
"brd-a68065211","BRD-A68065211",-1.75235,-1.75235,1.75235,1.46608e-07,1.39695e-06,1,1,"LINCS L1000",10.2596923164557,"Downregula NQO1"
"nsc-23766","NSC-23766",0.5233675,1.220935,1.86939,5.69775e-08,1.46004e-06,4,1,"LINCS L1000",10.9090781723322,"Upregula NQO1"
"kinetin-riboside","kinetin-riboside",1.068945375,1.202385,1.9714,1.98446e-09,1.52379e-06,8,1,"LINCS L1000",8.92734847813936,"Upregula NQO1"
"brd-k80786583","BRD-K80786583",-1.72471,-1.72471,1.72471,9.7031e-08,1.5511e-06,1,1,"LINCS L1000",10.0194616342593,"Downregula NQO1"
"torin-1","torin-1",-1.04200038461538,-1.42471,2.0129,3.78163e-08,1.58586e-06,13,1,"LINCS L1000",11.6742868933375,"Downregula NQO1"
"ly-294002","LY-294002",-1.1273352,-1.32185,2.0352,5.44942e-09,1.59668e-06,5,2,"CMAP; LINCS L1000",7.66247643824215,"Downregula NQO1"
"brd-k08448573","BRD-K08448573",-1.36625033333333,-1.50873,1.60225,7.7596e-08,1.64094e-06,3,1,"LINCS L1000",5.71416366702546,"Downregula NQO1"
"dorsomorphin","dorsomorphin",-0.7012034,-0.895965,2.47672,5.05799e-08,1.65149e-06,15,1,"LINCS L1000",9.72533556467088,"Downregula NQO1"
"bisbenzimide","bisbenzimide",-0.621075,-0.621075,2.33382,1.16986e-07,1.76974e-06,2,1,"LINCS L1000",13.4243439277116,"Downregula NQO1"
"brd-k04695623","BRD-K04695623",-1.22867,-1.22867,1.22867,4.34956e-08,1.91415e-06,1,1,"LINCS L1000",7.02556458773543,"Downregula NQO1"
"mw-stk33-1c","MW-STK33-1C",0.958545,1.388385,2.25194,1.59351e-07,2.09223e-06,4,1,"LINCS L1000",12.7896468113485,"Upregula NQO1"
"alvespimycin","alvespimycin",0.0582336923076923,0.517191,1.50112,2.26944e-07,2.11094e-06,13,2,"CMAP; LINCS L1000",6.88344590708782,"Upregula NQO1"
"brd-k80346834","BRD-K80346834",1.44350883333333,1.85081,3.23032,1.83997e-08,2.16786e-06,6,1,"LINCS L1000",14.2079711215592,"Upregula NQO1"
"sa-247384","SA-247384",-1.10042,-1.10042,1.10042,1.46476e-07,2.19203e-06,1,1,"LINCS L1000",6.2274457015314,"Downregula NQO1"
"pi-103","PI-103",-1.00859028571429,-0.964277,1.47455,1.65301e-07,2.24858e-06,7,1,"LINCS L1000",8.3283935520745,"Downregula NQO1"
"brd-k88569143","BRD-K88569143",-3.6269,-3.6269,3.6269,2.11359e-07,2.33344e-06,1,1,"LINCS L1000",20.4267129925394,"Downregula NQO1"
"brd-k77681376","BRD-K77681376",-2.52082,-2.52082,2.52082,9.72244e-08,2.36353e-06,1,1,"LINCS L1000",14.183239659697,"Downregula NQO1"
"cgp-71683","CGP-71683",-1.92241,-1.92241,1.92241,1.70895e-07,2.3666e-06,1,1,"LINCS L1000",10.8152386275419,"Downregula NQO1"
"bas-00535043","BAS-00535043",-1.87308,-1.53226,2.66879,5.59597e-09,2.49222e-06,3,1,"LINCS L1000",14.9543342431953,"Downregula NQO1"
"puromycin, ec50, 5 d","Puromycin, ec50, 5 d",-1.15197,-1.15197,1.15197,2.51581e-07,2.53411e-06,1,1,"CREEDS",6.44662518173279,"Downregula NQO1"
"strophanthidin","strophanthidin",-1.557825,-1.557825,1.66824,2.79127e-07,2.60067e-06,2,1,"LINCS L1000",9.31697818604193,"Downregula NQO1"
"mocetinostat","mocetinostat",-1.722527,-1.722527,2.6668,5.70633e-07,2.62159e-06,2,1,"LINCS L1000",14.884571466643,"Downregula NQO1"
"jnk-9l","JNK-9L",-0.202315,-0.18941,2.19418,3.24706e-07,2.80037e-06,4,1,"LINCS L1000",12.183808877502,"Downregula NQO1"
"phloretin","phloretin",-1.10903957142857,-1.38394,2.09432,3.48267e-08,2.98277e-06,7,1,"LINCS L1000",11.5719143308149,"Downregula NQO1"
"brd-k55722623","BRD-K55722623",2.1941,2.1941,2.33417,1.74277e-09,2.98523e-06,2,1,"LINCS L1000",12.8963410746366,"Upregula NQO1"
"resveratrol","resveratrol",-0.0323015,-0.0323015,1.01237,1.29805e-07,3.06125e-06,2,2,"CREEDS; LINCS L1000",5.2260831537901,"Downregula NQO1"
"brd-k32896438","BRD-K32896438",-2.0495,-2.0495,2.0495,1.6544e-07,3.34606e-06,1,1,"LINCS L1000",11.2219681321211,"Downregula NQO1"
"brd-k52904470","BRD-K52904470",-1.22532,-1.22532,1.22532,2.95105e-08,3.35873e-06,1,1,"LINCS L1000",6.70718713457318,"Downregula NQO1"
"oxiconazole","oxiconazole",1.38603,1.38603,1.38603,2.70092e-08,3.70217e-06,1,1,"LINCS L1000",7.52828243516131,"Upregula NQO1"
"neratinib","neratinib",0.820326142857143,0.88508,2.11646,1.10512e-07,3.74563e-06,7,1,"LINCS L1000",11.4849175435319,"Upregula NQO1"
"estradiol","Estradiol",-0.0688995714285714,-0.3678675,1.18277,4.17479e-08,3.911e-06,14,2,"CREEDS; LINCS L1000",3.39929328660467,"Downregula NQO1"
"st-4029573","ST-4029573",0.582504,1.33673,2.25958,6.02173e-08,4.05112e-06,5,1,"LINCS L1000",11.0957230794329,"Upregula NQO1"
"bms-536924","BMS-536924",0.501511571428571,1.00979,1.55586,9.00054e-07,4.11548e-06,7,1,"LINCS L1000",8.3792077278892,"Upregula NQO1"
"brd-k88198340","BRD-K88198340",1.5641175,1.435985,2.23766,1.52859e-08,4.25482e-06,4,1,"LINCS L1000",12.0187377119148,"Upregula NQO1"
"z-leu3-vs","z-leu3-VS",-2.72175,-2.72175,2.72175,4.96997e-07,4.45178e-06,1,1,"LINCS L1000",14.5653534182483,"Downregula NQO1"
"gossypol","gossypol",-0.734206333333333,-1.32292,1.72843,1.04813e-06,4.50054e-06,3,1,"LINCS L1000",7.07330316098994,"Downregula NQO1"
"mln-8054","MLN-8054",-2.16631,-1.52982,3.91698,8.8029e-09,4.55868e-06,3,1,"LINCS L1000",20.921220392151,"Downregula NQO1"
"xanthohumol","xanthohumol",2.36112,2.36112,2.36112,1.32419e-07,4.62904e-06,1,1,"LINCS L1000",12.5954160469025,"Upregula NQO1"
"digitoxigenin","digitoxigenin",-2.08736,-2.08736,2.08736,1.96206e-07,4.80651e-06,1,1,"LINCS L1000",11.1009356438787,"Downregula NQO1"
"idarubicin","idarubicin",-1.63343925,-1.53999,2.5527,3.44375e-07,4.84026e-06,4,1,"LINCS L1000",12.7344176019651,"Downregula NQO1"
"ei-346-erlotinib-analog","EI-346-erlotinib-analog",-1.41555666666667,-1.7089,3.37347,2.2367e-07,4.8592e-06,3,1,"LINCS L1000",17.9247143299172,"Downregula NQO1"
"selamectin","selamectin",-1.44843,-1.44843,1.44843,2.73123e-07,4.94464e-06,1,1,"LINCS L1000",7.68517450864474,"Downregula NQO1"
"dabrafenib","dabrafenib",-1.28599366666667,-1.35523,1.8407,1.21446e-07,5.06458e-06,3,1,"LINCS L1000",9.74734689803573,"Downregula NQO1"
"md-041","MD-041",-1.736228,-1.68624,2.6607,7.36274e-08,5.18425e-06,5,1,"LINCS L1000",12.7221683407853,"Downregula NQO1"
"emetine","emetine",-1.14263583333333,-1.123715,2.29913,4.74963e-07,5.24251e-06,12,1,"LINCS L1000",11.3164434635713,"Downregula NQO1"
"sid-26681509","SID-26681509",1.26227525,1.26605,1.79443,5.73178e-08,5.43128e-06,8,1,"LINCS L1000",7.97914087837308,"Upregula NQO1"
"brd-k78062244","BRD-K78062244",1.1270678,1.37427,2.31442,1.06885e-08,5.66695e-06,5,1,"LINCS L1000",12.1429531259966,"Upregula NQO1"
"parbendazole","parbendazole",-1.03274571428571,-0.943784,1.86349,5.67593e-07,5.75816e-06,7,1,"LINCS L1000",7.84602168822448,"Downregula NQO1"
"tozasertib","tozasertib",0.5233373,1.458335,2.37501,5.39376e-08,5.85893e-06,10,1,"LINCS L1000",11.7550959926124,"Upregula NQO1"
"i-070759","I-070759",-1.49904,-1.49904,1.77732,1.77369e-07,5.95724e-06,2,1,"LINCS L1000",9.28641684833844,"Downregula NQO1"
"ku-0063794","KU-0063794",-1.0484525,-1.048825,1.07326,3.8005e-07,6.00635e-06,4,1,"LINCS L1000",5.43614510889343,"Downregula NQO1"
"thz-2-98-01","THZ-2-98-01",0.608602,1.38356,1.93961,2.65706e-08,6.05231e-06,5,1,"LINCS L1000",10.1210378900599,"Upregula NQO1"
"brd-k60870698","BRD-K60870698",0.982306,1.24101,2.56596,5.1772e-07,6.19151e-06,5,1,"LINCS L1000",13.3640416509291,"Upregula NQO1"
"calyculin","calyculin",-1.19435233333333,-1.03761,1.97764,3.98225e-07,6.32953e-06,3,1,"LINCS L1000",10.2810157406515,"Downregula NQO1"
"tubacin","tubacin",1.6001565,1.6001565,2.21245,1.01818e-07,6.41767e-06,2,1,"LINCS L1000",11.4884179119006,"Upregula NQO1"
"brd-k23582869","BRD-K23582869",1.3346592,1.17644,2.12389,4.09305e-07,6.42631e-06,5,1,"LINCS L1000",11.0273182850175,"Upregula NQO1"
"as-601245","AS-601245",-0.7215228,-0.991773,1.87877,7.72094e-07,6.65363e-06,10,1,"LINCS L1000",8.14420882887466,"Downregula NQO1"
"vorinostat","vorinostat",0.246872597014925,0.744295,2.54172,2.00148e-06,6.83049e-06,67,1,"LINCS L1000",9.12570098810323,"Upregula NQO1"
"lestaurtinib","lestaurtinib",-1.2998,-1.2564,1.82006,5.36539e-07,6.88625e-06,4,1,"LINCS L1000",5.73463978423627,"Downregula NQO1"
"brd-k30381304","BRD-K30381304",0.09273,0.09273,1.67857,1.19429e-07,7.16832e-06,2,1,"LINCS L1000",7.68142774922656,"Upregula NQO1"
"as-605240","AS-605240",0.1064722,0.985571,1.59436,1.40549e-06,7.3566e-06,5,1,"LINCS L1000",8.18436463058164,"Upregula NQO1"
"bibr-1532","BIBR-1532",0.0277288,-0.873098,2.44362,2.8733e-08,7.99784e-06,5,1,"LINCS L1000",6.97329357714317,"Downregula NQO1"
"jak3-inhibitor-vi","JAK3-inhibitor-VI",-0.955966666666667,-1.24101,1.71217,1.45216e-06,8.31064e-06,6,1,"LINCS L1000",8.25869300927969,"Downregula NQO1"
"brd-a49848186","BRD-A49848186",1.74109,1.65412,2.20491,2.63528e-07,8.57533e-06,4,1,"LINCS L1000",8.84705070519088,"Upregula NQO1"
"az-628","AZ-628",-0.681147,-0.681147,0.706548,1.08702e-07,8.88054e-06,2,1,"LINCS L1000",3.56917005663133,"Downregula NQO1"
"brd-k74840245","BRD-K74840245",-1.02944,-1.02944,1.02944,9.67094e-08,9.70056e-06,1,1,"LINCS L1000",5.16079189581142,"Downregula NQO1"
"k784-3131","K784-3131",0.9742548,1.02003,2.8107,1.90139e-08,1.00284e-05,5,1,"LINCS L1000",14.0500382063627,"Upregula NQO1"
"puromycin, ec50, 1 d","Puromycin, ec50, 1 d",-0.261914,-0.261914,0.261914,1.36133e-06,1.01085e-05,1,1,"CREEDS",1.30834248361555,"Downregula NQO1"
"ku-0060648","KU-0060648",-0.161761714285714,-0.563373,1.88186,2.0671e-07,1.05092e-05,7,1,"LINCS L1000",9.36870892499551,"Downregula NQO1"
"ldn-193189","LDN-193189",-0.6824874,-0.983377,1.54106,1.33495e-06,1.05115e-05,5,1,"LINCS L1000",7.15170488879386,"Downregula NQO1"
"pd-0325901","PD-0325901",0.151165,0.151165,1.95752,6.67458e-08,1.12598e-05,2,1,"LINCS L1000",9.68672767011255,"Upregula NQO1"
"ro-28-1675","RO-28-1675",0.141375571428571,0.700403,1.31915,1.91622e-06,1.19025e-05,7,1,"LINCS L1000",6.49597188146818,"Upregula NQO1"
"proscillaridin-a","proscillaridin-a",-1.90096,-1.90096,1.90096,2.22693e-06,1.19262e-05,1,1,"LINCS L1000",9.3593725906001,"Downregula NQO1"
"brd-a81282034","BRD-A81282034",1.98623,1.83712,2.70681,5.42346e-09,1.2077e-05,3,1,"LINCS L1000",13.3122023797472,"Upregula NQO1"
"bay-11-7821","BAY-11-7821",0.880792333333333,1.11206,2.36038,1.38571e-07,1.21007e-05,3,1,"LINCS L1000",11.6064357660215,"Upregula NQO1"
"tg-101348","TG-101348",-0.475592428571429,-0.799994,1.70648,2.42327e-06,1.21153e-05,7,1,"LINCS L1000",7.75402450967058,"Downregula NQO1"
"azd-1152hqpa","AZD-1152HQPA",-2.250515,-2.250515,3.22896,1.50263e-07,1.22119e-05,2,1,"LINCS L1000",15.8645803915678,"Downregula NQO1"
"brd-k70714754","BRD-K70714754",-1.10069,-1.10069,1.10069,1.46754e-07,1.2473e-05,1,1,"LINCS L1000",5.3978157654855,"Downregula NQO1"
"brd-k54343811","BRD-K54343811",2.19845,2.27596,2.69697,4.42308e-07,1.30627e-05,3,1,"LINCS L1000",13.1719126070466,"Upregula NQO1"
"broad-sai-595","Broad-Sai-595",2.66734333333333,2.43517,3.33377,6.2939e-07,1.31352e-05,3,1,"LINCS L1000",16.2740093164651,"Upregula NQO1"
"l-690488","L-690488",-1.0913125,-1.12951,1.26226,8.29249e-07,1.32181e-05,4,1,"LINCS L1000",6.04535945102224,"Downregula NQO1"
"vama-37","VAMA-37",-1.30949,-1.30949,1.30949,2.75225e-08,1.39289e-05,1,1,"LINCS L1000",6.35899236277726,"Downregula NQO1"
"isox","ISOX",-0.296854,-0.835939,1.60388,2.88616e-06,1.59477e-05,5,1,"LINCS L1000",6.47859367126539,"Downregula NQO1"
"vincristine","vincristine",-1.14438414285714,-1.25475,2.5087,6.38676e-08,1.59798e-05,7,1,"LINCS L1000",12.0328005806751,"Downregula NQO1"
"brd-k88742110","BRD-K88742110",1.40592875,1.160527,2.6736,5.79657e-07,1.60183e-05,8,1,"LINCS L1000",12.8209375311416,"Upregula NQO1"
"necrostatin-1","necrostatin-1",1.4237515,1.348075,2.22495,2.46683e-08,1.66459e-05,4,1,"LINCS L1000",10.6323523645004,"Upregula NQO1"
"wz-4-145","WZ-4-145",2.02797,2.02797,2.02797,9.3618e-07,1.71016e-05,1,1,"LINCS L1000",9.66725847379946,"Upregula NQO1"
"brd-k85853281","BRD-K85853281",-1.14101366666667,-0.919589,1.67211,3.08356e-06,1.7192e-05,3,1,"LINCS L1000",7.9670583691435,"Downregula NQO1"
"thiazolopyrimidine","thiazolopyrimidine",1.35597075,1.3938575,1.86614,3.33357e-06,1.7708e-05,4,1,"LINCS L1000",8.86758094443763,"Upregula NQO1"
"brd-k31856043","BRD-K31856043",2.22423,2.22423,2.22423,1.2206e-07,1.77649e-05,1,1,"LINCS L1000",10.566065006411,"Upregula NQO1"
"bortezomib","bortezomib",0.199787142857143,0.761931,1.6125,3.20406e-06,1.80445e-05,7,1,"LINCS L1000",7.05649748489561,"Upregula NQO1"
"brd-k53610452","BRD-K53610452",-1.2047385,-1.2047385,1.61911,2.86874e-07,1.85729e-05,2,1,"LINCS L1000",7.66020415587825,"Downregula NQO1"
"bx-795","BX-795",0.2708825,0.2708825,1.5057,1.63642e-06,1.89593e-05,2,1,"LINCS L1000",7.11018296495721,"Upregula NQO1"
"y-27632","Y-27632",-1.106715,-1.106715,3.36163,1.58332e-07,1.91616e-05,2,1,"LINCS L1000",15.8587188890454,"Downregula NQO1"
"u0126","U0126",1.76798,1.76798,1.76798,4.96439e-07,1.96005e-05,1,1,"LINCS L1000",8.32317752386714,"Upregula NQO1"
"brd-a30083233","BRD-A30083233",1.54774333333333,1.59469,2.03236,2.14706e-06,1.96591e-05,3,1,"LINCS L1000",9.56517301725788,"Upregula NQO1"
"baccatin-iii","baccatin-III",-1.2295,-1.2295,1.2295,2.8596e-07,1.97144e-05,1,1,"LINCS L1000",5.78506360802653,"Downregula NQO1"
"merck60","Merck60",-0.7075958,-1.02454,1.27664,4.20531e-06,2.00565e-05,5,1,"LINCS L1000",5.99732898803407,"Downregula NQO1"
"cytochalasin-d","cytochalasin-d",-2.070235,-2.070235,2.44378,2.80867e-07,2.0506e-05,2,1,"LINCS L1000",8.08592740150144,"Downregula NQO1"
"lmp-420","Lmp-420",0.0306014,0.0306014,0.0306014,1.16288e-06,2.06961e-05,1,1,"CREEDS",0.143340369223094,"Upregula NQO1"
"niguldipine","niguldipine",1.44364225,1.54102,1.82904,2.9985e-07,2.10495e-05,4,1,"LINCS L1000",8.45080856066747,"Upregula NQO1"
"vu-0418933-1","VU-0418933-1",-1.46627133333333,-1.67528,1.79721,1.78386e-06,2.18258e-05,3,1,"LINCS L1000",7.8085300515215,"Downregula NQO1"
"azd-7762","AZD-7762",-1.17635316666667,-1.114385,1.69572,2.6183e-07,2.27063e-05,6,1,"LINCS L1000",5.96349253780581,"Downregula NQO1"
"wye-125132","WYE-125132",-1.1909785,-1.05956,2.3909,5.79765e-08,2.37349e-05,10,1,"LINCS L1000",11.0569862503095,"Downregula NQO1"
"anisomycin","anisomycin",-1.72696,-1.72696,1.72696,1.60396e-06,2.39214e-05,1,1,"LINCS L1000",7.98065070510075,"Downregula NQO1"
"brd-k13842623","BRD-K13842623",-2.03498,-2.03498,2.03498,1.19485e-06,2.42347e-05,1,1,"LINCS L1000",9.39257707510373,"Downregula NQO1"
"hypochlorous acid","Hypochlorous acid",0.0972921,0.0972921,0.0972921,2.23188e-06,2.55544e-05,1,1,"CREEDS",0.446817307490736,"Upregula NQO1"
"brd-k48576794","BRD-K48576794",2.21864,2.27532,2.32338,2.54436e-08,2.61157e-05,3,1,"LINCS L1000",10.648278995466,"Upregula NQO1"
"perhexiline","perhexiline",-0.0392525000000001,0.09801,2.50823,4.63167e-07,2.63107e-05,4,1,"LINCS L1000",9.87053064568531,"Upregula NQO1"
"akt-inhibitor-iv","AKT-inhibitor-IV",-0.2346912,-0.962736,1.86963,2.47817e-06,2.72036e-05,5,1,"LINCS L1000",7.45776077246615,"Downregula NQO1"
"vx","Vx",-0.134651,-0.134651,0.846891,7.07564e-08,2.74692e-05,2,1,"CREEDS",3.53809846632686,"Downregula NQO1"
"sa-792541","SA-792541",1.5090925,1.466455,1.86834,5.81238e-07,2.8076e-05,4,1,"LINCS L1000",8.50405734939388,"Upregula NQO1"
"brd-k97534490","BRD-K97534490",-1.80758,-1.80758,1.80758,1.29887e-07,3.01285e-05,1,1,"LINCS L1000",8.17210983228948,"Downregula NQO1"
"epitestosterone","epitestosterone",0.503038,0.503038,1.98536,2.61522e-07,3.11421e-05,2,1,"LINCS L1000",8.94732682332887,"Upregula NQO1"
"brd-a37735495","BRD-A37735495",1.78233,1.78233,2.55665,4.00036e-07,3.34887e-05,2,1,"LINCS L1000",11.4412687895262,"Upregula NQO1"
"sorafenib","sorafenib",-0.639574,-0.9450395,2.03083,4.10757e-06,3.38267e-05,8,1,"LINCS L1000",6.66039242555525,"Downregula NQO1"
"brd-k35832492","BRD-K35832492",1.311695,1.90101,2.53157,2.19855e-06,3.4573e-05,6,1,"LINCS L1000",11.2531342369075,"Upregula NQO1"
"brd-k01621458","BRD-K01621458",0.973701666666667,1.74659,2.47,2.08972e-06,3.45977e-05,6,1,"LINCS L1000",11.0185533454893,"Upregula NQO1"
"vu-0410183-2","VU-0410183-2",-1.30924,-1.341365,1.54847,4.22645e-06,3.63096e-05,4,1,"LINCS L1000",6.57995938990632,"Downregula NQO1"
"tw-37","TW-37",0.15143,1.15504,2.02198,3.47366e-06,3.80667e-05,3,1,"LINCS L1000",8.93604915689018,"Upregula NQO1"
"ingenol","ingenol",1.08687,0.960594,1.5468,1.4222e-07,3.8156e-05,3,1,"LINCS L1000",6.83443859890956,"Upregula NQO1"
"brd-a09719808","BRD-A09719808",1.76667,1.76667,1.76667,2.21721e-06,3.83627e-05,1,1,"LINCS L1000",7.8017751944174,"Upregula NQO1"
"biib021","BIIB021",-1.79074666666667,-1.86159,2.28081,2.84182e-06,3.87518e-05,3,1,"LINCS L1000",8.21279171901222,"Downregula NQO1"
"brd-k86899078","BRD-K86899078",1.34501,1.29572,1.73281,1.66472e-06,3.89389e-05,4,1,"LINCS L1000",7.64102725752986,"Upregula NQO1"
"kin001-242","KIN001-242",-1.35435,-1.35435,1.46508,6.3239e-08,3.91168e-05,2,1,"LINCS L1000",5.48142512853934,"Downregula NQO1"
"cvf-sumo-7","CVF-SUMO-7",1.83781,1.83781,1.83781,7.01869e-08,4.00749e-05,1,1,"LINCS L1000",8.08108498758978,"Upregula NQO1"
"brd-k19826688","BRD-K19826688",1.2836005,1.56251,2.45037,2.75613e-06,4.22326e-05,6,1,"LINCS L1000",10.7187813535772,"Upregula NQO1"
"gemcitabine","gemcitabine",-0.695493,-1.0155485,1.64319,6.13509e-06,4.24801e-05,4,1,"LINCS L1000",7.18372181826475,"Downregula NQO1"
"nilotinib","nilotinib",-0.662142,-1.170294,1.75571,1.57499e-07,4.40103e-05,4,2,"CREEDS; LINCS L1000",7.64865522906868,"Downregula NQO1"
"brd-k83816656","BRD-K83816656",1.541625,1.541625,2.10582,3.63113e-07,4.62046e-05,2,1,"LINCS L1000",9.1293925808741,"Upregula NQO1"
"brd-k83670234","BRD-K83670234",-1.4252255,-1.380675,2.00643,2.79593e-06,4.77819e-05,4,1,"LINCS L1000",8.66925550614565,"Downregula NQO1"
"brd-k33586157","BRD-K33586157",-1.72375,-1.72375,1.72375,8.22591e-07,4.82038e-05,1,1,"LINCS L1000",7.4412886507134,"Downregula NQO1"
"avicin-g","avicin-g",-0.30061,-1.449645,3.95723,1.40444e-06,4.84519e-05,4,1,"LINCS L1000",11.6770917638193,"Downregula NQO1"
"dg-041","DG-041",0.3673486,0.897507,1.80269,5.02275e-06,5.07241e-05,5,1,"LINCS L1000",4.41087370605057,"Upregula NQO1"
"diclofenac","Diclofenac",-0.6348685,-0.6348685,1.93239,9.368e-06,5.1249e-05,2,1,"CREEDS",8.29056103838406,"Downregula NQO1"
"fostamatinib","fostamatinib",0.779443666666667,1.20079,1.39236,5.63493e-06,5.13415e-05,6,1,"LINCS L1000",5.28753383355105,"Upregula NQO1"
"r1881","R1881",0.8970325,0.8970325,1.02568,6.07772e-07,5.26283e-05,2,1,"CREEDS",4.24108380153009,"Upregula NQO1"
"mebendazole","mebendazole",-1.87881,-1.87881,1.89451,3.04661e-07,5.42735e-05,2,1,"LINCS L1000",7.94693206926085,"Downregula NQO1"
"mitomycin-c","mitomycin-c",-2.253555,-2.253555,2.34604,3.64675e-06,5.4391e-05,2,1,"LINCS L1000",10.0046241347171,"Downregula NQO1"
"brd-k61053657","BRD-K61053657",-1.0632,-1.0632,1.0632,4.61014e-07,5.48797e-05,1,1,"LINCS L1000",4.52985745011692,"Downregula NQO1"
"cytarabine","cytarabine",0.66690025,0.8263535,1.36332,5.44702e-06,5.50871e-05,4,2,"CREEDS; LINCS L1000",2.73383710478235,"Upregula NQO1"
"st-056792","ST-056792",1.6760825,1.716785,2.04883,2.0646e-06,5.6899e-05,4,1,"LINCS L1000",7.74850465471722,"Upregula NQO1"
"4-hydroxy-2-nonenal","4-hydroxy-2-nonenal",1.82685,1.82685,1.82685,9.68134e-07,5.89521e-05,1,1,"LINCS L1000",7.72666338995604,"Upregula NQO1"
"cadmium","Cadmium",0.158159,0.158159,0.158159,3.35224e-06,6.18605e-05,1,1,"CREEDS",0.665625843964492,"Upregula NQO1"
"bo2-inhibits-rad51","BO2-inhibits-RAD51",0.891983166666667,1.09033,1.76869,1.09766e-07,6.26737e-05,6,1,"LINCS L1000",3.81837922924977,"Upregula NQO1"
"brd-k55896799","BRD-K55896799",-0.749398,-0.749398,0.749398,4.78966e-08,6.27389e-05,1,1,"LINCS L1000",3.14931744225039,"Downregula NQO1"
"bci-hydrochloride","BCI-hydrochloride",0.58514825,0.9715015,2.15064,2.25651e-06,6.30234e-05,4,1,"LINCS L1000",9.03375938673207,"Upregula NQO1"
"brd-k08307026","BRD-K08307026",-1.2304,-1.2304,1.43396,8.85329e-06,6.45742e-05,2,1,"LINCS L1000",6.00820774693138,"Downregula NQO1"
"brd-a57107094","BRD-A57107094",2.02968,2.02968,2.02968,2.27011e-06,6.46429e-05,1,1,"LINCS L1000",8.50330207880853,"Upregula NQO1"
"lovastatin","lovastatin",1.3948025,1.162635,2.17713,6.20937e-06,6.69914e-05,4,1,"LINCS L1000",4.77027586410444,"Upregula NQO1"
"entinostat","entinostat",0.682033666666667,0.748991,2.44778,2.99469e-06,7.02695e-05,6,1,"LINCS L1000",10.1662010072486,"Upregula NQO1"
"brd-k73125384","BRD-K73125384",1.962625,1.962625,2.08655,1.5048e-07,7.12953e-05,2,1,"LINCS L1000",8.65279577743418,"Upregula NQO1"
"2,3-dimethoxy-1,4-naphtoquinone (dmnq)","2,3-dimethoxy-1,4-naphtoquinone (dmnq)",1.947225,1.947225,1.94889,4.70295e-08,7.25195e-05,2,1,"CREEDS",8.05373355716253,"Upregula NQO1"
"bexarotene","Bexarotene",0.26088705,0.26088705,0.58679,2.41417e-06,7.30049e-05,2,1,"CREEDS",2.42734367380824,"Upregula NQO1"
"pik-90","PIK-90",-1.18644766666667,-1.301495,1.64089,4.38531e-06,7.42602e-05,6,1,"LINCS L1000",6.37303372036804,"Downregula NQO1"
"brd-k16180117","BRD-K16180117",1.9589,1.9589,1.9589,7.06252e-06,7.48184e-05,1,1,"LINCS L1000",8.08240491287003,"Upregula NQO1"
"kin001-244","KIN001-244",-0.0699983333333333,0.758995,2.26037,3.20904e-07,7.60201e-05,3,1,"LINCS L1000",9.31062578986083,"Upregula NQO1"
"cp466722","CP466722",-1.25987,-1.2704,1.36605,1.9586e-06,7.76051e-05,3,1,"LINCS L1000",5.61461540640642,"Downregula NQO1"
"zileuton","zileuton",1.07643,1.07643,1.07643,9.91821e-06,7.80143e-05,1,1,"LINCS L1000",4.42178690861964,"Upregula NQO1"
"gw-843682x","GW-843682X",-1.0869235,-1.021634,1.60388,8.68883e-06,8.02501e-05,4,1,"LINCS L1000",4.56793566428938,"Downregula NQO1"
"heregulin","Heregulin",-1.39716,-1.39716,1.39716,4.90095e-07,8.06983e-05,1,1,"CREEDS",5.7187653545692,"Downregula NQO1"
"quiflapon","quiflapon",0.684586875,0.9669675,3.12834,6.34186e-08,8.2147e-05,8,1,"LINCS L1000",12.7805461772251,"Upregula NQO1"
"st-019365","ST-019365",1.94382,1.94382,1.94382,1.56682e-07,8.7225e-05,1,1,"LINCS L1000",7.89066325391049,"Upregula NQO1"
"bisphenol a","Bisphenol a",0.20527585,0.246238,0.363564,1.19745e-05,8.78971e-05,4,1,"CREEDS",1.1484392709837,"Upregula NQO1"
"dl-pdmp","DL-PDMP",0.869518666666667,0.759349,1.26509,9.36697e-06,9.04134e-05,3,1,"LINCS L1000",5.11572944551202,"Upregula NQO1"
"4-hydroxyretinoic-acid","4-hydroxyretinoic-acid",2.32697,2.32697,2.77403,1.72664e-05,9.62904e-05,2,1,"LINCS L1000",11.1416612759965,"Upregula NQO1"
"brd-k09661167","BRD-K09661167",0.05658,0.05658,1.43096,2.88452e-06,9.63007e-05,2,1,"LINCS L1000",5.29277311872519,"Upregula NQO1"
"brd-k58191509","BRD-K58191509",-1.97473,-1.97473,1.97473,1.5017e-06,9.69616e-05,1,1,"LINCS L1000",7.92538182959489,"Downregula NQO1"
"brd-k94493764","BRD-K94493764",1.70010466666667,1.75212,2.45098,6.7718e-07,0.000100953,3,1,"LINCS L1000",9.79382385133792,"Upregula NQO1"
"brd-a18411371","BRD-A18411371",1.4782215,1.542725,1.90706,1.9825e-06,0.000101253,4,1,"LINCS L1000",7.46469425786663,"Upregula NQO1"
"spb02303","SPB02303",2.04698666666667,1.80707,2.94249,6.10161e-07,0.000103718,3,1,"LINCS L1000",11.7233093702666,"Upregula NQO1"
"proscillaridin","proscillaridin",-0.919156666666667,-1.42356,2.44483,7.91164e-06,0.000104992,3,1,"LINCS L1000",9.72759666626942,"Downregula NQO1"
"tosyl-phenylalanyl-chloromethyl-ketone","tosyl-phenylalanyl-chloromethyl-ketone",2.41438,2.41438,2.87173,7.49546e-08,0.000114281,2,1,"LINCS L1000",11.3204342331972,"Upregula NQO1"
"gsk-1070916","GSK-1070916",-0.5776685,-1.017222,1.57753,3.78084e-06,0.000115331,4,1,"LINCS L1000",6.21239823562856,"Downregula NQO1"
"hy-11007","HY-11007",-1.055203,-1.07109,1.71708,2.87839e-06,0.000115488,5,1,"LINCS L1000",6.76093920777972,"Downregula NQO1"
"brd-k05562558","BRD-K05562558",1.517563,1.517563,2.12789,9.94908e-08,0.000116603,2,1,"LINCS L1000",8.36960904489384,"Upregula NQO1"
"irinotecan","irinotecan",-0.331005,-0.331005,1.78217,1.93898e-06,0.000117329,2,1,"LINCS L1000",7.00498783321305,"Downregula NQO1"
"brd-k89692698","BRD-K89692698",-1.21609,-1.21609,1.27596,1.69283e-05,0.000118058,2,1,"LINCS L1000",4.54152183159096,"Downregula NQO1"
"brd-k81795824","BRD-K81795824",-1.0492585,-1.0492585,1.3966,1.62593e-05,0.000118321,2,1,"LINCS L1000",5.48436184615347,"Downregula NQO1"
"ellipticine","ellipticine",-1.08417983333333,-1.140035,2.51557,4.83426e-06,0.000120818,6,1,"LINCS L1000",7.12285760905893,"Downregula NQO1"
"thapsigargin","thapsigargin",1.28695,1.28695,1.28695,8.6441e-06,0.000121719,1,1,"LINCS L1000",5.0379480384034,"Upregula NQO1"
"podophyllotoxin","podophyllotoxin",-1.59678433333333,-1.75507,2.04006,1.07733e-06,0.000123154,3,1,"LINCS L1000",7.97571958792073,"Downregula NQO1"
"androstanolone","Androstanolone",-0.635853,-0.635853,0.635853,5.74295e-06,0.000124853,1,1,"CREEDS",2.48211641800154,"Downregula NQO1"
"k784-3188","K784-3188",1.533713,1.557,2.3209,1.1951e-06,0.000127944,6,1,"LINCS L1000",6.89703103338823,"Upregula NQO1"
"ochratoxin-a","ochratoxin-a",-1.887375,-1.887375,2.31241,2.14763e-05,0.000129183,2,1,"LINCS L1000",8.99248759986581,"Downregula NQO1"
"tubastatin-a","tubastatin-a",1.097873,1.19598,2.386,2.54505e-05,0.000129895,8,1,"LINCS L1000",7.1972742992219,"Upregula NQO1"
"emf-sumo1-3","EMF-sumo1-3",1.26385,1.08767,1.63929,2.55644e-07,0.000132388,3,1,"LINCS L1000",4.21814891009003,"Upregula NQO1"
"brd-k89784888","BRD-K89784888",-1.61432,-1.61432,1.61432,9.77407e-06,0.000134526,1,1,"LINCS L1000",6.24934552830108,"Downregula NQO1"
"brd-k55116708","BRD-K55116708",0.178848,0.178848,1.1976,2.48473e-05,0.000137671,2,1,"LINCS L1000",3.24300165659016,"Upregula NQO1"
"cilomilast","cilomilast",1.94876,1.94876,1.94876,3.33681e-06,0.000138627,1,1,"LINCS L1000",7.51861263283075,"Upregula NQO1"
"artesunate","artesunate",-1.02246033333333,-1.09828,1.31764,1.09179e-05,0.000139805,3,1,"LINCS L1000",4.23329532482804,"Downregula NQO1"
"brd-a68274214","BRD-A68274214",1.84832,1.84832,1.84832,9.9867e-06,0.000140928,1,1,"LINCS L1000",7.11788533149858,"Upregula NQO1"
"brd-k59036917","BRD-K59036917",-0.880857,-0.880857,0.880857,1.79496e-05,0.000142598,1,1,"LINCS L1000",3.38767610252667,"Downregula NQO1"
"brd-k86574132","BRD-K86574132",1.20789588888889,1.21075,1.88344,4.93081e-06,0.000146204,9,1,"LINCS L1000",7.22306914140079,"Upregula NQO1"
"gw-405833","GW-405833",1.35453,1.3555,1.82801,1.7256e-05,0.000146917,5,1,"LINCS L1000",5.25827886456614,"Upregula NQO1"
"purmorphamine","purmorphamine",0.054325,0.054325,1.18129,7.31413e-06,0.000152358,2,1,"LINCS L1000",4.09441140423932,"Upregula NQO1"
"brd-k96167523","BRD-K96167523",2.32544,2.32544,2.32544,1.1076e-06,0.000152716,1,1,"LINCS L1000",8.87414753456828,"Upregula NQO1"
"ryuvidine","ryuvidine",-1.84214,-1.84214,1.84214,3.50178e-05,0.00015833,1,1,"LINCS L1000",7.0009366250751,"Downregula NQO1"
"methylene-blue","methylene-blue",0.3700985,-0.0782275,2.56907,1.07625e-06,0.000160845,4,1,"LINCS L1000",9.74600451687173,"Downregula NQO1"
"brd-k14027855","BRD-K14027855",0.849502,1.69866,1.72926,9.17118e-07,0.000162082,3,1,"LINCS L1000",6.55435402223759,"Upregula NQO1"
"pk-11195","PK-11195",-0.690768,-1.07352,1.39659,5.02519e-05,0.00016324,4,1,"LINCS L1000",5.28912851811688,"Downregula NQO1"
"brd-k27169919","BRD-K27169919",-0.355475,-0.355475,1.82216,4.31832e-06,0.00016326,2,1,"LINCS L1000",6.90073895791154,"Downregula NQO1"
"brd-k88008216","BRD-K88008216",-1.90985,-1.90985,1.90985,5.67992e-06,0.000163835,1,1,"LINCS L1000",7.22991539174038,"Downregula NQO1"
"benzbromarone","benzbromarone",2.23459,2.23459,2.23459,7.14235e-06,0.000166192,1,1,"LINCS L1000",8.44538684473831,"Upregula NQO1"
"tpca-1","TPCA-1",-1.25557825,-1.158045,2.38571,4.63936e-06,0.000176296,8,1,"LINCS L1000",6.4697284089088,"Downregula NQO1"
"sc-i-004","SC-I-004",1.870055,1.870055,2.05144,9.87118e-07,0.000184715,2,1,"LINCS L1000",7.65904680013151,"Upregula NQO1"
"k784-3187","K784-3187",1.87746142857143,1.80145,3.1631,1.29781e-06,0.000184898,7,1,"LINCS L1000",8.07041217137371,"Upregula NQO1"
"4-hydroxynonenal","4-hydroxynonenal",0.7534554,0.70037,1.11463,7.45212e-06,0.000188734,5,1,"CREEDS",4.15104915357628,"Upregula NQO1"
"paclitaxel","paclitaxel",-1.55005666666667,-1.2664,2.31143,1.134e-06,0.000192212,3,1,"LINCS L1000",8.58978124432552,"Downregula NQO1"
"brd-k05402890","BRD-K05402890",-1.34555033333333,-1.26709,1.95864,1.517e-05,0.000193241,6,1,"LINCS L1000",5.80661686179277,"Downregula NQO1"
"kin001-220","KIN001-220",-1.49265933333333,-1.46191,2.33639,1.67346e-07,0.00019365,3,1,"LINCS L1000",8.67497518008606,"Downregula NQO1"
"brd-a58924247","BRD-A58924247",1.47966,1.54982,1.85515,8.4954e-06,0.000194625,3,1,"LINCS L1000",6.88409316976236,"Upregula NQO1"
"fccp","FCCP",1.76511,1.76511,1.76511,4.61713e-06,0.000195836,1,1,"LINCS L1000",6.54521757640515,"Upregula NQO1"
"brd-k99502566","BRD-K99502566",-1.87731,-1.87731,1.87731,3.53209e-06,0.000198618,1,1,"LINCS L1000",6.94976669374882,"Downregula NQO1"
"brd-k53780220","BRD-K53780220",-1.85353,-1.85353,1.85353,1.3243e-05,0.000199388,1,1,"LINCS L1000",6.85861888081236,"Downregula NQO1"
"bms-754807","BMS-754807",0.816432,1.08058,1.6996,3.59878e-05,0.00020125,5,1,"LINCS L1000",5.20788828177833,"Upregula NQO1"
"cgk-733","CGK-733",1.3721515,1.3721515,1.75797,1.168e-05,0.000215157,2,1,"LINCS L1000",6.44690584855904,"Upregula NQO1"
"thioridazine","thioridazine",0.3059796,0.807113,1.63216,2.86236e-05,0.000215772,5,1,"LINCS L1000",3.51188652870709,"Upregula NQO1"
"gsk-429286a","GSK-429286A",1.65707333333333,1.40532,2.4022,1.17107e-05,0.000219322,3,1,"LINCS L1000",8.78945234500649,"Upregula NQO1"
"yk-4279","YK-4279",-1.22598,-1.22598,1.33927,9.32179e-06,0.000220358,2,1,"LINCS L1000",4.06896399104685,"Downregula NQO1"
"aplidin","Aplidin",-1.33815,-1.33815,1.33815,4.22818e-05,0.000224675,1,1,"CREEDS",4.88216701080218,"Downregula NQO1"
"rs-i-002-6","RS-I-002-6",0.888484285714286,1.483,2.757,7.47259e-06,0.000225832,7,1,"LINCS L1000",8.11911602248596,"Upregula NQO1"
"saracatinib","saracatinib",-0.00858999999999999,-0.00858999999999999,1.08194,1.27622e-06,0.000228094,2,1,"LINCS L1000",3.94030228886756,"Downregula NQO1"
"brd-k82685933","BRD-K82685933",0.734593333333333,1.3744,2.26496,1.19812e-06,0.000231998,3,1,"LINCS L1000",6.55893258170553,"Upregula NQO1"
"gdc-0879","GDC-0879",-0.379967,-0.756159,1.51981,2.03171e-05,0.000233714,4,1,"LINCS L1000",5.03679557142431,"Downregula NQO1"
"brd-k06765193","BRD-K06765193",2.17072166666667,2.065255,2.83077,1.11249e-06,0.000235562,6,1,"LINCS L1000",7.92779337096853,"Upregula NQO1"
"canertinib","canertinib",1.51088666666667,1.53217,1.73456,1.08918e-05,0.000249526,3,1,"LINCS L1000",6.24941880972692,"Upregula NQO1"
"brd-k62459624","BRD-K62459624",0.82063,1.375095,3.1812,5.46442e-06,0.000250411,8,1,"LINCS L1000",8.53767636510622,"Upregula NQO1"
"fl-hdac-025","FL-HDAC-025",0.4417775,0.329085,2.66018,2.5463e-05,0.000250446,4,1,"LINCS L1000",9.58006872614397,"Upregula NQO1"
"evodiamine","evodiamine",-1.18164333333333,-1.07542,1.48685,1.4541e-05,0.000254343,3,1,"LINCS L1000",5.34460158594177,"Downregula NQO1"
"brd-k76236182","BRD-K76236182",2.4813,2.4813,2.4813,2.67237e-06,0.000262151,1,1,"LINCS L1000",8.8866481166233,"Upregula NQO1"
"hdaci1,2+3_mix","HDACi1,2+3_mix",2.04644666666667,2.08436,2.12707,2.87131e-05,0.000265084,3,1,"LINCS L1000",7.60771362615415,"Upregula NQO1"
"brd-k01614657","BRD-K01614657",-1.28751,-1.28751,1.28751,3.95993e-05,0.000274703,1,1,"LINCS L1000",4.58499898087028,"Downregula NQO1"
"triflupromazine","triflupromazine",-1.80415,-1.80415,1.80415,5.38619e-06,0.000278282,1,1,"LINCS L1000",6.41468217805629,"Downregula NQO1"
"bl003-049-hdac3","BL003-049-HDAC3",0.379754,0.379754,0.930143,6.70949e-05,0.000294108,2,1,"LINCS L1000",3.28479364430763,"Upregula NQO1"
"tg100-115","TG100-115",1.76754,1.76754,1.76754,1.72542e-05,0.000302219,1,1,"LINCS L1000",6.22117206886243,"Upregula NQO1"
"akt-inhibitor-1-2","AKT-inhibitor-1-2",-0.8613926,-1.22829,2.54163,1.28142e-05,0.000310159,5,1,"LINCS L1000",8.91709437251302,"Downregula NQO1"
"bisacodyl","bisacodyl",-1.34354,-1.34354,1.34354,5.65406e-05,0.000311722,1,1,"LINCS L1000",4.71076367485574,"Downregula NQO1"
"brd-k01896723","BRD-K01896723",-1.9151,-1.9151,1.9151,2.58794e-05,0.000322306,1,1,"LINCS L1000",6.68701520564394,"Downregula NQO1"
"mw-stk33-2a","MW-STK33-2A",-1.23742266666667,-1.30504,1.51657,1.02109e-05,0.000325754,3,1,"LINCS L1000",3.48187242426657,"Downregula NQO1"
"brd-k42499654","BRD-K42499654",2.35193,2.35193,2.35193,1.0897e-05,0.000328356,1,1,"LINCS L1000",8.19331280647276,"Upregula NQO1"
"brd-k93578426","BRD-K93578426",1.992545,1.992545,2.10777,2.91424e-05,0.000335013,2,1,"LINCS L1000",7.3243707850524,"Upregula NQO1"
"azaperone","azaperone",-1.53561,-1.53561,1.53561,3.92087e-06,0.000338411,1,1,"LINCS L1000",5.32941977546546,"Downregula NQO1"
"km-00927","KM-00927",-1.490359,-1.490359,2.38075,4.4557e-06,0.000338633,2,1,"LINCS L1000",8.26184702114646,"Downregula NQO1"
"brd-k12707296","BRD-K12707296",-2.27252,-2.27252,2.27252,4.29933e-06,0.000340703,1,1,"LINCS L1000",7.88024498863497,"Downregula NQO1"
"qs-11","QS-11",-0.879806,-0.879806,0.879806,2.45281e-05,0.000347671,1,1,"LINCS L1000",3.04310073595175,"Downregula NQO1"
"zeranol","zeranol",1.05208,1.05208,1.05208,1.21416e-05,0.000349813,1,1,"LINCS L1000",3.63616107898062,"Upregula NQO1"
"brd-u86222656","BRD-U86222656",-0.13896,-0.13896,1.64775,5.80362e-05,0.000354403,2,1,"LINCS L1000",5.6855656764396,"Downregula NQO1"
"brd-k00256256","BRD-K00256256",1.80776,1.80776,1.80776,9.79251e-06,0.000365259,1,1,"LINCS L1000",6.21399255041937,"Upregula NQO1"
"homoharringtonine","homoharringtonine",-1.15223925,-1.18366,1.47042,9.06021e-05,0.000367358,4,1,"LINCS L1000",5.05076109451722,"Downregula NQO1"
"vanadium pentoxide","Vanadium pentoxide",0.561659,0.561659,0.796698,0.000126379,0.000376515,2,1,"CREEDS",2.72806740688883,"Upregula NQO1"
"bx-912","BX-912",-1.03762066666667,-0.949957,1.50411,2.9178e-05,0.000380407,3,1,"LINCS L1000",5.14368242875376,"Downregula NQO1"
"wh-4025","WH-4025",1.1400312,1.021,1.69976,8.47579e-07,0.000393206,5,1,"LINCS L1000",5.78832847731464,"Upregula NQO1"
"pi-828","PI-828",-1.27256,-1.27256,1.31295,5.05931e-05,0.000394885,2,1,"LINCS L1000",4.46866387708333,"Downregula NQO1"
"cyclopentene","cyclopentene",1.79779666666667,1.79775,2.04864,5.25837e-05,0.000400046,3,1,"LINCS L1000",6.96105350824821,"Upregula NQO1"
"brd-k58347372","BRD-K58347372",0.185235,0.185235,1.93171,1.39827e-06,0.000420767,2,1,"LINCS L1000",5.35997271529449,"Upregula NQO1"
"tyrphostin-ag-126","tyrphostin-AG-126",-2.55312,-2.55312,2.55312,5.63092e-05,0.000423041,1,1,"LINCS L1000",8.61325041354062,"Downregula NQO1"
"tyrphostin-47","tyrphostin-47",2.06204,2.06204,2.06204,1.50394e-06,0.000429357,1,1,"LINCS L1000",6.94326284171419,"Upregula NQO1"
"sb-203580","SB-203580",1.56785,1.56785,1.56785,2.79788e-06,0.000429494,1,1,"LINCS L1000",5.27901820896628,"Upregula NQO1"
"brd-a39121618","BRD-A39121618",1.86848,1.86848,1.86848,6.23119e-07,0.000433613,1,1,"LINCS L1000",6.28350710541393,"Upregula NQO1"
"lansoprazole","lansoprazole",1.01046,1.01046,1.01046,3.04535e-05,0.000442649,1,1,"LINCS L1000",3.38902273033081,"Upregula NQO1"
"brd-k31706415","BRD-K31706415",-0.659659,-0.659659,0.659659,3.29639e-05,0.000442993,1,1,"LINCS L1000",2.21223449127017,"Downregula NQO1"
"brd-k18724229","BRD-K18724229",1.9269,1.9269,1.9269,2.6273e-05,0.000448313,1,1,"LINCS L1000",6.45206793031897,"Upregula NQO1"
"erbstatin-analog","erbstatin-analog",1.46885,1.46885,1.46885,1.39633e-06,0.000450631,1,1,"LINCS L1000",4.91503492928173,"Upregula NQO1"
"bicalutamide","Bicalutamide",-0.275285,-0.275285,0.275285,0.00011155,0.000453062,1,1,"CREEDS",0.920509644675904,"Downregula NQO1"
"mst-312","MST-312",0.874412,0.874412,0.874412,0.000126226,0.000454235,1,1,"LINCS L1000",2.92291396062394,"Upregula NQO1"
"altrenogest","altrenogest",1.40623,1.40623,1.40623,2.50637e-05,0.000461255,1,1,"LINCS L1000",4.69126612531115,"Upregula NQO1"
"epothilone","epothilone",-1.736615,-1.736615,1.84428,1.05856e-06,0.000464057,2,1,"LINCS L1000",5.4299886350769,"Downregula NQO1"
"bibx-1382","BIBX-1382",-1.33409,-1.33409,1.33409,4.29319e-06,0.000475626,1,1,"LINCS L1000",4.43282675275046,"Downregula NQO1"
"nvp-bez235","NVP-BEZ235",-0.931616,-0.910713,1.23742,7.40035e-05,0.000493238,4,1,"LINCS L1000",3.32437106400583,"Downregula NQO1"
"phorbol-12-myristate-13-acetate","phorbol-12-myristate-13-acetate",1.0088896,0.877841,2.09438,7.50624e-06,0.000495451,5,1,"LINCS L1000",6.9219244144313,"Upregula NQO1"
"genistein","genistein",-1.76493,-1.76493,1.76493,2.41096e-05,0.000502689,1,1,"LINCS L1000",5.8219756817928,"Downregula NQO1"
"ssr-69071","SSR-69071",1.267725,1.267725,1.29699,8.42046e-07,0.000506775,2,1,"LINCS L1000",4.2738217566871,"Upregula NQO1"
"sa-792574","SA-792574",-1.255516,-1.42303,1.5086,8.82051e-06,0.000514176,3,1,"LINCS L1000",4.68018657328287,"Downregula NQO1"
"bg-stk33-59","BG-STK33-59",1.61977,1.61977,1.61977,0.000113254,0.000529375,1,1,"LINCS L1000",5.30674971275522,"Upregula NQO1"
"testosterone","testosterone",-1.364196,-1.364196,1.73253,2.48554e-06,0.000542627,2,1,"LINCS L1000",5.65757429021923,"Downregula NQO1"
"bisindolylmaleimide","bisindolylmaleimide",-1.18343,-1.18343,1.35003,7.05871e-05,0.000543135,2,1,"LINCS L1000",4.40797243635387,"Downregula NQO1"
"lithocholic-acid","lithocholic-acid",-1.08941,-1.08941,1.08941,3.43378e-05,0.000543837,1,1,"LINCS L1000",3.55641298740505,"Downregula NQO1"
"brd-k64024097","BRD-K64024097",2.07048,2.07048,2.07048,6.36336e-05,0.000556775,1,1,"LINCS L1000",6.73800503968561,"Upregula NQO1"
"mw-stk33-3a","MW-STK33-3A",-2.24423,-2.24423,2.24423,3.9658e-05,0.000558927,1,1,"LINCS L1000",7.299683287449,"Downregula NQO1"
"emf-sumo1-39","EMF-sumo1-39",0.2628735,0.2628735,1.48199,5.57499e-06,0.000561737,2,1,"LINCS L1000",4.81715954406073,"Upregula NQO1"
"cisplatin","Cisplatin",-0.39345275,-0.4114035,0.71411,3.10715e-05,0.000574396,8,1,"CREEDS",1.49831146665395,"Downregula NQO1"
"n-bromoacetyltryptamine","n-bromoacetyltryptamine",2.78943,2.78943,2.78943,1.0698e-05,0.000575417,1,1,"LINCS L1000",9.03780148935813,"Upregula NQO1"
"chromomycin-a3","chromomycin-a3",-1.773765,-1.773765,2.54363,7.19557e-05,0.00057878,2,1,"LINCS L1000",8.23496774665129,"Downregula NQO1"
"alw-ii-49-7","ALW-II-49-7",0.315185,0.315185,2.44219,1.33152e-07,0.000592149,2,1,"LINCS L1000",7.644129446876,"Upregula NQO1"
"methyl-2,5-dihydroxycinnamate","methyl-2,5-dihydroxycinnamate",1.49288,1.49288,1.49288,4.06443e-06,0.000599383,1,1,"LINCS L1000",4.81050062381733,"Upregula NQO1"
"lonidamine","lonidamine",-0.0055263333333333,-0.656659,1.47151,7.36794e-06,0.000603196,3,1,"LINCS L1000",4.73758758195063,"Downregula NQO1"
"brd-k52914903","BRD-K52914903",1.99596,1.99596,1.99596,8.49151e-05,0.000607612,1,1,"LINCS L1000",6.41975316572191,"Upregula NQO1"
"cosmosiin","cosmosiin",-1.28983,-1.28983,1.28983,2.89665e-05,0.000609581,1,1,"LINCS L1000",4.14676292091105,"Downregula NQO1"
"brd-k81814927","BRD-K81814927",-1.24566633333333,-1.31005,1.43993,0.000126657,0.000613129,3,1,"LINCS L1000",4.4994946209251,"Downregula NQO1"
"brd-k19117583","BRD-K19117583",-1.86052,-1.86052,1.86052,8.81779e-06,0.000613608,1,1,"LINCS L1000",5.97619301220895,"Downregula NQO1"
"apha-compound-8","APHA-compound-8",1.77977,1.77977,2.1437,2.11515e-05,0.000619262,2,1,"LINCS L1000",6.87725878214422,"Upregula NQO1"
"rjc-00245sc","RJC-00245SC",-0.727306,-0.727306,0.727306,9.70598e-05,0.000637184,1,1,"LINCS L1000",2.32427734033609,"Downregula NQO1"
"penfluridol","penfluridol",0.0811605,0.0811605,0.932814,7.59814e-05,0.000666124,2,1,"LINCS L1000",2.96303229041365,"Upregula NQO1"
"helveticoside","helveticoside",-1.36664,-1.36664,1.54048,4.95368e-05,0.000688568,2,1,"LINCS L1000",4.87107965845297,"Downregula NQO1"
"torin-2","torin-2",-0.4974775,-0.682806,2.08944,0.000101739,0.000698161,8,1,"LINCS L1000",6.59436544244829,"Downregula NQO1"
"ursolic-acid","ursolic-acid",-0.17436,-0.17436,1.57766,2.42109e-05,0.000709051,2,1,"LINCS L1000",4.96856017658991,"Downregula NQO1"
"brd-k61717269","BRD-K61717269",-1.163524,-1.23684,1.33047,0.000119088,0.000709253,5,1,"LINCS L1000",3.58306393977982,"Downregula NQO1"
"brd-k10554164","BRD-K10554164",1.28294,1.28294,1.28294,2.86994e-05,0.000723057,1,1,"LINCS L1000",4.02949318803821,"Upregula NQO1"
"emf-sumo1-11","EMF-sumo1-11",0.2415065,0.2415065,1.12521,1.10152e-05,0.000742006,2,1,"LINCS L1000",3.4669138108366,"Upregula NQO1"
"u-0126","U-0126",0.24153,1.11706,1.80972,4.18915e-05,0.000751709,3,1,"LINCS L1000",5.43485119518625,"Upregula NQO1"
"etoposide","etoposide",-0.39404975,-0.8883945,1.34915,0.000188785,0.000757046,4,1,"LINCS L1000",3.43405781117827,"Downregula NQO1"
"palbociclib","palbociclib",1.18791,1.18791,1.51042,2.04781e-05,0.000757486,2,1,"LINCS L1000",4.71345500075499,"Upregula NQO1"
"brd-k61894884","BRD-K61894884",0.8748748,0.746926,2.26445,6.52914e-05,0.000761642,5,1,"LINCS L1000",6.28484746542641,"Upregula NQO1"
"km-03949sc","KM-03949SC",0.571384,0.571384,2.04638,6.40892e-06,0.000767279,2,1,"LINCS L1000",6.37456924146173,"Upregula NQO1"
"pac-1","PAC-1",0.142926,0.1988925,1.12521,0.000128964,0.000772564,4,1,"LINCS L1000",2.96047993296189,"Upregula NQO1"
"4-hydroxytamoxifen","4-hydroxytamoxifen",-0.237915,-0.237915,0.237915,8.23543e-05,0.000776699,1,1,"CREEDS",0.739855517935237,"Downregula NQO1"
"brd-k07005393","BRD-K07005393",0.4166235,0.4166235,1.50149,8.08445e-05,0.000781018,2,1,"LINCS L1000",4.66563837038105,"Upregula NQO1"
"bongkrek-acid","bongkrek-acid",-1.5798,-1.5798,1.5798,3.26939e-05,0.000783936,1,1,"LINCS L1000",4.90641549449178,"Downregula NQO1"
"lawsone","lawsone",1.87516,1.87516,1.87516,3.58301e-07,0.000797865,1,1,"LINCS L1000",5.80937803954799,"Upregula NQO1"
"merck-ketone","merck-ketone",-1.55577,-1.55577,1.55577,9.67296e-05,0.000808549,1,1,"LINCS L1000",4.81089770069332,"Downregula NQO1"
"brd-k18761689","BRD-K18761689",-1.24634,-1.24634,1.24634,3.15733e-05,0.000809061,1,1,"LINCS L1000",3.8537066277704,"Downregula NQO1"
"ag-14361","AG-14361",-0.4716605,-0.858999,1.07693,6.53115e-05,0.000811078,4,1,"LINCS L1000",3.3287231909358,"Downregula NQO1"
"brd-k26510616","BRD-K26510616",1.66710666666667,1.60763,1.99979,0.000115593,0.00081188,3,1,"LINCS L1000",6.18036730719162,"Upregula NQO1"
"ca-074-me","CA-074-Me",1.66232,1.66232,1.76602,1.95187e-06,0.000820079,2,1,"LINCS L1000",5.45019257269622,"Upregula NQO1"
"mycophenolic-acid","mycophenolic-acid",1.613245,1.613245,2.13352,4.13634e-05,0.000820197,2,1,"LINCS L1000",6.5842172921724,"Upregula NQO1"
"jnj-7706621","JNJ-7706621",-1.13376133333333,-1.2365,1.43226,0.00024904,0.000820844,3,1,"LINCS L1000",4.41958107288767,"Downregula NQO1"
"plx-4720","PLX-4720",-0.820806166666667,-0.7956925,1.18104,9.88561e-05,0.000823542,6,1,"LINCS L1000",3.06733084638954,"Downregula NQO1"
"brd-k51377689","BRD-K51377689",1.68611,1.68611,2.04862,5.01621e-06,0.000827414,2,1,"LINCS L1000",6.31441458437394,"Upregula NQO1"
"brd-k10361096","BRD-K10361096",-0.342175,-0.342175,2.46223,2.15244e-05,0.000856814,2,1,"LINCS L1000",7.55193873994542,"Downregula NQO1"
"thiothixene","thiothixene",-1.71083,-1.71083,1.71083,4.83177e-05,0.000865599,1,1,"LINCS L1000",5.23973039137978,"Downregula NQO1"
"ag-879","AG-879",-1.46274,-1.46274,1.46274,5.68866e-05,0.000878893,1,1,"LINCS L1000",4.4702270472863,"Downregula NQO1"
"brd-k32636001","BRD-K32636001",1.65177,1.65177,1.65177,0.000100042,0.000896837,1,1,"LINCS L1000",5.03341639360441,"Upregula NQO1"
"brd-k58479490","BRD-K58479490",-0.80695,-0.80695,0.80695,5.97904e-05,0.000902042,1,1,"LINCS L1000",2.45697976665639,"Downregula NQO1"
"tul_xix002","TUL_XIX002",1.2462375,1.2462375,1.54601,0.000248478,0.000925577,2,1,"LINCS L1000",4.68995652718019,"Upregula NQO1"
"selumetinib","selumetinib",-1.25529,-1.25529,1.29883,0.000251547,0.000927976,2,1,"LINCS L1000",3.67458735007051,"Downregula NQO1"
"temsirolimus","temsirolimus",1.709735,1.709735,2.16113,2.44093e-05,0.000929506,2,1,"LINCS L1000",6.31464191200526,"Upregula NQO1"
"atorvastatin","atorvastatin",-1.66298,-1.66298,2.17558,1.94035e-05,0.000931202,2,1,"LINCS L1000",6.59408747189033,"Downregula NQO1"
"pf-750","PF-750",0.912615,0.912615,1.06621,0.0001219,0.000934092,2,1,"LINCS L1000",2.29953484588748,"Upregula NQO1"
"brd-k97149069","BRD-K97149069",-2.44572,-2.44572,2.44572,6.40798e-05,0.000948756,1,1,"LINCS L1000",7.39303360962961,"Downregula NQO1"
"isotretinoin","isotretinoin",0.9831265,0.9831265,1.65234,1.63526e-06,0.000958262,2,2,"CREEDS; LINCS L1000",4.9876142871121,"Upregula NQO1"
"brd-a24021119","BRD-A24021119",-1.39428666666667,-1.19414,1.89558,0.00012919,0.000964726,3,1,"LINCS L1000",5.7163034975185,"Downregula NQO1"
"jwe-035","JWE-035",-0.394815333333333,-0.817656,1.6411,0.000109765,0.000979059,3,1,"LINCS L1000",4.93838357325334,"Downregula NQO1"
"sa-247615","SA-247615",-0.699652,-0.699652,0.699652,0.000203314,0.000997882,1,1,"LINCS L1000",2.09960024739513,"Downregula NQO1"
"bethanechol","bethanechol",-2.04189,-2.04189,2.04189,6.91709e-06,0.00100019,1,1,"LINCS L1000",6.12550152750805,"Downregula NQO1"
"ko-143","KO-143",0.802069,1.16364,1.39201,9.60786e-05,0.00100022,5,1,"LINCS L1000",4.17589701533019,"Upregula NQO1"
"brd-k68313733","BRD-K68313733",1.33246766666667,1.41876,1.71543,6.87292e-05,0.00100223,3,1,"LINCS L1000",4.254907493781,"Upregula NQO1"
"brd-k71935468","BRD-K71935468",-0.087278,-0.087278,1.10116,0.000117597,0.00101537,2,1,"LINCS L1000",3.2961855553698,"Downregula NQO1"
"brd-k51556300","BRD-K51556300",0.905612166666667,1.052555,1.64476,0.00026035,0.00106957,6,1,"LINCS L1000",4.00833833012903,"Upregula NQO1"
"brd-a47816767","BRD-A47816767",-1.368425,-1.368425,1.53976,0.000194584,0.00110142,2,1,"LINCS L1000",4.55468251292806,"Downregula NQO1"
"nvp-tae684","NVP-TAE684",0.63303075,1.007161,1.44803,3.50919e-05,0.00111314,4,1,"LINCS L1000",4.27668450883743,"Upregula NQO1"
"diphencyprone","diphencyprone",1.78393333333333,1.86821,2.21355,1.0507e-06,0.00111414,3,1,"LINCS L1000",5.51693665862671,"Upregula NQO1"
"vinblastine","vinblastine",-1.083719,-1.1294185,1.40367,5.75768e-05,0.00112648,4,1,"LINCS L1000",3.85324999065022,"Downregula NQO1"
"dasatinib","dasatinib",-0.0529625,-0.0882775,1.30481,0.000212732,0.00113022,3,2,"CREEDS; LINCS L1000",3.84506240141679,"Downregula NQO1"
"linifanib","linifanib",0.07729,0.07729,1.56843,0.000217275,0.0011565,2,1,"LINCS L1000",4.60625048839284,"Upregula NQO1"
"celecoxib","Celecoxib",0.31672,0.31672,0.31672,1.80846e-05,0.00115786,1,1,"CREEDS",0.929998855578119,"Upregula NQO1"
"brd-k92158425","BRD-K92158425",-0.170995,-0.170995,1.79827,0.000163823,0.00117754,2,1,"LINCS L1000",5.26717658432998,"Downregula NQO1"
"pd-184352","PD-184352",0.51946,1.04349,1.51703,6.51099e-05,0.00118184,3,1,"LINCS L1000",4.44101629836921,"Upregula NQO1"
"brd-k40329609","BRD-K40329609",-1.35994633333333,-1.20066,1.99015,0.000102593,0.00121518,3,1,"LINCS L1000",5.80200248385471,"Downregula NQO1"
"brd-a95944315","BRD-A95944315",1.71992,1.71992,1.71992,4.49829e-05,0.00122455,1,1,"LINCS L1000",5.00844741917714,"Upregula NQO1"
"am-580","AM-580",1.0252595,1.0252595,1.08889,4.99838e-06,0.00126362,2,1,"LINCS L1000",2.83841188434068,"Upregula NQO1"
"brd-k86682249","BRD-K86682249",1.21433,1.27524,1.31331,4.05053e-07,0.00128853,3,1,"LINCS L1000",3.68532304595354,"Upregula NQO1"
"danazol","danazol",1.2482,1.2482,1.2482,0.000144324,0.00128965,1,1,"LINCS L1000",3.6067090212584,"Upregula NQO1"
"brd-k72615639","BRD-K72615639",-1.3996,-1.3996,1.48863,0.00012173,0.00129698,2,1,"LINCS L1000",3.78370303237784,"Downregula NQO1"
"nbi-27914","NBI-27914",2.34741,2.34741,2.34741,2.24197e-06,0.00131379,1,1,"LINCS L1000",6.76400099529039,"Upregula NQO1"
"brd-k68007270","BRD-K68007270",1.97037,1.97037,1.97037,1.76667e-05,0.00131573,1,1,"LINCS L1000",5.67630735727745,"Upregula NQO1"
"hdac3-selective","HDAC3-selective",0.5234234,0.631393,2.16184,0.000287404,0.00132944,5,1,"LINCS L1000",4.61798445830163,"Upregula NQO1"
"brd-a18725729","BRD-A18725729",0.97416625,1.31315,2.11115,9.33715e-06,0.00134142,4,1,"LINCS L1000",6.06414162061765,"Upregula NQO1"
"brd-a50388635","BRD-A50388635",-1.205,-1.205,1.205,0.00011554,0.00136853,1,1,"LINCS L1000",3.45081354179254,"Downregula NQO1"
"arachidonic acid","Arachidonic acid",1.7416,1.7416,1.7416,3.98985e-05,0.00139193,1,1,"CREEDS",4.97467594451265,"Upregula NQO1"
"brd-k55487965","BRD-K55487965",2.11069333333333,2.20189,2.519,2.25806e-06,0.00139279,3,1,"LINCS L1000",7.19455207294456,"Upregula NQO1"
"arvanil","arvanil",1.55482,1.55482,1.55482,3.69019e-06,0.00139478,1,1,"LINCS L1000",4.43977962992186,"Upregula NQO1"
"periplocymarin","periplocymarin",-1.20421,-1.20421,1.20421,0.000268678,0.0014134,1,1,"LINCS L1000",3.43167927960938,"Downregula NQO1"
"vu-0418939-2","VU-0418939-2",-2.02518,-2.02518,2.02518,0.000229013,0.00141657,1,1,"LINCS L1000",5.76925574593439,"Downregula NQO1"
"brd-k13146765","BRD-K13146765",-1.29623,-1.29623,1.29623,0.00023394,0.00141984,1,1,"LINCS L1000",3.69135271341713,"Downregula NQO1"
"km-00799","KM-00799",-0.62608,-1.17515,1.8229,9.25772e-05,0.00142075,3,1,"LINCS L1000",4.51236187185969,"Downregula NQO1"
"butein","butein",1.93248,1.93248,2.65723,1.24886e-05,0.00144091,2,1,"LINCS L1000",7.55015538873001,"Upregula NQO1"
"col-3","COL-3",-0.9630535,-1.08961,1.679,1.26432e-06,0.00144561,8,1,"LINCS L1000",3.49615388511611,"Downregula NQO1"
"brd-a26595446","BRD-A26595446",1.17462,1.17462,1.17462,6.57692e-06,0.00148721,1,1,"LINCS L1000",3.3213880525334,"Upregula NQO1"
"brd-k40758391","BRD-K40758391",-1.33689,-1.33689,1.33689,0.000403643,0.00149357,1,1,"LINCS L1000",3.77774956202068,"Downregula NQO1"
"sa-3676","SA-3676",1.236,1.236,1.236,0.000159342,0.00149666,1,1,"LINCS L1000",3.49154778439649,"Upregula NQO1"
"brd-k51973945","BRD-K51973945",-1.57753,-1.57753,1.57753,0.000159866,0.00150207,1,1,"LINCS L1000",4.45385595251436,"Downregula NQO1"
"brd-k34092011","BRD-K34092011",0.3418455,0.3418455,1.54824,9.91262e-05,0.00153501,2,1,"LINCS L1000",4.35657518164779,"Upregula NQO1"
"brd-k95352812","BRD-K95352812",1.378,1.378,1.378,0.000107506,0.00153656,1,1,"LINCS L1000",3.8769347567976,"Upregula NQO1"
"brd-k10906552","BRD-K10906552",-0.947817,-0.947817,0.947817,9.77572e-05,0.0015535,1,1,"LINCS L1000",2.66212293776388,"Downregula NQO1"
"km-04501","KM-04501",-2.06229,-2.06229,2.06229,6.20857e-05,0.00156041,1,1,"LINCS L1000",5.78835571011636,"Downregula NQO1"
"rottlerin","rottlerin",0.607014333333333,0.92913,1.74767,0.000289545,0.00158339,3,1,"LINCS L1000",2.41150131836479,"Upregula NQO1"
"everolimus","everolimus",1.74116,1.74116,2.28312,0.000123804,0.00158805,2,1,"LINCS L1000",6.39076299131442,"Upregula NQO1"
"rita","RITA",0.534698666666667,1.16477,1.18181,3.52731e-06,0.00160298,3,1,"LINCS L1000",3.25561589253799,"Upregula NQO1"
"azacitidine","azacitidine",-0.85265675,-1.274345,1.47849,4.06803e-05,0.00160331,4,2,"CREEDS; LINCS L1000",3.78068897649724,"Downregula NQO1"
"brd-k06817181","BRD-K06817181",1.50341,1.50341,1.50341,3.07355e-06,0.00160749,1,1,"LINCS L1000",4.20030461449832,"Upregula NQO1"
"skatole","skatole",1.61047,1.61047,1.61047,9.83365e-06,0.00161012,1,1,"LINCS L1000",4.49827100281802,"Upregula NQO1"
"cyclosporin-a","cyclosporin-a",-0.9386065,-0.9386065,1.10713,6.98303e-05,0.0016164,2,1,"LINCS L1000",2.30578984294456,"Downregula NQO1"
"fatostatin","fatostatin",-1.10076,-1.10076,1.10076,3.23072e-05,0.00166918,1,1,"LINCS L1000",3.05735740796634,"Downregula NQO1"
"brd-k93875449","BRD-K93875449",-1.16125,-1.16125,1.16125,7.58562e-05,0.0016741,1,1,"LINCS L1000",3.22388385343072,"Downregula NQO1"
"erythrosine","erythrosine",-1.18025,-1.18025,1.18025,2.75216e-05,0.00169296,1,1,"LINCS L1000",3.27088973581491,"Downregula NQO1"
"16,16-dimethylprostaglandin-e2","16,16-dimethylprostaglandin-e2",1.4442,1.184125,2.38118,9.59605e-06,0.00171062,4,1,"LINCS L1000",6.29818196992661,"Upregula NQO1"
"h-7","H-7",-1.40053,-1.40053,1.40053,0.000156194,0.00171844,1,1,"LINCS L1000",3.87227725633378,"Downregula NQO1"
"megestrol","megestrol",1.61757,1.61757,1.61757,6.44315e-05,0.00172028,1,1,"LINCS L1000",4.47161189869723,"Upregula NQO1"
"rhodomyrtoxin-b","rhodomyrtoxin-b",-1.04175,-1.04175,1.04175,0.000146479,0.00172517,1,1,"LINCS L1000",2.87853037094987,"Downregula NQO1"
"brd-k21165668","BRD-K21165668",-1.85101,-1.85101,1.85101,8.1015e-05,0.00172636,1,1,"LINCS L1000",5.11409747245601,"Downregula NQO1"
"telmisartan","telmisartan",1.04076,1.04076,1.04076,1.30273e-05,0.00173139,1,1,"LINCS L1000",2.87416811884791,"Upregula NQO1"
"ran-27","RAN-27",-0.450245,-0.450245,2.10071,1.7382e-05,0.00175011,2,1,"LINCS L1000",5.7915201962929,"Downregula NQO1"
"brd-k58214070","BRD-K58214070",1.5084,1.5084,1.76556,0.000106558,0.00175815,2,1,"LINCS L1000",3.6820618920602,"Upregula NQO1"
"brd-k00313977","BRD-K00313977",1.5769,1.5769,1.5769,9.633e-05,0.00176259,1,1,"LINCS L1000",4.34254401213364,"Upregula NQO1"
"brd-k62466453","BRD-K62466453",1.6784,1.6784,2.19939,6.32823e-06,0.00176586,2,1,"LINCS L1000",6.05501685131366,"Upregula NQO1"
"brd-k32944375","BRD-K32944375",-1.69289,-1.69289,1.71747,4.07099e-05,0.00177751,2,1,"LINCS L1000",4.72336529387826,"Downregula NQO1"
"imiloxan","imiloxan",1.94832,1.94832,1.94832,1.06095e-05,0.00178979,1,1,"LINCS L1000",5.35242065686854,"Upregula NQO1"
"2-fluoropalmitic-acid","2-fluoropalmitic-acid",-0.920066,-0.920066,0.920066,4.1381e-05,0.00181439,1,1,"LINCS L1000",2.52214873165827,"Downregula NQO1"
"calcitriol","calcitriol",-0.54764,-0.54764,1.31148,6.58839e-05,0.00182009,2,2,"CREEDS; LINCS L1000",3.12869655401808,"Downregula NQO1"
"danusertib","danusertib",1.60908,1.60908,1.72277,0.000270541,0.00182589,2,1,"LINCS L1000",4.71784938597174,"Upregula NQO1"
"brd-a89049230","BRD-A89049230",1.66386,1.66386,1.66386,1.93956e-05,0.0018273,1,1,"LINCS L1000",4.55596505595571,"Upregula NQO1"
"bax-channel-blocker","BAX-channel-blocker",-0.809157,-0.809157,0.809157,0.000773582,0.00185646,1,1,"LINCS L1000",2.21006216904586,"Downregula NQO1"
"stk-397047","STK-397047",0.1403905,0.1403905,1.04301,0.000107058,0.00187271,2,1,"LINCS L1000",2.07900206072116,"Upregula NQO1"
"brd-k49010888","BRD-K49010888",1.02415471428571,1.21654,1.44224,0.000534532,0.00192014,7,1,"LINCS L1000",3.91808596572427,"Upregula NQO1"
"xmd-892","XMD-892",0.2123055,0.2123055,1.21836,0.000110392,0.00192499,2,1,"LINCS L1000",2.15548218020376,"Upregula NQO1"
"bas-09104376","BAS-09104376",1.98865,1.98865,1.98865,0.000250225,0.00196751,1,1,"LINCS L1000",5.38145206062956,"Upregula NQO1"
"brd-k25731886","BRD-K25731886",-1.94552,-1.94552,1.94552,1.97652e-05,0.00197368,1,1,"LINCS L1000",5.26209319625239,"Downregula NQO1"
"brd-k85660637","BRD-K85660637",1.60337,1.60337,1.60337,5.24407e-06,0.00198437,1,1,"LINCS L1000",4.33291076736384,"Upregula NQO1"
"xmd-1150","XMD-1150",-1.235127,-1.1282675,1.91098,5.03771e-05,0.00201039,4,1,"LINCS L1000",4.71617964717182,"Downregula NQO1"
"hc-toxin","HC-toxin",1.49377,1.49377,1.49377,0.000242986,0.00202274,1,1,"LINCS L1000",4.02430591240683,"Upregula NQO1"
"i-606061","I-606061",-1.59846,-1.59846,1.59846,0.00025863,0.00202716,1,1,"LINCS L1000",4.30483176259001,"Downregula NQO1"
"deforolimus","deforolimus",2.10658,2.10658,2.10658,4.18187e-05,0.0020288,1,1,"LINCS L1000",5.67251596980235,"Upregula NQO1"
"brd-k41925105","BRD-K41925105",-1.25948,-1.25948,1.25948,5.79743e-05,0.00204916,1,1,"LINCS L1000",3.38601642353621,"Downregula NQO1"
"cefalexin","cefalexin",-2.06585,-2.06585,2.06585,7.92767e-05,0.00209983,1,1,"LINCS L1000",5.53196590235834,"Downregula NQO1"
"ku-c104254","KU-C104254",-1.14572,-1.14572,1.14572,0.000284798,0.00209994,1,1,"LINCS L1000",3.06800112640838,"Downregula NQO1"
"natural alpha interferon","Natural alpha interferon",-0.0828237,-0.0828237,0.0828237,0.000698277,0.00212506,1,1,"CREEDS",0.22135700622038,"Downregula NQO1"
"brd-k65242613","BRD-K65242613",-1.39465,-1.39465,1.39465,8.38274e-05,0.0021756,1,1,"LINCS L1000",3.71314537771788,"Downregula NQO1"
"brd-k99633092","BRD-K99633092",0.0953649999999999,0.0953649999999999,1.33421,0.000259329,0.00218079,2,1,"LINCS L1000",3.04324183818634,"Upregula NQO1"
"brd-k61413806","BRD-K61413806",1.47858,1.47858,1.47858,1.67619e-06,0.00219562,1,1,"LINCS L1000",3.93072038755271,"Upregula NQO1"
"brd-k78385490","BRD-K78385490",-1.24213,-1.24213,1.44647,0.000230214,0.00219923,2,1,"LINCS L1000",3.8443257712357,"Downregula NQO1"
"guggulsterone","guggulsterone",1.34123,1.34123,1.34123,2.2015e-06,0.00222832,1,1,"LINCS L1000",3.55697205954851,"Upregula NQO1"
"brd-k66426634","BRD-K66426634",-1.7112,-1.7112,1.7112,0.000205307,0.00224106,1,1,"LINCS L1000",4.5339039980485,"Downregula NQO1"
"fu-jmbii105b","FU-JMBII105B",1.66451,1.66451,1.88168,4.47951e-06,0.00226704,2,1,"LINCS L1000",3.82754970614584,"Upregula NQO1"
"kn-93","KN-93",1.92658,1.92658,1.92658,0.000294816,0.00231106,1,1,"LINCS L1000",5.07882857817772,"Upregula NQO1"
"belinostat","belinostat",1.547165,1.547165,1.76899,0.000267559,0.00232462,2,1,"LINCS L1000",4.6588970286587,"Upregula NQO1"
"jw-7-24-1","JW-7-24-1",-0.256604666666667,-0.987904,1.70408,0.000367482,0.00234944,3,1,"LINCS L1000",4.48008705598798,"Downregula NQO1"
"brd-k23412959","BRD-K23412959",-2.79499,-2.79499,2.79499,0.00011574,0.00235801,1,1,"LINCS L1000",7.34370865453795,"Downregula NQO1"
"brd-k17874705","BRD-K17874705",1.17703,1.17703,1.17703,2.58433e-06,0.00239782,1,1,"LINCS L1000",3.08403449285875,"Upregula NQO1"
"brd-a60386802","BRD-A60386802",1.45239,1.45239,1.68371,8.53969e-06,0.00240711,2,1,"LINCS L1000",4.40880147574974,"Upregula NQO1"
"brd-k65983740","BRD-K65983740",-1.483875,-1.483875,1.53206,0.000263236,0.00240728,2,1,"LINCS L1000",4.01165834544486,"Downregula NQO1"
"latrunculin-b","latrunculin-b",-1.41779,-1.41779,1.41779,0.000397301,0.00241,1,1,"LINCS L1000",3.71175005720778,"Downregula NQO1"
"brd-k56196992","BRD-K56196992",-1.12566,-1.12566,1.12566,0.00065121,0.00243594,1,1,"LINCS L1000",2.94172488976687,"Downregula NQO1"
"ver-155008","VER-155008",-0.829284,-0.829284,0.829284,4.91726e-05,0.00244414,1,1,"LINCS L1000",2.16598525302544,"Downregula NQO1"
"wiskostatin","wiskostatin",2.16378,2.16378,2.25681,7.25561e-06,0.00247341,2,1,"LINCS L1000",5.88283540077979,"Upregula NQO1"
"avicin-d","avicin-d",-0.5603438,-0.902086,2.03602,0.000188442,0.00248068,5,1,"LINCS L1000",4.0881008807527,"Downregula NQO1"
"ql-x-138","QL-X-138",-0.741198125,-1.008671,1.42703,6.91159e-05,0.00251324,8,1,"LINCS L1000",3.70994412748884,"Downregula NQO1"
"tosedostat","tosedostat",-0.0385445,-0.0385445,0.759519,0.000752244,0.00256327,2,1,"LINCS L1000",1.96806992054571,"Downregula NQO1"
"methotrexate","Methotrexate",-0.166752,-0.166752,0.166752,2.91997e-05,0.00267103,1,1,"CREEDS",0.429106462431922,"Downregula NQO1"
"sb-218078","SB-218078",-0.194378333333333,-0.781296,1.19127,0.000159401,0.00270545,3,1,"LINCS L1000",2.00618099819059,"Downregula NQO1"
"brd-k95138506","BRD-K95138506",-1.48544,-1.48544,1.48544,0.000494645,0.00271366,1,1,"LINCS L1000",3.8122994174705,"Downregula NQO1"
"brd-k91677732","BRD-K91677732",1.93677,1.93677,1.93677,2.60857e-06,0.00272091,1,1,"LINCS L1000",4.96836862382745,"Upregula NQO1"
"brd-k11362964","BRD-K11362964",-2.00139,-2.00139,2.00139,0.000512071,0.002747,1,1,"LINCS L1000",5.12584266762228,"Downregula NQO1"
"brd-k58547240","BRD-K58547240",0.425375,0.425375,2.02104,0.000112426,0.00278477,2,1,"LINCS L1000",3.90678287587939,"Upregula NQO1"
"ku-c104495","KU-C104495",-0.12539,-0.12539,1.55931,0.000537506,0.00280967,2,1,"LINCS L1000",3.97833728177276,"Downregula NQO1"
"pyroxamide","pyroxamide",-0.46919,-0.46919,2.2085,1.05506e-05,0.00283062,2,1,"LINCS L1000",5.62751955068715,"Downregula NQO1"
"brd-a24054354","BRD-A24054354",1.32076,1.32076,1.32076,2.14648e-05,0.00285603,1,1,"LINCS L1000",3.36032677050256,"Upregula NQO1"
"brd-a41997916","BRD-A41997916",-1.49877,-1.49877,1.49877,0.000215818,0.00288725,1,1,"LINCS L1000",3.80614981077197,"Downregula NQO1"
"erk-inhibitor-11e","ERK-inhibitor-11E",-0.73454,-1.05107,2.22575,0.000110185,0.00289956,3,1,"LINCS L1000",4.82791497922771,"Downregula NQO1"
"brd-k43194109","BRD-K43194109",2.67502,2.67502,2.67502,0.000106946,0.00293285,1,1,"LINCS L1000",6.77505030104436,"Upregula NQO1"
"brd-k11533227","BRD-K11533227",-0.920923,-0.920923,0.955822,0.000670124,0.00296608,2,1,"LINCS L1000",2.41614323393162,"Downregula NQO1"
"brd-k37365015","BRD-K37365015",2.69742,2.69742,2.69742,8.05508e-06,0.00298951,1,1,"LINCS L1000",6.8093670197133,"Upregula NQO1"
"brd-k65050353","BRD-K65050353",-1.89713,-1.89713,1.89713,0.000388837,0.00299966,1,1,"LINCS L1000",4.78632233614236,"Downregula NQO1"
"brd-a93015352","BRD-A93015352",1.50807,1.50807,1.50807,0.000436386,0.00301223,1,1,"LINCS L1000",3.8020131785151,"Upregula NQO1"
"mw-stk33-4c","MW-STK33-4C",-1.0822495,-1.0822495,1.22032,0.000946904,0.00305398,2,1,"LINCS L1000",2.37473652690592,"Downregula NQO1"
"ruxolitinib","ruxolitinib",-0.9917064,-1.10773,1.305,7.77631e-05,0.00306483,5,1,"LINCS L1000",3.1028565205487,"Downregula NQO1"
"quizartinib","quizartinib",-1.1694555,-1.1694555,1.37062,0.000164015,0.00311363,2,1,"LINCS L1000",2.42724700033988,"Downregula NQO1"
"interferon gamma-1b","Interferon gamma-1b",-0.0997352,-0.0997352,0.0997352,0.00108037,0.00314662,1,1,"CREEDS",0.249552999298037,"Downregula NQO1"
"brd-k58679021","BRD-K58679021",-0.963123,-0.963123,0.963123,0.000893761,0.00315909,1,1,"LINCS L1000",2.40822934903836,"Downregula NQO1"
"triiodothyronine-[13c6] hydrochloride (t3 thyronine)","Triiodothyronine-[13c6] hydrochloride (t3 thyronine)",-0.0345056,-0.0345056,0.0345056,0.000671855,0.00318483,1,1,"CREEDS",0.0861575069022358,"Downregula NQO1"
"pu-h71","PU-H71",-1.4567365,-1.4567365,1.92067,0.000228504,0.00320625,2,1,"LINCS L1000",4.79015600743844,"Downregula NQO1"
"brd-k18711687","BRD-K18711687",2.35344,2.35344,2.35344,1.0097e-05,0.00325254,1,1,"LINCS L1000",5.85483473539732,"Upregula NQO1"
"brd-k46373671","BRD-K46373671",-1.34204,-1.34204,1.34204,0.000588025,0.00328085,1,1,"LINCS L1000",3.3336456453522,"Downregula NQO1"
"brd-k57019930","BRD-K57019930",1.48022,1.48022,1.48022,0.000218518,0.00329914,1,1,"LINCS L1000",3.67331284871272,"Upregula NQO1"
"brd-k40300908","BRD-K40300908",-0.732833,-0.732833,0.732833,0.000569569,0.00331067,1,1,"LINCS L1000",1.81748747606961,"Downregula NQO1"
"scriptaid","scriptaid",0.679017333333333,0.898097,1.87207,0.000851209,0.00331898,3,1,"LINCS L1000",4.64085285224296,"Upregula NQO1"
"brd-k05649647","BRD-K05649647",-0.0673305,-0.0673305,1.04993,0.000183685,0.00335546,2,1,"LINCS L1000",2.59778713332842,"Downregula NQO1"
"st-012030","ST-012030",1.80024,1.80024,1.80024,0.000283567,0.00340036,1,1,"LINCS L1000",4.44384761631105,"Upregula NQO1"
"brd-k95080525","BRD-K95080525",-1.27189,-1.27189,1.27189,0.000377041,0.00343814,1,1,"LINCS L1000",3.13352543102571,"Downregula NQO1"
"trifluoperazine","trifluoperazine",0.521317,0.521317,0.521317,6.11001e-05,0.0034445,1,1,"LINCS L1000",1.28393798648312,"Upregula NQO1"
"brd-k45205755","BRD-K45205755",1.701325,1.701325,1.95084,3.89189e-06,0.00346658,2,1,"LINCS L1000",4.79925909016062,"Upregula NQO1"
"brd-a59145032","BRD-A59145032",1.10437,1.10437,1.10437,5.69739e-05,0.00347588,1,1,"LINCS L1000",2.71557429486085,"Upregula NQO1"
"kuc111774n","KUC111774N",-0.976691333333333,-1.17757,1.39047,0.000281538,0.0034899,3,1,"LINCS L1000",3.4166448317881,"Downregula NQO1"
"clofarabine","clofarabine",-1.16691,-1.16691,1.16691,0.000171535,0.00349474,1,1,"LINCS L1000",2.86661375305668,"Downregula NQO1"
"etacrynic-acid","etacrynic-acid",1.268375,1.268375,1.47396,6.42887e-05,0.0034966,2,1,"LINCS L1000",3.62056761077232,"Upregula NQO1"
"amsacrine","amsacrine",-1.67722666666667,-1.60538,2.29587,0.000196054,0.00349818,3,1,"LINCS L1000",4.7980905153021,"Downregula NQO1"
"brd-k44410738","BRD-K44410738",2.41119,2.41119,2.41119,0.000403624,0.00351227,1,1,"LINCS L1000",5.91805392539862,"Upregula NQO1"
"brd-k90999434","BRD-K90999434",1.03261166666667,1.01246,1.15525,0.000248642,0.00353109,3,1,"LINCS L1000",2.83277837387598,"Upregula NQO1"
"brd-k54168141","BRD-K54168141",-1.64661,-1.64661,1.64661,0.000214716,0.00355223,1,1,"LINCS L1000",4.03336942037928,"Downregula NQO1"
"ag-592","AG-592",1.430485,1.430485,1.82659,0.000125495,0.00361996,2,1,"LINCS L1000",4.45924727770055,"Upregula NQO1"
"brd-k71303366","BRD-K71303366",0.1418075,0.1418075,0.850777,0.000883526,0.00362861,2,1,"LINCS L1000",1.38402257588635,"Upregula NQO1"
"linsitinib","linsitinib",-0.3661735,-0.3661735,1.45298,0.000126315,0.00366726,2,1,"LINCS L1000",1.95801462053847,"Downregula NQO1"
"suloctidil","suloctidil",1.33341,1.33341,1.33341,1.16153e-05,0.00369499,1,1,"LINCS L1000",3.24336879315342,"Upregula NQO1"
"brd-a35769934","BRD-A35769934",1.73974,1.73974,1.73974,1.57242e-05,0.0037015,1,1,"LINCS L1000",4.23039048674626,"Upregula NQO1"
"adenosine triphosphate","Adenosine triphosphate",0.1834025,0.1834025,0.871059,0.000536199,0.00373643,2,1,"CREEDS",2.11453330835125,"Upregula NQO1"
"brd-k53592093","BRD-K53592093",-0.164745,-0.164745,1.47486,8.21462e-05,0.00375084,2,1,"LINCS L1000",3.57782078326881,"Downregula NQO1"
"sa-63133","SA-63133",-1.20752,-1.20752,1.21434,0.000161333,0.00382286,2,1,"LINCS L1000",2.90282625572497,"Downregula NQO1"
"lavendustin-c","lavendustin-c",1.64751,1.64751,1.64751,0.00121102,0.00385573,1,1,"LINCS L1000",3.97691349147575,"Upregula NQO1"
"brd-k42419294","BRD-K42419294",2.00806,2.00806,2.00806,0.000103156,0.00386989,1,1,"LINCS L1000",4.84404590800657,"Upregula NQO1"
"brd-k67778494","BRD-K67778494",-1.38901,-1.38901,1.38901,1.06089e-05,0.00387277,1,1,"LINCS L1000",3.35026197094074,"Downregula NQO1"
"brd-k27484191","BRD-K27484191",-1.2260825,-1.2260825,1.64735,0.00066751,0.00389781,2,1,"LINCS L1000",3.96876157673209,"Downregula NQO1"
"at-sumo-1","AT-SUMO-1",1.35062,1.35062,1.35062,3.35104e-05,0.00390087,1,1,"LINCS L1000",3.2534254855306,"Upregula NQO1"
"brd-k23282736","BRD-K23282736",1.17118,1.17118,1.17118,0.000415907,0.00392101,1,1,"LINCS L1000",2.81856418902402,"Upregula NQO1"
"brd-k85266146","BRD-K85266146",1.55778666666667,1.4611,1.9624,2.36352e-05,0.00392768,3,1,"LINCS L1000",4.2185363751116,"Upregula NQO1"
"brd-k10484463","BRD-K10484463",-0.83982,-0.83982,0.83982,0.0013033,0.00392931,1,1,"LINCS L1000",2.02034129038887,"Downregula NQO1"
"emd-386088","EMD-386088",1.56567,1.56567,1.56567,8.5666e-06,0.00397419,1,1,"LINCS L1000",3.75878440336886,"Upregula NQO1"
"brd-k23935793","BRD-K23935793",-1.05867,-1.05867,1.05867,0.000424412,0.0039995,1,1,"LINCS L1000",2.53868462439051,"Downregula NQO1"
"brd-k58972465","BRD-K58972465",-1.7404,-1.7404,1.7404,0.000143125,0.00400095,1,1,"LINCS L1000",4.17319529895404,"Downregula NQO1"
"brd-k78883024","BRD-K78883024",-1.211185,-1.211185,1.37624,0.000556353,0.00402047,2,1,"LINCS L1000",2.50623788418455,"Downregula NQO1"
"brd-k60297835","BRD-K60297835",1.25074,1.25074,1.25074,0.000112189,0.00405556,1,1,"LINCS L1000",2.99170650369003,"Upregula NQO1"
"brd-k17830172","BRD-K17830172",1.55759,1.55759,1.55759,4.77171e-05,0.00407113,1,1,"LINCS L1000",3.72308405899856,"Upregula NQO1"
"brd-k36772364","BRD-K36772364",1.84985333333333,1.79252,2.79258,1.39488e-05,0.00408701,3,1,"LINCS L1000",6.6703406693601,"Upregula NQO1"
"hinokitiol","hinokitiol",-1.23337,-1.23337,1.23337,0.000235318,0.0041538,1,1,"LINCS L1000",2.93733777253473,"Downregula NQO1"
"retinol","retinol",1.838495,1.838495,2.03532,0.000118653,0.00416089,2,1,"LINCS L1000",4.84571787288662,"Upregula NQO1"
"brd-k24156250","BRD-K24156250",0.192206666666667,1.34648,2.31438,0.000364408,0.00416572,3,1,"LINCS L1000",5.50894168336217,"Upregula NQO1"
"mesalazine","mesalazine",1.18092,1.18092,1.18092,0.000212185,0.00420369,1,1,"LINCS L1000",2.80630205547773,"Upregula NQO1"
"pimozide","pimozide",1.1012,1.1012,1.1012,0.000626595,0.00423975,1,1,"LINCS L1000",2.61277291796438,"Upregula NQO1"
"brd-k65955264","BRD-K65955264",1.57898,1.57898,1.57898,8.80288e-05,0.00424876,1,1,"LINCS L1000",3.74492655182308,"Upregula NQO1"
"dacinostat","dacinostat",-0.297971666666667,-0.960555,1.49469,0.000682258,0.00427236,3,1,"LINCS L1000",3.54141708573993,"Downregula NQO1"
"nfkb-activation-inhibitor-ii","NFKB-activation-inhibitor-II",1.20741666666667,1.34521,1.34594,7.71842e-06,0.00429684,3,1,"LINCS L1000",3.18391138847014,"Upregula NQO1"
"vinorelbine","vinorelbine",-1.4467575,-1.352675,1.96473,4.77567e-05,0.00430084,4,1,"LINCS L1000",3.45702368183118,"Downregula NQO1"
"i-505056","I-505056",-1.38055,-1.38055,1.38055,0.000358228,0.00438298,1,1,"LINCS L1000",3.25565513206189,"Downregula NQO1"
"pitavastatin","pitavastatin",-1.1749985,-1.1749985,1.36264,0.000340776,0.00441374,2,1,"LINCS L1000",2.67030945320137,"Downregula NQO1"
"brd-k73418978","BRD-K73418978",-2.03837,-2.03837,2.03837,9.593e-05,0.00444379,1,1,"LINCS L1000",4.79474864252202,"Downregula NQO1"
"verrucarin-a","verrucarin-a",-1.3072845,-1.39374,1.57086,0.00111464,0.00449117,4,1,"LINCS L1000",3.68781456476643,"Downregula NQO1"
"xmd-885","XMD-885",-1.49236,-1.49236,1.49236,0.000576961,0.00449222,1,1,"LINCS L1000",3.50337327658547,"Downregula NQO1"
"bisindolylmaleimide-ix","bisindolylmaleimide-ix",-1.39059,-1.39059,1.39059,0.00167209,0.00457197,1,1,"LINCS L1000",3.25383685191304,"Downregula NQO1"
"hg-5-88-01","HG-5-88-01",0.67752,1.79017,2.08919,0.000189771,0.0045734,3,1,"LINCS L1000",4.32107026865745,"Upregula NQO1"
"brd-a95820578","BRD-A95820578",1.63407,1.63407,1.63407,0.000632801,0.00463832,1,1,"LINCS L1000",3.81332995865049,"Upregula NQO1"
"rifaximin","rifaximin",0.854611,0.854611,0.854611,0.000289168,0.00468304,1,1,"LINCS L1000",1.99079250879292,"Upregula NQO1"
"cyfluthrin","Cyfluthrin",0.414758,0.414758,0.414758,0.00101339,0.00469972,1,1,"CREEDS",0.965526767934766,"Upregula NQO1"
"brd-k88278225","BRD-K88278225",-1.0426795,-1.0426795,1.54761,0.000929771,0.00470442,2,1,"LINCS L1000",3.60205285372274,"Downregula NQO1"
"brd-k19499941","BRD-K19499941",1.30455,1.30455,1.34191,6.42038e-05,0.00472145,2,1,"LINCS L1000",3.12118148685353,"Upregula NQO1"
"pramipexole","pramipexole",-1.91667,-1.91667,1.91667,0.000750943,0.00474089,1,1,"LINCS L1000",4.45460964616947,"Downregula NQO1"
"jak3-inhibitor-ii","JAK3-Inhibitor-II",1.90292,1.90292,1.90292,2.97366e-05,0.00476384,1,1,"LINCS L1000",4.41866174836418,"Upregula NQO1"
"brd-k37340241","BRD-K37340241",-1.266195,-1.266195,1.31952,0.000580586,0.00476404,2,1,"LINCS L1000",3.06395790116233,"Downregula NQO1"
"xmd-1499","XMD-1499",-0.869074,-0.869074,0.869074,0.000110894,0.00478565,1,1,"LINCS L1000",2.01630301344019,"Downregula NQO1"
"flumazenil","flumazenil",0.796877,0.796877,0.796877,0.000809826,0.00478842,1,1,"LINCS L1000",1.84860145149663,"Upregula NQO1"
"forskolin","forskolin",-0.879673666666667,-0.932209,1.05969,0.000274904,0.0047937,3,1,"LINCS L1000",2.16209950622163,"Downregula NQO1"
"brd-k91355947","BRD-K91355947",1.58071,1.58071,1.58071,0.000339606,0.00484765,1,1,"LINCS L1000",3.65850388792026,"Upregula NQO1"
"pp-1","PP-1",-1.42785,-1.42785,1.42785,8.54932e-05,0.00486896,1,1,"LINCS L1000",3.30199421226604,"Downregula NQO1"
"cay-10585","CAY-10585",-1.75135,-1.75135,1.75135,0.00201685,0.00487841,1,1,"LINCS L1000",4.04863380409373,"Downregula NQO1"
"prostaglandin","prostaglandin",2.38168,2.38168,2.38168,5.49287e-05,0.00489261,1,1,"LINCS L1000",5.50277494704594,"Upregula NQO1"
"tremulacin","tremulacin",0.27282,0.27282,1.54683,0.000162741,0.00490441,2,1,"LINCS L1000",3.19595767726963,"Upregula NQO1"
"arachidonamide","arachidonamide",-1.10114,-1.10114,1.10114,0.00116676,0.00500318,1,1,"LINCS L1000",2.53345211880288,"Downregula NQO1"
"ter-14687","TER-14687",1.74616,1.74616,1.74616,0.00012833,0.00501344,1,1,"LINCS L1000",4.01593083350038,"Upregula NQO1"
"brd-k59460069","BRD-K59460069",1.6546625,1.6546625,2.36074,1.49886e-05,0.00513487,2,1,"LINCS L1000",5.4048446991316,"Upregula NQO1"
"mw-stk33-2b","MW-STK33-2B",1.46348,1.46348,1.46348,0.000771358,0.00515261,1,1,"LINCS L1000",3.34840232790864,"Upregula NQO1"
"phccc","PHCCC",1.92801,1.92801,1.92801,2.43123e-05,0.00520564,1,1,"LINCS L1000",4.40266071098775,"Upregula NQO1"
"brd-k68588778","BRD-K68588778",-2.09771,-2.09771,2.09771,0.000273934,0.00522705,1,1,"LINCS L1000",4.78643583346552,"Downregula NQO1"
"granisetron","granisetron",-1.0802995,-1.0802995,1.18065,0.000255512,0.00532748,2,1,"LINCS L1000",2.68418200377695,"Downregula NQO1"
"skf-96365","SKF-96365",-0.732949,-0.732949,0.732949,0.000783766,0.00533401,1,1,"LINCS L1000",1.66595362561441,"Downregula NQO1"
"malonoben","malonoben",1.3461,1.3461,1.3461,0.000231257,0.005484,1,1,"LINCS L1000",3.04340092778127,"Upregula NQO1"
"nch-51","NCH-51",-1.0063465,-1.0063465,1.1303,0.00145018,0.00552293,2,1,"LINCS L1000",2.55202577026866,"Downregula NQO1"
"amiodarone","amiodarone",1.12659,1.12659,1.12659,0.000491154,0.0055528,1,1,"LINCS L1000",2.54101019055149,"Upregula NQO1"
"vindesine","vindesine",-1.790735,-1.790735,2.24767,0.000123369,0.00555584,2,1,"LINCS L1000",4.41108325995389,"Downregula NQO1"
"sch-58261","SCH-58261",-1.09219,-1.09219,1.09219,0.000275421,0.00559865,1,1,"LINCS L1000",2.45952088048392,"Downregula NQO1"
"andarine","andarine",-1.59089,-1.59089,1.59089,4.55802e-05,0.00563878,1,1,"LINCS L1000",3.57761705562077,"Downregula NQO1"
"lysophosphatidic acid","Lysophosphatidic acid",-0.451017666666667,-0.463856,0.482234,0.000464897,0.00564066,3,1,"CREEDS",1.0548580548422,"Downregula NQO1"
"bms-191011","BMS-191011",-2.03617,-2.03617,2.03617,0.00013453,0.00564164,1,1,"LINCS L1000",4.57852092809802,"Downregula NQO1"
"wr-216174","WR-216174",1.508625,1.508625,1.58039,2.99058e-05,0.00564358,2,1,"LINCS L1000",3.5534204902318,"Upregula NQO1"
"ikk-16","IKK-16",-1.2438735,-1.2438735,1.6065,0.000532355,0.00564564,2,1,"LINCS L1000",3.61187277398024,"Downregula NQO1"
"phenoxybenzamine","phenoxybenzamine",-0.8309195,-0.8309195,1.15446,0.000490585,0.00565735,2,2,"CMAP; LINCS L1000",2.59451834081711,"Downregula NQO1"
"brd-a68061604","BRD-A68061604",-1.04016,-1.04016,1.04016,0.00104123,0.00565931,1,1,"LINCS L1000",2.3374855345513,"Downregula NQO1"
"simvastatin","simvastatin",-1.29159,-1.29159,1.29159,0.000149839,0.00572318,1,1,"LINCS L1000",2.89621310389638,"Downregula NQO1"
"trimidox","trimidox",-1.92736,-1.92736,1.92736,8.80272e-05,0.00577043,1,1,"LINCS L1000",4.3149578078812,"Downregula NQO1"
"brd-k70161581","BRD-K70161581",-1.62132,-1.62132,1.62132,0.00219488,0.00578547,1,1,"LINCS L1000",3.6279651065724,"Downregula NQO1"
"heliomycin","heliomycin",-1.25149,-1.25149,1.25149,0.000944271,0.00587511,1,1,"LINCS L1000",2.79205416323301,"Downregula NQO1"
"brd-k61718261","BRD-K61718261",2.57013,2.57013,2.57013,5.16831e-05,0.00590194,1,1,"LINCS L1000",5.72883316016122,"Upregula NQO1"
"brd-a27640568","BRD-A27640568",-1.247604,-1.247604,1.79167,0.000684882,0.00601378,2,1,"LINCS L1000",3.97903473343543,"Downregula NQO1"
"brd-k25375605","BRD-K25375605",1.70199,1.70199,1.70199,7.34668e-06,0.00605911,1,1,"LINCS L1000",3.7743179835838,"Upregula NQO1"
"cp-724714","CP-724714",1.72715,1.72715,1.72715,0.000511623,0.00610293,1,1,"LINCS L1000",3.82470737200748,"Upregula NQO1"
"hdac1-selective","HDAC1-selective",0.981172,0.676427,2.01753,0.00133982,0.00613115,4,1,"LINCS L1000",2.65810169774928,"Upregula NQO1"
"st-4062971","ST-4062971",0.972743666666667,0.830415,1.27316,0.000337754,0.00613968,3,1,"LINCS L1000",2.81604437435799,"Upregula NQO1"
"brd-k97936712","BRD-K97936712",-1.42628,-1.42628,1.42628,2.45002e-05,0.00622731,1,1,"LINCS L1000",3.14594510317986,"Downregula NQO1"
"brd-k82837433","BRD-K82837433",-0.967948,-0.967948,0.967948,0.00115009,0.00623605,1,1,"LINCS L1000",2.13441285347696,"Downregula NQO1"
"sulindac","sulindac",-1.09335,-1.09335,1.09335,0.000645925,0.00624553,1,1,"LINCS L1000",2.41021430715219,"Downregula NQO1"
"brd-a93942655","BRD-A93942655",-1.17061,-1.17061,1.17061,0.00238708,0.00629281,1,1,"LINCS L1000",2.57669450030637,"Downregula NQO1"
"brd-k01121114","BRD-K01121114",1.21268,1.21268,1.21268,0.000326717,0.00632088,1,1,"LINCS L1000",2.66695308617606,"Upregula NQO1"
"brd-k74980345","BRD-K74980345",1.89553,1.89553,1.89553,0.00010109,0.00634104,1,1,"LINCS L1000",4.16607072113118,"Upregula NQO1"
"naproxol","naproxol",-0.917861,-0.917861,0.917861,0.000724727,0.00635804,1,1,"LINCS L1000",2.01624391307034,"Downregula NQO1"
"ei-231","EI-231",1.536105,1.536105,1.57642,0.000591167,0.00642065,2,1,"LINCS L1000",3.45617631838761,"Upregula NQO1"
"brd-k37852224","BRD-K37852224",-2.09637,-2.09637,2.09637,0.0002916,0.00651216,1,1,"LINCS L1000",4.58324119098651,"Downregula NQO1"
"md-ii-008-p","MD-II-008-P",0.724135,1.336005,1.84033,0.000419173,0.00651912,4,1,"LINCS L1000",3.53183345364124,"Upregula NQO1"
"clotrimazole","clotrimazole",-1.63708,-1.63708,1.63708,0.00115584,0.00654418,1,1,"LINCS L1000",3.57561970983683,"Downregula NQO1"
"triamterene","triamterene",-0.754392,-0.754392,0.754392,0.00144214,0.0065874,1,1,"LINCS L1000",1.64554468135752,"Downregula NQO1"
"interferon beta-1a","Interferon beta-1a",-0.119167,-0.119167,0.119167,0.00150988,0.00665346,1,1,"CREEDS",0.259420892575258,"Downregula NQO1"
"terreic-acid","terreic-acid",1.84252,1.84252,1.84252,4.58398e-05,0.00667164,1,1,"LINCS L1000",4.00889494276909,"Upregula NQO1"
"brd-a04172077","BRD-A04172077",-1.72282,-1.72282,1.72282,0.000643409,0.00670886,1,1,"LINCS L1000",3.74429303645453,"Downregula NQO1"
"l-161982","L-161982",1.41908,1.41908,1.41908,0.000327052,0.0067431,1,1,"LINCS L1000",3.08102191840568,"Upregula NQO1"
"brd-k55844427","BRD-K55844427",-1.16018,-1.16018,1.16018,0.00019645,0.00675085,1,1,"LINCS L1000",2.51833490382318,"Downregula NQO1"
"brd-k35004659","BRD-K35004659",-1.1149725,-1.1149725,1.42061,0.000519398,0.00678253,2,1,"LINCS L1000",3.08074660385188,"Downregula NQO1"
"cccp","CCCP",-0.8260685,-0.8260685,0.950905,0.000922532,0.00684309,2,1,"LINCS L1000",1.51799039292749,"Downregula NQO1"
"lipopolysaccharide","Lipopolysaccharide",0.27917,0.745,1.87167,5.85246e-05,0.00685509,3,1,"CREEDS",4.05026924697917,"Upregula NQO1"
"brd-k06405410","BRD-K06405410",-0.624831,-0.624831,0.624831,0.000794861,0.00689519,1,1,"LINCS L1000",1.35054331565629,"Downregula NQO1"
"brd-k00910650","BRD-K00910650",1.8617,1.8617,1.8617,4.2945e-05,0.0069297,1,1,"LINCS L1000",4.01994193900796,"Upregula NQO1"
"brd-k79779816","BRD-K79779816",1.28057,1.28057,1.28057,0.000962356,0.0069872,1,1,"LINCS L1000",2.76052068373159,"Upregula NQO1"
"brd-k26767475","BRD-K26767475",-1.43222,-1.43222,1.53281,0.000631573,0.00700904,2,1,"LINCS L1000",3.30219613564383,"Downregula NQO1"
"xav-939","XAV-939",1.256322,1.256322,1.61173,0.000124015,0.00701586,2,1,"LINCS L1000",3.15380613246338,"Upregula NQO1"
"tl-aa09","TL-AA09",-1.59055,-1.59055,1.59055,0.000242458,0.00704598,1,1,"LINCS L1000",3.42295679652293,"Downregula NQO1"
"cvf-sumo-14","CVF-SUMO-14",-0.053075,-0.053075,1.41104,0.000608561,0.00706187,2,1,"LINCS L1000",3.03526032041569,"Downregula NQO1"
"zd-7155","ZD-7155",-1.1724,-1.1724,1.1724,0.000164673,0.00730465,1,1,"LINCS L1000",2.50471604973962,"Downregula NQO1"
"pj-34","PJ-34",-1.07755,-1.07755,1.07933,0.000743032,0.00733266,2,1,"LINCS L1000",2.29648758435522,"Downregula NQO1"
"brd-k48803730","BRD-K48803730",-1.35425,-1.35425,1.35425,0.000564778,0.00737906,1,1,"LINCS L1000",2.88725958933392,"Downregula NQO1"
"rucaparib","rucaparib",-1.062565,-1.0170485,1.4281,7.36429e-05,0.00738685,4,1,"LINCS L1000",2.79229616542202,"Downregula NQO1"
"brd-k98834634","BRD-K98834634",1.077936,1.077936,1.3727,0.000362152,0.00740532,2,1,"LINCS L1000",2.92447718445904,"Upregula NQO1"
"neocarzinostatin","Neocarzinostatin",0.248672,0.248672,0.248672,0.00195278,0.00744132,1,1,"CREEDS",0.529261055935163,"Upregula NQO1"
"epoxycholesterol","epoxycholesterol",-1.23696,-1.23696,1.23696,0.00141681,0.00748863,1,1,"LINCS L1000",2.62927924020875,"Downregula NQO1"
"psh-003","PSH-003",-0.952344,-0.952344,0.952344,0.00109237,0.00750536,1,1,"LINCS L1000",2.0233771772273,"Downregula NQO1"
"brd-k73709114","BRD-K73709114",-1.2854,-1.2854,1.2854,0.00151419,0.00753375,1,1,"LINCS L1000",2.72888979776659,"Downregula NQO1"
"tul_xx087","TUL_XX087",0.9938085,0.9938085,1.2074,4.33627e-06,0.00757419,2,1,"LINCS L1000",2.56048947781733,"Upregula NQO1"
"pp-30","PP-30",0.359008333333333,0.543334,1.18402,0.000427608,0.00758119,3,1,"LINCS L1000",1.92017931552082,"Upregula NQO1"
"brd-k55502647","BRD-K55502647",-0.960309,-0.960309,0.960309,0.000738126,0.0075846,1,1,"LINCS L1000",2.0359197263582,"Downregula NQO1"
"brd-k74486276","BRD-K74486276",0.5854565,0.5854565,1.7557,0.000703306,0.0076359,2,1,"LINCS L1000",2.82362933086695,"Upregula NQO1"
"brd-k14939371","BRD-K14939371",-1.33531,-1.33531,1.33531,5.29829e-05,0.00765532,1,1,"LINCS L1000",2.825564899972,"Downregula NQO1"
"sa-1017940","SA-1017940",-1.086659,-1.086659,1.29235,0.00202535,0.00770108,2,1,"LINCS L1000",2.56840414287741,"Downregula NQO1"
"dc-45-a2","DC-45-A2",1.20378,1.20378,1.20378,0.000409928,0.0078668,1,1,"LINCS L1000",2.53299615221378,"Upregula NQO1"
"cytosporone-b","cytosporone-b",-2.30354,-2.30354,2.30354,7.70966e-05,0.00793397,1,1,"LINCS L1000",4.83860752927808,"Downregula NQO1"
"brd-k02562327","BRD-K02562327",0.886425,0.886425,0.886425,0.00189948,0.00794621,1,1,"LINCS L1000",1.86135063807445,"Upregula NQO1"
"masitinib","masitinib",-1.64538,-1.64538,1.64538,0.000118135,0.0079722,1,1,"LINCS L1000",3.45270128532619,"Downregula NQO1"
"brd-k00944562","BRD-K00944562",-2.15843,-2.15843,2.15843,3.29309e-05,0.00805829,1,1,"LINCS L1000",4.51922815326147,"Downregula NQO1"
"bml-259","BML-259",-0.718687333333333,-0.812333,0.902536,0.000491133,0.00805936,3,1,"LINCS L1000",1.86245547742142,"Downregula NQO1"
"dephostatin","dephostatin",1.32762,1.32762,1.32762,0.000718419,0.00808784,1,1,"LINCS L1000",2.77760334849062,"Upregula NQO1"
"acamprosate","acamprosate",-1.43147,-1.43147,1.43147,0.000343816,0.00815861,1,1,"LINCS L1000",2.98945879630935,"Downregula NQO1"
"securinine","securinine",1.27146,1.27146,1.27146,2.44482e-05,0.00824866,1,1,"LINCS L1000",2.64923515858895,"Upregula NQO1"
"carboplatin","Carboplatin",-0.188228,-0.188228,0.188228,0.000676996,0.00828984,1,1,"CREEDS",0.391787895573559,"Downregula NQO1"
"abt-737","ABT-737",0.1437385,0.1437385,1.27962,0.000602891,0.00836982,2,1,"LINCS L1000",2.65813400079494,"Upregula NQO1"
"brd-k05153001","BRD-K05153001",1.1683,1.1683,1.1683,0.000567971,0.00839813,1,1,"LINCS L1000",2.42517747651085,"Upregula NQO1"
"pf-04217903","PF-04217903",-0.879939,-0.879939,0.879939,0.00029986,0.00844158,1,1,"LINCS L1000",1.82462062012876,"Downregula NQO1"
"brd-k05326558","BRD-K05326558",-1.07115066666667,-1.06138,1.31472,0.00202589,0.00846159,3,1,"LINCS L1000",2.1997610194932,"Downregula NQO1"
"brd-k23027438","BRD-K23027438",-1.21563,-1.21563,1.21563,0.00040705,0.0085754,1,1,"LINCS L1000",2.51239796968066,"Downregula NQO1"
"kf-38789","KF-38789",-1.0063445,-1.0063445,1.11495,0.000310533,0.00857935,2,1,"LINCS L1000",2.30409503288089,"Downregula NQO1"
"skf-86002","SKF-86002",-1.34459,-1.34459,1.34459,0.000349547,0.00863677,1,1,"LINCS L1000",2.77476133245704,"Downregula NQO1"
"nacl","NaCl",-1.31255,-1.31255,1.31255,0.00158248,0.00873327,1,1,"LINCS L1000",2.70230827680426,"Downregula NQO1"
"psh-013","PSH-013",-1.15641,-1.15641,1.15641,0.00246984,0.0087424,1,1,"LINCS L1000",2.38031887305515,"Downregula NQO1"
"methiazole","methiazole",-0.14433,-0.14433,1.51145,0.000265637,0.00875157,2,1,"LINCS L1000",2.51639669567908,"Downregula NQO1"
"brd-k60067222","BRD-K60067222",1.3297,1.3297,1.3297,7.89913e-05,0.00876558,1,1,"LINCS L1000",2.73548455941192,"Upregula NQO1"
"brd-k29140223","BRD-K29140223",-0.975123,-0.975123,0.975123,0.00127347,0.00882214,1,1,"LINCS L1000",2.00331809765132,"Downregula NQO1"
"tropicamide","tropicamide",1.43975,1.43975,1.43975,0.000348143,0.00885579,1,1,"LINCS L1000",2.9554794812371,"Upregula NQO1"
"brd-k18726304","BRD-K18726304",-1.22236,-1.22236,1.25116,0.000125796,0.00889278,2,1,"LINCS L1000",2.5660821809897,"Downregula NQO1"
"broad-sai-370","Broad-Sai-370",0.700445,0.700445,0.700892,0.00185327,0.00896951,2,1,"LINCS L1000",1.43488802742719,"Upregula NQO1"
"nutlin-3","nutlin-3",-1.157343,-1.09867,1.77505,0.00132203,0.00904425,3,1,"LINCS L1000",3.62754088994284,"Downregula NQO1"
"brd-k58288048","BRD-K58288048",-0.797866,-0.797866,1.10132,0.00326984,0.00914735,2,1,"LINCS L1000",1.77825549608999,"Downregula NQO1"
"srt-1720","SRT-1720",-2.4702,-2.4702,2.4702,6.0225e-05,0.00923604,1,1,"LINCS L1000",5.02565696419754,"Downregula NQO1"
"mercury","Mercury",0.116848,0.116848,0.116848,0.0038106,0.00928228,1,1,"CREEDS",0.237475487730398,"Upregula NQO1"
"fu-jmbii227b","FU-JMBII227B",1.23909,1.23909,1.23909,0.000186798,0.00930562,1,1,"LINCS L1000",2.51690736898666,"Upregula NQO1"
"dmnq (2,3-dimethoxy-1,4-naphthoquinone)","Dmnq (2,3-dimethoxy-1,4-naphthoquinone)",0.186071,0.186071,0.186071,0.00434278,0.0093366,1,1,"CREEDS",0.377689008522508,"Upregula NQO1"
"tunicamycin","tunicamycin",-0.8509865,-0.8509865,0.860704,0.00204664,0.00935778,2,1,"LINCS L1000",1.70678940382402,"Downregula NQO1"
"mycophenolate-mofetil","mycophenolate-mofetil",1.35221,1.35221,1.35221,0.000913272,0.00935883,1,1,"LINCS L1000",2.74333449633385,"Upregula NQO1"
"on-01910","ON-01910",-0.298804,-0.899402,1.30273,0.00194558,0.0093694,3,1,"LINCS L1000",2.64231191242544,"Downregula NQO1"
"sa-792987","SA-792987",1.37916,1.37916,1.37916,0.00102279,0.00941153,1,1,"LINCS L1000",2.7946467559189,"Upregula NQO1"
"brd-k07079548","BRD-K07079548",1.31403,1.31403,1.31403,0.000168112,0.00942952,1,1,"LINCS L1000",2.66158144932569,"Upregula NQO1"
"cgs-15943","CGS-15943",1.26464,1.26464,1.26464,0.000802553,0.00950261,1,1,"LINCS L1000",2.55730074786707,"Upregula NQO1"
"bendroflumethiazide","bendroflumethiazide",0.854289,0.854289,0.854289,0.00133164,0.00953168,1,1,"LINCS L1000",1.72637330659056,"Upregula NQO1"
"brd-k37940862","BRD-K37940862",-1.22515,-1.22515,1.22515,0.00278396,0.00965467,1,1,"LINCS L1000",2.46899893269607,"Downregula NQO1"
"chromium","Chromium",-0.147982,-0.147982,0.147982,0.0040584,0.00973035,1,1,"CREEDS",0.297720773922842,"Downregula NQO1"
"calcipotriol","calcipotriol",1.54606,1.54606,1.54606,0.00124625,0.00988619,1,1,"LINCS L1000",3.09980553724542,"Upregula NQO1"
"kin001-127","KIN001-127",1.12622,1.12622,1.12622,0.000467982,0.00999138,1,1,"LINCS L1000",2.25286179561531,"Upregula NQO1"
"brd-k08121566","BRD-K08121566",-0.855477,-0.855477,0.855477,0.00399888,0.0100132,1,1,"LINCS L1000",1.71046390519001,"Downregula NQO1"
"stk-661558","STK-661558",-1.02973,-1.02973,1.02973,0.000779808,0.0100256,1,1,"LINCS L1000",2.0583166154031,"Downregula NQO1"
"piceatannol","piceatannol",1.472095,1.472095,1.62638,0.00011491,0.0100346,2,1,"LINCS L1000",2.87769246833151,"Upregula NQO1"
"mw-shh-61","MW-SHH-61",-1.46113,-1.46113,1.46113,0.000184907,0.010092,1,1,"LINCS L1000",2.91644873262223,"Downregula NQO1"
"benzylpenicillin","benzylpenicillin",-0.34225,-0.34225,1.90741,0.000185704,0.0101854,2,1,"LINCS L1000",3.7996025128025,"Downregula NQO1"
"triciribine","triciribine",-0.2787,-0.2787,1.60794,0.000476566,0.0102112,2,1,"LINCS L1000",3.20128507832538,"Downregula NQO1"
"chloroxine","chloroxine",-1.2634855,-1.2634855,1.86691,0.000154371,0.0102307,2,1,"LINCS L1000",3.71532760337601,"Downregula NQO1"
"brd-k21672423","BRD-K21672423",1.32246,1.32246,1.32246,0.00109043,0.0102802,1,1,"LINCS L1000",2.62904841182325,"Upregula NQO1"
"chlorpyrifos","Chlorpyrifos",0.486615,0.486615,0.486615,0.0031363,0.0103211,1,1,"CREEDS",0.966550729369908,"Upregula NQO1"
"chloramphenicol","chloramphenicol",-1.1812485,-1.1812485,1.47728,0.000414507,0.0103594,2,1,"LINCS L1000",2.93190649843244,"Downregula NQO1"
"mln4924","Mln4924",0.6033775,0.6033775,0.639617,0.000464242,0.0104025,2,1,"CREEDS",1.26827242009088,"Upregula NQO1"
"vu-0418934-2","VU-0418934-2",-2.16618,-2.16618,2.16618,0.002248,0.0104419,1,1,"LINCS L1000",4.29168015826192,"Downregula NQO1"
"uk-356618","UK-356618",1.077045,1.077045,1.19282,8.53824e-05,0.0104467,2,1,"LINCS L1000",2.36300132230981,"Upregula NQO1"
"ikk-inhibitor-x","IKK-inhibitor-X",-0.598471,-0.598471,0.598471,0.00186779,0.0104497,1,1,"LINCS L1000",1.18550891625422,"Downregula NQO1"
"rotenone","rotenone",-0.71499,-0.71499,0.807882,0.000666498,0.0104665,2,1,"LINCS L1000",1.59976674252712,"Downregula NQO1"
"brd-k75971499","BRD-K75971499",2.49041,2.49041,2.49041,2.56416e-05,0.0104692,1,1,"LINCS L1000",4.9312272291903,"Upregula NQO1"
"brd-k30802967","BRD-K30802967",-1.13904,-1.13904,1.13904,0.000997102,0.0104795,1,1,"LINCS L1000",2.25491128626313,"Downregula NQO1"
"brd-k07877311","BRD-K07877311",-1.48743,-1.48743,1.48743,0.00308448,0.0104911,1,1,"LINCS L1000",2.94389018026246,"Downregula NQO1"
"st-4049616","ST-4049616",1.55871,1.55871,1.55871,0.00159221,0.0105209,1,1,"LINCS L1000",3.08304593562054,"Upregula NQO1"
"osi-027","OSI-027",-0.065585,0.047795,1.57993,0.00211937,0.010525,4,1,"LINCS L1000",3.12475063042514,"Upregula NQO1"
"brd-k63425657","BRD-K63425657",-1.0366565,-1.0366565,1.28331,0.000634003,0.0105661,2,1,"LINCS L1000",2.53593000499743,"Downregula NQO1"
"mrs-1845","MRS-1845",-1.04069,-1.04069,1.04069,0.000480057,0.0106473,1,1,"LINCS L1000",2.05303213412234,"Downregula NQO1"
"oxindole-i","oxindole-I",-0.0490729999999999,-0.0490729999999999,1.05279,0.00173196,0.010761,2,1,"LINCS L1000",1.87888007655395,"Downregula NQO1"
"prothionamide","prothionamide",-1.16581,-1.16581,1.16581,0.000443718,0.010846,1,1,"LINCS L1000",2.29050234750808,"Downregula NQO1"
"brd-k19166598","BRD-K19166598",0.071342,0.071342,1.07447,0.0026707,0.0109142,2,1,"LINCS L1000",1.82817167214426,"Upregula NQO1"
"brd-k30351863","BRD-K30351863",-0.182385,-0.182385,1.84003,0.000360157,0.0109413,2,1,"LINCS L1000",3.60817200384058,"Downregula NQO1"
"ilomastat","ilomastat",1.29107,1.29107,1.29107,3.13467e-05,0.0109906,1,1,"LINCS L1000",2.52917849836356,"Upregula NQO1"
"gr-235","GR-235",1.37212,1.37212,1.37212,0.00101721,0.0110222,1,1,"LINCS L1000",2.68624283787655,"Upregula NQO1"
"brd-k45542213","BRD-K45542213",-1.10211,-1.10211,1.10211,0.000655845,0.0110388,1,1,"LINCS L1000",2.15691538346899,"Downregula NQO1"
"balsalazide","balsalazide",-1.309715,-1.309715,1.48223,3.73972e-05,0.0110479,2,1,"LINCS L1000",2.29973608499114,"Downregula NQO1"
"agk-2","AGK-2",-1.50592,-1.50592,1.50592,0.00289169,0.0110983,1,1,"LINCS L1000",2.94368739157089,"Downregula NQO1"
"brd-a84909344","BRD-A84909344",2.07763,2.07763,2.07763,1.27169e-05,0.0113356,1,1,"LINCS L1000",4.04214444742348,"Upregula NQO1"
"brd-k76211160","BRD-K76211160",-0.877287,-0.877287,0.877287,0.00208965,0.0115226,1,1,"LINCS L1000",1.70057655889411,"Downregula NQO1"
"pyrrolidine-dithiocarbamate","pyrrolidine-dithiocarbamate",1.41603,1.41603,1.48689,3.78239e-05,0.0116981,2,1,"LINCS L1000",2.59871330212944,"Upregula NQO1"
"brd-k98219271","BRD-K98219271",-1.0413,-1.0413,1.0413,0.00130943,0.0117527,1,1,"LINCS L1000",2.00956566456411,"Downregula NQO1"
"brd-k22215695","BRD-K22215695",-1.62196,-1.62196,1.62196,0.000474344,0.0117619,1,1,"LINCS L1000",3.12960834216318,"Downregula NQO1"
"brd-a43087975","BRD-A43087975",-1.32986,-1.32986,1.32986,0.000262783,0.0118204,1,1,"LINCS L1000",2.5631293781039,"Downregula NQO1"
"emf-sumo1-2","EMF-sumo1-2",1.65311,1.65311,1.65311,1.23534e-05,0.0119603,1,1,"LINCS L1000",3.17770380138878,"Upregula NQO1"
"tul_xxi035","TUL_XXI035",1.167425,1.167425,1.18218,0.00396865,0.0120302,2,1,"LINCS L1000",2.26946304517707,"Upregula NQO1"
"plx4720","Plx4720",0.439073,0.439073,0.439073,0.000561274,0.0120726,1,1,"CREEDS",0.842229472316867,"Upregula NQO1"
"brd-a68820570","BRD-A68820570",-1.07726,-1.07726,1.07726,0.00418076,0.0121839,1,1,"LINCS L1000",2.06210582261718,"Downregula NQO1"
"tul_xix003","TUL_XIX003",-1.43283,-1.43283,1.43283,0.000972924,0.0123049,1,1,"LINCS L1000",2.73659341229728,"Downregula NQO1"
"brd-k59705555","BRD-K59705555",-1.26872,-1.26872,1.26872,5.73365e-05,0.0123566,1,1,"LINCS L1000",2.42084591569249,"Downregula NQO1"
"brd-k52785744","BRD-K52785744",2.0858,2.0858,2.0858,0.00190465,0.0124524,1,1,"LINCS L1000",3.97292116165004,"Upregula NQO1"
"brd-k43131268","BRD-K43131268",-1.80153,-1.80153,1.80153,0.000550226,0.0125281,1,1,"LINCS L1000",3.42671685530342,"Downregula NQO1"
"brd-k87387614","BRD-K87387614",1.2888505,1.2888505,1.65227,0.00112334,0.0125323,2,1,"LINCS L1000",3.14256667893614,"Upregula NQO1"
"gsk-2334470","GSK-2334470",-0.891831,-0.891831,0.891831,7.0745e-05,0.0128077,1,1,"LINCS L1000",1.68781590005907,"Downregula NQO1"
"npi-2358","NPI-2358",-0.670362,-0.670362,0.670362,0.000104219,0.0128231,1,1,"LINCS L1000",1.26832957703034,"Downregula NQO1"
"gr-55562","GR-55562",-0.892865,-0.892865,0.892865,9.47421e-05,0.012952,1,1,"LINCS L1000",1.68542837115226,"Downregula NQO1"
"brd-k46267071","BRD-K46267071",1.93897,1.93897,1.93897,0.00343174,0.013002,1,1,"LINCS L1000",3.65687771676184,"Upregula NQO1"
"apoptosis-activator-ii","apoptosis-activator-II",2.09748,2.09748,2.09748,4.65784e-05,0.0131292,1,1,"LINCS L1000",3.94695760585524,"Upregula NQO1"
"gamma-tocotrienol","Gamma-tocotrienol",-0.309604,-0.309604,0.309604,0.001297,0.0131377,1,1,"CREEDS",0.582513938100754,"Downregula NQO1"
"triclosan","triclosan",1.64974,1.64974,1.64974,0.000733833,0.013148,1,1,"LINCS L1000",3.10339240609499,"Upregula NQO1"
"lofepramine","lofepramine",1.00082,1.00082,1.00082,0.00157093,0.0131658,1,1,"LINCS L1000",1.88209479975843,"Upregula NQO1"
"brd-k61105081","BRD-K61105081",1.16842,1.16842,1.17538,0.000505994,0.0131723,2,1,"LINCS L1000",2.18393782268867,"Upregula NQO1"
"nicardipine","nicardipine",-1.00943,-1.00943,1.00943,0.00179596,0.0132338,1,1,"LINCS L1000",1.89602794758965,"Downregula NQO1"
"brd-k47764688","BRD-K47764688",1.17355,1.17355,1.17355,0.00312849,0.0132519,1,1,"LINCS L1000",2.20360047706982,"Upregula NQO1"
"cadmium-chloride","cadmium-chloride",1.43138,1.43138,1.43138,0.000134845,0.0132864,1,1,"LINCS L1000",2.6861172257748,"Upregula NQO1"
"brd-k86456986","BRD-K86456986",-1.66159,-1.66159,1.66159,0.00056544,0.0133246,1,1,"LINCS L1000",3.11605586018918,"Downregula NQO1"
"brd-k49712247","BRD-K49712247",-1.83964,-1.83964,1.83964,0.000263806,0.0134119,1,1,"LINCS L1000",3.44474373229112,"Downregula NQO1"
"brd-k88668992","BRD-K88668992",1.51099,1.51099,1.51099,1.61481e-05,0.0134535,1,1,"LINCS L1000",2.82731117563318,"Upregula NQO1"
"toremifene","toremifene",-2.25973,-2.25973,2.25973,0.000262432,0.0136538,1,1,"LINCS L1000",4.21382352473531,"Downregula NQO1"
"dichlorobenzamil","dichlorobenzamil",-1.20283,-1.20283,1.20283,0.00345726,0.0138564,1,1,"LINCS L1000",2.23527863510018,"Downregula NQO1"
"am-404","AM-404",0.891065,0.891065,0.891065,0.000161171,0.0138795,1,1,"LINCS L1000",1.6552656709918,"Upregula NQO1"
"brd-k22129929","BRD-K22129929",1.81716,1.81716,1.81716,0.000113546,0.0138822,1,1,"LINCS L1000",3.37545048108662,"Upregula NQO1"
"dexamethasone","dexamethasone",-0.569679,-0.569679,0.569679,0.000420306,0.0139069,1,1,"LINCS L1000",1.057762687814,"Downregula NQO1"
"brd-k92980438","BRD-K92980438",1.24409,1.24409,1.24409,6.91713e-06,0.0140028,1,1,"LINCS L1000",2.30627552261325,"Upregula NQO1"
"brd-k63181962","BRD-K63181962",-0.810548,-0.810548,0.810548,0.0057809,0.0140045,1,1,"LINCS L1000",1.50253908294937,"Downregula NQO1"
"cvf-sumo-11","CVF-SUMO-11",1.26285666666667,1.22431,1.35271,0.000966909,0.0140125,3,1,"LINCS L1000",2.50722684809053,"Upregula NQO1"
"sotalol","sotalol",1.16216,1.16216,1.16216,0.000209118,0.0140684,1,1,"LINCS L1000",2.15203593026112,"Upregula NQO1"
"brd-k33720404","BRD-K33720404",-1.2388,-1.2388,1.2388,0.00351005,0.0141611,1,1,"LINCS L1000",2.29042104927228,"Downregula NQO1"
"lycorine","lycorine",0.913362,0.913362,0.913362,0.00203534,0.0142017,1,1,"CMAP",1.68758212760829,"Upregula NQO1"
"rdr-01440sc","RDR-01440SC",1.25159,1.25159,1.25159,0.00146863,0.0142065,1,1,"LINCS L1000",2.31232867593344,"Upregula NQO1"
"brd-k86693415","BRD-K86693415",1.32324,1.32324,1.32324,0.00196892,0.0142443,1,1,"LINCS L1000",2.44317593522317,"Upregula NQO1"
"brd-k92107474","BRD-K92107474",1.37351,1.37351,1.37351,0.00201491,0.0143762,1,1,"LINCS L1000",2.53049424397262,"Upregula NQO1"
"brd-k76856691","BRD-K76856691",2.04728,2.04728,2.04728,0.00234013,0.0144109,1,1,"LINCS L1000",3.76967487550639,"Upregula NQO1"
"roscovitine","roscovitine",-1.14865,-1.14865,1.34346,0.00140726,0.0144743,2,1,"LINCS L1000",2.4711635889564,"Downregula NQO1"
"tul-xxi039","TUL-XXI039",0.933583,0.933583,0.933583,0.00549791,0.0144988,1,1,"LINCS L1000",1.71654913223623,"Upregula NQO1"
"dy-131","DY-131",-1.184425,-1.184425,1.30886,0.00218895,0.0145036,2,1,"LINCS L1000",1.94881725224788,"Downregula NQO1"
"brd-k64525051","BRD-K64525051",1.28447,1.28447,1.34104,0.00190233,0.0145278,2,1,"LINCS L1000",2.25663480122298,"Upregula NQO1"
"fenofibrate","fenofibrate",-0.907382,-0.907382,0.907382,3.59815e-05,0.0148377,1,1,"LINCS L1000",1.65926904452136,"Downregula NQO1"
"brd-k10436544","BRD-K10436544",1.871965,1.871965,1.90532,0.00150222,0.0150006,2,1,"LINCS L1000",3.4750967041595,"Upregula NQO1"
"i-212148","I-212148",-1.31785,-1.31785,1.31785,0.00261419,0.0150343,1,1,"LINCS L1000",2.40233088897387,"Downregula NQO1"
"ku-c104135","KU-C104135",-1.14206,-1.14206,1.14206,0.00417233,0.0150852,1,1,"LINCS L1000",2.08020396221207,"Downregula NQO1"
"brd-k37932103","BRD-K37932103",-1.30206,-1.30206,1.30206,0.000686404,0.0153308,1,1,"LINCS L1000",2.36250347303263,"Downregula NQO1"
"dup-697","DUP-697",-0.873981,-0.873981,0.873981,0.00127866,0.015441,1,1,"LINCS L1000",1.5830632651574,"Downregula NQO1"
"brd-k73945663","BRD-K73945663",1.52089,1.52089,1.52089,9.44324e-05,0.0155764,1,1,"LINCS L1000",2.74905872553853,"Upregula NQO1"
"brd-k81441552","BRD-K81441552",-1.91944,-1.91944,1.91944,0.00139976,0.0155819,1,1,"LINCS L1000",3.46915667476098,"Downregula NQO1"
"brd-k96635690","BRD-K96635690",2.24583,2.24583,2.24583,0.000861877,0.0155877,1,1,"LINCS L1000",4.05870431381563,"Upregula NQO1"
"ql-xi-92","QL-XI-92",1.1671735,1.1671735,1.44348,1.20468e-05,0.0157799,2,1,"LINCS L1000",2.60100048199997,"Upregula NQO1"
"celastrol","celastrol",-0.547131,-0.547131,0.547131,0.00174542,0.0159282,1,1,"LINCS L1000",0.983650331149792,"Downregula NQO1"
"brd-k69569876","BRD-K69569876",1.12482,1.12482,1.12482,0.00285929,0.015997,1,1,"LINCS L1000",2.02013336403184,"Upregula NQO1"
"brd-k52695588","BRD-K52695588",1.60126,1.60126,1.60126,0.000258081,0.0160001,1,1,"LINCS L1000",2.87566649022107,"Upregula NQO1"
"brd-k60895275","BRD-K60895275",1.57634,1.57634,1.57634,5.6317e-05,0.0160778,1,1,"LINCS L1000",2.82759672675832,"Upregula NQO1"
"brd-k99530743","BRD-K99530743",1.47677,1.47677,1.47677,0.000672544,0.0160862,1,1,"LINCS L1000",2.64865571798228,"Upregula NQO1"
"docetaxel","docetaxel",-1.14416,-1.14416,1.14416,0.00215764,0.0161935,1,1,"LINCS L1000",2.04880071537905,"Downregula NQO1"
"ei-247","EI-247",-1.97944,-1.97944,1.97944,0.00121925,0.0162967,1,1,"LINCS L1000",3.53904142752734,"Downregula NQO1"
"brd-k21788104","BRD-K21788104",-1.57509,-1.57509,1.57509,0.000112431,0.0163338,1,1,"LINCS L1000",2.81454842931504,"Downregula NQO1"
"oxfendazole","oxfendazole",-1.45618,-1.45618,1.45618,0.000289896,0.0163842,1,1,"LINCS L1000",2.60011825298336,"Downregula NQO1"
"brd-k93899689","BRD-K93899689",1.23135,1.23135,1.23135,0.001991,0.0165123,1,1,"LINCS L1000",2.19450264818774,"Upregula NQO1"
"azd-6482","AZD-6482",1.33769,1.33769,1.33769,0.00232987,0.0166394,1,1,"LINCS L1000",2.37956636089839,"Upregula NQO1"
"aripiprazole","aripiprazole",-1.14679,-1.14679,1.14679,0.00179932,0.0167926,1,1,"LINCS L1000",2.03541699391331,"Downregula NQO1"
"brd-k10010115","BRD-K10010115",-1.55369,-1.55369,1.55369,0.000105668,0.0169282,1,1,"LINCS L1000",2.75218971504158,"Downregula NQO1"
"brd-k49630153","BRD-K49630153",-1.10391,-1.10391,1.10391,0.00363112,0.0169941,1,1,"LINCS L1000",1.9535915477239,"Downregula NQO1"
"brd-k38625260","BRD-K38625260",0.219685,0.219685,1.57301,0.00078083,0.0172396,2,1,"LINCS L1000",2.77396037282744,"Upregula NQO1"
"brd-k16331660","BRD-K16331660",-1.44235,-1.44235,1.44235,0.00431166,0.0174061,1,1,"LINCS L1000",2.53752422859523,"Downregula NQO1"
"brd-k63308290","BRD-K63308290",-1.40592,-1.40592,1.40592,0.00138767,0.017435,1,1,"LINCS L1000",2.47242004964907,"Downregula NQO1"
"tl-hras-61","TL-HRAS-61",-0.670972,-0.670972,0.670972,0.00141631,0.0175995,1,1,"LINCS L1000",1.1772201527621,"Downregula NQO1"
"brd-k51683034","BRD-K51683034",1.4917,1.4917,1.4917,0.00212113,0.0176239,1,1,"LINCS L1000",2.61628961689467,"Upregula NQO1"
"brd-k52163391","BRD-K52163391",-1.70091,-1.70091,1.70091,0.000608693,0.017695,1,1,"LINCS L1000",2.98024849212905,"Downregula NQO1"
"chelidonine","chelidonine",-1.41562,-1.41562,1.41562,0.00110681,0.0177186,1,1,"LINCS L1000",2.47955836712312,"Downregula NQO1"
"brd-k15916856","BRD-K15916856",-0.851857,-0.851857,0.851857,0.002655,0.0178777,1,1,"LINCS L1000",1.48878055881639,"Downregula NQO1"
"brd-k67118123","BRD-K67118123",1.5428,1.5428,1.5428,0.000160004,0.0179472,1,1,"LINCS L1000",2.69373388733701,"Upregula NQO1"
"brd-a51666293","BRD-A51666293",-0.960322,-0.960322,0.960322,0.0053218,0.0179881,1,1,"LINCS L1000",1.67577601321952,"Downregula NQO1"
"brd-k37061750","BRD-K37061750",-0.918746,-0.918746,0.918746,0.00200256,0.0180466,1,1,"LINCS L1000",1.60192975883871,"Downregula NQO1"
"brd-k73155123","BRD-K73155123",-0.795795,-0.795795,0.795795,0.00383214,0.0181562,1,1,"LINCS L1000",1.38545923348704,"Downregula NQO1"
"le-135","LE-135",-0.740979666666667,-0.793441,0.985469,0.000159327,0.0182881,3,1,"LINCS L1000",1.71257898395344,"Downregula NQO1"
"nonoxynol-9","nonoxynol-9",-1.20827,-1.20827,1.20827,0.000337736,0.0184784,1,1,"LINCS L1000",2.09433744890683,"Downregula NQO1"
"altanserin","altanserin",0.874539,0.874539,0.874539,0.000356315,0.0185818,1,1,"LINCS L1000",1.51375024077846,"Upregula NQO1"
"oxaprozin","oxaprozin",0.897646,0.897646,0.897646,0.00371958,0.0186911,1,1,"LINCS L1000",1.55146005353624,"Upregula NQO1"
"flavokavain-b","flavokavain-b",1.08817,1.08817,1.08817,0.00064692,0.0187086,1,1,"LINCS L1000",1.88031282985609,"Upregula NQO1"
"brd-a16820783","BRD-A16820783",-1.44385,-1.44385,1.44385,0.000232916,0.0187468,1,1,"LINCS L1000",2.49363414003628,"Downregula NQO1"
"brd-k84106030","BRD-K84106030",-0.479691,-0.479691,0.479691,0.00492513,0.0187925,1,1,"LINCS L1000",0.827954072948002,"Downregula NQO1"
"brd-k88329126","BRD-K88329126",-0.855914,-0.855914,0.855914,0.000209459,0.0188074,1,1,"LINCS L1000",1.47702617257563,"Downregula NQO1"
"brd-k00954209","BRD-K00954209",1.32977,1.32977,1.32977,0.00494913,0.0188388,1,1,"LINCS L1000",2.29378245901992,"Upregula NQO1"
"brd-k00816165","BRD-K00816165",-1.23665,-1.23665,1.23665,0.000961517,0.0189146,1,1,"LINCS L1000",2.13099879035093,"Downregula NQO1"
"perindopril","perindopril",-1.24284,-1.24284,1.24284,5.52463e-05,0.0192935,1,1,"LINCS L1000",2.13095976865987,"Downregula NQO1"
"brd-a84098870","BRD-A84098870",-0.90142,-0.90142,0.90142,0.00188914,0.0193058,1,1,"LINCS L1000",1.54531530082842,"Downregula NQO1"
"brd-k35716340","BRD-K35716340",-0.6980435,-0.6980435,0.736604,0.00152729,0.0193899,2,1,"LINCS L1000",1.12931480083987,"Downregula NQO1"
"tul-xx023","TUL-XX023",-0.929577,-0.929577,0.929577,0.0021658,0.019439,1,1,"LINCS L1000",1.59080936368706,"Downregula NQO1"
"stk-111867","STK-111867",-0.8578065,-0.8578065,0.918949,0.00345775,0.0194782,2,1,"LINCS L1000",1.57181740066715,"Downregula NQO1"
"sa-425500","SA-425500",1.15393,1.15393,1.15393,0.00188005,0.0194902,1,1,"LINCS L1000",1.97343228192302,"Upregula NQO1"
"sb-202190","SB-202190",-1.31588,-1.31588,1.31588,0.000290933,0.0195319,1,1,"LINCS L1000",2.24917513773015,"Downregula NQO1"
"stk-064652","STK-064652",0.821814,0.821814,0.821814,0.000142542,0.0195729,1,1,"LINCS L1000",1.40394169216202,"Upregula NQO1"
"cytochalasin-b","cytochalasin-b",-0.578997,-0.578997,0.578997,0.00183297,0.0196516,1,1,"LINCS L1000",0.98811748701943,"Downregula NQO1"
"ki-16425","KI-16425",-1.52989,-1.52989,1.52989,0.000295975,0.0197637,1,1,"LINCS L1000",2.60713411847582,"Downregula NQO1"
"tivozanib","tivozanib",-0.975111,-0.975111,0.975111,0.00160899,0.019795,1,1,"LINCS L1000",1.66104746390281,"Downregula NQO1"
"st-024029","ST-024029",2.01776,2.01776,2.01776,8.90319e-06,0.0198256,1,1,"LINCS L1000",3.43578858094044,"Upregula NQO1"
"hu-211","HU-211",-1.56631,-1.56631,1.56631,0.00356169,0.0199777,1,1,"LINCS L1000",2.66187259801748,"Downregula NQO1"
"phenolphthalein","phenolphthalein",-1.08813,-1.08813,1.08813,0.000530504,0.0199886,1,1,"LINCS L1000",1.84896967186327,"Downregula NQO1"
"ethylestrenol","ethylestrenol",-1.43712,-1.43712,1.43712,0.000124158,0.0200344,1,1,"LINCS L1000",2.44055118554044,"Downregula NQO1"
"hydroxyl","hydroxyl",-1.13165,-1.13165,1.13165,0.000699335,0.0201217,1,1,"LINCS L1000",1.91965787653904,"Downregula NQO1"
"tibolone","Tibolone",1.01093,1.01093,1.01093,0.00124947,0.0203268,1,1,"CREEDS",1.7104237916092,"Upregula NQO1"
"tributyltin","tributyltin",0.969244,0.969244,0.969244,0.00509823,0.0204002,1,1,"LINCS L1000",1.6383766911872,"Upregula NQO1"
"brd-k04534322","BRD-K04534322",-1.68054,-1.68054,1.68054,0.00176779,0.0204815,1,1,"LINCS L1000",2.83782410815738,"Downregula NQO1"
"unc-0321","UNC-0321",0.802841,0.802841,0.802841,0.00562845,0.0205803,1,1,"LINCS L1000",1.35403012275398,"Upregula NQO1"
"metformin","Metformin",0.189207,0.189207,0.189207,0.00568729,0.0205871,1,1,"CREEDS",0.319079597899148,"Upregula NQO1"
"brd-k84023371","BRD-K84023371",1.58707,1.58707,1.58707,0.00218807,0.0206457,1,1,"LINCS L1000",2.67448336709054,"Upregula NQO1"
"mre-269","MRE-269",-0.86969,-0.86969,0.86969,0.00656955,0.0206713,1,1,"LINCS L1000",1.46510778681339,"Downregula NQO1"
"brd-k88542532","BRD-K88542532",1.279095,1.279095,1.46026,0.00069726,0.0207648,2,1,"LINCS L1000",2.16402588547906,"Upregula NQO1"
"vu-0420364-1","VU-0420364-1",1.18123,1.18123,1.18123,0.00326625,0.0208583,1,1,"LINCS L1000",1.98531817370566,"Upregula NQO1"
"indirubin","indirubin",1.84497,1.84497,1.84497,0.00206289,0.0208612,1,1,"LINCS L1000",3.10076859611495,"Upregula NQO1"
"brd-k02216544","BRD-K02216544",-1.2585,-1.2585,1.2585,0.00209572,0.0208906,1,1,"LINCS L1000",2.11434177529273,"Downregula NQO1"
"brd-k71746704","BRD-K71746704",-0.890725,-0.890725,0.890725,0.00172614,0.0209141,1,1,"LINCS L1000",1.496026811171,"Downregula NQO1"
"medroxyprogesterone","medroxyprogesterone",-0.996862,-0.996862,0.996862,0.00150161,0.0209551,1,1,"LINCS L1000",1.67344246952185,"Downregula NQO1"
"indatraline","indatraline",-1.28061,-1.28061,1.28061,0.00044039,0.0209992,1,1,"LINCS L1000",2.14860393649271,"Downregula NQO1"
"ru-24969","RU-24969",-0.54336,-0.54336,2.15223,0.000647777,0.0213068,2,1,"LINCS L1000",3.43784256419555,"Downregula NQO1"
"benazepril","benazepril",-1.6903,-1.6903,1.6903,0.000275532,0.0213782,1,1,"LINCS L1000",2.82284978929332,"Downregula NQO1"
"brd-k09716788","BRD-K09716788",-2.61429,-2.61429,2.61429,0.00239875,0.0214433,1,1,"LINCS L1000",4.36248762662993,"Downregula NQO1"
"pd-198306","PD-198306",1.03725,1.03725,1.03725,0.0050725,0.021462,1,1,"LINCS L1000",1.73047509487005,"Upregula NQO1"
"sib-1893","SIB-1893",0.760275,0.760275,0.760275,0.00483813,0.0216206,1,1,"LINCS L1000",1.26595842743128,"Upregula NQO1"
"mw-stk33-97","MW-STK33-97",-1.2567,-1.2567,1.2567,0.00346734,0.021721,1,1,"LINCS L1000",2.09004313573746,"Downregula NQO1"
"cercosporin","cercosporin",1.28655,1.28655,1.28655,0.00171777,0.0217584,1,1,"LINCS L1000",2.13872603919948,"Upregula NQO1"
"albendazole","albendazole",-1.30439,-1.30439,1.30439,0.0017601,0.0218897,1,1,"LINCS L1000",2.16497459479515,"Downregula NQO1"
"bix-01294","BIX-01294",-1.02347,-1.02347,1.02347,0.003606,0.0220903,1,1,"LINCS L1000",1.69465997422136,"Downregula NQO1"
"axitinib","axitinib",1.09976,1.09976,1.09976,0.00411296,0.0221012,1,1,"LINCS L1000",1.8207452196948,"Upregula NQO1"
"sdm25n","SDM25N",-1.17155,-1.17155,1.17155,3.70201e-05,0.0222801,1,1,"LINCS L1000",1.93549767960691,"Downregula NQO1"
"brd-k24014699","BRD-K24014699",-1.04797,-1.04797,1.04797,0.00272502,0.0223091,1,1,"LINCS L1000",1.73074126584474,"Downregula NQO1"
"olopatadine","olopatadine",-0.911646,-0.911646,0.911646,0.00106004,0.0226536,1,1,"LINCS L1000",1.49953256682379,"Downregula NQO1"
"bithionol","bithionol",-0.85334,-0.85334,0.85334,0.0019303,0.0227068,1,1,"LINCS L1000",1.40275789465193,"Downregula NQO1"
"lylamine","lylamine",1.08676,1.08676,1.08676,0.00232316,0.0227594,1,1,"LINCS L1000",1.78537191955436,"Upregula NQO1"
"brd-k41797142","BRD-K41797142",-0.733223,-0.733223,0.733223,0.00892769,0.0227728,1,1,"LINCS L1000",1.20438005147143,"Downregula NQO1"
"selinidin","selinidin",-0.966911,-0.966911,0.966911,0.00114271,0.0227888,1,1,"LINCS L1000",1.5879371883445,"Downregula NQO1"
"brd-k40094191","BRD-K40094191",-1.18827,-1.18827,1.18827,0.000138117,0.0229522,1,1,"LINCS L1000",1.94778328575719,"Downregula NQO1"
"brd-k14048378","BRD-K14048378",-1.14786,-1.14786,1.14786,0.00620934,0.0229798,1,1,"LINCS L1000",1.88094509970178,"Downregula NQO1"
"prostaglandin-a1","prostaglandin-a1",-0.903703,-0.903703,0.903703,0.00112098,0.0230916,1,1,"LINCS L1000",1.47895150642726,"Downregula NQO1"
"dalcetrapib","dalcetrapib",-0.620117,-0.620117,0.620117,0.00570413,0.0231661,1,1,"LINCS L1000",1.01398249764735,"Downregula NQO1"
"brd-a31946439","BRD-A31946439",-1.10627,-1.10627,1.10627,0.00775908,0.0231739,1,1,"LINCS L1000",1.80875241404186,"Downregula NQO1"
"brd-k36087356","BRD-K36087356",-0.812651,-0.812651,0.812651,0.0029086,0.0231813,1,1,"LINCS L1000",1.32857241192492,"Downregula NQO1"
"brd-k63569039","BRD-K63569039",-0.977426,-0.977426,0.977426,0.00486847,0.0232243,1,1,"LINCS L1000",1.59717015613342,"Downregula NQO1"
"t-5345967","T-5345967",0.974986,0.974986,1.14102,1.08432e-05,0.0232551,2,1,"LINCS L1000",1.59207868111017,"Upregula NQO1"
"reversine","reversine",-0.890933,-0.890933,0.890933,0.00198012,0.0232928,1,1,"LINCS L1000",1.45469607120313,"Downregula NQO1"
"brd-k03358980","BRD-K03358980",0.967656,0.967656,0.967656,0.00124692,0.0233331,1,1,"LINCS L1000",1.5792412583466,"Upregula NQO1"
"bg-stk33-03","BG-STK33-03",-0.672969,-0.672969,0.672969,0.00647626,0.0233487,1,1,"LINCS L1000",1.09810861561628,"Downregula NQO1"
"ivermectin","ivermectin",0.2580275,0.2580275,1.3636,0.000187046,0.0233702,2,1,"LINCS L1000",2.19804335862858,"Upregula NQO1"
"sns-314","SNS-314",-1.13334,-1.13334,1.13334,0.000250847,0.0234283,1,1,"LINCS L1000",1.84763798831181,"Downregula NQO1"
"fluphenazine","fluphenazine",-1.255635,-1.255635,1.34869,0.000427202,0.0235328,2,1,"LINCS L1000",2.19610752721984,"Downregula NQO1"
"nu-1025","NU-1025",-1.254185,-1.254185,1.31676,0.000660862,0.0235783,2,1,"LINCS L1000",2.14301045475851,"Downregula NQO1"
"brd-k99737413","BRD-K99737413",-1.02163,-1.02163,1.02163,0.00616421,0.0235916,1,1,"LINCS L1000",1.66243986146136,"Downregula NQO1"
"brd-k72504866","BRD-K72504866",-0.826187,-0.826187,0.826187,0.00530399,0.0236077,1,1,"LINCS L1000",1.34416190123572,"Downregula NQO1"
"wt-171","WT-171",-0.076395,-0.076395,1.20894,0.0026761,0.0236414,2,1,"LINCS L1000",1.96613153236724,"Downregula NQO1"
"cyclopiazonic-acid","cyclopiazonic-acid",1.10937,1.10937,1.10937,0.00116611,0.0236493,1,1,"LINCS L1000",1.80403720306639,"Upregula NQO1"
"cay-10618","CAY-10618",0.516792,0.516792,1.49035,0.00157707,0.0237125,2,1,"LINCS L1000",2.33515438674055,"Upregula NQO1"
"brd-k83355732","BRD-K83355732",-1.21443,-1.21443,1.21443,0.00383032,0.0237388,1,1,"LINCS L1000",1.97289161624676,"Downregula NQO1"
"brd-k41652870","BRD-K41652870",-1.336115,-1.336115,1.42366,0.000468742,0.0237826,2,1,"LINCS L1000",2.31165464008196,"Downregula NQO1"
"brd-k01602319","BRD-K01602319",-0.969198,-0.969198,0.969198,0.00540552,0.0238574,1,1,"LINCS L1000",1.57240443497325,"Downregula NQO1"
"mosapride","mosapride",1.78104,1.78104,1.78104,0.00168916,0.0238821,1,1,"LINCS L1000",2.88871773232998,"Upregula NQO1"
"formoterol","formoterol",0.934991,0.934991,0.934991,0.00343939,0.0239383,1,1,"LINCS L1000",1.51553317133703,"Upregula NQO1"
"tyrphostin-ag-82","tyrphostin-AG-82",1.25996,1.25996,1.25996,0.000102812,0.0239853,1,1,"LINCS L1000",2.04120430270273,"Upregula NQO1"
"stk-249718","STK-249718",-0.945076,-0.945076,0.945076,0.00433861,0.0241229,1,1,"LINCS L1000",1.52872704226577,"Downregula NQO1"
"obatoclax","obatoclax",-0.908946,-0.908946,0.908946,0.00204808,0.0241946,1,1,"LINCS L1000",1.4691126529452,"Downregula NQO1"
"cefotaxime","cefotaxime",1.53911,1.53911,1.53911,0.000121703,0.0242387,1,1,"LINCS L1000",2.48641785510955,"Upregula NQO1"
"fenretinide","fenretinide",2.012105,2.012105,2.21768,0.0022456,0.0242448,2,1,"LINCS L1000",3.31411831072871,"Upregula NQO1"
"brd-k12238169","BRD-K12238169",-0.756941,-0.756941,0.756941,0.0074963,0.0242698,1,1,"LINCS L1000",1.22240960742944,"Downregula NQO1"
"brd-k70524666","BRD-K70524666",0.93786,0.93786,0.93786,0.000529638,0.0244182,1,1,"LINCS L1000",1.51209887944593,"Upregula NQO1"
"brd-k41143549","BRD-K41143549",1.09809,1.09809,1.09809,0.00159726,0.0244452,1,1,"LINCS L1000",1.76990849546076,"Upregula NQO1"
"brd-k32307229","BRD-K32307229",0.424311,0.424311,0.424311,0.00872434,0.0245233,1,1,"LINCS L1000",0.683319382691372,"Upregula NQO1"
"ugiss-451","UGISS-451",1.15613,1.15613,1.15613,0.00272655,0.0246102,1,1,"LINCS L1000",1.86008004960411,"Upregula NQO1"
"brd-k21170640","BRD-K21170640",-0.795993,-0.795993,0.795993,0.0053042,0.0246584,1,1,"LINCS L1000",1.27998468870579,"Downregula NQO1"
"brd-k24346336","BRD-K24346336",-1.1742,-1.1742,1.1742,0.0032125,0.0247187,1,1,"LINCS L1000",1.88690930912286,"Downregula NQO1"
"brd-k91517665","BRD-K91517665",-1.21394,-1.21394,1.21394,0.000279581,0.024731,1,1,"LINCS L1000",1.95050819807744,"Downregula NQO1"
"st-4066738","ST-4066738",1.08699,1.08699,1.08699,0.00834535,0.0247515,1,1,"LINCS L1000",1.7461390801341,"Upregula NQO1"
"brd-k23673040","BRD-K23673040",1.23328,1.23328,1.23328,0.00760388,0.0249139,1,1,"LINCS L1000",1.97763635933904,"Upregula NQO1"
"vu-0418947-2","VU-0418947-2",1.08133,1.08133,1.08133,0.00222889,0.0249662,1,1,"LINCS L1000",1.73299088037774,"Upregula NQO1"
"kin001-055","KIN001-055",-0.741461,-0.741461,0.741461,0.000976006,0.0250121,1,1,"LINCS L1000",1.18770918692284,"Downregula NQO1"
"brd-k16057611","BRD-K16057611",1.18491,1.18491,1.18491,0.00316427,0.025022,1,1,"LINCS L1000",1.89784425557106,"Upregula NQO1"
"pd173074","Pd173074",0.127767,0.127767,0.127767,0.00745233,0.0250427,1,1,"CREEDS",0.204595705394021,"Upregula NQO1"
"tizanidine","tizanidine",-1.19015,-1.19015,1.19015,0.00348233,0.0253745,1,1,"LINCS L1000",1.89900632333684,"Downregula NQO1"
"brd-k28035139","BRD-K28035139",2.02649,2.02649,2.02649,0.00261069,0.0255201,1,1,"LINCS L1000",3.22843694231696,"Upregula NQO1"
"deguelin","deguelin",-0.995513,-0.995513,0.995513,0.00222785,0.0255325,1,1,"LINCS L1000",1.58575928723944,"Downregula NQO1"
"atracurium","atracurium",0.979721,0.979721,0.979721,0.00145624,0.0260044,1,1,"LINCS L1000",1.55281189708069,"Upregula NQO1"
"d-64406","D-64406",-0.910065,-0.910065,0.910065,0.00341179,0.0260095,1,1,"LINCS L1000",1.44233289322597,"Downregula NQO1"
"brd-k58761147","BRD-K58761147",1.85424,1.85424,1.85424,0.00531132,0.0260569,1,1,"LINCS L1000",2.93725940697761,"Upregula NQO1"
"lobendazole","lobendazole",-1.78701,-1.78701,1.78701,0.00554138,0.0261431,1,1,"LINCS L1000",2.82819871709413,"Downregula NQO1"
"xmd-16144","XMD-16144",-0.787603,-0.787603,0.787603,0.00838561,0.0261465,1,1,"LINCS L1000",1.24644982637186,"Downregula NQO1"
"bjm-csc-15","BJM-CSC-15",-1.03954,-1.03954,1.03954,0.0101146,0.026202,1,1,"LINCS L1000",1.64420461384628,"Downregula NQO1"
"vx-702","VX-702",-1.27203,-1.27203,1.27203,0.0105193,0.0263136,1,1,"LINCS L1000",2.00957809295937,"Downregula NQO1"
"cvf-sumo-13","CVF-SUMO-13",0.896857,0.896857,0.896857,0.001074,0.0264264,1,1,"LINCS L1000",1.41520626153343,"Upregula NQO1"
"tubocurarine","tubocurarine",-0.696749,-0.696749,0.696749,0.000539179,0.026452,1,1,"LINCS L1000",1.09915045280676,"Downregula NQO1"
"tipifarnib-p2","tipifarnib-P2",0.939854,0.939854,0.939854,0.00235624,0.0266285,1,1,"LINCS L1000",1.47994419975246,"Upregula NQO1"
"lamivudine","lamivudine",0.710032,0.710032,0.710032,0.00521106,0.0269427,1,1,"LINCS L1000",1.11443703396523,"Upregula NQO1"
"phorbol 12-myristate 13-acetate (pma)","Phorbol 12-myristate 13-acetate (pma)",0.816934,0.816934,0.816934,0.00672202,0.0269931,1,1,"CREEDS",1.28156295481517,"Upregula NQO1"
"imiquimod","imiquimod",-1.12288,-1.12288,1.12288,0.00325399,0.027118,1,1,"LINCS L1000",1.75926364278454,"Downregula NQO1"
"bvt-948","BVT-948",1.1556,1.1556,1.1556,0.000883332,0.0272438,1,1,"LINCS L1000",1.80820466504626,"Upregula NQO1"
"ku-c103670","KU-C103670",-1.83249,-1.83249,1.83249,0.00285674,0.027267,1,1,"LINCS L1000",2.86667889757708,"Downregula NQO1"
"amg-9810","AMG-9810",1.35916,1.35916,1.35916,0.0073619,0.0274048,1,1,"LINCS L1000",2.12324354813349,"Upregula NQO1"
"epothilone-a","epothilone-a",-0.914965,-0.914965,0.914965,0.00318565,0.0274847,1,1,"LINCS L1000",1.42817710233202,"Downregula NQO1"
"brd-k45044657","BRD-K45044657",1.168991,1.168991,1.55298,0.00307642,0.0276725,2,1,"LINCS L1000",2.36218242831272,"Upregula NQO1"
"ku-c104248","KU-C104248",-1.18532,-1.18532,1.18532,0.00150427,0.0276836,1,1,"LINCS L1000",1.84646474866348,"Downregula NQO1"
"amonafide","amonafide",-0.1057895,-0.1057895,0.96321,0.00761634,0.0276874,2,1,"LINCS L1000",1.50040938621212,"Downregula NQO1"
"brd-a40431293","BRD-A40431293",-0.070844,-0.070844,0.85858,0.00678172,0.0277143,2,1,"LINCS L1000",1.33706327370759,"Downregula NQO1"
"oligomycin-a","oligomycin-a",1.621165,1.621165,1.66994,0.00280282,0.0277491,2,1,"LINCS L1000",2.44781985897818,"Upregula NQO1"
"hts-11203sc","HTS-11203SC",1.28695,1.28695,1.28695,5.63328e-05,0.027876,1,1,"LINCS L1000",2.0009106648466,"Upregula NQO1"
"brd-a16581344","BRD-A16581344",0.942049,0.942049,0.942049,0.00538008,0.0278938,1,1,"LINCS L1000",1.46440793305423,"Upregula NQO1"
"fexaramine","fexaramine",1.28453,1.28453,1.28453,0.00112144,0.0279638,1,1,"LINCS L1000",1.99539379946476,"Upregula NQO1"
"acarbose","acarbose",-1.10813,-1.10813,1.10813,0.00362863,0.0279884,1,1,"LINCS L1000",1.72095018900514,"Downregula NQO1"
"paroxetine","paroxetine",-1.64692,-1.64692,1.64692,0.000174716,0.0279897,1,1,"LINCS L1000",2.55766965261139,"Downregula NQO1"
"gsk-0660","GSK-0660",1.39036,1.39036,1.39036,0.00387722,0.0281048,1,1,"LINCS L1000",2.15675354526584,"Upregula NQO1"
"cd-00491sc","CD-00491SC",1.5425,1.5425,1.5425,0.000254974,0.0282453,1,1,"LINCS L1000",2.38941549908515,"Upregula NQO1"
"sd-6-035-a7","SD-6-035-A7",-0.574116,-0.574116,0.574116,0.000382654,0.0283136,1,1,"LINCS L1000",0.888734385600272,"Downregula NQO1"
"pd-169316","PD-169316",1.23117,1.23117,1.23117,0.00171472,0.0283259,1,1,"LINCS L1000",1.90562497238848,"Upregula NQO1"
"brd-k05684908","BRD-K05684908",-1.46156,-1.46156,1.46156,0.000352675,0.0283539,1,1,"LINCS L1000",2.26159923115864,"Downregula NQO1"
"oxetane","oxetane",-1.284135,-1.284135,1.47903,0.00191648,0.0284442,2,1,"LINCS L1000",2.00709429808331,"Downregula NQO1"
"brd-k92754162","BRD-K92754162",-1.27737,-1.27737,1.27737,0.000898218,0.028585,1,1,"LINCS L1000",1.97208275187255,"Downregula NQO1"
"brd-a20488704","BRD-A20488704",1.83841,1.83841,1.83841,0.000345281,0.0286098,1,1,"LINCS L1000",2.83755858639615,"Upregula NQO1"
"gsk-1904529a","GSK-1904529A",1.52073,1.52073,1.52073,0.00164842,0.0286102,1,1,"LINCS L1000",2.3472149812362,"Upregula NQO1"
"losartan","losartan",0.822617,0.822617,0.822617,0.00101836,0.0286136,1,1,"LINCS L1000",1.2696496983705,"Upregula NQO1"
"brd-k24426149","BRD-K24426149",1.44449,1.44449,1.44449,0.00104922,0.0287985,1,1,"LINCS L1000",2.22542481985529,"Upregula NQO1"
"brd-a55565369","BRD-A55565369",-1.46996,-1.46996,1.46996,0.00160933,0.0289168,1,1,"LINCS L1000",2.26204760607291,"Downregula NQO1"
"brd-k94991378","BRD-K94991378",-0.868446,-0.868446,0.868446,0.0060629,0.029103,1,1,"LINCS L1000",1.33398710868244,"Downregula NQO1"
"brd-k00007652","BRD-K00007652",-0.804968,-0.804968,1.18288,0.00496405,0.0291575,2,1,"LINCS L1000",1.58230204825187,"Downregula NQO1"
"10-debc","10-DEBC",0.640975,0.640975,0.640975,0.000736572,0.0295531,1,1,"LINCS L1000",0.98030521430049,"Upregula NQO1"
"flubendazole","flubendazole",0.632733,0.632733,0.632733,0.00822971,0.0295913,1,1,"LINCS L1000",0.967344960358255,"Upregula NQO1"
"brd-k48204702","BRD-K48204702",1.43299,1.43299,1.43299,0.00686136,0.0296859,1,1,"LINCS L1000",2.18882026002529,"Upregula NQO1"
"nizatidine","nizatidine",-1.02911,-1.02911,1.02911,0.00195804,0.0297217,1,1,"LINCS L1000",1.57137517990123,"Downregula NQO1"
"mianserin","mianserin",1.68159,1.68159,1.68159,4.29713e-05,0.0297482,1,1,"LINCS L1000",2.56701323388252,"Upregula NQO1"
"brd-k48974000","BRD-K48974000",-0.738965,-0.738965,0.738965,0.00821886,0.029788,1,1,"LINCS L1000",1.12763003736547,"Downregula NQO1"
"brd-k41924482","BRD-K41924482",-1.07331,-1.07331,1.07331,0.00892263,0.0299953,1,1,"LINCS L1000",1.63459401926021,"Downregula NQO1"
"thiotepa","thiotepa",1.1287,1.1287,1.1287,0.000377668,0.0301282,1,1,"LINCS L1000",1.71678296534693,"Upregula NQO1"
"brd-k22006123","BRD-K22006123",-1.01031,-1.01031,1.01031,0.000492695,0.0301925,1,1,"LINCS L1000",1.53577316556452,"Downregula NQO1"
"brd-k57037351","BRD-K57037351",-1.06556,-1.06556,1.06556,0.00160118,0.0304063,1,1,"LINCS L1000",1.61649333184964,"Downregula NQO1"
"olaparib","olaparib",-0.623611,-0.623611,0.623611,0.00592693,0.0304595,1,1,"LINCS L1000",0.945567159671029,"Downregula NQO1"
"rho-kinase-inhibitor-iii[rockout]","RHO-kinase-inhibitor-III[rockout]",-1.25736,-1.25736,1.25736,0.000150915,0.0305507,1,1,"LINCS L1000",1.9048737872644,"Downregula NQO1"
"amlodipine","amlodipine",0.778456,0.778456,0.918896,0.00105687,0.0306437,2,1,"LINCS L1000",1.39089501487337,"Upregula NQO1"
"brd-k60070073","BRD-K60070073",-0.616886,-0.616886,0.616886,0.000541268,0.0307474,1,1,"LINCS L1000",0.932849828761213,"Downregula NQO1"
"actinomycin d","Actinomycin d",0.116785,0.116785,0.116785,0.0181936,0.0307638,1,1,"CREEDS",0.176574251019826,"Upregula NQO1"
"promegestone","Promegestone",-0.139752,-0.139752,0.139752,0.0054028,0.0308174,1,1,"CREEDS",0.211193782050164,"Downregula NQO1"
"mek1-2-inhibitor","MEK1-2-inhibitor",1.00776,1.00776,1.00776,0.00325408,0.0308755,1,1,"LINCS L1000",1.52210659604549,"Upregula NQO1"
"tetrahydrobiopterin","tetrahydrobiopterin",-1.34346,-1.34346,1.34346,0.0138823,0.0309596,1,1,"LINCS L1000",2.02755609126775,"Downregula NQO1"
"brd-k85818861","BRD-K85818861",1.16341,1.16341,1.16341,0.00440986,0.0310657,1,1,"LINCS L1000",1.75409519429483,"Upregula NQO1"
"pentobarbital","pentobarbital",1.15316,1.15316,1.15316,0.00269317,0.0312026,1,1,"LINCS L1000",1.73643895584846,"Upregula NQO1"
"brd-k37043259","BRD-K37043259",-0.801569,-0.801569,0.801569,0.0102255,0.0312392,1,1,"LINCS L1000",1.20660189299911,"Downregula NQO1"
"brd-k84924563","BRD-K84924563",-0.591193,-0.591193,0.591193,0.00354188,0.031334,1,1,"LINCS L1000",0.889144908040947,"Downregula NQO1"
"crizotinib","crizotinib",0.969639,0.969639,0.969639,0.00500145,0.031713,1,1,"LINCS L1000",1.4532587389552,"Upregula NQO1"
"i-ome-ag-538","I-OMe-AG-538",1.64397,1.64397,1.64397,0.000139342,0.0319884,1,1,"LINCS L1000",2.45774745013617,"Upregula NQO1"
"nefazodone","nefazodone",-1.61687,-1.61687,1.61687,0.00438031,0.0320002,1,1,"LINCS L1000",2.41697376583187,"Downregula NQO1"
"brd-a81530502","BRD-A81530502",-1.2411,-1.2411,1.2411,0.00190127,0.0320012,1,1,"LINCS L1000",1.85523814967809,"Downregula NQO1"
"trifluridine","trifluridine",-1.18805,-1.18805,1.18805,0.00217012,0.0323501,1,1,"LINCS L1000",1.77034226076116,"Downregula NQO1"
"brd-k29160485","BRD-K29160485",1.68977,1.68977,1.68977,1.31746e-05,0.0325969,1,1,"LINCS L1000",2.51239008327402,"Upregula NQO1"
"brd-k30463976","BRD-K30463976",1.12375,1.12375,1.12375,0.00604032,0.0325996,1,1,"LINCS L1000",1.67077771016191,"Upregula NQO1"
"brd-k41087962","BRD-K41087962",0.2718555,0.2718555,1.12903,0.000141585,0.0328418,2,1,"LINCS L1000",1.67499847838423,"Upregula NQO1"
"brd-k06009608","BRD-K06009608",-0.8782095,-0.8782095,1.04876,0.0085796,0.0329227,2,1,"LINCS L1000",1.5547914775057,"Downregula NQO1"
"brd-k63954456","BRD-K63954456",-1.70887,-1.70887,1.70887,0.00392256,0.0330257,1,1,"LINCS L1000",2.53108932889221,"Downregula NQO1"
"brd-k21064560","BRD-K21064560",1.01511,1.01511,1.01511,0.00556329,0.033062,1,1,"LINCS L1000",1.50304381542424,"Upregula NQO1"
"brd-k52831896","BRD-K52831896",-1.42573,-1.42573,1.42573,0.000114184,0.033207,1,1,"LINCS L1000",2.10832726227498,"Downregula NQO1"
"brd-k06592610","BRD-K06592610",-1.24531,-1.24531,1.24531,0.00353229,0.0333795,1,1,"LINCS L1000",1.83872533665767,"Downregula NQO1"
"brd-k20032655","BRD-K20032655",1.90343,1.90343,1.90343,0.000143345,0.0334191,1,1,"LINCS L1000",2.80947267327914,"Upregula NQO1"
"brd-k71746288","BRD-K71746288",-0.922222,-0.922222,0.922222,0.00408907,0.0334517,1,1,"LINCS L1000",1.36081400492891,"Downregula NQO1"
"bromocriptine","bromocriptine",0.925726,0.925726,0.925726,0.000671264,0.0336563,1,1,"LINCS L1000",1.36353295740891,"Upregula NQO1"
"troglitazone","troglitazone",-0.286056,-0.286056,1.10514,0.000485278,0.0337605,2,1,"LINCS L1000",1.62015270295111,"Downregula NQO1"
"sa-103006","SA-103006",1.02692,1.02692,1.02692,0.00766192,0.0339872,1,1,"LINCS L1000",1.50822160261852,"Upregula NQO1"
"brd-k05359840","BRD-K05359840",1.00811,1.00811,1.00811,0.000329189,0.0342541,1,1,"LINCS L1000",1.47717091987474,"Upregula NQO1"
"ala-ala-phe-cmk","Ala-Ala-Phe-CMK",1.34491,1.34491,1.34491,0.00286187,0.0342624,1,1,"LINCS L1000",1.97053821816171,"Upregula NQO1"
"carbetocin","carbetocin",-0.787496,-0.787496,0.787496,0.00613023,0.0343762,1,1,"LINCS L1000",1.15269107445456,"Downregula NQO1"
"nickel","Nickel",-0.270697,-0.270697,0.270697,0.0206342,0.0345036,1,1,"CREEDS",0.395795717699547,"Downregula NQO1"
"sa-247714","SA-247714",-1.07293,-1.07293,1.07293,0.00751182,0.034527,1,1,"LINCS L1000",1.56845323066689,"Downregula NQO1"
"abiraterone","Abiraterone",0.649261,0.649261,0.649261,0.00695171,0.0346354,1,1,"CREEDS",0.948232570483227,"Upregula NQO1"
"brd-k34387287","BRD-K34387287",1.3763,1.3763,1.3763,0.0048558,0.0347012,1,1,"LINCS L1000",2.0089238737879,"Upregula NQO1"
"brd-k04156788","BRD-K04156788",1.20969,1.20969,1.20969,0.00862597,0.0347222,1,1,"LINCS L1000",1.76541283474905,"Upregula NQO1"
"3,3',4,4'-tetrachlorobiphenyl","3,3',4,4'-tetrachlorobiphenyl",0.42032,0.42032,0.42032,0.00535316,0.0348626,1,1,"CREEDS",0.612675340209422,"Upregula NQO1"
"wz-7043","WZ-7043",-1.43951,-1.43951,1.43951,0.00276593,0.0349357,1,1,"LINCS L1000",2.09697819467285,"Downregula NQO1"
"brd-k31126514","BRD-K31126514",1.8074,1.8074,1.8074,0.0070675,0.0350464,1,1,"LINCS L1000",2.63041149453799,"Upregula NQO1"
"berbamine","berbamine",-1.08278,-1.08278,1.08278,0.00187782,0.0351517,1,1,"LINCS L1000",1.57442022941028,"Downregula NQO1"
"brd-k14316227","BRD-K14316227",1.16678,1.16678,1.16678,0.0019688,0.0352989,1,1,"LINCS L1000",1.69444321982584,"Upregula NQO1"
"brd-k78596368","BRD-K78596368",-1.14278,-1.14278,1.14278,0.00487999,0.0353256,1,1,"LINCS L1000",1.6592142274683,"Downregula NQO1"
"npk76-ii-72-1","NPK76-II-72-1",1.1397,1.1397,1.1397,0.000946836,0.0353496,1,1,"LINCS L1000",1.65440618092587,"Upregula NQO1"
"dmab-anabaseine","DMAB-anabaseine",-1.24116,-1.24116,1.24116,0.00170902,0.0355003,1,1,"LINCS L1000",1.79939402216725,"Downregula NQO1"
"brd-k04279026","BRD-K04279026",1.77476,1.77476,1.77476,9.09489e-05,0.035561,1,1,"LINCS L1000",2.57167344564209,"Upregula NQO1"
"yl-59","YL-59",-0.884893,-0.884893,0.884893,0.00214046,0.0356067,1,1,"LINCS L1000",1.28173943684491,"Downregula NQO1"
"epigallocatechin","epigallocatechin",0.767357,0.767357,0.767357,0.00623592,0.0357154,1,1,"LINCS L1000",1.11047644794086,"Upregula NQO1"
"tyrphostin-ag-494","tyrphostin-AG-494",-1.45371,-1.45371,1.45371,0.000357797,0.0360344,1,1,"LINCS L1000",2.09811450090494,"Downregula NQO1"
"apratoxin a","Apratoxin a",0.714696,0.714696,0.714696,0.0127206,0.0362854,1,1,"CREEDS",1.02935383928885,"Upregula NQO1"
"brd-k65148867","BRD-K65148867",1.57472,1.57472,1.57472,5.07792e-05,0.0364759,1,1,"LINCS L1000",2.26443788584821,"Upregula NQO1"
"brd-k30804015","BRD-K30804015",-1.42318,-1.42318,1.42318,0.0002383,0.0367347,1,1,"LINCS L1000",2.04215443034886,"Downregula NQO1"
"th02453-036-p1","TH02453-036-P1",1.32927,1.32927,1.32927,0.000429096,0.0367504,1,1,"LINCS L1000",1.90715408766709,"Upregula NQO1"
"tacrolimus","tacrolimus",0.0622199999999999,0.0622199999999999,1.32476,0.000728202,0.03677,2,1,"LINCS L1000",1.90037665889493,"Upregula NQO1"
"brd-k98824517","BRD-K98824517",-1.09451,-1.09451,1.09451,0.0110984,0.0368095,1,1,"LINCS L1000",1.56957120985498,"Downregula NQO1"
"brd-k30064966","BRD-K30064966",-0.80041,-0.80041,0.80041,0.000628237,0.037067,1,1,"LINCS L1000",1.14539676472262,"Downregula NQO1"
"fludrocortisone","fludrocortisone",1.18238,1.18238,1.18238,0.00185159,0.0370707,1,1,"LINCS L1000",1.69194937828087,"Upregula NQO1"
"cyproheptadine","cyproheptadine",1.24486,1.24486,1.24486,0.00939891,0.0371701,1,1,"LINCS L1000",1.77990863390123,"Upregula NQO1"
"brd-k28916077","BRD-K28916077",0.138779,0.138779,1.27173,0.00459851,0.0373041,2,1,"LINCS L1000",1.73694540242638,"Upregula NQO1"
"pidorubicine","pidorubicine",-1.15381,-1.15381,1.15381,0.0102717,0.0374084,1,1,"LINCS L1000",1.64652248427904,"Downregula NQO1"
"neurodazine","neurodazine",1.50671,1.50671,1.50671,0.000512407,0.0375417,1,1,"LINCS L1000",2.14779410917941,"Upregula NQO1"
"brd-k50776152","BRD-K50776152",-1.33688,-1.33688,1.33688,0.000199615,0.0376338,1,1,"LINCS L1000",1.90428118633278,"Downregula NQO1"
"aloisine","aloisine",-1.20105,-1.20105,1.20105,0.00207048,0.0376505,1,1,"LINCS L1000",1.71057054308887,"Downregula NQO1"
"corticosterone","corticosterone",-0.979746,-0.979746,0.979746,0.000546708,0.0379255,1,1,"LINCS L1000",1.39228635973367,"Downregula NQO1"
"i-070754","I-070754",1.01583,1.01583,1.01583,0.0043742,0.0382429,1,1,"LINCS L1000",1.4398874026854,"Upregula NQO1"
"zaprinast","zaprinast",1.70355,1.70355,1.70355,0.000599098,0.0385693,1,1,"LINCS L1000",2.40840785509775,"Upregula NQO1"
"salmeterol","salmeterol",0.931465,0.931465,0.931465,0.00217321,0.0387075,1,1,"LINCS L1000",1.31541941625626,"Upregula NQO1"
"brd-k75081836","BRD-K75081836",-1.43078,-1.43078,1.43078,0.00113189,0.0390775,1,1,"LINCS L1000",2.01464301350447,"Downregula NQO1"
"brd-k46171503","BRD-K46171503",1.18764,1.18764,1.18764,0.00284706,0.0391159,1,1,"LINCS L1000",1.67177749450588,"Upregula NQO1"
"quinidine","quinidine",0.964284,0.964284,0.964284,0.00624381,0.0391543,1,1,"LINCS L1000",1.35696024727594,"Upregula NQO1"
"ptb1","PTB1",1.20788,1.20788,1.20788,0.000774971,0.0392206,1,1,"LINCS L1000",1.69886602793513,"Upregula NQO1"
"brd-k83691318","BRD-K83691318",-0.593896,-0.593896,0.593896,0.00406391,0.0393582,1,1,"LINCS L1000",0.834402958067194,"Downregula NQO1"
"sb-205607","SB-205607",-0.960057,-0.960057,0.960057,0.00282967,0.0394559,1,1,"LINCS L1000",1.34781254557851,"Downregula NQO1"
"antimycin-a","antimycin-a",1.28434,1.28434,1.28434,0.0141718,0.0395461,1,1,"LINCS L1000",1.80179588502892,"Upregula NQO1"
"tomelukast","tomelukast",0.698656,0.698656,0.698656,0.00303121,0.0397989,1,1,"LINCS L1000",0.978208478560665,"Upregula NQO1"
"brd-k11309655","BRD-K11309655",1.73989,1.73989,1.73989,0.00769598,0.0398823,1,1,"LINCS L1000",2.43448854479668,"Upregula NQO1"
"rhizocarpic-acid","rhizocarpic-acid",-0.872486,-0.872486,0.872486,0.00264628,0.0399342,1,1,"LINCS L1000",1.22030691622908,"Downregula NQO1"
"kepone","kepone",-1.10469,-1.10469,1.10469,0.00673761,0.0399499,1,1,"LINCS L1000",1.54489162517423,"Downregula NQO1"
"quercetin","Quercetin",0.59853,0.59853,0.59853,0.00702807,0.0401697,1,1,"CREEDS",0.835608577947496,"Upregula NQO1"
"fipronil","fipronil",0.965271,0.965271,0.965271,0.000608321,0.0401958,1,1,"LINCS L1000",1.34734391405618,"Upregula NQO1"
"emf-sumo1-7","EMF-sumo1-7",0.861982,0.861982,0.861982,0.00601926,0.0403604,1,1,"LINCS L1000",1.20164129916938,"Upregula NQO1"
"as-703026","AS-703026",0.923456,0.923456,0.923456,0.00325705,0.0406319,1,1,"LINCS L1000",1.2846499947022,"Upregula NQO1"
"inca-6","INCA-6",0.908501,0.908501,0.908501,0.0207471,0.0411322,1,1,"LINCS L1000",1.25901709438344,"Upregula NQO1"
"brd-k11072542","BRD-K11072542",-0.415128,-0.415128,0.415128,0.0145514,0.0412988,1,1,"LINCS L1000",0.574563125418517,"Downregula NQO1"
"brd-k96396151","BRD-K96396151",1.28821,1.28821,1.28821,0.00108425,0.0413292,1,1,"LINCS L1000",1.78255157154653,"Upregula NQO1"
"orantinib","orantinib",1.47294,1.47294,1.47294,0.00117802,0.0414411,1,1,"LINCS L1000",2.03644077828567,"Upregula NQO1"
"brd-k91184774","BRD-K91184774",-1.22893,-1.22893,1.22893,0.000707241,0.0414426,1,1,"LINCS L1000",1.69906086555503,"Downregula NQO1"
"betaxolol","betaxolol",0.739058,0.739058,0.739058,0.00187089,0.0414537,1,1,"LINCS L1000",1.02170090255897,"Upregula NQO1"
"heat","HEAT",1.64533,1.64533,1.64533,0.0012163,0.0419266,1,1,"LINCS L1000",2.26645911221075,"Upregula NQO1"
"wh-4023","WH-4023",0.705185,0.705185,0.705185,0.00948377,0.041985,1,1,"LINCS L1000",0.970973346527959,"Upregula NQO1"
"ku-c103884","KU-C103884",2.46321,2.46321,2.46321,0.000937702,0.0420983,1,1,"LINCS L1000",3.38872529648828,"Upregula NQO1"
"brd-k89696951","BRD-K89696951",-1.52924,-1.52924,1.52924,0.00113047,0.0421662,1,1,"LINCS L1000",2.10275934254592,"Downregula NQO1"
"brd-k78716413","BRD-K78716413",2.13244,2.13244,2.13244,0.000980845,0.0424931,1,1,"LINCS L1000",2.92502867839334,"Upregula NQO1"
"brd-k03371390","BRD-K03371390",-0.926509,-0.926509,0.926509,0.00778229,0.0426208,1,1,"LINCS L1000",1.26966792356333,"Downregula NQO1"
"st-638","ST-638",1.82349,1.82349,1.82349,3.97132e-05,0.0428259,1,1,"LINCS L1000",2.4950695169207,"Upregula NQO1"
"brd-a10330754","BRD-A10330754",0.958519,0.958519,0.958519,0.00670233,0.0429853,1,1,"LINCS L1000",1.30998878326461,"Upregula NQO1"
"yl-61","YL-61",-1.19175,-1.19175,1.19175,0.00192989,0.0430757,1,1,"LINCS L1000",1.62765360443947,"Downregula NQO1"
"brd-k78559095","BRD-K78559095",-1.272,-1.272,1.272,0.0198744,0.043177,1,1,"LINCS L1000",1.73595886624757,"Downregula NQO1"
"brd-k64058329","BRD-K64058329",1.09583,1.09583,1.09583,0.00900328,0.0432713,1,1,"LINCS L1000",1.49449301656401,"Upregula NQO1"
"brd-k48716658","BRD-K48716658",-0.921078,-0.921078,0.921078,0.00220863,0.0433869,1,1,"LINCS L1000",1.25509899623671,"Downregula NQO1"
"brd-k98404142","BRD-K98404142",1.68811,1.68811,1.68811,0.000503182,0.04339,1,1,"LINCS L1000",2.30023615772038,"Upregula NQO1"
"brd-k00925050","BRD-K00925050",-0.446995,-0.446995,0.446995,0.00183064,0.0433952,1,1,"LINCS L1000",0.609056749862313,"Downregula NQO1"
"brd-k82034465","BRD-K82034465",1.47251,1.47251,1.47251,0.00243758,0.0434241,1,1,"LINCS L1000",2.00595498125366,"Upregula NQO1"
"brd-k03829970","BRD-K03829970",-0.899497,-0.899497,0.899497,0.0049448,0.0434534,1,1,"LINCS L1000",1.22509353891714,"Downregula NQO1"
"cycloserine","cycloserine",-0.828297,-0.828297,0.828297,0.00448735,0.0435021,1,1,"LINCS L1000",1.12771789832579,"Downregula NQO1"
"mevastatin","mevastatin",1.31788,1.31788,1.60476,0.00157092,0.043509,2,1,"LINCS L1000",2.18475380076969,"Upregula NQO1"
"brd-k33720394","BRD-K33720394",0.965424,0.965424,0.965424,0.01621,0.0436106,1,1,"LINCS L1000",1.31337047333706,"Upregula NQO1"
"terbutaline","terbutaline",-1.39646,-1.39646,1.39646,0.00281067,0.0438831,1,1,"LINCS L1000",1.89597751311704,"Downregula NQO1"
"purvalanol-a","purvalanol-a",0.87395,0.87395,0.87395,0.00470601,0.0439569,1,1,"LINCS L1000",1.1859265037013,"Upregula NQO1"
"brd-a43126523","BRD-A43126523",-1.01115,-1.01115,1.01115,0.0171718,0.0441091,1,1,"LINCS L1000",1.37058531406388,"Downregula NQO1"
"sevoflurane","Sevoflurane",-0.989121,-0.989121,0.989121,0.00404386,0.0443592,1,1,"CREEDS",1.33829683050446,"Downregula NQO1"
"erythromycin","erythromycin",-1.32724,-1.32724,1.32724,0.000477499,0.0444133,1,1,"LINCS L1000",1.79507478834371,"Downregula NQO1"
"alw-ii-38-3","ALW-II-38-3",1.0308,1.0308,1.0308,0.0109996,0.0445345,1,1,"LINCS L1000",1.39292356456699,"Upregula NQO1"
"darinaparsin","darinaparsin",-1.6221,-1.6221,1.6221,0.00525713,0.0447841,1,1,"LINCS L1000",2.1880120014962,"Downregula NQO1"
"brd-k00541156","BRD-K00541156",1.48408,1.48408,1.48408,0.000105886,0.0453435,1,1,"LINCS L1000",1.99383915994867,"Upregula NQO1"
"brd-k17739445","BRD-K17739445",1.40774,1.40774,1.40774,0.000640771,0.0454417,1,1,"LINCS L1000",1.88995490332981,"Upregula NQO1"
"dac-004","DAC-004",1.02526,1.02526,1.02526,0.00342646,0.0454931,1,1,"LINCS L1000",1.37595476425075,"Upregula NQO1"
"brd-k23165181","BRD-K23165181",-1.07365,-1.07365,1.07365,0.0174624,0.0458465,1,1,"LINCS L1000",1.43728861287491,"Downregula NQO1"
"valdecoxib","valdecoxib",0.924183,0.924183,0.924183,0.0100203,0.0458554,1,1,"LINCS L1000",1.23712015631002,"Upregula NQO1"
"carvedilol","carvedilol",1.13508,1.13508,1.13508,0.00252494,0.0460865,1,1,"LINCS L1000",1.51695073367054,"Upregula NQO1"
"k3644","K3644",1.82708,1.82708,1.82708,0.00253844,0.0461061,1,1,"LINCS L1000",2.44142032466121,"Upregula NQO1"
"brd-k99582188","BRD-K99582188",-1.09586,-1.09586,1.09586,0.00820657,0.0461941,1,1,"LINCS L1000",1.46342622697057,"Downregula NQO1"
"brd-k91047982","BRD-K91047982",1.14553,1.14553,1.14553,0.0047892,0.046207,1,1,"LINCS L1000",1.52961730506355,"Upregula NQO1"
"pd-160170","PD-160170",1.35057,1.35057,1.35057,3.75991e-05,0.0465442,1,1,"LINCS L1000",1.79914079703543,"Upregula NQO1"
"brd-k79826210","BRD-K79826210",0.889774,0.889774,0.889774,0.0176152,0.0466194,1,1,"LINCS L1000",1.18467475107164,"Upregula NQO1"
"cay-10594","CAY-10594",-0.543108,-0.543108,0.543108,0.0112443,0.0466534,1,1,"LINCS L1000",0.722940128872634,"Downregula NQO1"
"brd-k31851742","BRD-K31851742",-1.1456,-1.1456,1.1456,0.0273136,0.0470395,1,1,"LINCS L1000",1.52082673452508,"Downregula NQO1"
"aliskiren","aliskiren",1.13633,1.13633,1.13633,0.00123053,0.0470616,1,1,"LINCS L1000",1.50828866216106,"Upregula NQO1"
"bi-78d3","BI-78D3",0.990056,0.990056,0.990056,0.00032801,0.047222,1,1,"LINCS L1000",1.31267131481613,"Upregula NQO1"
"fu-jmbii113b","FU-JMBII113B",-1.22296,-1.22296,1.22296,0.00714108,0.0472985,1,1,"LINCS L1000",1.6206086628709,"Downregula NQO1"
"acdpp","ACDPP",1.18421,1.18421,1.18421,0.000751571,0.0474735,1,1,"LINCS L1000",1.56735966357049,"Upregula NQO1"
"cp-55940","CP-55940",1.23246,1.23246,1.23246,0.000532718,0.0475418,1,1,"LINCS L1000",1.63045138050135,"Upregula NQO1"
"tetrindole","tetrindole",0.984827,0.984827,0.984827,0.0116637,0.047936,1,1,"LINCS L1000",1.29931988968186,"Upregula NQO1"
"brd-k87063901","BRD-K87063901",1.24781,1.24781,1.24781,0.00198946,0.0483392,1,1,"LINCS L1000",1.64174429246319,"Upregula NQO1"
"brd-k93623754","BRD-K93623754",-0.802114,-0.802114,0.802114,0.00490802,0.0483499,1,1,"LINCS L1000",1.05526472359347,"Downregula NQO1"
"fluspirilene","fluspirilene",0.983985,0.983985,0.983985,0.00170204,0.0484802,1,1,"LINCS L1000",1.29338491111238,"Upregula NQO1"
"zardaverine","zardaverine",1.1696,1.1696,1.1696,0.014163,0.0486924,1,1,"LINCS L1000",1.53514540268274,"Upregula NQO1"
"tegaserod","tegaserod",-1.15185,-1.15185,1.15185,0.00138248,0.0487432,1,1,"LINCS L1000",1.51132621613962,"Downregula NQO1"
"pkcbeta-inhibitor","PKCbeta-inhibitor",0.71883,0.71883,0.71883,0.00106231,0.0487743,1,1,"LINCS L1000",0.942967630982606,"Upregula NQO1"
"brd-k14790374","BRD-K14790374",0.938593,0.938593,0.938593,0.010205,0.0488555,1,1,"LINCS L1000",1.23057664665418,"Upregula NQO1"
"brd-k84450674","BRD-K84450674",1.00555,1.00555,1.00555,0.0121333,0.0490442,1,1,"LINCS L1000",1.31667958372006,"Upregula NQO1"
"pnu-96415e","PNU-96415E",-1.44847,-1.44847,1.44847,0.000788334,0.0493107,1,1,"LINCS L1000",1.89323550683618,"Downregula NQO1"
"brd-k30640165","BRD-K30640165",-1.0414,-1.0414,1.0414,0.0158277,0.0493144,1,1,"LINCS L1000",1.36113713310098,"Downregula NQO1"
"bucladesine","bucladesine",0.907078,0.907078,0.907078,0.0097517,0.0493413,1,1,"LINCS L1000",1.18535992652741,"Upregula NQO1"
"serdemetan","serdemetan",-0.722577,-0.722577,0.722577,0.0138197,0.0496534,1,1,"LINCS L1000",0.942277265193624,"Downregula NQO1"
"brd-k70891562","BRD-K70891562",-0.906906,-0.906906,0.906906,0.0104871,0.0496761,1,1,"LINCS L1000",1.18247166201769,"Downregula NQO1"
"valproic acid","valproic acid",0.354072,0.354072,0.354072,0.00649552,0.070102,1,1,"CMAP",0.408694542800648,"Upregula NQO1"
"pioglitazone","pioglitazone",0.39958,0.39958,0.39958,0.00825567,0.0765749,1,1,"CMAP",0.445896740972473,"Upregula NQO1"
"lorglumide","lorglumide",0.502257,0.502257,0.502257,0.00533058,0.154695,1,1,"CMAP",0.407091213640567,"Upregula NQO1"
"flurbiprofen","flurbiprofen",0.509009,0.509009,0.509009,0.00501925,0.540797,1,1,"CMAP",0.135887957353332,"Upregula NQO1"
