"protein1","protein2","combined_score","from","to"
"9606.ENSP00000164133","9606.ENSP00000418447",999,"PPP2R5B","PPP2CA"
"9606.ENSP00000164133","9606.ENSP00000324804",999,"PPP2R5B","PPP2R1A"
"9606.ENSP00000212015","9606.ENSP00000264867",999,"SIRT1","PPARGC1A"
"9606.ENSP00000212015","9606.ENSP00000368880",999,"SIRT1","FOXO1"
"9606.ENSP00000212015","9606.ENSP00000385824",999,"SIRT1","FOXO3"
"9606.ENSP00000219476","9606.ENSP00000298552",999,"TSC2","TSC1"
"9606.ENSP00000219476","9606.ENSP00000354558",999,"TSC2","MTOR"
"9606.ENSP00000219476","9606.ENSP00000262187",999,"TSC2","RHEB"
"9606.ENSP00000221138","9606.ENSP00000325074",999,"PPP2CB","PPP2R2A"
"9606.ENSP00000221138","9606.ENSP00000417963",999,"PPP2CB","PPP2R5D"
"9606.ENSP00000221138","9606.ENSP00000324804",999,"PPP2CB","PPP2R1A"
"9606.ENSP00000222254","9606.ENSP00000289153",999,"PIK3R2","PIK3CB"
"9606.ENSP00000222254","9606.ENSP00000304895",999,"PIK3R2","IRS1"
"9606.ENSP00000222254","9606.ENSP00000263967",999,"PIK3R2","PIK3CA"
"9606.ENSP00000225577","9606.ENSP00000307272",999,"RPS6KB1","RPTOR"
"9606.ENSP00000225577","9606.ENSP00000354558",999,"RPS6KB1","MTOR"
"9606.ENSP00000229328","9606.ENSP00000323867",999,"PRKAB1","PRKAG1"
"9606.ENSP00000229328","9606.ENSP00000346148",999,"PRKAB1","PRKAA1"
"9606.ENSP00000229328","9606.ENSP00000360290",999,"PRKAB1","PRKAA2"
"9606.ENSP00000229328","9606.ENSP00000287878",999,"PRKAB1","PRKAG2"
"9606.ENSP00000254101","9606.ENSP00000323867",999,"PRKAB2","PRKAG1"
"9606.ENSP00000254101","9606.ENSP00000346148",999,"PRKAB2","PRKAA1"
"9606.ENSP00000254101","9606.ENSP00000360290",999,"PRKAB2","PRKAA2"
"9606.ENSP00000254101","9606.ENSP00000287878",999,"PRKAB2","PRKAG2"
"9606.ENSP00000258418","9606.ENSP00000324856",999,"CAB39","STK11"
"9606.ENSP00000258418","9606.ENSP00000336655",999,"CAB39","STRADA"
"9606.ENSP00000261461","9606.ENSP00000311344",999,"PPP2R5A","PPP2R1B"
"9606.ENSP00000261461","9606.ENSP00000418447",999,"PPP2R5A","PPP2CA"
"9606.ENSP00000261461","9606.ENSP00000324804",999,"PPP2R5A","PPP2R1A"
"9606.ENSP00000262187","9606.ENSP00000219476",999,"RHEB","TSC2"
"9606.ENSP00000262187","9606.ENSP00000298552",999,"RHEB","TSC1"
"9606.ENSP00000262187","9606.ENSP00000307272",999,"RHEB","RPTOR"
"9606.ENSP00000262187","9606.ENSP00000354558",999,"RHEB","MTOR"
"9606.ENSP00000262741","9606.ENSP00000263967",999,"PIK3R3","PIK3CA"
"9606.ENSP00000262741","9606.ENSP00000304895",999,"PIK3R3","IRS1"
"9606.ENSP00000263967","9606.ENSP00000428056",999,"PIK3CA","PIK3R1"
"9606.ENSP00000263967","9606.ENSP00000262741",999,"PIK3CA","PIK3R3"
"9606.ENSP00000263967","9606.ENSP00000304895",999,"PIK3CA","IRS1"
"9606.ENSP00000263967","9606.ENSP00000222254",999,"PIK3CA","PIK3R2"
"9606.ENSP00000264867","9606.ENSP00000287820",999,"PPARGC1A","PPARG"
"9606.ENSP00000264867","9606.ENSP00000212015",999,"PPARGC1A","SIRT1"
"9606.ENSP00000268035","9606.ENSP00000304895",999,"IGF1R","IRS1"
"9606.ENSP00000268035","9606.ENSP00000380432",999,"IGF1R","INS"
"9606.ENSP00000268035","9606.ENSP00000302665",999,"IGF1R","IGF1"
"9606.ENSP00000287820","9606.ENSP00000264867",999,"PPARG","PPARGC1A"
"9606.ENSP00000287878","9606.ENSP00000360290",999,"PRKAG2","PRKAA2"
"9606.ENSP00000287878","9606.ENSP00000254101",999,"PRKAG2","PRKAB2"
"9606.ENSP00000287878","9606.ENSP00000229328",999,"PRKAG2","PRKAB1"
"9606.ENSP00000289153","9606.ENSP00000222254",999,"PIK3CB","PIK3R2"
"9606.ENSP00000289153","9606.ENSP00000428056",999,"PIK3CB","PIK3R1"
"9606.ENSP00000298552","9606.ENSP00000219476",999,"TSC1","TSC2"
"9606.ENSP00000298552","9606.ENSP00000262187",999,"TSC1","RHEB"
"9606.ENSP00000302665","9606.ENSP00000268035",999,"IGF1","IGF1R"
"9606.ENSP00000302665","9606.ENSP00000303830",999,"IGF1","INSR"
"9606.ENSP00000303830","9606.ENSP00000302665",999,"INSR","IGF1"
"9606.ENSP00000303830","9606.ENSP00000304895",999,"INSR","IRS1"
"9606.ENSP00000303830","9606.ENSP00000380432",999,"INSR","INS"
"9606.ENSP00000304895","9606.ENSP00000222254",999,"IRS1","PIK3R2"
"9606.ENSP00000304895","9606.ENSP00000268035",999,"IRS1","IGF1R"
"9606.ENSP00000304895","9606.ENSP00000263967",999,"IRS1","PIK3CA"
"9606.ENSP00000304895","9606.ENSP00000262741",999,"IRS1","PIK3R3"
"9606.ENSP00000304895","9606.ENSP00000428056",999,"IRS1","PIK3R1"
"9606.ENSP00000304895","9606.ENSP00000303830",999,"IRS1","INSR"
"9606.ENSP00000307272","9606.ENSP00000262187",999,"RPTOR","RHEB"
"9606.ENSP00000307272","9606.ENSP00000340691",999,"RPTOR","EIF4EBP1"
"9606.ENSP00000307272","9606.ENSP00000354558",999,"RPTOR","MTOR"
"9606.ENSP00000307272","9606.ENSP00000225577",999,"RPTOR","RPS6KB1"
"9606.ENSP00000307272","9606.ENSP00000375711",999,"RPTOR","AKT1S1"
"9606.ENSP00000311344","9606.ENSP00000261461",999,"PPP2R1B","PPP2R5A"
"9606.ENSP00000311344","9606.ENSP00000418447",999,"PPP2R1B","PPP2CA"
"9606.ENSP00000311344","9606.ENSP00000335083",999,"PPP2R1B","PPP2R2C"
"9606.ENSP00000312652","9606.ENSP00000330393",999,"LEP","LEPR"
"9606.ENSP00000323867","9606.ENSP00000254101",999,"PRKAG1","PRKAB2"
"9606.ENSP00000323867","9606.ENSP00000229328",999,"PRKAG1","PRKAB1"
"9606.ENSP00000323867","9606.ENSP00000360290",999,"PRKAG1","PRKAA2"
"9606.ENSP00000323867","9606.ENSP00000346148",999,"PRKAG1","PRKAA1"
"9606.ENSP00000324560","9606.ENSP00000354558",999,"ULK1","MTOR"
"9606.ENSP00000324804","9606.ENSP00000325074",999,"PPP2R1A","PPP2R2A"
"9606.ENSP00000324804","9606.ENSP00000399970",999,"PPP2R1A","PPP2R2D"
"9606.ENSP00000324804","9606.ENSP00000261461",999,"PPP2R1A","PPP2R5A"
"9606.ENSP00000324804","9606.ENSP00000418447",999,"PPP2R1A","PPP2CA"
"9606.ENSP00000324804","9606.ENSP00000337641",999,"PPP2R1A","PPP2R5E"
"9606.ENSP00000324804","9606.ENSP00000412324",999,"PPP2R1A","PPP2R5C"
"9606.ENSP00000324804","9606.ENSP00000375080",999,"PPP2R1A","PPP2R3B"
"9606.ENSP00000324804","9606.ENSP00000335083",999,"PPP2R1A","PPP2R2C"
"9606.ENSP00000324804","9606.ENSP00000417963",999,"PPP2R1A","PPP2R5D"
"9606.ENSP00000324804","9606.ENSP00000164133",999,"PPP2R1A","PPP2R5B"
"9606.ENSP00000324804","9606.ENSP00000221138",999,"PPP2R1A","PPP2CB"
"9606.ENSP00000324856","9606.ENSP00000258418",999,"STK11","CAB39"
"9606.ENSP00000324856","9606.ENSP00000336655",999,"STK11","STRADA"
"9606.ENSP00000325074","9606.ENSP00000324804",999,"PPP2R2A","PPP2R1A"
"9606.ENSP00000325074","9606.ENSP00000418447",999,"PPP2R2A","PPP2CA"
"9606.ENSP00000325074","9606.ENSP00000221138",999,"PPP2R2A","PPP2CB"
"9606.ENSP00000330393","9606.ENSP00000312652",999,"LEPR","LEP"
"9606.ENSP00000335083","9606.ENSP00000311344",999,"PPP2R2C","PPP2R1B"
"9606.ENSP00000335083","9606.ENSP00000324804",999,"PPP2R2C","PPP2R1A"
"9606.ENSP00000335083","9606.ENSP00000418447",999,"PPP2R2C","PPP2CA"
"9606.ENSP00000336655","9606.ENSP00000258418",999,"STRADA","CAB39"
"9606.ENSP00000336655","9606.ENSP00000324856",999,"STRADA","STK11"
"9606.ENSP00000337641","9606.ENSP00000324804",999,"PPP2R5E","PPP2R1A"
"9606.ENSP00000337641","9606.ENSP00000418447",999,"PPP2R5E","PPP2CA"
"9606.ENSP00000340691","9606.ENSP00000354558",999,"EIF4EBP1","MTOR"
"9606.ENSP00000340691","9606.ENSP00000307272",999,"EIF4EBP1","RPTOR"
"9606.ENSP00000346148","9606.ENSP00000254101",999,"PRKAA1","PRKAB2"
"9606.ENSP00000346148","9606.ENSP00000229328",999,"PRKAA1","PRKAB1"
"9606.ENSP00000346148","9606.ENSP00000323867",999,"PRKAA1","PRKAG1"
"9606.ENSP00000354558","9606.ENSP00000375711",999,"MTOR","AKT1S1"
"9606.ENSP00000354558","9606.ENSP00000307272",999,"MTOR","RPTOR"
"9606.ENSP00000354558","9606.ENSP00000225577",999,"MTOR","RPS6KB1"
"9606.ENSP00000354558","9606.ENSP00000451828",999,"MTOR","AKT1"
"9606.ENSP00000354558","9606.ENSP00000219476",999,"MTOR","TSC2"
"9606.ENSP00000354558","9606.ENSP00000324560",999,"MTOR","ULK1"
"9606.ENSP00000354558","9606.ENSP00000262187",999,"MTOR","RHEB"
"9606.ENSP00000354558","9606.ENSP00000340691",999,"MTOR","EIF4EBP1"
"9606.ENSP00000357622","9606.ENSP00000387699",999,"CRTC2","CREB1"
"9606.ENSP00000360290","9606.ENSP00000323867",999,"PRKAA2","PRKAG1"
"9606.ENSP00000360290","9606.ENSP00000254101",999,"PRKAA2","PRKAB2"
"9606.ENSP00000360290","9606.ENSP00000229328",999,"PRKAA2","PRKAB1"
"9606.ENSP00000360290","9606.ENSP00000287878",999,"PRKAA2","PRKAG2"
"9606.ENSP00000365016","9606.ENSP00000428056",999,"IRS2","PIK3R1"
"9606.ENSP00000366563","9606.ENSP00000428056",999,"PIK3CD","PIK3R1"
"9606.ENSP00000368880","9606.ENSP00000212015",999,"FOXO1","SIRT1"
"9606.ENSP00000375080","9606.ENSP00000324804",999,"PPP2R3B","PPP2R1A"
"9606.ENSP00000375080","9606.ENSP00000418447",999,"PPP2R3B","PPP2CA"
"9606.ENSP00000375711","9606.ENSP00000307272",999,"AKT1S1","RPTOR"
"9606.ENSP00000375711","9606.ENSP00000354558",999,"AKT1S1","MTOR"
"9606.ENSP00000380432","9606.ENSP00000268035",999,"INS","IGF1R"
"9606.ENSP00000380432","9606.ENSP00000303830",999,"INS","INSR"
"9606.ENSP00000385824","9606.ENSP00000212015",999,"FOXO3","SIRT1"
"9606.ENSP00000385824","9606.ENSP00000451828",999,"FOXO3","AKT1"
"9606.ENSP00000387699","9606.ENSP00000357622",999,"CREB1","CRTC2"
"9606.ENSP00000399970","9606.ENSP00000418447",999,"PPP2R2D","PPP2CA"
"9606.ENSP00000399970","9606.ENSP00000324804",999,"PPP2R2D","PPP2R1A"
"9606.ENSP00000412324","9606.ENSP00000324804",999,"PPP2R5C","PPP2R1A"
"9606.ENSP00000412324","9606.ENSP00000418447",999,"PPP2R5C","PPP2CA"
"9606.ENSP00000417963","9606.ENSP00000418447",999,"PPP2R5D","PPP2CA"
"9606.ENSP00000417963","9606.ENSP00000324804",999,"PPP2R5D","PPP2R1A"
"9606.ENSP00000417963","9606.ENSP00000221138",999,"PPP2R5D","PPP2CB"
"9606.ENSP00000418447","9606.ENSP00000399970",999,"PPP2CA","PPP2R2D"
"9606.ENSP00000418447","9606.ENSP00000325074",999,"PPP2CA","PPP2R2A"
"9606.ENSP00000418447","9606.ENSP00000261461",999,"PPP2CA","PPP2R5A"
"9606.ENSP00000418447","9606.ENSP00000324804",999,"PPP2CA","PPP2R1A"
"9606.ENSP00000418447","9606.ENSP00000412324",999,"PPP2CA","PPP2R5C"
"9606.ENSP00000418447","9606.ENSP00000337641",999,"PPP2CA","PPP2R5E"
"9606.ENSP00000418447","9606.ENSP00000375080",999,"PPP2CA","PPP2R3B"
"9606.ENSP00000418447","9606.ENSP00000335083",999,"PPP2CA","PPP2R2C"
"9606.ENSP00000418447","9606.ENSP00000417963",999,"PPP2CA","PPP2R5D"
"9606.ENSP00000418447","9606.ENSP00000311344",999,"PPP2CA","PPP2R1B"
"9606.ENSP00000418447","9606.ENSP00000164133",999,"PPP2CA","PPP2R5B"
"9606.ENSP00000428056","9606.ENSP00000289153",999,"PIK3R1","PIK3CB"
"9606.ENSP00000428056","9606.ENSP00000366563",999,"PIK3R1","PIK3CD"
"9606.ENSP00000428056","9606.ENSP00000304895",999,"PIK3R1","IRS1"
"9606.ENSP00000428056","9606.ENSP00000365016",999,"PIK3R1","IRS2"
"9606.ENSP00000428056","9606.ENSP00000263967",999,"PIK3R1","PIK3CA"
"9606.ENSP00000451828","9606.ENSP00000354558",999,"AKT1","MTOR"
"9606.ENSP00000451828","9606.ENSP00000385824",999,"AKT1","FOXO3"
"9606.ENSP00000212015","9606.ENSP00000287820",998,"SIRT1","PPARG"
"9606.ENSP00000221138","9606.ENSP00000311344",998,"PPP2CB","PPP2R1B"
"9606.ENSP00000262741","9606.ENSP00000289153",998,"PIK3R3","PIK3CB"
"9606.ENSP00000263967","9606.ENSP00000451828",998,"PIK3CA","AKT1"
"9606.ENSP00000264867","9606.ENSP00000312987",998,"PPARGC1A","HNF4A"
"9606.ENSP00000268035","9606.ENSP00000365016",998,"IGF1R","IRS2"
"9606.ENSP00000287820","9606.ENSP00000212015",998,"PPARG","SIRT1"
"9606.ENSP00000287878","9606.ENSP00000346148",998,"PRKAG2","PRKAA1"
"9606.ENSP00000289153","9606.ENSP00000262741",998,"PIK3CB","PIK3R3"
"9606.ENSP00000302665","9606.ENSP00000380432",998,"IGF1","INS"
"9606.ENSP00000311344","9606.ENSP00000324804",998,"PPP2R1B","PPP2R1A"
"9606.ENSP00000311344","9606.ENSP00000221138",998,"PPP2R1B","PPP2CB"
"9606.ENSP00000312987","9606.ENSP00000264867",998,"HNF4A","PPARGC1A"
"9606.ENSP00000324804","9606.ENSP00000377936",998,"PPP2R1A","PPP2R2B"
"9606.ENSP00000324804","9606.ENSP00000311344",998,"PPP2R1A","PPP2R1B"
"9606.ENSP00000341785","9606.ENSP00000389814",998,"ADIPOR1","ADIPOQ"
"9606.ENSP00000346148","9606.ENSP00000287878",998,"PRKAA1","PRKAG2"
"9606.ENSP00000349616","9606.ENSP00000389814",998,"ADIPOR2","ADIPOQ"
"9606.ENSP00000365016","9606.ENSP00000268035",998,"IRS2","IGF1R"
"9606.ENSP00000368880","9606.ENSP00000451828",998,"FOXO1","AKT1"
"9606.ENSP00000377936","9606.ENSP00000324804",998,"PPP2R2B","PPP2R1A"
"9606.ENSP00000380432","9606.ENSP00000302665",998,"INS","IGF1"
"9606.ENSP00000389814","9606.ENSP00000341785",998,"ADIPOQ","ADIPOR1"
"9606.ENSP00000389814","9606.ENSP00000349616",998,"ADIPOQ","ADIPOR2"
"9606.ENSP00000451828","9606.ENSP00000368880",998,"AKT1","FOXO1"
"9606.ENSP00000451828","9606.ENSP00000263967",998,"AKT1","PIK3CA"
"9606.ENSP00000264867","9606.ENSP00000368880",997,"PPARGC1A","FOXO1"
"9606.ENSP00000298552","9606.ENSP00000451828",997,"TSC1","AKT1"
"9606.ENSP00000302665","9606.ENSP00000304895",997,"IGF1","IRS1"
"9606.ENSP00000304592","9606.ENSP00000483300",997,"FASN","ACACA"
"9606.ENSP00000304895","9606.ENSP00000302665",997,"IRS1","IGF1"
"9606.ENSP00000304895","9606.ENSP00000380432",997,"IRS1","INS"
"9606.ENSP00000311344","9606.ENSP00000325074",997,"PPP2R1B","PPP2R2A"
"9606.ENSP00000325074","9606.ENSP00000311344",997,"PPP2R2A","PPP2R1B"
"9606.ENSP00000368880","9606.ENSP00000264867",997,"FOXO1","PPARGC1A"
"9606.ENSP00000380432","9606.ENSP00000304895",997,"INS","IRS1"
"9606.ENSP00000418447","9606.ENSP00000451828",997,"PPP2CA","AKT1"
"9606.ENSP00000451828","9606.ENSP00000418447",997,"AKT1","PPP2CA"
"9606.ENSP00000451828","9606.ENSP00000298552",997,"AKT1","TSC1"
"9606.ENSP00000483300","9606.ENSP00000304592",997,"ACACA","FASN"
"9606.ENSP00000219476","9606.ENSP00000451828",996,"TSC2","AKT1"
"9606.ENSP00000221138","9606.ENSP00000399970",996,"PPP2CB","PPP2R2D"
"9606.ENSP00000229328","9606.ENSP00000397133",996,"PRKAB1","PRKAG3"
"9606.ENSP00000262187","9606.ENSP00000340691",996,"RHEB","EIF4EBP1"
"9606.ENSP00000262741","9606.ENSP00000268035",996,"PIK3R3","IGF1R"
"9606.ENSP00000268035","9606.ENSP00000262741",996,"IGF1R","PIK3R3"
"9606.ENSP00000307272","9606.ENSP00000324560",996,"RPTOR","ULK1"
"9606.ENSP00000311344","9606.ENSP00000337641",996,"PPP2R1B","PPP2R5E"
"9606.ENSP00000311344","9606.ENSP00000412324",996,"PPP2R1B","PPP2R5C"
"9606.ENSP00000324560","9606.ENSP00000307272",996,"ULK1","RPTOR"
"9606.ENSP00000337641","9606.ENSP00000311344",996,"PPP2R5E","PPP2R1B"
"9606.ENSP00000340691","9606.ENSP00000262187",996,"EIF4EBP1","RHEB"
"9606.ENSP00000377936","9606.ENSP00000418447",996,"PPP2R2B","PPP2CA"
"9606.ENSP00000397133","9606.ENSP00000229328",996,"PRKAG3","PRKAB1"
"9606.ENSP00000399970","9606.ENSP00000221138",996,"PPP2R2D","PPP2CB"
"9606.ENSP00000412324","9606.ENSP00000311344",996,"PPP2R5C","PPP2R1B"
"9606.ENSP00000418447","9606.ENSP00000377936",996,"PPP2CA","PPP2R2B"
"9606.ENSP00000428056","9606.ENSP00000451828",996,"PIK3R1","AKT1"
"9606.ENSP00000451828","9606.ENSP00000428056",996,"AKT1","PIK3R1"
"9606.ENSP00000451828","9606.ENSP00000219476",996,"AKT1","TSC2"
"9606.ENSP00000222254","9606.ENSP00000366563",995,"PIK3R2","PIK3CD"
"9606.ENSP00000254101","9606.ENSP00000397133",995,"PRKAB2","PRKAG3"
"9606.ENSP00000303830","9606.ENSP00000428056",995,"INSR","PIK3R1"
"9606.ENSP00000311344","9606.ENSP00000417963",995,"PPP2R1B","PPP2R5D"
"9606.ENSP00000324856","9606.ENSP00000479669",995,"STK11","CAB39L"
"9606.ENSP00000325074","9606.ENSP00000412324",995,"PPP2R2A","PPP2R5C"
"9606.ENSP00000344220","9606.ENSP00000451828",995,"PDPK1","AKT1"
"9606.ENSP00000366563","9606.ENSP00000222254",995,"PIK3CD","PIK3R2"
"9606.ENSP00000397133","9606.ENSP00000254101",995,"PRKAG3","PRKAB2"
"9606.ENSP00000412324","9606.ENSP00000325074",995,"PPP2R5C","PPP2R2A"
"9606.ENSP00000417963","9606.ENSP00000311344",995,"PPP2R5D","PPP2R1B"
"9606.ENSP00000428056","9606.ENSP00000303830",995,"PIK3R1","INSR"
"9606.ENSP00000451828","9606.ENSP00000344220",995,"AKT1","PDPK1"
"9606.ENSP00000479669","9606.ENSP00000324856",995,"CAB39L","STK11"
"9606.ENSP00000219476","9606.ENSP00000307272",994,"TSC2","RPTOR"
"9606.ENSP00000221138","9606.ENSP00000337641",994,"PPP2CB","PPP2R5E"
"9606.ENSP00000221138","9606.ENSP00000412324",994,"PPP2CB","PPP2R5C"
"9606.ENSP00000225577","9606.ENSP00000304895",994,"RPS6KB1","IRS1"
"9606.ENSP00000225577","9606.ENSP00000262187",994,"RPS6KB1","RHEB"
"9606.ENSP00000262187","9606.ENSP00000225577",994,"RHEB","RPS6KB1"
"9606.ENSP00000304895","9606.ENSP00000225577",994,"IRS1","RPS6KB1"
"9606.ENSP00000304895","9606.ENSP00000354558",994,"IRS1","MTOR"
"9606.ENSP00000307272","9606.ENSP00000451828",994,"RPTOR","AKT1"
"9606.ENSP00000307272","9606.ENSP00000219476",994,"RPTOR","TSC2"
"9606.ENSP00000336655","9606.ENSP00000479669",994,"STRADA","CAB39L"
"9606.ENSP00000337641","9606.ENSP00000221138",994,"PPP2R5E","PPP2CB"
"9606.ENSP00000340691","9606.ENSP00000451828",994,"EIF4EBP1","AKT1"
"9606.ENSP00000354558","9606.ENSP00000304895",994,"MTOR","IRS1"
"9606.ENSP00000412324","9606.ENSP00000221138",994,"PPP2R5C","PPP2CB"
"9606.ENSP00000451828","9606.ENSP00000340691",994,"AKT1","EIF4EBP1"
"9606.ENSP00000451828","9606.ENSP00000307272",994,"AKT1","RPTOR"
"9606.ENSP00000479669","9606.ENSP00000336655",994,"CAB39L","STRADA"
"9606.ENSP00000194530","9606.ENSP00000324856",993,"STRADB","STK11"
"9606.ENSP00000194530","9606.ENSP00000258418",993,"STRADB","CAB39"
"9606.ENSP00000221138","9606.ENSP00000377936",993,"PPP2CB","PPP2R2B"
"9606.ENSP00000258418","9606.ENSP00000194530",993,"CAB39","STRADB"
"9606.ENSP00000262187","9606.ENSP00000451828",993,"RHEB","AKT1"
"9606.ENSP00000264977","9606.ENSP00000324804",993,"PPP2R3A","PPP2R1A"
"9606.ENSP00000289153","9606.ENSP00000451828",993,"PIK3CB","AKT1"
"9606.ENSP00000304592","9606.ENSP00000348069",993,"FASN","SREBF1"
"9606.ENSP00000311344","9606.ENSP00000399970",993,"PPP2R1B","PPP2R2D"
"9606.ENSP00000324804","9606.ENSP00000264977",993,"PPP2R1A","PPP2R3A"
"9606.ENSP00000324804","9606.ENSP00000451828",993,"PPP2R1A","AKT1"
"9606.ENSP00000324856","9606.ENSP00000194530",993,"STK11","STRADB"
"9606.ENSP00000348069","9606.ENSP00000304592",993,"SREBF1","FASN"
"9606.ENSP00000375892","9606.ENSP00000385824",993,"AKT2","FOXO3"
"9606.ENSP00000377936","9606.ENSP00000221138",993,"PPP2R2B","PPP2CB"
"9606.ENSP00000385824","9606.ENSP00000375892",993,"FOXO3","AKT2"
"9606.ENSP00000399970","9606.ENSP00000311344",993,"PPP2R2D","PPP2R1B"
"9606.ENSP00000451828","9606.ENSP00000262187",993,"AKT1","RHEB"
"9606.ENSP00000451828","9606.ENSP00000324804",993,"AKT1","PPP2R1A"
"9606.ENSP00000451828","9606.ENSP00000289153",993,"AKT1","PIK3CB"
"9606.ENSP00000263026","9606.ENSP00000307940",992,"EEF2K","EEF2"
"9606.ENSP00000263826","9606.ENSP00000385824",992,"AKT3","FOXO3"
"9606.ENSP00000264867","9606.ENSP00000385824",992,"PPARGC1A","FOXO3"
"9606.ENSP00000307940","9606.ENSP00000263026",992,"EEF2","EEF2K"
"9606.ENSP00000375711","9606.ENSP00000451828",992,"AKT1S1","AKT1"
"9606.ENSP00000385824","9606.ENSP00000263826",992,"FOXO3","AKT3"
"9606.ENSP00000385824","9606.ENSP00000264867",992,"FOXO3","PPARGC1A"
"9606.ENSP00000451828","9606.ENSP00000375711",992,"AKT1","AKT1S1"
"9606.ENSP00000221138","9606.ENSP00000261461",991,"PPP2CB","PPP2R5A"
"9606.ENSP00000261461","9606.ENSP00000221138",991,"PPP2R5A","PPP2CB"
"9606.ENSP00000268035","9606.ENSP00000428056",991,"IGF1R","PIK3R1"
"9606.ENSP00000346148","9606.ENSP00000397133",991,"PRKAA1","PRKAG3"
"9606.ENSP00000397133","9606.ENSP00000346148",991,"PRKAG3","PRKAA1"
"9606.ENSP00000428056","9606.ENSP00000268035",991,"PIK3R1","IGF1R"
"9606.ENSP00000348069","9606.ENSP00000359380",990,"SREBF1","SCD"
"9606.ENSP00000359380","9606.ENSP00000348069",990,"SCD","SREBF1"
"9606.ENSP00000380432","9606.ENSP00000451828",990,"INS","AKT1"
"9606.ENSP00000451828","9606.ENSP00000380432",990,"AKT1","INS"
"9606.ENSP00000263967","9606.ENSP00000268035",989,"PIK3CA","IGF1R"
"9606.ENSP00000268035","9606.ENSP00000263967",989,"IGF1R","PIK3CA"
"9606.ENSP00000287820","9606.ENSP00000389814",989,"PPARG","ADIPOQ"
"9606.ENSP00000298552","9606.ENSP00000307272",989,"TSC1","RPTOR"
"9606.ENSP00000298552","9606.ENSP00000354558",989,"TSC1","MTOR"
"9606.ENSP00000304895","9606.ENSP00000307272",989,"IRS1","RPTOR"
"9606.ENSP00000307272","9606.ENSP00000304895",989,"RPTOR","IRS1"
"9606.ENSP00000307272","9606.ENSP00000298552",989,"RPTOR","TSC1"
"9606.ENSP00000311344","9606.ENSP00000377936",989,"PPP2R1B","PPP2R2B"
"9606.ENSP00000354558","9606.ENSP00000298552",989,"MTOR","TSC1"
"9606.ENSP00000377936","9606.ENSP00000311344",989,"PPP2R2B","PPP2R1B"
"9606.ENSP00000389814","9606.ENSP00000287820",989,"ADIPOQ","PPARG"
"9606.ENSP00000261461","9606.ENSP00000325074",988,"PPP2R5A","PPP2R2A"
"9606.ENSP00000263967","9606.ENSP00000365016",988,"PIK3CA","IRS2"
"9606.ENSP00000287936","9606.ENSP00000348069",988,"HMGCR","SREBF1"
"9606.ENSP00000304592","9606.ENSP00000341044",988,"FASN","ACACB"
"9606.ENSP00000325074","9606.ENSP00000261461",988,"PPP2R2A","PPP2R5A"
"9606.ENSP00000341044","9606.ENSP00000304592",988,"ACACB","FASN"
"9606.ENSP00000346148","9606.ENSP00000483300",988,"PRKAA1","ACACA"
"9606.ENSP00000348069","9606.ENSP00000483300",988,"SREBF1","ACACA"
"9606.ENSP00000348069","9606.ENSP00000287936",988,"SREBF1","HMGCR"
"9606.ENSP00000365016","9606.ENSP00000263967",988,"IRS2","PIK3CA"
"9606.ENSP00000483300","9606.ENSP00000346148",988,"ACACA","PRKAA1"
"9606.ENSP00000483300","9606.ENSP00000348069",988,"ACACA","SREBF1"
"9606.ENSP00000269848","9606.ENSP00000345771",987,"PFKL","PFKM"
"9606.ENSP00000345771","9606.ENSP00000269848",987,"PFKM","PFKL"
"9606.ENSP00000219476","9606.ENSP00000346148",986,"TSC2","PRKAA1"
"9606.ENSP00000225577","9606.ENSP00000263967",986,"RPS6KB1","PIK3CA"
"9606.ENSP00000263967","9606.ENSP00000225577",986,"PIK3CA","RPS6KB1"
"9606.ENSP00000287820","9606.ENSP00000348069",986,"PPARG","SREBF1"
"9606.ENSP00000302665","9606.ENSP00000365016",986,"IGF1","IRS2"
"9606.ENSP00000346148","9606.ENSP00000219476",986,"PRKAA1","TSC2"
"9606.ENSP00000348069","9606.ENSP00000287820",986,"SREBF1","PPARG"
"9606.ENSP00000365016","9606.ENSP00000302665",986,"IRS2","IGF1"
"9606.ENSP00000387699","9606.ENSP00000451828",986,"CREB1","AKT1"
"9606.ENSP00000451828","9606.ENSP00000387699",986,"AKT1","CREB1"
"9606.ENSP00000225577","9606.ENSP00000375711",985,"RPS6KB1","AKT1S1"
"9606.ENSP00000308413","9606.ENSP00000354558",985,"RPS6KB2","MTOR"
"9606.ENSP00000354558","9606.ENSP00000308413",985,"MTOR","RPS6KB2"
"9606.ENSP00000375711","9606.ENSP00000225577",985,"AKT1S1","RPS6KB1"
"9606.ENSP00000225577","9606.ENSP00000344220",984,"RPS6KB1","PDPK1"
"9606.ENSP00000262741","9606.ENSP00000366563",984,"PIK3R3","PIK3CD"
"9606.ENSP00000264867","9606.ENSP00000387699",984,"PPARGC1A","CREB1"
"9606.ENSP00000287820","9606.ENSP00000312652",984,"PPARG","LEP"
"9606.ENSP00000289153","9606.ENSP00000304895",984,"PIK3CB","IRS1"
"9606.ENSP00000304895","9606.ENSP00000289153",984,"IRS1","PIK3CB"
"9606.ENSP00000312652","9606.ENSP00000287820",984,"LEP","PPARG"
"9606.ENSP00000344220","9606.ENSP00000225577",984,"PDPK1","RPS6KB1"
"9606.ENSP00000360290","9606.ENSP00000397133",984,"PRKAA2","PRKAG3"
"9606.ENSP00000366563","9606.ENSP00000262741",984,"PIK3CD","PIK3R3"
"9606.ENSP00000387699","9606.ENSP00000264867",984,"CREB1","PPARGC1A"
"9606.ENSP00000397133","9606.ENSP00000360290",984,"PRKAG3","PRKAA2"
"9606.ENSP00000219476","9606.ENSP00000263826",983,"TSC2","AKT3"
"9606.ENSP00000263826","9606.ENSP00000219476",983,"AKT3","TSC2"
"9606.ENSP00000360290","9606.ENSP00000483300",983,"PRKAA2","ACACA"
"9606.ENSP00000365016","9606.ENSP00000380432",983,"IRS2","INS"
"9606.ENSP00000380432","9606.ENSP00000365016",983,"INS","IRS2"
"9606.ENSP00000483300","9606.ENSP00000360290",983,"ACACA","PRKAA2"
"9606.ENSP00000221138","9606.ENSP00000335083",982,"PPP2CB","PPP2R2C"
"9606.ENSP00000225577","9606.ENSP00000451828",982,"RPS6KB1","AKT1"
"9606.ENSP00000287820","9606.ENSP00000320935",982,"PPARG","SLC2A4"
"9606.ENSP00000303830","9606.ENSP00000365016",982,"INSR","IRS2"
"9606.ENSP00000307272","9606.ENSP00000308413",982,"RPTOR","RPS6KB2"
"9606.ENSP00000308413","9606.ENSP00000307272",982,"RPS6KB2","RPTOR"
"9606.ENSP00000320935","9606.ENSP00000287820",982,"SLC2A4","PPARG"
"9606.ENSP00000335083","9606.ENSP00000221138",982,"PPP2R2C","PPP2CB"
"9606.ENSP00000365016","9606.ENSP00000303830",982,"IRS2","INSR"
"9606.ENSP00000451828","9606.ENSP00000225577",982,"AKT1","RPS6KB1"
"9606.ENSP00000225577","9606.ENSP00000418447",981,"RPS6KB1","PPP2CA"
"9606.ENSP00000340691","9606.ENSP00000375711",981,"EIF4EBP1","AKT1S1"
"9606.ENSP00000375711","9606.ENSP00000340691",981,"AKT1S1","EIF4EBP1"
"9606.ENSP00000418447","9606.ENSP00000225577",981,"PPP2CA","RPS6KB1"
"9606.ENSP00000219476","9606.ENSP00000375892",980,"TSC2","AKT2"
"9606.ENSP00000324856","9606.ENSP00000346148",980,"STK11","PRKAA1"
"9606.ENSP00000324856","9606.ENSP00000360290",980,"STK11","PRKAA2"
"9606.ENSP00000346148","9606.ENSP00000324856",980,"PRKAA1","STK11"
"9606.ENSP00000360290","9606.ENSP00000324856",980,"PRKAA2","STK11"
"9606.ENSP00000368880","9606.ENSP00000380432",980,"FOXO1","INS"
"9606.ENSP00000375892","9606.ENSP00000219476",980,"AKT2","TSC2"
"9606.ENSP00000380432","9606.ENSP00000368880",980,"INS","FOXO1"
"9606.ENSP00000264867","9606.ENSP00000380432",979,"PPARGC1A","INS"
"9606.ENSP00000354558","9606.ENSP00000375892",979,"MTOR","AKT2"
"9606.ENSP00000354558","9606.ENSP00000360290",979,"MTOR","PRKAA2"
"9606.ENSP00000360290","9606.ENSP00000354558",979,"PRKAA2","MTOR"
"9606.ENSP00000375892","9606.ENSP00000354558",979,"AKT2","MTOR"
"9606.ENSP00000380432","9606.ENSP00000264867",979,"INS","PPARGC1A"
"9606.ENSP00000164133","9606.ENSP00000451828",978,"PPP2R5B","AKT1"
"9606.ENSP00000225577","9606.ENSP00000263026",978,"RPS6KB1","EEF2K"
"9606.ENSP00000229328","9606.ENSP00000254101",978,"PRKAB1","PRKAB2"
"9606.ENSP00000254101","9606.ENSP00000229328",978,"PRKAB2","PRKAB1"
"9606.ENSP00000263026","9606.ENSP00000225577",978,"EEF2K","RPS6KB1"
"9606.ENSP00000312741","9606.ENSP00000323867",978,"CAMKK2","PRKAG1"
"9606.ENSP00000323867","9606.ENSP00000312741",978,"PRKAG1","CAMKK2"
"9606.ENSP00000346148","9606.ENSP00000354558",978,"PRKAA1","MTOR"
"9606.ENSP00000354558","9606.ENSP00000346148",978,"MTOR","PRKAA1"
"9606.ENSP00000451828","9606.ENSP00000164133",978,"AKT1","PPP2R5B"
"9606.ENSP00000263967","9606.ENSP00000344220",977,"PIK3CA","PDPK1"
"9606.ENSP00000344220","9606.ENSP00000263967",977,"PDPK1","PIK3CA"
"9606.ENSP00000221138","9606.ENSP00000418447",976,"PPP2CB","PPP2CA"
"9606.ENSP00000229328","9606.ENSP00000324856",976,"PRKAB1","STK11"
"9606.ENSP00000264977","9606.ENSP00000418447",976,"PPP2R3A","PPP2CA"
"9606.ENSP00000324856","9606.ENSP00000229328",976,"STK11","PRKAB1"
"9606.ENSP00000418447","9606.ENSP00000264977",976,"PPP2CA","PPP2R3A"
"9606.ENSP00000418447","9606.ENSP00000221138",976,"PPP2CA","PPP2CB"
"9606.ENSP00000222254","9606.ENSP00000428056",975,"PIK3R2","PIK3R1"
"9606.ENSP00000225577","9606.ENSP00000380432",975,"RPS6KB1","INS"
"9606.ENSP00000229328","9606.ENSP00000312741",975,"PRKAB1","CAMKK2"
"9606.ENSP00000262187","9606.ENSP00000375711",975,"RHEB","AKT1S1"
"9606.ENSP00000264867","9606.ENSP00000354558",975,"PPARGC1A","MTOR"
"9606.ENSP00000312741","9606.ENSP00000360290",975,"CAMKK2","PRKAA2"
"9606.ENSP00000312741","9606.ENSP00000229328",975,"CAMKK2","PRKAB1"
"9606.ENSP00000325074","9606.ENSP00000399970",975,"PPP2R2A","PPP2R2D"
"9606.ENSP00000345771","9606.ENSP00000370517",975,"PFKM","PFKP"
"9606.ENSP00000354558","9606.ENSP00000264867",975,"MTOR","PPARGC1A"
"9606.ENSP00000360290","9606.ENSP00000312741",975,"PRKAA2","CAMKK2"
"9606.ENSP00000370517","9606.ENSP00000345771",975,"PFKP","PFKM"
"9606.ENSP00000375711","9606.ENSP00000262187",975,"AKT1S1","RHEB"
"9606.ENSP00000380432","9606.ENSP00000225577",975,"INS","RPS6KB1"
"9606.ENSP00000399970","9606.ENSP00000325074",975,"PPP2R2D","PPP2R2A"
"9606.ENSP00000428056","9606.ENSP00000222254",975,"PIK3R1","PIK3R2"
"9606.ENSP00000164133","9606.ENSP00000311344",974,"PPP2R5B","PPP2R1B"
"9606.ENSP00000222254","9606.ENSP00000262741",974,"PIK3R2","PIK3R3"
"9606.ENSP00000262741","9606.ENSP00000222254",974,"PIK3R3","PIK3R2"
"9606.ENSP00000287878","9606.ENSP00000312741",974,"PRKAG2","CAMKK2"
"9606.ENSP00000307272","9606.ENSP00000346148",974,"RPTOR","PRKAA1"
"9606.ENSP00000307272","9606.ENSP00000360290",974,"RPTOR","PRKAA2"
"9606.ENSP00000307272","9606.ENSP00000375892",974,"RPTOR","AKT2"
"9606.ENSP00000311344","9606.ENSP00000164133",974,"PPP2R1B","PPP2R5B"
"9606.ENSP00000312741","9606.ENSP00000287878",974,"CAMKK2","PRKAG2"
"9606.ENSP00000346148","9606.ENSP00000307272",974,"PRKAA1","RPTOR"
"9606.ENSP00000360290","9606.ENSP00000307272",974,"PRKAA2","RPTOR"
"9606.ENSP00000375892","9606.ENSP00000451828",974,"AKT2","AKT1"
"9606.ENSP00000375892","9606.ENSP00000307272",974,"AKT2","RPTOR"
"9606.ENSP00000451828","9606.ENSP00000375892",974,"AKT1","AKT2"
"9606.ENSP00000232375","9606.ENSP00000443319",973,"PFKFB4","PFKFB3"
"9606.ENSP00000264867","9606.ENSP00000389814",973,"PPARGC1A","ADIPOQ"
"9606.ENSP00000312987","9606.ENSP00000368880",973,"HNF4A","FOXO1"
"9606.ENSP00000356047","9606.ENSP00000443319",973,"PFKFB2","PFKFB3"
"9606.ENSP00000368880","9606.ENSP00000312987",973,"FOXO1","HNF4A"
"9606.ENSP00000389814","9606.ENSP00000264867",973,"ADIPOQ","PPARGC1A"
"9606.ENSP00000443319","9606.ENSP00000356047",973,"PFKFB3","PFKFB2"
"9606.ENSP00000443319","9606.ENSP00000232375",973,"PFKFB3","PFKFB4"
"9606.ENSP00000227507","9606.ENSP00000368880",972,"CCND1","FOXO1"
"9606.ENSP00000264867","9606.ENSP00000265641",972,"PPARGC1A","CPT1A"
"9606.ENSP00000264867","9606.ENSP00000357622",972,"PPARGC1A","CRTC2"
"9606.ENSP00000265641","9606.ENSP00000264867",972,"CPT1A","PPARGC1A"
"9606.ENSP00000325074","9606.ENSP00000375080",972,"PPP2R2A","PPP2R3B"
"9606.ENSP00000357622","9606.ENSP00000264867",972,"CRTC2","PPARGC1A"
"9606.ENSP00000368880","9606.ENSP00000227507",972,"FOXO1","CCND1"
"9606.ENSP00000375080","9606.ENSP00000325074",972,"PPP2R3B","PPP2R2A"
"9606.ENSP00000375892","9606.ENSP00000380432",972,"AKT2","INS"
"9606.ENSP00000380432","9606.ENSP00000375892",972,"INS","AKT2"
"9606.ENSP00000225577","9606.ENSP00000302665",971,"RPS6KB1","IGF1"
"9606.ENSP00000268035","9606.ENSP00000303830",971,"IGF1R","INSR"
"9606.ENSP00000302665","9606.ENSP00000225577",971,"IGF1","RPS6KB1"
"9606.ENSP00000303830","9606.ENSP00000268035",971,"INSR","IGF1R"
"9606.ENSP00000341044","9606.ENSP00000348069",971,"ACACB","SREBF1"
"9606.ENSP00000344220","9606.ENSP00000375892",971,"PDPK1","AKT2"
"9606.ENSP00000348069","9606.ENSP00000341044",971,"SREBF1","ACACB"
"9606.ENSP00000375711","9606.ENSP00000375892",971,"AKT1S1","AKT2"
"9606.ENSP00000375892","9606.ENSP00000344220",971,"AKT2","PDPK1"
"9606.ENSP00000375892","9606.ENSP00000375711",971,"AKT2","AKT1S1"
"9606.ENSP00000254101","9606.ENSP00000312741",970,"PRKAB2","CAMKK2"
"9606.ENSP00000311344","9606.ENSP00000451828",970,"PPP2R1B","AKT1"
"9606.ENSP00000312741","9606.ENSP00000346148",970,"CAMKK2","PRKAA1"
"9606.ENSP00000312741","9606.ENSP00000254101",970,"CAMKK2","PRKAB2"
"9606.ENSP00000346148","9606.ENSP00000312741",970,"PRKAA1","CAMKK2"
"9606.ENSP00000399970","9606.ENSP00000417963",970,"PPP2R2D","PPP2R5D"
"9606.ENSP00000417963","9606.ENSP00000399970",970,"PPP2R5D","PPP2R2D"
"9606.ENSP00000451828","9606.ENSP00000311344",970,"AKT1","PPP2R1B"
"9606.ENSP00000219476","9606.ENSP00000229328",969,"TSC2","PRKAB1"
"9606.ENSP00000229328","9606.ENSP00000219476",969,"PRKAB1","TSC2"
"9606.ENSP00000264867","9606.ENSP00000360290",969,"PPARGC1A","PRKAA2"
"9606.ENSP00000348069","9606.ENSP00000368880",969,"SREBF1","FOXO1"
"9606.ENSP00000360290","9606.ENSP00000264867",969,"PRKAA2","PPARGC1A"
"9606.ENSP00000368880","9606.ENSP00000375892",969,"FOXO1","AKT2"
"9606.ENSP00000368880","9606.ENSP00000348069",969,"FOXO1","SREBF1"
"9606.ENSP00000375892","9606.ENSP00000368880",969,"AKT2","FOXO1"
"9606.ENSP00000254101","9606.ENSP00000324856",968,"PRKAB2","STK11"
"9606.ENSP00000264867","9606.ENSP00000312652",968,"PPARGC1A","LEP"
"9606.ENSP00000264867","9606.ENSP00000319814",968,"PPARGC1A","PCK1"
"9606.ENSP00000312652","9606.ENSP00000264867",968,"LEP","PPARGC1A"
"9606.ENSP00000319814","9606.ENSP00000264867",968,"PCK1","PPARGC1A"
"9606.ENSP00000324856","9606.ENSP00000254101",968,"STK11","PRKAB2"
"9606.ENSP00000287878","9606.ENSP00000323867",967,"PRKAG2","PRKAG1"
"9606.ENSP00000319814","9606.ENSP00000368880",967,"PCK1","FOXO1"
"9606.ENSP00000323867","9606.ENSP00000287878",967,"PRKAG1","PRKAG2"
"9606.ENSP00000368880","9606.ENSP00000319814",967,"FOXO1","PCK1"
"9606.ENSP00000380432","9606.ENSP00000385824",967,"INS","FOXO3"
"9606.ENSP00000385824","9606.ENSP00000380432",967,"FOXO3","INS"
"9606.ENSP00000261461","9606.ENSP00000451828",966,"PPP2R5A","AKT1"
"9606.ENSP00000263826","9606.ENSP00000354558",966,"AKT3","MTOR"
"9606.ENSP00000263826","9606.ENSP00000375711",966,"AKT3","AKT1S1"
"9606.ENSP00000263967","9606.ENSP00000380432",966,"PIK3CA","INS"
"9606.ENSP00000289153","9606.ENSP00000365016",966,"PIK3CB","IRS2"
"9606.ENSP00000354558","9606.ENSP00000263826",966,"MTOR","AKT3"
"9606.ENSP00000365016","9606.ENSP00000289153",966,"IRS2","PIK3CB"
"9606.ENSP00000375711","9606.ENSP00000263826",966,"AKT1S1","AKT3"
"9606.ENSP00000380432","9606.ENSP00000263967",966,"INS","PIK3CA"
"9606.ENSP00000451828","9606.ENSP00000261461",966,"AKT1","PPP2R5A"
"9606.ENSP00000225577","9606.ENSP00000325074",965,"RPS6KB1","PPP2R2A"
"9606.ENSP00000287878","9606.ENSP00000324856",965,"PRKAG2","STK11"
"9606.ENSP00000324856","9606.ENSP00000287878",965,"STK11","PRKAG2"
"9606.ENSP00000325074","9606.ENSP00000417963",965,"PPP2R2A","PPP2R5D"
"9606.ENSP00000325074","9606.ENSP00000225577",965,"PPP2R2A","RPS6KB1"
"9606.ENSP00000354558","9606.ENSP00000428056",965,"MTOR","PIK3R1"
"9606.ENSP00000417963","9606.ENSP00000325074",965,"PPP2R5D","PPP2R2A"
"9606.ENSP00000428056","9606.ENSP00000354558",965,"PIK3R1","MTOR"
"9606.ENSP00000221138","9606.ENSP00000375080",964,"PPP2CB","PPP2R3B"
"9606.ENSP00000298552","9606.ENSP00000375892",964,"TSC1","AKT2"
"9606.ENSP00000375080","9606.ENSP00000221138",964,"PPP2R3B","PPP2CB"
"9606.ENSP00000375892","9606.ENSP00000298552",964,"AKT2","TSC1"
"9606.ENSP00000324856","9606.ENSP00000385824",963,"STK11","FOXO3"
"9606.ENSP00000344220","9606.ENSP00000428056",963,"PDPK1","PIK3R1"
"9606.ENSP00000345771","9606.ENSP00000443319",963,"PFKM","PFKFB3"
"9606.ENSP00000385824","9606.ENSP00000324856",963,"FOXO3","STK11"
"9606.ENSP00000428056","9606.ENSP00000344220",963,"PIK3R1","PDPK1"
"9606.ENSP00000443319","9606.ENSP00000345771",963,"PFKFB3","PFKM"
"9606.ENSP00000227507","9606.ENSP00000385824",962,"CCND1","FOXO3"
"9606.ENSP00000380432","9606.ENSP00000428056",962,"INS","PIK3R1"
"9606.ENSP00000385824","9606.ENSP00000227507",962,"FOXO3","CCND1"
"9606.ENSP00000428056","9606.ENSP00000380432",962,"PIK3R1","INS"
"9606.ENSP00000287820","9606.ENSP00000354558",961,"PPARG","MTOR"
"9606.ENSP00000287820","9606.ENSP00000319814",961,"PPARG","PCK1"
"9606.ENSP00000287820","9606.ENSP00000399421",961,"PPARG","CD36"
"9606.ENSP00000312741","9606.ENSP00000397133",961,"CAMKK2","PRKAG3"
"9606.ENSP00000319814","9606.ENSP00000287820",961,"PCK1","PPARG"
"9606.ENSP00000354558","9606.ENSP00000287820",961,"MTOR","PPARG"
"9606.ENSP00000397133","9606.ENSP00000312741",961,"PRKAG3","CAMKK2"
"9606.ENSP00000399421","9606.ENSP00000287820",961,"CD36","PPARG"
"9606.ENSP00000003084","9606.ENSP00000346148",960,"CFTR","PRKAA1"
"9606.ENSP00000164133","9606.ENSP00000221138",960,"PPP2R5B","PPP2CB"
"9606.ENSP00000221138","9606.ENSP00000164133",960,"PPP2CB","PPP2R5B"
"9606.ENSP00000304895","9606.ENSP00000451828",960,"IRS1","AKT1"
"9606.ENSP00000346148","9606.ENSP00000003084",960,"PRKAA1","CFTR"
"9606.ENSP00000348069","9606.ENSP00000354558",960,"SREBF1","MTOR"
"9606.ENSP00000354558","9606.ENSP00000348069",960,"MTOR","SREBF1"
"9606.ENSP00000451828","9606.ENSP00000304895",960,"AKT1","IRS1"
"9606.ENSP00000225577","9606.ENSP00000428056",959,"RPS6KB1","PIK3R1"
"9606.ENSP00000227507","9606.ENSP00000387699",959,"CCND1","CREB1"
"9606.ENSP00000263826","9606.ENSP00000344220",959,"AKT3","PDPK1"
"9606.ENSP00000323867","9606.ENSP00000324856",959,"PRKAG1","STK11"
"9606.ENSP00000323867","9606.ENSP00000354558",959,"PRKAG1","MTOR"
"9606.ENSP00000324856","9606.ENSP00000323867",959,"STK11","PRKAG1"
"9606.ENSP00000344220","9606.ENSP00000263826",959,"PDPK1","AKT3"
"9606.ENSP00000354558","9606.ENSP00000323867",959,"MTOR","PRKAG1"
"9606.ENSP00000387699","9606.ENSP00000227507",959,"CREB1","CCND1"
"9606.ENSP00000428056","9606.ENSP00000225577",959,"PIK3R1","RPS6KB1"
"9606.ENSP00000263967","9606.ENSP00000303830",958,"PIK3CA","INSR"
"9606.ENSP00000269848","9606.ENSP00000370517",958,"PFKL","PFKP"
"9606.ENSP00000303830","9606.ENSP00000263967",958,"INSR","PIK3CA"
"9606.ENSP00000370517","9606.ENSP00000269848",958,"PFKP","PFKL"
"9606.ENSP00000262187","9606.ENSP00000360290",957,"RHEB","PRKAA2"
"9606.ENSP00000263967","9606.ENSP00000354558",957,"PIK3CA","MTOR"
"9606.ENSP00000307272","9606.ENSP00000348069",957,"RPTOR","SREBF1"
"9606.ENSP00000348069","9606.ENSP00000307272",957,"SREBF1","RPTOR"
"9606.ENSP00000354558","9606.ENSP00000263967",957,"MTOR","PIK3CA"
"9606.ENSP00000360290","9606.ENSP00000262187",957,"PRKAA2","RHEB"
"9606.ENSP00000412324","9606.ENSP00000451828",957,"PPP2R5C","AKT1"
"9606.ENSP00000451828","9606.ENSP00000412324",957,"AKT1","PPP2R5C"
"9606.ENSP00000194530","9606.ENSP00000479669",956,"STRADB","CAB39L"
"9606.ENSP00000479669","9606.ENSP00000194530",956,"CAB39L","STRADB"
"9606.ENSP00000222254","9606.ENSP00000365016",955,"PIK3R2","IRS2"
"9606.ENSP00000263826","9606.ENSP00000368880",955,"AKT3","FOXO1"
"9606.ENSP00000264867","9606.ENSP00000307272",955,"PPARGC1A","RPTOR"
"9606.ENSP00000307272","9606.ENSP00000264867",955,"RPTOR","PPARGC1A"
"9606.ENSP00000365016","9606.ENSP00000222254",955,"IRS2","PIK3R2"
"9606.ENSP00000368880","9606.ENSP00000263826",955,"FOXO1","AKT3"
"9606.ENSP00000219476","9606.ENSP00000360290",954,"TSC2","PRKAA2"
"9606.ENSP00000219476","9606.ENSP00000225577",954,"TSC2","RPS6KB1"
"9606.ENSP00000225577","9606.ENSP00000219476",954,"RPS6KB1","TSC2"
"9606.ENSP00000229328","9606.ENSP00000483300",954,"PRKAB1","ACACA"
"9606.ENSP00000261461","9606.ENSP00000399970",954,"PPP2R5A","PPP2R2D"
"9606.ENSP00000323867","9606.ENSP00000483300",954,"PRKAG1","ACACA"
"9606.ENSP00000340691","9606.ENSP00000418447",954,"EIF4EBP1","PPP2CA"
"9606.ENSP00000344220","9606.ENSP00000380432",954,"PDPK1","INS"
"9606.ENSP00000360290","9606.ENSP00000219476",954,"PRKAA2","TSC2"
"9606.ENSP00000380432","9606.ENSP00000344220",954,"INS","PDPK1"
"9606.ENSP00000399970","9606.ENSP00000261461",954,"PPP2R2D","PPP2R5A"
"9606.ENSP00000418447","9606.ENSP00000340691",954,"PPP2CA","EIF4EBP1"
"9606.ENSP00000483300","9606.ENSP00000323867",954,"ACACA","PRKAG1"
"9606.ENSP00000483300","9606.ENSP00000229328",954,"ACACA","PRKAB1"
"9606.ENSP00000229328","9606.ENSP00000307272",953,"PRKAB1","RPTOR"
"9606.ENSP00000229328","9606.ENSP00000354558",953,"PRKAB1","MTOR"
"9606.ENSP00000264977","9606.ENSP00000325074",953,"PPP2R3A","PPP2R2A"
"9606.ENSP00000307272","9606.ENSP00000229328",953,"RPTOR","PRKAB1"
"9606.ENSP00000325074","9606.ENSP00000264977",953,"PPP2R2A","PPP2R3A"
"9606.ENSP00000337641","9606.ENSP00000451828",953,"PPP2R5E","AKT1"
"9606.ENSP00000354558","9606.ENSP00000229328",953,"MTOR","PRKAB1"
"9606.ENSP00000417963","9606.ENSP00000451828",953,"PPP2R5D","AKT1"
"9606.ENSP00000451828","9606.ENSP00000417963",953,"AKT1","PPP2R5D"
"9606.ENSP00000451828","9606.ENSP00000337641",953,"AKT1","PPP2R5E"
"9606.ENSP00000324856","9606.ENSP00000397133",952,"STK11","PRKAG3"
"9606.ENSP00000397133","9606.ENSP00000324856",952,"PRKAG3","STK11"
"9606.ENSP00000258418","9606.ENSP00000346148",951,"CAB39","PRKAA1"
"9606.ENSP00000289153","9606.ENSP00000375892",951,"PIK3CB","AKT2"
"9606.ENSP00000346148","9606.ENSP00000258418",951,"PRKAA1","CAB39"
"9606.ENSP00000375892","9606.ENSP00000289153",951,"AKT2","PIK3CB"
"9606.ENSP00000219476","9606.ENSP00000254101",950,"TSC2","PRKAB2"
"9606.ENSP00000254101","9606.ENSP00000219476",950,"PRKAB2","TSC2"
"9606.ENSP00000263967","9606.ENSP00000302665",950,"PIK3CA","IGF1"
"9606.ENSP00000302665","9606.ENSP00000263967",950,"IGF1","PIK3CA"
"9606.ENSP00000345771","9606.ENSP00000408025",950,"PFKM","FBP1"
"9606.ENSP00000345771","9606.ENSP00000364486",950,"PFKM","FBP2"
"9606.ENSP00000364486","9606.ENSP00000345771",950,"FBP2","PFKM"
"9606.ENSP00000408025","9606.ENSP00000345771",950,"FBP1","PFKM"
"9606.ENSP00000261439","9606.ENSP00000362946",949,"TBC1D1","RAB14"
"9606.ENSP00000261461","9606.ENSP00000412324",949,"PPP2R5A","PPP2R5C"
"9606.ENSP00000302665","9606.ENSP00000428056",949,"IGF1","PIK3R1"
"9606.ENSP00000335083","9606.ENSP00000412324",949,"PPP2R2C","PPP2R5C"
"9606.ENSP00000362946","9606.ENSP00000261439",949,"RAB14","TBC1D1"
"9606.ENSP00000364486","9606.ENSP00000408025",949,"FBP2","FBP1"
"9606.ENSP00000408025","9606.ENSP00000364486",949,"FBP1","FBP2"
"9606.ENSP00000412324","9606.ENSP00000261461",949,"PPP2R5C","PPP2R5A"
"9606.ENSP00000412324","9606.ENSP00000335083",949,"PPP2R5C","PPP2R2C"
"9606.ENSP00000428056","9606.ENSP00000302665",949,"PIK3R1","IGF1"
"9606.ENSP00000262187","9606.ENSP00000346148",948,"RHEB","PRKAA1"
"9606.ENSP00000262187","9606.ENSP00000287878",948,"RHEB","PRKAG2"
"9606.ENSP00000264710","9606.ENSP00000320935",948,"RAB10","SLC2A4"
"9606.ENSP00000264867","9606.ENSP00000399421",948,"PPARGC1A","CD36"
"9606.ENSP00000265641","9606.ENSP00000341044",948,"CPT1A","ACACB"
"9606.ENSP00000269848","9606.ENSP00000364486",948,"PFKL","FBP2"
"9606.ENSP00000269848","9606.ENSP00000451828",948,"PFKL","AKT1"
"9606.ENSP00000287878","9606.ENSP00000262187",948,"PRKAG2","RHEB"
"9606.ENSP00000312652","9606.ENSP00000360290",948,"LEP","PRKAA2"
"9606.ENSP00000320935","9606.ENSP00000264710",948,"SLC2A4","RAB10"
"9606.ENSP00000341044","9606.ENSP00000265641",948,"ACACB","CPT1A"
"9606.ENSP00000346148","9606.ENSP00000262187",948,"PRKAA1","RHEB"
"9606.ENSP00000360290","9606.ENSP00000312652",948,"PRKAA2","LEP"
"9606.ENSP00000364486","9606.ENSP00000269848",948,"FBP2","PFKL"
"9606.ENSP00000399421","9606.ENSP00000264867",948,"CD36","PPARGC1A"
"9606.ENSP00000451828","9606.ENSP00000269848",948,"AKT1","PFKL"
"9606.ENSP00000262741","9606.ENSP00000365016",947,"PIK3R3","IRS2"
"9606.ENSP00000365016","9606.ENSP00000262741",947,"IRS2","PIK3R3"
"9606.ENSP00000375892","9606.ENSP00000418447",947,"AKT2","PPP2CA"
"9606.ENSP00000418447","9606.ENSP00000375892",947,"PPP2CA","AKT2"
"9606.ENSP00000229328","9606.ENSP00000258418",946,"PRKAB1","CAB39"
"9606.ENSP00000258418","9606.ENSP00000229328",946,"CAB39","PRKAB1"
"9606.ENSP00000261439","9606.ENSP00000264710",946,"TBC1D1","RAB10"
"9606.ENSP00000264710","9606.ENSP00000261439",946,"RAB10","TBC1D1"
"9606.ENSP00000354558","9606.ENSP00000418447",946,"MTOR","PPP2CA"
"9606.ENSP00000418447","9606.ENSP00000354558",946,"PPP2CA","MTOR"
"9606.ENSP00000164133","9606.ENSP00000375892",945,"PPP2R5B","AKT2"
"9606.ENSP00000219476","9606.ENSP00000287878",945,"TSC2","PRKAG2"
"9606.ENSP00000229328","9606.ENSP00000336655",945,"PRKAB1","STRADA"
"9606.ENSP00000261439","9606.ENSP00000300935",945,"TBC1D1","RAB8A"
"9606.ENSP00000287878","9606.ENSP00000219476",945,"PRKAG2","TSC2"
"9606.ENSP00000300935","9606.ENSP00000261439",945,"RAB8A","TBC1D1"
"9606.ENSP00000308413","9606.ENSP00000344220",945,"RPS6KB2","PDPK1"
"9606.ENSP00000336655","9606.ENSP00000229328",945,"STRADA","PRKAB1"
"9606.ENSP00000344220","9606.ENSP00000308413",945,"PDPK1","RPS6KB2"
"9606.ENSP00000375892","9606.ENSP00000164133",945,"AKT2","PPP2R5B"
"9606.ENSP00000164133","9606.ENSP00000263826",944,"PPP2R5B","AKT3"
"9606.ENSP00000261461","9606.ENSP00000375892",944,"PPP2R5A","AKT2"
"9606.ENSP00000261461","9606.ENSP00000263826",944,"PPP2R5A","AKT3"
"9606.ENSP00000263826","9606.ENSP00000418447",944,"AKT3","PPP2CA"
"9606.ENSP00000263826","9606.ENSP00000417963",944,"AKT3","PPP2R5D"
"9606.ENSP00000263826","9606.ENSP00000164133",944,"AKT3","PPP2R5B"
"9606.ENSP00000263826","9606.ENSP00000261461",944,"AKT3","PPP2R5A"
"9606.ENSP00000269848","9606.ENSP00000408025",944,"PFKL","FBP1"
"9606.ENSP00000304895","9606.ENSP00000365016",944,"IRS1","IRS2"
"9606.ENSP00000345771","9606.ENSP00000451828",944,"PFKM","AKT1"
"9606.ENSP00000364486","9606.ENSP00000370517",944,"FBP2","PFKP"
"9606.ENSP00000365016","9606.ENSP00000304895",944,"IRS2","IRS1"
"9606.ENSP00000370517","9606.ENSP00000408025",944,"PFKP","FBP1"
"9606.ENSP00000370517","9606.ENSP00000364486",944,"PFKP","FBP2"
"9606.ENSP00000375892","9606.ENSP00000387699",944,"AKT2","CREB1"
"9606.ENSP00000375892","9606.ENSP00000261461",944,"AKT2","PPP2R5A"
"9606.ENSP00000387699","9606.ENSP00000375892",944,"CREB1","AKT2"
"9606.ENSP00000408025","9606.ENSP00000269848",944,"FBP1","PFKL"
"9606.ENSP00000408025","9606.ENSP00000370517",944,"FBP1","PFKP"
"9606.ENSP00000417963","9606.ENSP00000263826",944,"PPP2R5D","AKT3"
"9606.ENSP00000418447","9606.ENSP00000263826",944,"PPP2CA","AKT3"
"9606.ENSP00000451828","9606.ENSP00000345771",944,"AKT1","PFKM"
"9606.ENSP00000225577","9606.ENSP00000268035",943,"RPS6KB1","IGF1R"
"9606.ENSP00000263826","9606.ENSP00000412324",943,"AKT3","PPP2R5C"
"9606.ENSP00000268035","9606.ENSP00000225577",943,"IGF1R","RPS6KB1"
"9606.ENSP00000289153","9606.ENSP00000344220",943,"PIK3CB","PDPK1"
"9606.ENSP00000298552","9606.ENSP00000360290",943,"TSC1","PRKAA2"
"9606.ENSP00000319814","9606.ENSP00000385824",943,"PCK1","FOXO3"
"9606.ENSP00000344220","9606.ENSP00000289153",943,"PDPK1","PIK3CB"
"9606.ENSP00000360290","9606.ENSP00000298552",943,"PRKAA2","TSC1"
"9606.ENSP00000385824","9606.ENSP00000319814",943,"FOXO3","PCK1"
"9606.ENSP00000412324","9606.ENSP00000263826",943,"PPP2R5C","AKT3"
"9606.ENSP00000254101","9606.ENSP00000336655",942,"PRKAB2","STRADA"
"9606.ENSP00000303830","9606.ENSP00000451828",942,"INSR","AKT1"
"9606.ENSP00000304895","9606.ENSP00000366563",942,"IRS1","PIK3CD"
"9606.ENSP00000336655","9606.ENSP00000254101",942,"STRADA","PRKAB2"
"9606.ENSP00000366563","9606.ENSP00000304895",942,"PIK3CD","IRS1"
"9606.ENSP00000370517","9606.ENSP00000451828",942,"PFKP","AKT1"
"9606.ENSP00000451828","9606.ENSP00000370517",942,"AKT1","PFKP"
"9606.ENSP00000451828","9606.ENSP00000303830",942,"AKT1","INSR"
"9606.ENSP00000261461","9606.ENSP00000264977",941,"PPP2R5A","PPP2R3A"
"9606.ENSP00000262187","9606.ENSP00000323867",941,"RHEB","PRKAG1"
"9606.ENSP00000263826","9606.ENSP00000307272",941,"AKT3","RPTOR"
"9606.ENSP00000264977","9606.ENSP00000261461",941,"PPP2R3A","PPP2R5A"
"9606.ENSP00000307272","9606.ENSP00000263826",941,"RPTOR","AKT3"
"9606.ENSP00000323867","9606.ENSP00000262187",941,"PRKAG1","RHEB"
"9606.ENSP00000354558","9606.ENSP00000365016",941,"MTOR","IRS2"
"9606.ENSP00000365016","9606.ENSP00000354558",941,"IRS2","MTOR"
"9606.ENSP00000375892","9606.ENSP00000412324",941,"AKT2","PPP2R5C"
"9606.ENSP00000412324","9606.ENSP00000375892",941,"PPP2R5C","AKT2"
"9606.ENSP00000263826","9606.ENSP00000337641",940,"AKT3","PPP2R5E"
"9606.ENSP00000287820","9606.ENSP00000368880",940,"PPARG","FOXO1"
"9606.ENSP00000335083","9606.ENSP00000377936",940,"PPP2R2C","PPP2R2B"
"9606.ENSP00000337641","9606.ENSP00000375892",940,"PPP2R5E","AKT2"
"9606.ENSP00000337641","9606.ENSP00000263826",940,"PPP2R5E","AKT3"
"9606.ENSP00000368880","9606.ENSP00000287820",940,"FOXO1","PPARG"
"9606.ENSP00000375892","9606.ENSP00000337641",940,"AKT2","PPP2R5E"
"9606.ENSP00000375892","9606.ENSP00000417963",940,"AKT2","PPP2R5D"
"9606.ENSP00000377936","9606.ENSP00000335083",940,"PPP2R2B","PPP2R2C"
"9606.ENSP00000417963","9606.ENSP00000375892",940,"PPP2R5D","AKT2"
"9606.ENSP00000229328","9606.ENSP00000261439",939,"PRKAB1","TBC1D1"
"9606.ENSP00000254101","9606.ENSP00000258418",939,"PRKAB2","CAB39"
"9606.ENSP00000254101","9606.ENSP00000307272",939,"PRKAB2","RPTOR"
"9606.ENSP00000258418","9606.ENSP00000254101",939,"CAB39","PRKAB2"
"9606.ENSP00000261439","9606.ENSP00000229328",939,"TBC1D1","PRKAB1"
"9606.ENSP00000264977","9606.ENSP00000311344",939,"PPP2R3A","PPP2R1B"
"9606.ENSP00000307272","9606.ENSP00000254101",939,"RPTOR","PRKAB2"
"9606.ENSP00000311344","9606.ENSP00000264977",939,"PPP2R1B","PPP2R3A"
"9606.ENSP00000366563","9606.ENSP00000451828",939,"PIK3CD","AKT1"
"9606.ENSP00000451828","9606.ENSP00000366563",939,"AKT1","PIK3CD"
"9606.ENSP00000212015","9606.ENSP00000324856",938,"SIRT1","STK11"
"9606.ENSP00000258418","9606.ENSP00000360290",938,"CAB39","PRKAA2"
"9606.ENSP00000263967","9606.ENSP00000375892",938,"PIK3CA","AKT2"
"9606.ENSP00000304592","9606.ENSP00000359380",938,"FASN","SCD"
"9606.ENSP00000324856","9606.ENSP00000212015",938,"STK11","SIRT1"
"9606.ENSP00000359380","9606.ENSP00000304592",938,"SCD","FASN"
"9606.ENSP00000360290","9606.ENSP00000258418",938,"PRKAA2","CAB39"
"9606.ENSP00000375892","9606.ENSP00000263967",938,"AKT2","PIK3CA"
"9606.ENSP00000254101","9606.ENSP00000354558",937,"PRKAB2","MTOR"
"9606.ENSP00000263826","9606.ENSP00000387699",937,"AKT3","CREB1"
"9606.ENSP00000303830","9606.ENSP00000375892",937,"INSR","AKT2"
"9606.ENSP00000341044","9606.ENSP00000360290",937,"ACACB","PRKAA2"
"9606.ENSP00000346148","9606.ENSP00000360290",937,"PRKAA1","PRKAA2"
"9606.ENSP00000354558","9606.ENSP00000254101",937,"MTOR","PRKAB2"
"9606.ENSP00000360290","9606.ENSP00000341044",937,"PRKAA2","ACACB"
"9606.ENSP00000360290","9606.ENSP00000346148",937,"PRKAA2","PRKAA1"
"9606.ENSP00000375892","9606.ENSP00000303830",937,"AKT2","INSR"
"9606.ENSP00000387699","9606.ENSP00000263826",937,"CREB1","AKT3"
"9606.ENSP00000229328","9606.ENSP00000264867",936,"PRKAB1","PPARGC1A"
"9606.ENSP00000254101","9606.ENSP00000264867",936,"PRKAB2","PPARGC1A"
"9606.ENSP00000263826","9606.ENSP00000263967",936,"AKT3","PIK3CA"
"9606.ENSP00000263967","9606.ENSP00000263826",936,"PIK3CA","AKT3"
"9606.ENSP00000264867","9606.ENSP00000229328",936,"PPARGC1A","PRKAB1"
"9606.ENSP00000264867","9606.ENSP00000254101",936,"PPARGC1A","PRKAB2"
"9606.ENSP00000303830","9606.ENSP00000344220",936,"INSR","PDPK1"
"9606.ENSP00000312652","9606.ENSP00000380432",936,"LEP","INS"
"9606.ENSP00000344220","9606.ENSP00000303830",936,"PDPK1","INSR"
"9606.ENSP00000380432","9606.ENSP00000312652",936,"INS","LEP"
"9606.ENSP00000387699","9606.ENSP00000428056",936,"CREB1","PIK3R1"
"9606.ENSP00000428056","9606.ENSP00000387699",936,"PIK3R1","CREB1"
"9606.ENSP00000219476","9606.ENSP00000323867",935,"TSC2","PRKAG1"
"9606.ENSP00000222254","9606.ENSP00000354558",935,"PIK3R2","MTOR"
"9606.ENSP00000225577","9606.ENSP00000340691",935,"RPS6KB1","EIF4EBP1"
"9606.ENSP00000258418","9606.ENSP00000287878",935,"CAB39","PRKAG2"
"9606.ENSP00000263826","9606.ENSP00000324804",935,"AKT3","PPP2R1A"
"9606.ENSP00000287878","9606.ENSP00000258418",935,"PRKAG2","CAB39"
"9606.ENSP00000308413","9606.ENSP00000451828",935,"RPS6KB2","AKT1"
"9606.ENSP00000323867","9606.ENSP00000219476",935,"PRKAG1","TSC2"
"9606.ENSP00000324804","9606.ENSP00000263826",935,"PPP2R1A","AKT3"
"9606.ENSP00000340691","9606.ENSP00000225577",935,"EIF4EBP1","RPS6KB1"
"9606.ENSP00000354558","9606.ENSP00000222254",935,"MTOR","PIK3R2"
"9606.ENSP00000451828","9606.ENSP00000308413",935,"AKT1","RPS6KB2"
"9606.ENSP00000212015","9606.ENSP00000354558",934,"SIRT1","MTOR"
"9606.ENSP00000258418","9606.ENSP00000479669",934,"CAB39","CAB39L"
"9606.ENSP00000261439","9606.ENSP00000360290",934,"TBC1D1","PRKAA2"
"9606.ENSP00000287878","9606.ENSP00000307272",934,"PRKAG2","RPTOR"
"9606.ENSP00000307272","9606.ENSP00000287878",934,"RPTOR","PRKAG2"
"9606.ENSP00000354558","9606.ENSP00000212015",934,"MTOR","SIRT1"
"9606.ENSP00000360290","9606.ENSP00000261439",934,"PRKAA2","TBC1D1"
"9606.ENSP00000479669","9606.ENSP00000258418",934,"CAB39L","CAB39"
"9606.ENSP00000219476","9606.ENSP00000397133",933,"TSC2","PRKAG3"
"9606.ENSP00000227507","9606.ENSP00000385269",933,"CCND1","ELAVL1"
"9606.ENSP00000263826","9606.ENSP00000298552",933,"AKT3","TSC1"
"9606.ENSP00000263826","9606.ENSP00000308413",933,"AKT3","RPS6KB2"
"9606.ENSP00000298552","9606.ENSP00000263826",933,"TSC1","AKT3"
"9606.ENSP00000308413","9606.ENSP00000375892",933,"RPS6KB2","AKT2"
"9606.ENSP00000308413","9606.ENSP00000263826",933,"RPS6KB2","AKT3"
"9606.ENSP00000324804","9606.ENSP00000375892",933,"PPP2R1A","AKT2"
"9606.ENSP00000375892","9606.ENSP00000324804",933,"AKT2","PPP2R1A"
"9606.ENSP00000375892","9606.ENSP00000308413",933,"AKT2","RPS6KB2"
"9606.ENSP00000385269","9606.ENSP00000227507",933,"ELAVL1","CCND1"
"9606.ENSP00000397133","9606.ENSP00000219476",933,"PRKAG3","TSC2"
"9606.ENSP00000221138","9606.ENSP00000451828",932,"PPP2CB","AKT1"
"9606.ENSP00000225577","9606.ENSP00000303830",932,"RPS6KB1","INSR"
"9606.ENSP00000229328","9606.ENSP00000262187",932,"PRKAB1","RHEB"
"9606.ENSP00000262187","9606.ENSP00000229328",932,"RHEB","PRKAB1"
"9606.ENSP00000268035","9606.ENSP00000361202",932,"IGF1R","IRS4"
"9606.ENSP00000303830","9606.ENSP00000225577",932,"INSR","RPS6KB1"
"9606.ENSP00000304895","9606.ENSP00000361202",932,"IRS1","IRS4"
"9606.ENSP00000312652","9606.ENSP00000389814",932,"LEP","ADIPOQ"
"9606.ENSP00000344220","9606.ENSP00000366563",932,"PDPK1","PIK3CD"
"9606.ENSP00000361202","9606.ENSP00000268035",932,"IRS4","IGF1R"
"9606.ENSP00000361202","9606.ENSP00000365016",932,"IRS4","IRS2"
"9606.ENSP00000361202","9606.ENSP00000304895",932,"IRS4","IRS1"
"9606.ENSP00000365016","9606.ENSP00000361202",932,"IRS2","IRS4"
"9606.ENSP00000366563","9606.ENSP00000344220",932,"PIK3CD","PDPK1"
"9606.ENSP00000389814","9606.ENSP00000312652",932,"ADIPOQ","LEP"
"9606.ENSP00000451828","9606.ENSP00000221138",932,"AKT1","PPP2CB"
"9606.ENSP00000255465","9606.ENSP00000274026",931,"CCNA1","CCNA2"
"9606.ENSP00000264867","9606.ENSP00000287878",931,"PPARGC1A","PRKAG2"
"9606.ENSP00000274026","9606.ENSP00000255465",931,"CCNA2","CCNA1"
"9606.ENSP00000287878","9606.ENSP00000264867",931,"PRKAG2","PPARGC1A"
"9606.ENSP00000287878","9606.ENSP00000354558",931,"PRKAG2","MTOR"
"9606.ENSP00000346148","9606.ENSP00000479669",931,"PRKAA1","CAB39L"
"9606.ENSP00000354558","9606.ENSP00000287878",931,"MTOR","PRKAG2"
"9606.ENSP00000479669","9606.ENSP00000346148",931,"CAB39L","PRKAA1"
"9606.ENSP00000264977","9606.ENSP00000412324",930,"PPP2R3A","PPP2R5C"
"9606.ENSP00000268035","9606.ENSP00000289153",930,"IGF1R","PIK3CB"
"9606.ENSP00000289153","9606.ENSP00000268035",930,"PIK3CB","IGF1R"
"9606.ENSP00000298552","9606.ENSP00000346148",930,"TSC1","PRKAA1"
"9606.ENSP00000336655","9606.ENSP00000346148",930,"STRADA","PRKAA1"
"9606.ENSP00000346148","9606.ENSP00000298552",930,"PRKAA1","TSC1"
"9606.ENSP00000346148","9606.ENSP00000336655",930,"PRKAA1","STRADA"
"9606.ENSP00000412324","9606.ENSP00000264977",930,"PPP2R5C","PPP2R3A"
"9606.ENSP00000254101","9606.ENSP00000261439",929,"PRKAB2","TBC1D1"
"9606.ENSP00000261439","9606.ENSP00000287878",929,"TBC1D1","PRKAG2"
"9606.ENSP00000261439","9606.ENSP00000254101",929,"TBC1D1","PRKAB2"
"9606.ENSP00000264977","9606.ENSP00000399970",929,"PPP2R3A","PPP2R2D"
"9606.ENSP00000287878","9606.ENSP00000261439",929,"PRKAG2","TBC1D1"
"9606.ENSP00000312652","9606.ENSP00000323867",929,"LEP","PRKAG1"
"9606.ENSP00000312652","9606.ENSP00000346148",929,"LEP","PRKAA1"
"9606.ENSP00000323867","9606.ENSP00000312652",929,"PRKAG1","LEP"
"9606.ENSP00000346148","9606.ENSP00000312652",929,"PRKAA1","LEP"
"9606.ENSP00000399970","9606.ENSP00000264977",929,"PPP2R2D","PPP2R3A"
"9606.ENSP00000222254","9606.ENSP00000268035",928,"PIK3R2","IGF1R"
"9606.ENSP00000227507","9606.ENSP00000255465",928,"CCND1","CCNA1"
"9606.ENSP00000255465","9606.ENSP00000227507",928,"CCNA1","CCND1"
"9606.ENSP00000258418","9606.ENSP00000323867",928,"CAB39","PRKAG1"
"9606.ENSP00000268035","9606.ENSP00000222254",928,"IGF1R","PIK3R2"
"9606.ENSP00000287878","9606.ENSP00000483300",928,"PRKAG2","ACACA"
"9606.ENSP00000307272","9606.ENSP00000397133",928,"RPTOR","PRKAG3"
"9606.ENSP00000323867","9606.ENSP00000258418",928,"PRKAG1","CAB39"
"9606.ENSP00000397133","9606.ENSP00000307272",928,"PRKAG3","RPTOR"
"9606.ENSP00000483300","9606.ENSP00000287878",928,"ACACA","PRKAG2"
"9606.ENSP00000221138","9606.ENSP00000263826",927,"PPP2CB","AKT3"
"9606.ENSP00000225577","9606.ENSP00000417963",927,"RPS6KB1","PPP2R5D"
"9606.ENSP00000263826","9606.ENSP00000221138",927,"AKT3","PPP2CB"
"9606.ENSP00000360290","9606.ENSP00000479669",927,"PRKAA2","CAB39L"
"9606.ENSP00000417963","9606.ENSP00000225577",927,"PPP2R5D","RPS6KB1"
"9606.ENSP00000479669","9606.ENSP00000360290",927,"CAB39L","PRKAA2"
"9606.ENSP00000221138","9606.ENSP00000261475",926,"PPP2CB","PPP2R3C"
"9606.ENSP00000221138","9606.ENSP00000225577",926,"PPP2CB","RPS6KB1"
"9606.ENSP00000225577","9606.ENSP00000221138",926,"RPS6KB1","PPP2CB"
"9606.ENSP00000261475","9606.ENSP00000221138",926,"PPP2R3C","PPP2CB"
"9606.ENSP00000263967","9606.ENSP00000387699",926,"PIK3CA","CREB1"
"9606.ENSP00000287878","9606.ENSP00000336655",926,"PRKAG2","STRADA"
"9606.ENSP00000336655","9606.ENSP00000287878",926,"STRADA","PRKAG2"
"9606.ENSP00000336655","9606.ENSP00000360290",926,"STRADA","PRKAA2"
"9606.ENSP00000360290","9606.ENSP00000336655",926,"PRKAA2","STRADA"
"9606.ENSP00000364145","9606.ENSP00000443319",926,"PFKFB1","PFKFB3"
"9606.ENSP00000387699","9606.ENSP00000263967",926,"CREB1","PIK3CA"
"9606.ENSP00000443319","9606.ENSP00000364145",926,"PFKFB3","PFKFB1"
"9606.ENSP00000078445","9606.ENSP00000387699",925,"CREB3L3","CREB1"
"9606.ENSP00000307272","9606.ENSP00000323867",925,"RPTOR","PRKAG1"
"9606.ENSP00000323867","9606.ENSP00000307272",925,"PRKAG1","RPTOR"
"9606.ENSP00000387699","9606.ENSP00000078445",925,"CREB1","CREB3L3"
"9606.ENSP00000229328","9606.ENSP00000479669",924,"PRKAB1","CAB39L"
"9606.ENSP00000254101","9606.ENSP00000483300",924,"PRKAB2","ACACA"
"9606.ENSP00000264867","9606.ENSP00000397133",924,"PPARGC1A","PRKAG3"
"9606.ENSP00000397133","9606.ENSP00000264867",924,"PRKAG3","PPARGC1A"
"9606.ENSP00000399970","9606.ENSP00000412324",924,"PPP2R2D","PPP2R5C"
"9606.ENSP00000412324","9606.ENSP00000399970",924,"PPP2R5C","PPP2R2D"
"9606.ENSP00000479669","9606.ENSP00000229328",924,"CAB39L","PRKAB1"
"9606.ENSP00000483300","9606.ENSP00000254101",924,"ACACA","PRKAB2"
"9606.ENSP00000254101","9606.ENSP00000479669",923,"PRKAB2","CAB39L"
"9606.ENSP00000258418","9606.ENSP00000397133",923,"CAB39","PRKAG3"
"9606.ENSP00000311344","9606.ENSP00000375080",923,"PPP2R1B","PPP2R3B"
"9606.ENSP00000320935","9606.ENSP00000362946",923,"SLC2A4","RAB14"
"9606.ENSP00000362946","9606.ENSP00000320935",923,"RAB14","SLC2A4"
"9606.ENSP00000375080","9606.ENSP00000311344",923,"PPP2R3B","PPP2R1B"
"9606.ENSP00000397133","9606.ENSP00000258418",923,"PRKAG3","CAB39"
"9606.ENSP00000479669","9606.ENSP00000254101",923,"CAB39L","PRKAB2"
"9606.ENSP00000194530","9606.ENSP00000323867",922,"STRADB","PRKAG1"
"9606.ENSP00000221138","9606.ENSP00000264977",922,"PPP2CB","PPP2R3A"
"9606.ENSP00000232375","9606.ENSP00000364145",922,"PFKFB4","PFKFB1"
"9606.ENSP00000264867","9606.ENSP00000346148",922,"PPARGC1A","PRKAA1"
"9606.ENSP00000264977","9606.ENSP00000221138",922,"PPP2R3A","PPP2CB"
"9606.ENSP00000323867","9606.ENSP00000194530",922,"PRKAG1","STRADB"
"9606.ENSP00000346148","9606.ENSP00000264867",922,"PRKAA1","PPARGC1A"
"9606.ENSP00000364145","9606.ENSP00000232375",922,"PFKFB1","PFKFB4"
"9606.ENSP00000380432","9606.ENSP00000389814",922,"INS","ADIPOQ"
"9606.ENSP00000389814","9606.ENSP00000380432",922,"ADIPOQ","INS"
"9606.ENSP00000221138","9606.ENSP00000375892",921,"PPP2CB","AKT2"
"9606.ENSP00000261439","9606.ENSP00000323867",921,"TBC1D1","PRKAG1"
"9606.ENSP00000304895","9606.ENSP00000308413",921,"IRS1","RPS6KB2"
"9606.ENSP00000308413","9606.ENSP00000304895",921,"RPS6KB2","IRS1"
"9606.ENSP00000323867","9606.ENSP00000261439",921,"PRKAG1","TBC1D1"
"9606.ENSP00000354558","9606.ENSP00000397133",921,"MTOR","PRKAG3"
"9606.ENSP00000361202","9606.ENSP00000428056",921,"IRS4","PIK3R1"
"9606.ENSP00000375892","9606.ENSP00000221138",921,"AKT2","PPP2CB"
"9606.ENSP00000380432","9606.ENSP00000418447",921,"INS","PPP2CA"
"9606.ENSP00000397133","9606.ENSP00000354558",921,"PRKAG3","MTOR"
"9606.ENSP00000418447","9606.ENSP00000380432",921,"PPP2CA","INS"
"9606.ENSP00000428056","9606.ENSP00000361202",921,"PIK3R1","IRS4"
"9606.ENSP00000262741","9606.ENSP00000428056",920,"PIK3R3","PIK3R1"
"9606.ENSP00000264867","9606.ENSP00000323867",920,"PPARGC1A","PRKAG1"
"9606.ENSP00000323867","9606.ENSP00000264867",920,"PRKAG1","PPARGC1A"
"9606.ENSP00000323867","9606.ENSP00000336655",920,"PRKAG1","STRADA"
"9606.ENSP00000336655","9606.ENSP00000323867",920,"STRADA","PRKAG1"
"9606.ENSP00000336655","9606.ENSP00000397133",920,"STRADA","PRKAG3"
"9606.ENSP00000341044","9606.ENSP00000379011",920,"ACACB","CPT1B"
"9606.ENSP00000379011","9606.ENSP00000341044",920,"CPT1B","ACACB"
"9606.ENSP00000397133","9606.ENSP00000336655",920,"PRKAG3","STRADA"
"9606.ENSP00000428056","9606.ENSP00000262741",920,"PIK3R1","PIK3R3"
"9606.ENSP00000300935","9606.ENSP00000320935",919,"RAB8A","SLC2A4"
"9606.ENSP00000320935","9606.ENSP00000300935",919,"SLC2A4","RAB8A"
"9606.ENSP00000324560","9606.ENSP00000346148",919,"ULK1","PRKAA1"
"9606.ENSP00000329140","9606.ENSP00000342136",919,"CREB3L2","CREB3"
"9606.ENSP00000342136","9606.ENSP00000329140",919,"CREB3","CREB3L2"
"9606.ENSP00000346148","9606.ENSP00000324560",919,"PRKAA1","ULK1"
"9606.ENSP00000078445","9606.ENSP00000481956",918,"CREB3L3","CREB3L1"
"9606.ENSP00000194530","9606.ENSP00000360290",918,"STRADB","PRKAA2"
"9606.ENSP00000320935","9606.ENSP00000380432",918,"SLC2A4","INS"
"9606.ENSP00000360290","9606.ENSP00000194530",918,"PRKAA2","STRADB"
"9606.ENSP00000380432","9606.ENSP00000320935",918,"INS","SLC2A4"
"9606.ENSP00000481956","9606.ENSP00000078445",918,"CREB3L1","CREB3L3"
"9606.ENSP00000164133","9606.ENSP00000325074",917,"PPP2R5B","PPP2R2A"
"9606.ENSP00000262187","9606.ENSP00000397133",917,"RHEB","PRKAG3"
"9606.ENSP00000268035","9606.ENSP00000366563",917,"IGF1R","PIK3CD"
"9606.ENSP00000325074","9606.ENSP00000164133",917,"PPP2R2A","PPP2R5B"
"9606.ENSP00000345771","9606.ENSP00000364145",917,"PFKM","PFKFB1"
"9606.ENSP00000364145","9606.ENSP00000345771",917,"PFKFB1","PFKM"
"9606.ENSP00000366563","9606.ENSP00000268035",917,"PIK3CD","IGF1R"
"9606.ENSP00000397133","9606.ENSP00000262187",917,"PRKAG3","RHEB"
"9606.ENSP00000194530","9606.ENSP00000346148",916,"STRADB","PRKAA1"
"9606.ENSP00000222254","9606.ENSP00000451828",916,"PIK3R2","AKT1"
"9606.ENSP00000287878","9606.ENSP00000479669",916,"PRKAG2","CAB39L"
"9606.ENSP00000345771","9606.ENSP00000356047",916,"PFKM","PFKFB2"
"9606.ENSP00000346148","9606.ENSP00000194530",916,"PRKAA1","STRADB"
"9606.ENSP00000354558","9606.ENSP00000417963",916,"MTOR","PPP2R5D"
"9606.ENSP00000356047","9606.ENSP00000345771",916,"PFKFB2","PFKM"
"9606.ENSP00000417963","9606.ENSP00000354558",916,"PPP2R5D","MTOR"
"9606.ENSP00000451828","9606.ENSP00000222254",916,"AKT1","PIK3R2"
"9606.ENSP00000479669","9606.ENSP00000287878",916,"CAB39L","PRKAG2"
"9606.ENSP00000222254","9606.ENSP00000344220",915,"PIK3R2","PDPK1"
"9606.ENSP00000229328","9606.ENSP00000298552",915,"PRKAB1","TSC1"
"9606.ENSP00000229328","9606.ENSP00000312652",915,"PRKAB1","LEP"
"9606.ENSP00000254101","9606.ENSP00000262187",915,"PRKAB2","RHEB"
"9606.ENSP00000261439","9606.ENSP00000397133",915,"TBC1D1","PRKAG3"
"9606.ENSP00000262187","9606.ENSP00000254101",915,"RHEB","PRKAB2"
"9606.ENSP00000287878","9606.ENSP00000312652",915,"PRKAG2","LEP"
"9606.ENSP00000298552","9606.ENSP00000229328",915,"TSC1","PRKAB1"
"9606.ENSP00000311344","9606.ENSP00000375892",915,"PPP2R1B","AKT2"
"9606.ENSP00000312652","9606.ENSP00000229328",915,"LEP","PRKAB1"
"9606.ENSP00000312652","9606.ENSP00000287878",915,"LEP","PRKAG2"
"9606.ENSP00000344220","9606.ENSP00000222254",915,"PDPK1","PIK3R2"
"9606.ENSP00000375892","9606.ENSP00000311344",915,"AKT2","PPP2R1B"
"9606.ENSP00000397133","9606.ENSP00000261439",915,"PRKAG3","TBC1D1"
"9606.ENSP00000261461","9606.ENSP00000303830",914,"PPP2R5A","INSR"
"9606.ENSP00000303830","9606.ENSP00000337641",914,"INSR","PPP2R5E"
"9606.ENSP00000303830","9606.ENSP00000361202",914,"INSR","IRS4"
"9606.ENSP00000303830","9606.ENSP00000261461",914,"INSR","PPP2R5A"
"9606.ENSP00000325074","9606.ENSP00000337641",914,"PPP2R2A","PPP2R5E"
"9606.ENSP00000337641","9606.ENSP00000325074",914,"PPP2R5E","PPP2R2A"
"9606.ENSP00000337641","9606.ENSP00000303830",914,"PPP2R5E","INSR"
"9606.ENSP00000341044","9606.ENSP00000346148",914,"ACACB","PRKAA1"
"9606.ENSP00000346148","9606.ENSP00000341044",914,"PRKAA1","ACACB"
"9606.ENSP00000361202","9606.ENSP00000303830",914,"IRS4","INSR"
"9606.ENSP00000254101","9606.ENSP00000312652",913,"PRKAB2","LEP"
"9606.ENSP00000263967","9606.ENSP00000289153",913,"PIK3CA","PIK3CB"
"9606.ENSP00000289153","9606.ENSP00000263967",913,"PIK3CB","PIK3CA"
"9606.ENSP00000303830","9606.ENSP00000412324",913,"INSR","PPP2R5C"
"9606.ENSP00000303830","9606.ENSP00000417963",913,"INSR","PPP2R5D"
"9606.ENSP00000312652","9606.ENSP00000254101",913,"LEP","PRKAB2"
"9606.ENSP00000361202","9606.ENSP00000380432",913,"IRS4","INS"
"9606.ENSP00000364145","9606.ENSP00000417963",913,"PFKFB1","PPP2R5D"
"9606.ENSP00000380432","9606.ENSP00000361202",913,"INS","IRS4"
"9606.ENSP00000412324","9606.ENSP00000303830",913,"PPP2R5C","INSR"
"9606.ENSP00000417963","9606.ENSP00000364145",913,"PPP2R5D","PFKFB1"
"9606.ENSP00000417963","9606.ENSP00000303830",913,"PPP2R5D","INSR"
"9606.ENSP00000164133","9606.ENSP00000303830",912,"PPP2R5B","INSR"
"9606.ENSP00000221138","9606.ENSP00000364145",912,"PPP2CB","PFKFB1"
"9606.ENSP00000303830","9606.ENSP00000164133",912,"INSR","PPP2R5B"
"9606.ENSP00000330393","9606.ENSP00000360290",912,"LEPR","PRKAA2"
"9606.ENSP00000360290","9606.ENSP00000330393",912,"PRKAA2","LEPR"
"9606.ENSP00000364145","9606.ENSP00000221138",912,"PFKFB1","PPP2CB"
"9606.ENSP00000262430","9606.ENSP00000304592",911,"MLYCD","FASN"
"9606.ENSP00000303830","9606.ENSP00000418447",911,"INSR","PPP2CA"
"9606.ENSP00000304592","9606.ENSP00000262430",911,"FASN","MLYCD"
"9606.ENSP00000346148","9606.ENSP00000358335",911,"PRKAA1","MAP3K7"
"9606.ENSP00000358335","9606.ENSP00000346148",911,"MAP3K7","PRKAA1"
"9606.ENSP00000368880","9606.ENSP00000385824",911,"FOXO1","FOXO3"
"9606.ENSP00000385824","9606.ENSP00000368880",911,"FOXO3","FOXO1"
"9606.ENSP00000418447","9606.ENSP00000303830",911,"PPP2CA","INSR"
"9606.ENSP00000289153","9606.ENSP00000303830",910,"PIK3CB","INSR"
"9606.ENSP00000303830","9606.ENSP00000289153",910,"INSR","PIK3CB"
"9606.ENSP00000323867","9606.ENSP00000479669",910,"PRKAG1","CAB39L"
"9606.ENSP00000375892","9606.ENSP00000428056",910,"AKT2","PIK3R1"
"9606.ENSP00000428056","9606.ENSP00000375892",910,"PIK3R1","AKT2"
"9606.ENSP00000479669","9606.ENSP00000323867",910,"CAB39L","PRKAG1"
"9606.ENSP00000221138","9606.ENSP00000303830",909,"PPP2CB","INSR"
"9606.ENSP00000222254","9606.ENSP00000263826",909,"PIK3R2","AKT3"
"9606.ENSP00000262430","9606.ENSP00000483300",909,"MLYCD","ACACA"
"9606.ENSP00000263826","9606.ENSP00000311344",909,"AKT3","PPP2R1B"
"9606.ENSP00000263826","9606.ENSP00000222254",909,"AKT3","PIK3R2"
"9606.ENSP00000303830","9606.ENSP00000221138",909,"INSR","PPP2CB"
"9606.ENSP00000311344","9606.ENSP00000263826",909,"PPP2R1B","AKT3"
"9606.ENSP00000323867","9606.ENSP00000417963",909,"PRKAG1","PPP2R5D"
"9606.ENSP00000324804","9606.ENSP00000380432",909,"PPP2R1A","INS"
"9606.ENSP00000342136","9606.ENSP00000387699",909,"CREB3","CREB1"
"9606.ENSP00000380432","9606.ENSP00000324804",909,"INS","PPP2R1A"
"9606.ENSP00000387699","9606.ENSP00000342136",909,"CREB1","CREB3"
"9606.ENSP00000417963","9606.ENSP00000323867",909,"PPP2R5D","PRKAG1"
"9606.ENSP00000483300","9606.ENSP00000262430",909,"ACACA","MLYCD"
"9606.ENSP00000232375","9606.ENSP00000345771",908,"PFKFB4","PFKM"
"9606.ENSP00000262187","9606.ENSP00000324560",908,"RHEB","ULK1"
"9606.ENSP00000311344","9606.ENSP00000364145",908,"PPP2R1B","PFKFB1"
"9606.ENSP00000324560","9606.ENSP00000262187",908,"ULK1","RHEB"
"9606.ENSP00000345771","9606.ENSP00000232375",908,"PFKM","PFKFB4"
"9606.ENSP00000364145","9606.ENSP00000311344",908,"PFKFB1","PPP2R1B"
"9606.ENSP00000364145","9606.ENSP00000418447",908,"PFKFB1","PPP2CA"
"9606.ENSP00000397133","9606.ENSP00000479669",908,"PRKAG3","CAB39L"
"9606.ENSP00000418447","9606.ENSP00000364145",908,"PPP2CA","PFKFB1"
"9606.ENSP00000479669","9606.ENSP00000397133",908,"CAB39L","PRKAG3"
"9606.ENSP00000298552","9606.ENSP00000323867",907,"TSC1","PRKAG1"
"9606.ENSP00000323867","9606.ENSP00000298552",907,"PRKAG1","TSC1"
"9606.ENSP00000330393","9606.ENSP00000346148",907,"LEPR","PRKAA1"
"9606.ENSP00000346148","9606.ENSP00000330393",907,"PRKAA1","LEPR"
"9606.ENSP00000357596","9606.ENSP00000387699",907,"CREB3L4","CREB1"
"9606.ENSP00000375080","9606.ENSP00000399970",907,"PPP2R3B","PPP2R2D"
"9606.ENSP00000387699","9606.ENSP00000357596",907,"CREB1","CREB3L4"
"9606.ENSP00000399970","9606.ENSP00000375080",907,"PPP2R2D","PPP2R3B"
"9606.ENSP00000078445","9606.ENSP00000342136",906,"CREB3L3","CREB3"
"9606.ENSP00000194530","9606.ENSP00000287878",906,"STRADB","PRKAG2"
"9606.ENSP00000194530","9606.ENSP00000254101",906,"STRADB","PRKAB2"
"9606.ENSP00000194530","9606.ENSP00000229328",906,"STRADB","PRKAB1"
"9606.ENSP00000229328","9606.ENSP00000330393",906,"PRKAB1","LEPR"
"9606.ENSP00000229328","9606.ENSP00000194530",906,"PRKAB1","STRADB"
"9606.ENSP00000254101","9606.ENSP00000330393",906,"PRKAB2","LEPR"
"9606.ENSP00000254101","9606.ENSP00000194530",906,"PRKAB2","STRADB"
"9606.ENSP00000262741","9606.ENSP00000354558",906,"PIK3R3","MTOR"
"9606.ENSP00000287878","9606.ENSP00000194530",906,"PRKAG2","STRADB"
"9606.ENSP00000289153","9606.ENSP00000354558",906,"PIK3CB","MTOR"
"9606.ENSP00000330393","9606.ENSP00000254101",906,"LEPR","PRKAB2"
"9606.ENSP00000330393","9606.ENSP00000229328",906,"LEPR","PRKAB1"
"9606.ENSP00000342136","9606.ENSP00000078445",906,"CREB3","CREB3L3"
"9606.ENSP00000354558","9606.ENSP00000366563",906,"MTOR","PIK3CD"
"9606.ENSP00000354558","9606.ENSP00000262741",906,"MTOR","PIK3R3"
"9606.ENSP00000354558","9606.ENSP00000289153",906,"MTOR","PIK3CB"
"9606.ENSP00000366563","9606.ENSP00000354558",906,"PIK3CD","MTOR"
"9606.ENSP00000164133","9606.ENSP00000399970",905,"PPP2R5B","PPP2R2D"
"9606.ENSP00000164133","9606.ENSP00000380432",905,"PPP2R5B","INS"
"9606.ENSP00000194530","9606.ENSP00000397133",905,"STRADB","PRKAG3"
"9606.ENSP00000194530","9606.ENSP00000336655",905,"STRADB","STRADA"
"9606.ENSP00000261461","9606.ENSP00000380432",905,"PPP2R5A","INS"
"9606.ENSP00000261461","9606.ENSP00000375080",905,"PPP2R5A","PPP2R3B"
"9606.ENSP00000287878","9606.ENSP00000397133",905,"PRKAG2","PRKAG3"
"9606.ENSP00000336655","9606.ENSP00000194530",905,"STRADA","STRADB"
"9606.ENSP00000375080","9606.ENSP00000261461",905,"PPP2R3B","PPP2R5A"
"9606.ENSP00000375080","9606.ENSP00000412324",905,"PPP2R3B","PPP2R5C"
"9606.ENSP00000380432","9606.ENSP00000164133",905,"INS","PPP2R5B"
"9606.ENSP00000380432","9606.ENSP00000261461",905,"INS","PPP2R5A"
"9606.ENSP00000397133","9606.ENSP00000194530",905,"PRKAG3","STRADB"
"9606.ENSP00000397133","9606.ENSP00000287878",905,"PRKAG3","PRKAG2"
"9606.ENSP00000399970","9606.ENSP00000164133",905,"PPP2R2D","PPP2R5B"
"9606.ENSP00000412324","9606.ENSP00000375080",905,"PPP2R5C","PPP2R3B"
"9606.ENSP00000262741","9606.ENSP00000344220",904,"PIK3R3","PDPK1"
"9606.ENSP00000303830","9606.ENSP00000324804",904,"INSR","PPP2R1A"
"9606.ENSP00000303830","9606.ENSP00000311344",904,"INSR","PPP2R1B"
"9606.ENSP00000311344","9606.ENSP00000303830",904,"PPP2R1B","INSR"
"9606.ENSP00000324804","9606.ENSP00000364145",904,"PPP2R1A","PFKFB1"
"9606.ENSP00000324804","9606.ENSP00000303830",904,"PPP2R1A","INSR"
"9606.ENSP00000344220","9606.ENSP00000262741",904,"PDPK1","PIK3R3"
"9606.ENSP00000364145","9606.ENSP00000324804",904,"PFKFB1","PPP2R1A"
"9606.ENSP00000380432","9606.ENSP00000412324",904,"INS","PPP2R5C"
"9606.ENSP00000412324","9606.ENSP00000380432",904,"PPP2R5C","INS"
"9606.ENSP00000232375","9606.ENSP00000356047",903,"PFKFB4","PFKFB2"
"9606.ENSP00000287878","9606.ENSP00000298552",903,"PRKAG2","TSC1"
"9606.ENSP00000298552","9606.ENSP00000287878",903,"TSC1","PRKAG2"
"9606.ENSP00000323867","9606.ENSP00000330393",903,"PRKAG1","LEPR"
"9606.ENSP00000323867","9606.ENSP00000397133",903,"PRKAG1","PRKAG3"
"9606.ENSP00000324856","9606.ENSP00000368880",903,"STK11","FOXO1"
"9606.ENSP00000330393","9606.ENSP00000323867",903,"LEPR","PRKAG1"
"9606.ENSP00000341044","9606.ENSP00000376303",903,"ACACB","CPT1C"
"9606.ENSP00000356047","9606.ENSP00000232375",903,"PFKFB2","PFKFB4"
"9606.ENSP00000356047","9606.ENSP00000364145",903,"PFKFB2","PFKFB1"
"9606.ENSP00000364145","9606.ENSP00000356047",903,"PFKFB1","PFKFB2"
"9606.ENSP00000365016","9606.ENSP00000366563",903,"IRS2","PIK3CD"
"9606.ENSP00000366563","9606.ENSP00000365016",903,"PIK3CD","IRS2"
"9606.ENSP00000368880","9606.ENSP00000324856",903,"FOXO1","STK11"
"9606.ENSP00000376303","9606.ENSP00000341044",903,"CPT1C","ACACB"
"9606.ENSP00000380432","9606.ENSP00000417963",903,"INS","PPP2R5D"
"9606.ENSP00000397133","9606.ENSP00000323867",903,"PRKAG3","PRKAG1"
"9606.ENSP00000417963","9606.ENSP00000380432",903,"PPP2R5D","INS"
"9606.ENSP00000262741","9606.ENSP00000263826",902,"PIK3R3","AKT3"
"9606.ENSP00000263826","9606.ENSP00000262741",902,"AKT3","PIK3R3"
"9606.ENSP00000262430","9606.ENSP00000341044",901,"MLYCD","ACACB"
"9606.ENSP00000298552","9606.ENSP00000397133",901,"TSC1","PRKAG3"
"9606.ENSP00000311344","9606.ENSP00000380432",901,"PPP2R1B","INS"
"9606.ENSP00000324560","9606.ENSP00000375711",901,"ULK1","AKT1S1"
"9606.ENSP00000341044","9606.ENSP00000262430",901,"ACACB","MLYCD"
"9606.ENSP00000341044","9606.ENSP00000483300",901,"ACACB","ACACA"
"9606.ENSP00000375711","9606.ENSP00000324560",901,"AKT1S1","ULK1"
"9606.ENSP00000380432","9606.ENSP00000311344",901,"INS","PPP2R1B"
"9606.ENSP00000397133","9606.ENSP00000298552",901,"PRKAG3","TSC1"
"9606.ENSP00000483300","9606.ENSP00000341044",901,"ACACA","ACACB"
"9606.ENSP00000221138","9606.ENSP00000380432",900,"PPP2CB","INS"
"9606.ENSP00000254101","9606.ENSP00000298552",900,"PRKAB2","TSC1"
"9606.ENSP00000263826","9606.ENSP00000428056",900,"AKT3","PIK3R1"
"9606.ENSP00000287878","9606.ENSP00000330393",900,"PRKAG2","LEPR"
"9606.ENSP00000298552","9606.ENSP00000254101",900,"TSC1","PRKAB2"
"9606.ENSP00000330393","9606.ENSP00000287878",900,"LEPR","PRKAG2"
"9606.ENSP00000337641","9606.ENSP00000380432",900,"PPP2R5E","INS"
"9606.ENSP00000340691","9606.ENSP00000417963",900,"EIF4EBP1","PPP2R5D"
"9606.ENSP00000380432","9606.ENSP00000337641",900,"INS","PPP2R5E"
"9606.ENSP00000380432","9606.ENSP00000221138",900,"INS","PPP2CB"
"9606.ENSP00000417963","9606.ENSP00000340691",900,"PPP2R5D","EIF4EBP1"
"9606.ENSP00000428056","9606.ENSP00000263826",900,"PIK3R1","AKT3"
"9606.ENSP00000263826","9606.ENSP00000289153",898,"AKT3","PIK3CB"
"9606.ENSP00000289153","9606.ENSP00000263826",898,"PIK3CB","AKT3"
"9606.ENSP00000304895","9606.ENSP00000312652",898,"IRS1","LEP"
"9606.ENSP00000312652","9606.ENSP00000304895",898,"LEP","IRS1"
"9606.ENSP00000366563","9606.ENSP00000375892",897,"PIK3CD","AKT2"
"9606.ENSP00000375892","9606.ENSP00000366563",897,"AKT2","PIK3CD"
"9606.ENSP00000269848","9606.ENSP00000443319",895,"PFKL","PFKFB3"
"9606.ENSP00000317904","9606.ENSP00000360290",895,"GYS1","PRKAA2"
"9606.ENSP00000323867","9606.ENSP00000324560",895,"PRKAG1","ULK1"
"9606.ENSP00000324560","9606.ENSP00000323867",895,"ULK1","PRKAG1"
"9606.ENSP00000360290","9606.ENSP00000317904",895,"PRKAA2","GYS1"
"9606.ENSP00000443319","9606.ENSP00000269848",895,"PFKFB3","PFKL"
"9606.ENSP00000261461","9606.ENSP00000417963",894,"PPP2R5A","PPP2R5D"
"9606.ENSP00000368880","9606.ENSP00000387699",894,"FOXO1","CREB1"
"9606.ENSP00000387699","9606.ENSP00000368880",894,"CREB1","FOXO1"
"9606.ENSP00000417963","9606.ENSP00000261461",894,"PPP2R5D","PPP2R5A"
"9606.ENSP00000219476","9606.ENSP00000344220",893,"TSC2","PDPK1"
"9606.ENSP00000264977","9606.ENSP00000417963",893,"PPP2R3A","PPP2R5D"
"9606.ENSP00000274026","9606.ENSP00000385269",893,"CCNA2","ELAVL1"
"9606.ENSP00000344220","9606.ENSP00000219476",893,"PDPK1","TSC2"
"9606.ENSP00000385269","9606.ENSP00000274026",893,"ELAVL1","CCNA2"
"9606.ENSP00000417963","9606.ENSP00000264977",893,"PPP2R5D","PPP2R3A"
"9606.ENSP00000356047","9606.ENSP00000451828",892,"PFKFB2","AKT1"
"9606.ENSP00000451828","9606.ENSP00000356047",892,"AKT1","PFKFB2"
"9606.ENSP00000212015","9606.ENSP00000451828",891,"SIRT1","AKT1"
"9606.ENSP00000346148","9606.ENSP00000357622",891,"PRKAA1","CRTC2"
"9606.ENSP00000357622","9606.ENSP00000346148",891,"CRTC2","PRKAA1"
"9606.ENSP00000451828","9606.ENSP00000212015",891,"AKT1","SIRT1"
"9606.ENSP00000212015","9606.ENSP00000219476",890,"SIRT1","TSC2"
"9606.ENSP00000219476","9606.ENSP00000212015",890,"TSC2","SIRT1"
"9606.ENSP00000262646","9606.ENSP00000320935",889,"RAB2A","SLC2A4"
"9606.ENSP00000320935","9606.ENSP00000262646",889,"SLC2A4","RAB2A"
"9606.ENSP00000337641","9606.ENSP00000399970",889,"PPP2R5E","PPP2R2D"
"9606.ENSP00000342136","9606.ENSP00000357596",889,"CREB3","CREB3L4"
"9606.ENSP00000350359","9606.ENSP00000357596",889,"CREB5","CREB3L4"
"9606.ENSP00000357596","9606.ENSP00000342136",889,"CREB3L4","CREB3"
"9606.ENSP00000357596","9606.ENSP00000350359",889,"CREB3L4","CREB5"
"9606.ENSP00000399970","9606.ENSP00000337641",889,"PPP2R2D","PPP2R5E"
"9606.ENSP00000225577","9606.ENSP00000385824",888,"RPS6KB1","FOXO3"
"9606.ENSP00000337641","9606.ENSP00000412324",888,"PPP2R5E","PPP2R5C"
"9606.ENSP00000385824","9606.ENSP00000225577",888,"FOXO3","RPS6KB1"
"9606.ENSP00000412324","9606.ENSP00000337641",888,"PPP2R5C","PPP2R5E"
"9606.ENSP00000287820","9606.ENSP00000380432",887,"PPARG","INS"
"9606.ENSP00000304895","9606.ENSP00000320935",887,"IRS1","SLC2A4"
"9606.ENSP00000320935","9606.ENSP00000304895",887,"SLC2A4","IRS1"
"9606.ENSP00000380432","9606.ENSP00000287820",887,"INS","PPARG"
"9606.ENSP00000078445","9606.ENSP00000357622",886,"CREB3L3","CRTC2"
"9606.ENSP00000222254","9606.ENSP00000375892",886,"PIK3R2","AKT2"
"9606.ENSP00000312741","9606.ENSP00000324856",886,"CAMKK2","STK11"
"9606.ENSP00000324856","9606.ENSP00000312741",886,"STK11","CAMKK2"
"9606.ENSP00000350359","9606.ENSP00000387699",886,"CREB5","CREB1"
"9606.ENSP00000357622","9606.ENSP00000078445",886,"CRTC2","CREB3L3"
"9606.ENSP00000375892","9606.ENSP00000222254",886,"AKT2","PIK3R2"
"9606.ENSP00000387699","9606.ENSP00000350359",886,"CREB1","CREB5"
"9606.ENSP00000357622","9606.ENSP00000451828",885,"CRTC2","AKT1"
"9606.ENSP00000451828","9606.ENSP00000357622",885,"AKT1","CRTC2"
"9606.ENSP00000262741","9606.ENSP00000451828",884,"PIK3R3","AKT1"
"9606.ENSP00000312987","9606.ENSP00000348069",884,"HNF4A","SREBF1"
"9606.ENSP00000342136","9606.ENSP00000481956",884,"CREB3","CREB3L1"
"9606.ENSP00000348069","9606.ENSP00000312987",884,"SREBF1","HNF4A"
"9606.ENSP00000370517","9606.ENSP00000443319",884,"PFKP","PFKFB3"
"9606.ENSP00000443319","9606.ENSP00000370517",884,"PFKFB3","PFKP"
"9606.ENSP00000451828","9606.ENSP00000262741",884,"AKT1","PIK3R3"
"9606.ENSP00000481956","9606.ENSP00000342136",884,"CREB3L1","CREB3"
"9606.ENSP00000212015","9606.ENSP00000304895",883,"SIRT1","IRS1"
"9606.ENSP00000304895","9606.ENSP00000212015",883,"IRS1","SIRT1"
"9606.ENSP00000262741","9606.ENSP00000303830",882,"PIK3R3","INSR"
"9606.ENSP00000303830","9606.ENSP00000262741",882,"INSR","PIK3R3"
"9606.ENSP00000303830","9606.ENSP00000366563",882,"INSR","PIK3CD"
"9606.ENSP00000366563","9606.ENSP00000303830",882,"PIK3CD","INSR"
"9606.ENSP00000164133","9606.ENSP00000264977",881,"PPP2R5B","PPP2R3A"
"9606.ENSP00000219476","9606.ENSP00000340691",881,"TSC2","EIF4EBP1"
"9606.ENSP00000263967","9606.ENSP00000385824",881,"PIK3CA","FOXO3"
"9606.ENSP00000264977","9606.ENSP00000164133",881,"PPP2R3A","PPP2R5B"
"9606.ENSP00000287936","9606.ENSP00000346148",881,"HMGCR","PRKAA1"
"9606.ENSP00000340691","9606.ENSP00000219476",881,"EIF4EBP1","TSC2"
"9606.ENSP00000346148","9606.ENSP00000287936",881,"PRKAA1","HMGCR"
"9606.ENSP00000385824","9606.ENSP00000263967",881,"FOXO3","PIK3CA"
"9606.ENSP00000212015","9606.ENSP00000385269",879,"SIRT1","ELAVL1"
"9606.ENSP00000385269","9606.ENSP00000212015",879,"ELAVL1","SIRT1"
"9606.ENSP00000003084","9606.ENSP00000360290",878,"CFTR","PRKAA2"
"9606.ENSP00000229328","9606.ENSP00000358335",878,"PRKAB1","MAP3K7"
"9606.ENSP00000302665","9606.ENSP00000451828",878,"IGF1","AKT1"
"9606.ENSP00000358335","9606.ENSP00000229328",878,"MAP3K7","PRKAB1"
"9606.ENSP00000360290","9606.ENSP00000003084",878,"PRKAA2","CFTR"
"9606.ENSP00000451828","9606.ENSP00000302665",878,"AKT1","IGF1"
"9606.ENSP00000264977","9606.ENSP00000337641",876,"PPP2R3A","PPP2R5E"
"9606.ENSP00000287878","9606.ENSP00000341044",876,"PRKAG2","ACACB"
"9606.ENSP00000300935","9606.ENSP00000333547",876,"RAB8A","RAB11B"
"9606.ENSP00000308413","9606.ENSP00000375711",876,"RPS6KB2","AKT1S1"
"9606.ENSP00000333547","9606.ENSP00000300935",876,"RAB11B","RAB8A"
"9606.ENSP00000337641","9606.ENSP00000264977",876,"PPP2R5E","PPP2R3A"
"9606.ENSP00000341044","9606.ENSP00000287878",876,"ACACB","PRKAG2"
"9606.ENSP00000375711","9606.ENSP00000308413",876,"AKT1S1","RPS6KB2"
"9606.ENSP00000320935","9606.ENSP00000451828",874,"SLC2A4","AKT1"
"9606.ENSP00000357622","9606.ENSP00000375892",874,"CRTC2","AKT2"
"9606.ENSP00000375892","9606.ENSP00000357622",874,"AKT2","CRTC2"
"9606.ENSP00000451828","9606.ENSP00000320935",874,"AKT1","SLC2A4"
"9606.ENSP00000261439","9606.ENSP00000346148",873,"TBC1D1","PRKAA1"
"9606.ENSP00000287820","9606.ENSP00000307272",873,"PPARG","RPTOR"
"9606.ENSP00000287878","9606.ENSP00000287936",873,"PRKAG2","HMGCR"
"9606.ENSP00000287936","9606.ENSP00000287878",873,"HMGCR","PRKAG2"
"9606.ENSP00000307272","9606.ENSP00000287820",873,"RPTOR","PPARG"
"9606.ENSP00000346148","9606.ENSP00000261439",873,"PRKAA1","TBC1D1"
"9606.ENSP00000225577","9606.ENSP00000375892",872,"RPS6KB1","AKT2"
"9606.ENSP00000227507","9606.ENSP00000451828",872,"CCND1","AKT1"
"9606.ENSP00000317904","9606.ENSP00000346148",872,"GYS1","PRKAA1"
"9606.ENSP00000346148","9606.ENSP00000317904",872,"PRKAA1","GYS1"
"9606.ENSP00000359380","9606.ENSP00000483300",872,"SCD","ACACA"
"9606.ENSP00000375892","9606.ENSP00000225577",872,"AKT2","RPS6KB1"
"9606.ENSP00000451828","9606.ENSP00000227507",872,"AKT1","CCND1"
"9606.ENSP00000483300","9606.ENSP00000359380",872,"ACACA","SCD"
"9606.ENSP00000225577","9606.ENSP00000263826",871,"RPS6KB1","AKT3"
"9606.ENSP00000263826","9606.ENSP00000225577",871,"AKT3","RPS6KB1"
"9606.ENSP00000287936","9606.ENSP00000323867",871,"HMGCR","PRKAG1"
"9606.ENSP00000323867","9606.ENSP00000287936",871,"PRKAG1","HMGCR"
"9606.ENSP00000232375","9606.ENSP00000370517",870,"PFKFB4","PFKP"
"9606.ENSP00000370517","9606.ENSP00000232375",870,"PFKP","PFKFB4"
"9606.ENSP00000164133","9606.ENSP00000377936",869,"PPP2R5B","PPP2R2B"
"9606.ENSP00000323867","9606.ENSP00000357622",869,"PRKAG1","CRTC2"
"9606.ENSP00000357622","9606.ENSP00000323867",869,"CRTC2","PRKAG1"
"9606.ENSP00000377936","9606.ENSP00000164133",869,"PPP2R2B","PPP2R5B"
"9606.ENSP00000212015","9606.ENSP00000387699",868,"SIRT1","CREB1"
"9606.ENSP00000219476","9606.ENSP00000368880",868,"TSC2","FOXO1"
"9606.ENSP00000368880","9606.ENSP00000219476",868,"FOXO1","TSC2"
"9606.ENSP00000387699","9606.ENSP00000212015",868,"CREB1","SIRT1"
"9606.ENSP00000219476","9606.ENSP00000324856",867,"TSC2","STK11"
"9606.ENSP00000225577","9606.ENSP00000298552",867,"RPS6KB1","TSC1"
"9606.ENSP00000298552","9606.ENSP00000225577",867,"TSC1","RPS6KB1"
"9606.ENSP00000312652","9606.ENSP00000365016",867,"LEP","IRS2"
"9606.ENSP00000324856","9606.ENSP00000219476",867,"STK11","TSC2"
"9606.ENSP00000354558","9606.ENSP00000380432",867,"MTOR","INS"
"9606.ENSP00000365016","9606.ENSP00000312652",867,"IRS2","LEP"
"9606.ENSP00000380432","9606.ENSP00000354558",867,"INS","MTOR"
"9606.ENSP00000340691","9606.ENSP00000375892",866,"EIF4EBP1","AKT2"
"9606.ENSP00000342136","9606.ENSP00000350359",866,"CREB3","CREB5"
"9606.ENSP00000350359","9606.ENSP00000342136",866,"CREB5","CREB3"
"9606.ENSP00000375892","9606.ENSP00000340691",866,"AKT2","EIF4EBP1"
"9606.ENSP00000164133","9606.ENSP00000335083",864,"PPP2R5B","PPP2R2C"
"9606.ENSP00000212015","9606.ENSP00000348069",864,"SIRT1","SREBF1"
"9606.ENSP00000261461","9606.ENSP00000261475",864,"PPP2R5A","PPP2R3C"
"9606.ENSP00000261475","9606.ENSP00000261461",864,"PPP2R3C","PPP2R5A"
"9606.ENSP00000323867","9606.ENSP00000341044",864,"PRKAG1","ACACB"
"9606.ENSP00000335083","9606.ENSP00000164133",864,"PPP2R2C","PPP2R5B"
"9606.ENSP00000341044","9606.ENSP00000323867",864,"ACACB","PRKAG1"
"9606.ENSP00000348069","9606.ENSP00000212015",864,"SREBF1","SIRT1"
"9606.ENSP00000261461","9606.ENSP00000377936",863,"PPP2R5A","PPP2R2B"
"9606.ENSP00000261475","9606.ENSP00000412324",863,"PPP2R3C","PPP2R5C"
"9606.ENSP00000377936","9606.ENSP00000261461",863,"PPP2R2B","PPP2R5A"
"9606.ENSP00000412324","9606.ENSP00000261475",863,"PPP2R5C","PPP2R3C"
"9606.ENSP00000232375","9606.ENSP00000269848",862,"PFKFB4","PFKL"
"9606.ENSP00000269848","9606.ENSP00000232375",862,"PFKL","PFKFB4"
"9606.ENSP00000262741","9606.ENSP00000375892",861,"PIK3R3","AKT2"
"9606.ENSP00000357596","9606.ENSP00000357622",861,"CREB3L4","CRTC2"
"9606.ENSP00000357622","9606.ENSP00000357596",861,"CRTC2","CREB3L4"
"9606.ENSP00000375892","9606.ENSP00000262741",861,"AKT2","PIK3R3"
"9606.ENSP00000325074","9606.ENSP00000335083",860,"PPP2R2A","PPP2R2C"
"9606.ENSP00000335083","9606.ENSP00000325074",860,"PPP2R2C","PPP2R2A"
"9606.ENSP00000229328","9606.ENSP00000324560",859,"PRKAB1","ULK1"
"9606.ENSP00000264710","9606.ENSP00000300935",859,"RAB10","RAB8A"
"9606.ENSP00000300935","9606.ENSP00000264710",859,"RAB8A","RAB10"
"9606.ENSP00000302665","9606.ENSP00000312652",859,"IGF1","LEP"
"9606.ENSP00000312652","9606.ENSP00000302665",859,"LEP","IGF1"
"9606.ENSP00000324560","9606.ENSP00000229328",859,"ULK1","PRKAB1"
"9606.ENSP00000341785","9606.ENSP00000380432",859,"ADIPOR1","INS"
"9606.ENSP00000357622","9606.ENSP00000360290",859,"CRTC2","PRKAA2"
"9606.ENSP00000360290","9606.ENSP00000357622",859,"PRKAA2","CRTC2"
"9606.ENSP00000380432","9606.ENSP00000341785",859,"INS","ADIPOR1"
"9606.ENSP00000254101","9606.ENSP00000317904",858,"PRKAB2","GYS1"
"9606.ENSP00000261461","9606.ENSP00000335083",858,"PPP2R5A","PPP2R2C"
"9606.ENSP00000269848","9606.ENSP00000364145",858,"PFKL","PFKFB1"
"9606.ENSP00000302665","9606.ENSP00000361202",858,"IGF1","IRS4"
"9606.ENSP00000317904","9606.ENSP00000254101",858,"GYS1","PRKAB2"
"9606.ENSP00000329140","9606.ENSP00000350359",858,"CREB3L2","CREB5"
"9606.ENSP00000329140","9606.ENSP00000481956",858,"CREB3L2","CREB3L1"
"9606.ENSP00000335083","9606.ENSP00000261461",858,"PPP2R2C","PPP2R5A"
"9606.ENSP00000337641","9606.ENSP00000377936",858,"PPP2R5E","PPP2R2B"
"9606.ENSP00000350359","9606.ENSP00000329140",858,"CREB5","CREB3L2"
"9606.ENSP00000361202","9606.ENSP00000302665",858,"IRS4","IGF1"
"9606.ENSP00000364145","9606.ENSP00000269848",858,"PFKFB1","PFKL"
"9606.ENSP00000377936","9606.ENSP00000337641",858,"PPP2R2B","PPP2R5E"
"9606.ENSP00000481956","9606.ENSP00000329140",858,"CREB3L1","CREB3L2"
"9606.ENSP00000164133","9606.ENSP00000375080",857,"PPP2R5B","PPP2R3B"
"9606.ENSP00000354558","9606.ENSP00000361202",857,"MTOR","IRS4"
"9606.ENSP00000361202","9606.ENSP00000354558",857,"IRS4","MTOR"
"9606.ENSP00000375080","9606.ENSP00000164133",857,"PPP2R3B","PPP2R5B"
"9606.ENSP00000377936","9606.ENSP00000399970",857,"PPP2R2B","PPP2R2D"
"9606.ENSP00000399970","9606.ENSP00000377936",857,"PPP2R2D","PPP2R2B"
"9606.ENSP00000078445","9606.ENSP00000329140",856,"CREB3L3","CREB3L2"
"9606.ENSP00000225577","9606.ENSP00000324804",856,"RPS6KB1","PPP2R1A"
"9606.ENSP00000287936","9606.ENSP00000360290",856,"HMGCR","PRKAA2"
"9606.ENSP00000324804","9606.ENSP00000225577",856,"PPP2R1A","RPS6KB1"
"9606.ENSP00000329140","9606.ENSP00000078445",856,"CREB3L2","CREB3L3"
"9606.ENSP00000329140","9606.ENSP00000387699",856,"CREB3L2","CREB1"
"9606.ENSP00000335083","9606.ENSP00000375080",856,"PPP2R2C","PPP2R3B"
"9606.ENSP00000360290","9606.ENSP00000287936",856,"PRKAA2","HMGCR"
"9606.ENSP00000375080","9606.ENSP00000335083",856,"PPP2R3B","PPP2R2C"
"9606.ENSP00000387699","9606.ENSP00000329140",856,"CREB1","CREB3L2"
"9606.ENSP00000308413","9606.ENSP00000418447",855,"RPS6KB2","PPP2CA"
"9606.ENSP00000320935","9606.ENSP00000375892",855,"SLC2A4","AKT2"
"9606.ENSP00000335083","9606.ENSP00000399970",855,"PPP2R2C","PPP2R2D"
"9606.ENSP00000354558","9606.ENSP00000385824",855,"MTOR","FOXO3"
"9606.ENSP00000375892","9606.ENSP00000320935",855,"AKT2","SLC2A4"
"9606.ENSP00000385824","9606.ENSP00000354558",855,"FOXO3","MTOR"
"9606.ENSP00000399970","9606.ENSP00000335083",855,"PPP2R2D","PPP2R2C"
"9606.ENSP00000418447","9606.ENSP00000308413",855,"PPP2CA","RPS6KB2"
"9606.ENSP00000335083","9606.ENSP00000337641",854,"PPP2R2C","PPP2R5E"
"9606.ENSP00000337641","9606.ENSP00000335083",854,"PPP2R5E","PPP2R2C"
"9606.ENSP00000263026","9606.ENSP00000346148",853,"EEF2K","PRKAA1"
"9606.ENSP00000263826","9606.ENSP00000366563",853,"AKT3","PIK3CD"
"9606.ENSP00000335083","9606.ENSP00000417963",853,"PPP2R2C","PPP2R5D"
"9606.ENSP00000346148","9606.ENSP00000263026",853,"PRKAA1","EEF2K"
"9606.ENSP00000366563","9606.ENSP00000263826",853,"PIK3CD","AKT3"
"9606.ENSP00000417963","9606.ENSP00000335083",853,"PPP2R5D","PPP2R2C"
"9606.ENSP00000221138","9606.ENSP00000308413",852,"PPP2CB","RPS6KB2"
"9606.ENSP00000308413","9606.ENSP00000221138",852,"RPS6KB2","PPP2CB"
"9606.ENSP00000341044","9606.ENSP00000397133",852,"ACACB","PRKAG3"
"9606.ENSP00000397133","9606.ENSP00000341044",852,"PRKAG3","ACACB"
"9606.ENSP00000261195","9606.ENSP00000360290",851,"GYS2","PRKAA2"
"9606.ENSP00000289153","9606.ENSP00000385824",851,"PIK3CB","FOXO3"
"9606.ENSP00000325074","9606.ENSP00000377936",851,"PPP2R2A","PPP2R2B"
"9606.ENSP00000360290","9606.ENSP00000261195",851,"PRKAA2","GYS2"
"9606.ENSP00000377936","9606.ENSP00000325074",851,"PPP2R2B","PPP2R2A"
"9606.ENSP00000385824","9606.ENSP00000289153",851,"FOXO3","PIK3CB"
"9606.ENSP00000261439","9606.ENSP00000262646",850,"TBC1D1","RAB2A"
"9606.ENSP00000262646","9606.ENSP00000261439",850,"RAB2A","TBC1D1"
"9606.ENSP00000397133","9606.ENSP00000483300",850,"PRKAG3","ACACA"
"9606.ENSP00000483300","9606.ENSP00000397133",850,"ACACA","PRKAG3"
"9606.ENSP00000229328","9606.ENSP00000341044",849,"PRKAB1","ACACB"
"9606.ENSP00000287936","9606.ENSP00000397133",849,"HMGCR","PRKAG3"
"9606.ENSP00000304895","9606.ENSP00000385824",849,"IRS1","FOXO3"
"9606.ENSP00000341044","9606.ENSP00000229328",849,"ACACB","PRKAB1"
"9606.ENSP00000385824","9606.ENSP00000304895",849,"FOXO3","IRS1"
"9606.ENSP00000397133","9606.ENSP00000287936",849,"PRKAG3","HMGCR"
"9606.ENSP00000261195","9606.ENSP00000346148",848,"GYS2","PRKAA1"
"9606.ENSP00000262187","9606.ENSP00000308413",848,"RHEB","RPS6KB2"
"9606.ENSP00000263026","9606.ENSP00000360290",848,"EEF2K","PRKAA2"
"9606.ENSP00000264977","9606.ENSP00000377936",848,"PPP2R3A","PPP2R2B"
"9606.ENSP00000264977","9606.ENSP00000335083",848,"PPP2R3A","PPP2R2C"
"9606.ENSP00000308413","9606.ENSP00000262187",848,"RPS6KB2","RHEB"
"9606.ENSP00000320935","9606.ENSP00000389814",848,"SLC2A4","ADIPOQ"
"9606.ENSP00000335083","9606.ENSP00000264977",848,"PPP2R2C","PPP2R3A"
"9606.ENSP00000346148","9606.ENSP00000261195",848,"PRKAA1","GYS2"
"9606.ENSP00000356047","9606.ENSP00000370517",848,"PFKFB2","PFKP"
"9606.ENSP00000360290","9606.ENSP00000263026",848,"PRKAA2","EEF2K"
"9606.ENSP00000370517","9606.ENSP00000356047",848,"PFKP","PFKFB2"
"9606.ENSP00000377936","9606.ENSP00000264977",848,"PPP2R2B","PPP2R3A"
"9606.ENSP00000377936","9606.ENSP00000412324",848,"PPP2R2B","PPP2R5C"
"9606.ENSP00000389814","9606.ENSP00000320935",848,"ADIPOQ","SLC2A4"
"9606.ENSP00000412324","9606.ENSP00000377936",848,"PPP2R5C","PPP2R2B"
"9606.ENSP00000216780","9606.ENSP00000319814",847,"PCK2","PCK1"
"9606.ENSP00000287878","9606.ENSP00000357622",847,"PRKAG2","CRTC2"
"9606.ENSP00000319814","9606.ENSP00000216780",847,"PCK1","PCK2"
"9606.ENSP00000329140","9606.ENSP00000357596",847,"CREB3L2","CREB3L4"
"9606.ENSP00000357596","9606.ENSP00000329140",847,"CREB3L4","CREB3L2"
"9606.ENSP00000357622","9606.ENSP00000287878",847,"CRTC2","PRKAG2"
"9606.ENSP00000261475","9606.ENSP00000337641",846,"PPP2R3C","PPP2R5E"
"9606.ENSP00000287820","9606.ENSP00000451828",846,"PPARG","AKT1"
"9606.ENSP00000337641","9606.ENSP00000261475",846,"PPP2R5E","PPP2R3C"
"9606.ENSP00000357596","9606.ENSP00000481956",846,"CREB3L4","CREB3L1"
"9606.ENSP00000451828","9606.ENSP00000287820",846,"AKT1","PPARG"
"9606.ENSP00000481956","9606.ENSP00000357596",846,"CREB3L1","CREB3L4"
"9606.ENSP00000348069","9606.ENSP00000380432",844,"SREBF1","INS"
"9606.ENSP00000380432","9606.ENSP00000348069",844,"INS","SREBF1"
"9606.ENSP00000078445","9606.ENSP00000350359",843,"CREB3L3","CREB5"
"9606.ENSP00000229328","9606.ENSP00000287936",843,"PRKAB1","HMGCR"
"9606.ENSP00000287936","9606.ENSP00000229328",843,"HMGCR","PRKAB1"
"9606.ENSP00000287936","9606.ENSP00000304592",843,"HMGCR","FASN"
"9606.ENSP00000304592","9606.ENSP00000287936",843,"FASN","HMGCR"
"9606.ENSP00000350359","9606.ENSP00000078445",843,"CREB5","CREB3L3"
"9606.ENSP00000360290","9606.ENSP00000385824",843,"PRKAA2","FOXO3"
"9606.ENSP00000364145","9606.ENSP00000370517",843,"PFKFB1","PFKP"
"9606.ENSP00000370517","9606.ENSP00000364145",843,"PFKP","PFKFB1"
"9606.ENSP00000377936","9606.ENSP00000417963",843,"PPP2R2B","PPP2R5D"
"9606.ENSP00000385824","9606.ENSP00000360290",843,"FOXO3","PRKAA2"
"9606.ENSP00000417963","9606.ENSP00000377936",843,"PPP2R5D","PPP2R2B"
"9606.ENSP00000244289","9606.ENSP00000360290",842,"LIPE","PRKAA2"
"9606.ENSP00000344220","9606.ENSP00000354558",842,"PDPK1","MTOR"
"9606.ENSP00000354558","9606.ENSP00000344220",842,"MTOR","PDPK1"
"9606.ENSP00000360290","9606.ENSP00000244289",842,"PRKAA2","LIPE"
"9606.ENSP00000366563","9606.ENSP00000385824",842,"PIK3CD","FOXO3"
"9606.ENSP00000385824","9606.ENSP00000366563",842,"FOXO3","PIK3CD"
"9606.ENSP00000254101","9606.ENSP00000341044",841,"PRKAB2","ACACB"
"9606.ENSP00000269848","9606.ENSP00000356047",841,"PFKL","PFKFB2"
"9606.ENSP00000341044","9606.ENSP00000254101",841,"ACACB","PRKAB2"
"9606.ENSP00000356047","9606.ENSP00000269848",841,"PFKFB2","PFKL"
"9606.ENSP00000358335","9606.ENSP00000360290",840,"MAP3K7","PRKAA2"
"9606.ENSP00000360290","9606.ENSP00000358335",840,"PRKAA2","MAP3K7"
"9606.ENSP00000261439","9606.ENSP00000320935",839,"TBC1D1","SLC2A4"
"9606.ENSP00000320935","9606.ENSP00000261439",839,"SLC2A4","TBC1D1"
"9606.ENSP00000003084","9606.ENSP00000323867",838,"CFTR","PRKAG1"
"9606.ENSP00000262187","9606.ENSP00000385824",838,"RHEB","FOXO3"
"9606.ENSP00000323867","9606.ENSP00000003084",838,"PRKAG1","CFTR"
"9606.ENSP00000357622","9606.ENSP00000397133",838,"CRTC2","PRKAG3"
"9606.ENSP00000385824","9606.ENSP00000262187",838,"FOXO3","RHEB"
"9606.ENSP00000387699","9606.ENSP00000481956",838,"CREB1","CREB3L1"
"9606.ENSP00000397133","9606.ENSP00000357622",838,"PRKAG3","CRTC2"
"9606.ENSP00000481956","9606.ENSP00000387699",838,"CREB3L1","CREB1"
"9606.ENSP00000408025","9606.ENSP00000443319",837,"FBP1","PFKFB3"
"9606.ENSP00000443319","9606.ENSP00000408025",837,"PFKFB3","FBP1"
"9606.ENSP00000287820","9606.ENSP00000375711",836,"PPARG","AKT1S1"
"9606.ENSP00000308413","9606.ENSP00000324804",836,"RPS6KB2","PPP2R1A"
"9606.ENSP00000324804","9606.ENSP00000308413",836,"PPP2R1A","RPS6KB2"
"9606.ENSP00000346148","9606.ENSP00000385824",836,"PRKAA1","FOXO3"
"9606.ENSP00000365016","9606.ENSP00000451828",836,"IRS2","AKT1"
"9606.ENSP00000375711","9606.ENSP00000287820",836,"AKT1S1","PPARG"
"9606.ENSP00000385824","9606.ENSP00000346148",836,"FOXO3","PRKAA1"
"9606.ENSP00000451828","9606.ENSP00000365016",836,"AKT1","IRS2"
"9606.ENSP00000229328","9606.ENSP00000357622",835,"PRKAB1","CRTC2"
"9606.ENSP00000357622","9606.ENSP00000229328",835,"CRTC2","PRKAB1"
"9606.ENSP00000244289","9606.ENSP00000346148",834,"LIPE","PRKAA1"
"9606.ENSP00000312652","9606.ENSP00000341785",834,"LEP","ADIPOR1"
"9606.ENSP00000324560","9606.ENSP00000418447",834,"ULK1","PPP2CA"
"9606.ENSP00000341785","9606.ENSP00000312652",834,"ADIPOR1","LEP"
"9606.ENSP00000346148","9606.ENSP00000244289",834,"PRKAA1","LIPE"
"9606.ENSP00000356047","9606.ENSP00000364486",834,"PFKFB2","FBP2"
"9606.ENSP00000364486","9606.ENSP00000356047",834,"FBP2","PFKFB2"
"9606.ENSP00000364486","9606.ENSP00000443319",834,"FBP2","PFKFB3"
"9606.ENSP00000418447","9606.ENSP00000324560",834,"PPP2CA","ULK1"
"9606.ENSP00000443319","9606.ENSP00000364486",834,"PFKFB3","FBP2"
"9606.ENSP00000222254","9606.ENSP00000361202",833,"PIK3R2","IRS4"
"9606.ENSP00000361202","9606.ENSP00000222254",833,"IRS4","PIK3R2"
"9606.ENSP00000225577","9606.ENSP00000311344",831,"RPS6KB1","PPP2R1B"
"9606.ENSP00000254101","9606.ENSP00000358335",831,"PRKAB2","MAP3K7"
"9606.ENSP00000311344","9606.ENSP00000225577",831,"PPP2R1B","RPS6KB1"
"9606.ENSP00000358335","9606.ENSP00000254101",831,"MAP3K7","PRKAB2"
"9606.ENSP00000078445","9606.ENSP00000357596",830,"CREB3L3","CREB3L4"
"9606.ENSP00000221138","9606.ENSP00000324560",830,"PPP2CB","ULK1"
"9606.ENSP00000324560","9606.ENSP00000221138",830,"ULK1","PPP2CB"
"9606.ENSP00000330393","9606.ENSP00000380432",830,"LEPR","INS"
"9606.ENSP00000357596","9606.ENSP00000078445",830,"CREB3L4","CREB3L3"
"9606.ENSP00000375080","9606.ENSP00000377936",830,"PPP2R3B","PPP2R2B"
"9606.ENSP00000377936","9606.ENSP00000375080",830,"PPP2R2B","PPP2R3B"
"9606.ENSP00000380432","9606.ENSP00000330393",830,"INS","LEPR"
"9606.ENSP00000232375","9606.ENSP00000408025",829,"PFKFB4","FBP1"
"9606.ENSP00000254101","9606.ENSP00000357622",829,"PRKAB2","CRTC2"
"9606.ENSP00000261439","9606.ENSP00000333547",829,"TBC1D1","RAB11B"
"9606.ENSP00000287820","9606.ENSP00000304592",829,"PPARG","FASN"
"9606.ENSP00000304592","9606.ENSP00000287820",829,"FASN","PPARG"
"9606.ENSP00000333547","9606.ENSP00000261439",829,"RAB11B","TBC1D1"
"9606.ENSP00000357622","9606.ENSP00000254101",829,"CRTC2","PRKAB2"
"9606.ENSP00000408025","9606.ENSP00000232375",829,"FBP1","PFKFB4"
"9606.ENSP00000308413","9606.ENSP00000311344",828,"RPS6KB2","PPP2R1B"
"9606.ENSP00000311344","9606.ENSP00000308413",828,"PPP2R1B","RPS6KB2"
"9606.ENSP00000375080","9606.ENSP00000417963",828,"PPP2R3B","PPP2R5D"
"9606.ENSP00000417963","9606.ENSP00000375080",828,"PPP2R5D","PPP2R3B"
"9606.ENSP00000268035","9606.ENSP00000354558",826,"IGF1R","MTOR"
"9606.ENSP00000354558","9606.ENSP00000268035",826,"MTOR","IGF1R"
"9606.ENSP00000254101","9606.ENSP00000287936",825,"PRKAB2","HMGCR"
"9606.ENSP00000287936","9606.ENSP00000254101",825,"HMGCR","PRKAB2"
"9606.ENSP00000342136","9606.ENSP00000357622",825,"CREB3","CRTC2"
"9606.ENSP00000350359","9606.ENSP00000481956",825,"CREB5","CREB3L1"
"9606.ENSP00000357622","9606.ENSP00000342136",825,"CRTC2","CREB3"
"9606.ENSP00000481956","9606.ENSP00000350359",825,"CREB3L1","CREB5"
"9606.ENSP00000261475","9606.ENSP00000417963",824,"PPP2R3C","PPP2R5D"
"9606.ENSP00000269097","9606.ENSP00000364512",824,"G6PC3","G6PC2"
"9606.ENSP00000364512","9606.ENSP00000269097",824,"G6PC2","G6PC3"
"9606.ENSP00000417963","9606.ENSP00000261475",824,"PPP2R5D","PPP2R3C"
"9606.ENSP00000164133","9606.ENSP00000261475",823,"PPP2R5B","PPP2R3C"
"9606.ENSP00000219476","9606.ENSP00000308413",823,"TSC2","RPS6KB2"
"9606.ENSP00000244289","9606.ENSP00000397133",823,"LIPE","PRKAG3"
"9606.ENSP00000261475","9606.ENSP00000164133",823,"PPP2R3C","PPP2R5B"
"9606.ENSP00000304895","9606.ENSP00000375892",823,"IRS1","AKT2"
"9606.ENSP00000304895","9606.ENSP00000330393",823,"IRS1","LEPR"
"9606.ENSP00000308413","9606.ENSP00000219476",823,"RPS6KB2","TSC2"
"9606.ENSP00000329140","9606.ENSP00000357622",823,"CREB3L2","CRTC2"
"9606.ENSP00000330393","9606.ENSP00000304895",823,"LEPR","IRS1"
"9606.ENSP00000337641","9606.ENSP00000375080",823,"PPP2R5E","PPP2R3B"
"9606.ENSP00000357622","9606.ENSP00000329140",823,"CRTC2","CREB3L2"
"9606.ENSP00000375080","9606.ENSP00000337641",823,"PPP2R3B","PPP2R5E"
"9606.ENSP00000375892","9606.ENSP00000304895",823,"AKT2","IRS1"
"9606.ENSP00000397133","9606.ENSP00000244289",823,"PRKAG3","LIPE"
"9606.ENSP00000255465","9606.ENSP00000385269",822,"CCNA1","ELAVL1"
"9606.ENSP00000263826","9606.ENSP00000451828",822,"AKT3","AKT1"
"9606.ENSP00000263967","9606.ENSP00000366563",822,"PIK3CA","PIK3CD"
"9606.ENSP00000366563","9606.ENSP00000263967",822,"PIK3CD","PIK3CA"
"9606.ENSP00000385269","9606.ENSP00000255465",822,"ELAVL1","CCNA1"
"9606.ENSP00000451828","9606.ENSP00000263826",822,"AKT1","AKT3"
"9606.ENSP00000244289","9606.ENSP00000287878",821,"LIPE","PRKAG2"
"9606.ENSP00000268035","9606.ENSP00000385824",821,"IGF1R","FOXO3"
"9606.ENSP00000287878","9606.ENSP00000244289",821,"PRKAG2","LIPE"
"9606.ENSP00000307272","9606.ENSP00000385824",821,"RPTOR","FOXO3"
"9606.ENSP00000385824","9606.ENSP00000268035",821,"FOXO3","IGF1R"
"9606.ENSP00000385824","9606.ENSP00000307272",821,"FOXO3","RPTOR"
"9606.ENSP00000244289","9606.ENSP00000323867",820,"LIPE","PRKAG1"
"9606.ENSP00000323867","9606.ENSP00000244289",820,"PRKAG1","LIPE"
"9606.ENSP00000003084","9606.ENSP00000229328",819,"CFTR","PRKAB1"
"9606.ENSP00000003084","9606.ENSP00000254101",819,"CFTR","PRKAB2"
"9606.ENSP00000229328","9606.ENSP00000003084",819,"PRKAB1","CFTR"
"9606.ENSP00000254101","9606.ENSP00000003084",819,"PRKAB2","CFTR"
"9606.ENSP00000320935","9606.ENSP00000333547",819,"SLC2A4","RAB11B"
"9606.ENSP00000333547","9606.ENSP00000320935",819,"RAB11B","SLC2A4"
"9606.ENSP00000344220","9606.ENSP00000375711",819,"PDPK1","AKT1S1"
"9606.ENSP00000364145","9606.ENSP00000364486",819,"PFKFB1","FBP2"
"9606.ENSP00000364486","9606.ENSP00000364145",819,"FBP2","PFKFB1"
"9606.ENSP00000375711","9606.ENSP00000344220",819,"AKT1S1","PDPK1"
"9606.ENSP00000219476","9606.ENSP00000385824",818,"TSC2","FOXO3"
"9606.ENSP00000229328","9606.ENSP00000262430",818,"PRKAB1","MLYCD"
"9606.ENSP00000262430","9606.ENSP00000287878",818,"MLYCD","PRKAG2"
"9606.ENSP00000262430","9606.ENSP00000229328",818,"MLYCD","PRKAB1"
"9606.ENSP00000287878","9606.ENSP00000262430",818,"PRKAG2","MLYCD"
"9606.ENSP00000385824","9606.ENSP00000219476",818,"FOXO3","TSC2"
"9606.ENSP00000263826","9606.ENSP00000356047",817,"AKT3","PFKFB2"
"9606.ENSP00000287878","9606.ENSP00000358335",817,"PRKAG2","MAP3K7"
"9606.ENSP00000304895","9606.ENSP00000344220",817,"IRS1","PDPK1"
"9606.ENSP00000324560","9606.ENSP00000360290",817,"ULK1","PRKAA2"
"9606.ENSP00000344220","9606.ENSP00000304895",817,"PDPK1","IRS1"
"9606.ENSP00000356047","9606.ENSP00000263826",817,"PFKFB2","AKT3"
"9606.ENSP00000358335","9606.ENSP00000287878",817,"MAP3K7","PRKAG2"
"9606.ENSP00000360290","9606.ENSP00000324560",817,"PRKAA2","ULK1"
"9606.ENSP00000360290","9606.ENSP00000385269",817,"PRKAA2","ELAVL1"
"9606.ENSP00000385269","9606.ENSP00000360290",817,"ELAVL1","PRKAA2"
"9606.ENSP00000227507","9606.ENSP00000274026",816,"CCND1","CCNA2"
"9606.ENSP00000274026","9606.ENSP00000227507",816,"CCNA2","CCND1"
"9606.ENSP00000356047","9606.ENSP00000375892",816,"PFKFB2","AKT2"
"9606.ENSP00000375892","9606.ENSP00000356047",816,"AKT2","PFKFB2"
"9606.ENSP00000219476","9606.ENSP00000375711",815,"TSC2","AKT1S1"
"9606.ENSP00000262430","9606.ENSP00000360290",815,"MLYCD","PRKAA2"
"9606.ENSP00000262430","9606.ENSP00000346148",815,"MLYCD","PRKAA1"
"9606.ENSP00000264867","9606.ENSP00000320209",815,"PPARGC1A","CIDEA"
"9606.ENSP00000320209","9606.ENSP00000264867",815,"CIDEA","PPARGC1A"
"9606.ENSP00000346148","9606.ENSP00000262430",815,"PRKAA1","MLYCD"
"9606.ENSP00000360290","9606.ENSP00000262430",815,"PRKAA2","MLYCD"
"9606.ENSP00000375711","9606.ENSP00000219476",815,"AKT1S1","TSC2"
"9606.ENSP00000263826","9606.ENSP00000375892",813,"AKT3","AKT2"
"9606.ENSP00000264867","9606.ENSP00000348069",813,"PPARGC1A","SREBF1"
"9606.ENSP00000346148","9606.ENSP00000385269",813,"PRKAA1","ELAVL1"
"9606.ENSP00000348069","9606.ENSP00000264867",813,"SREBF1","PPARGC1A"
"9606.ENSP00000358335","9606.ENSP00000397133",813,"MAP3K7","PRKAG3"
"9606.ENSP00000375892","9606.ENSP00000263826",813,"AKT2","AKT3"
"9606.ENSP00000385269","9606.ENSP00000346148",813,"ELAVL1","PRKAA1"
"9606.ENSP00000397133","9606.ENSP00000358335",813,"PRKAG3","MAP3K7"
"9606.ENSP00000263026","9606.ENSP00000287878",812,"EEF2K","PRKAG2"
"9606.ENSP00000287878","9606.ENSP00000263026",812,"PRKAG2","EEF2K"
"9606.ENSP00000289153","9606.ENSP00000366563",812,"PIK3CB","PIK3CD"
"9606.ENSP00000366563","9606.ENSP00000289153",812,"PIK3CD","PIK3CB"
"9606.ENSP00000003084","9606.ENSP00000287878",811,"CFTR","PRKAG2"
"9606.ENSP00000212015","9606.ENSP00000365016",811,"SIRT1","IRS2"
"9606.ENSP00000287878","9606.ENSP00000003084",811,"PRKAG2","CFTR"
"9606.ENSP00000323867","9606.ENSP00000358335",811,"PRKAG1","MAP3K7"
"9606.ENSP00000358335","9606.ENSP00000323867",811,"MAP3K7","PRKAG1"
"9606.ENSP00000365016","9606.ENSP00000212015",811,"IRS2","SIRT1"
"9606.ENSP00000265641","9606.ENSP00000376303",810,"CPT1A","CPT1C"
"9606.ENSP00000287878","9606.ENSP00000385269",810,"PRKAG2","ELAVL1"
"9606.ENSP00000376303","9606.ENSP00000265641",810,"CPT1C","CPT1A"
"9606.ENSP00000385269","9606.ENSP00000287878",810,"ELAVL1","PRKAG2"
"9606.ENSP00000229328","9606.ENSP00000244289",809,"PRKAB1","LIPE"
"9606.ENSP00000244289","9606.ENSP00000254101",809,"LIPE","PRKAB2"
"9606.ENSP00000244289","9606.ENSP00000229328",809,"LIPE","PRKAB1"
"9606.ENSP00000254101","9606.ENSP00000244289",809,"PRKAB2","LIPE"
"9606.ENSP00000265641","9606.ENSP00000304592",809,"CPT1A","FASN"
"9606.ENSP00000304592","9606.ENSP00000265641",809,"FASN","CPT1A"
"9606.ENSP00000316329","9606.ENSP00000359380",809,"SCD5","SCD"
"9606.ENSP00000323867","9606.ENSP00000385269",809,"PRKAG1","ELAVL1"
"9606.ENSP00000359380","9606.ENSP00000316329",809,"SCD","SCD5"
"9606.ENSP00000376303","9606.ENSP00000379011",809,"CPT1C","CPT1B"
"9606.ENSP00000379011","9606.ENSP00000376303",809,"CPT1B","CPT1C"
"9606.ENSP00000385269","9606.ENSP00000323867",809,"ELAVL1","PRKAG1"
"9606.ENSP00000212015","9606.ENSP00000375892",808,"SIRT1","AKT2"
"9606.ENSP00000229328","9606.ENSP00000263026",808,"PRKAB1","EEF2K"
"9606.ENSP00000263026","9606.ENSP00000229328",808,"EEF2K","PRKAB1"
"9606.ENSP00000265641","9606.ENSP00000348069",808,"CPT1A","SREBF1"
"9606.ENSP00000348069","9606.ENSP00000265641",808,"SREBF1","CPT1A"
"9606.ENSP00000364145","9606.ENSP00000408025",808,"PFKFB1","FBP1"
"9606.ENSP00000375892","9606.ENSP00000212015",808,"AKT2","SIRT1"
"9606.ENSP00000408025","9606.ENSP00000364145",808,"FBP1","PFKFB1"
"9606.ENSP00000254101","9606.ENSP00000262430",807,"PRKAB2","MLYCD"
"9606.ENSP00000254101","9606.ENSP00000263026",807,"PRKAB2","EEF2K"
"9606.ENSP00000262430","9606.ENSP00000254101",807,"MLYCD","PRKAB2"
"9606.ENSP00000263026","9606.ENSP00000254101",807,"EEF2K","PRKAB2"
"9606.ENSP00000263826","9606.ENSP00000357622",807,"AKT3","CRTC2"
"9606.ENSP00000265641","9606.ENSP00000379011",807,"CPT1A","CPT1B"
"9606.ENSP00000357622","9606.ENSP00000263826",807,"CRTC2","AKT3"
"9606.ENSP00000379011","9606.ENSP00000265641",807,"CPT1B","CPT1A"
"9606.ENSP00000003084","9606.ENSP00000397133",806,"CFTR","PRKAG3"
"9606.ENSP00000225577","9606.ENSP00000308413",806,"RPS6KB1","RPS6KB2"
"9606.ENSP00000308413","9606.ENSP00000225577",806,"RPS6KB2","RPS6KB1"
"9606.ENSP00000357622","9606.ENSP00000481956",806,"CRTC2","CREB3L1"
"9606.ENSP00000397133","9606.ENSP00000003084",806,"PRKAG3","CFTR"
"9606.ENSP00000481956","9606.ENSP00000357622",806,"CREB3L1","CRTC2"
"9606.ENSP00000261195","9606.ENSP00000317904",805,"GYS2","GYS1"
"9606.ENSP00000262430","9606.ENSP00000397133",805,"MLYCD","PRKAG3"
"9606.ENSP00000262430","9606.ENSP00000323867",805,"MLYCD","PRKAG1"
"9606.ENSP00000317904","9606.ENSP00000261195",805,"GYS1","GYS2"
"9606.ENSP00000323867","9606.ENSP00000262430",805,"PRKAG1","MLYCD"
"9606.ENSP00000341785","9606.ENSP00000349616",805,"ADIPOR1","ADIPOR2"
"9606.ENSP00000349616","9606.ENSP00000341785",805,"ADIPOR2","ADIPOR1"
"9606.ENSP00000397133","9606.ENSP00000262430",805,"PRKAG3","MLYCD"
"9606.ENSP00000263026","9606.ENSP00000397133",804,"EEF2K","PRKAG3"
"9606.ENSP00000385269","9606.ENSP00000397133",804,"ELAVL1","PRKAG3"
"9606.ENSP00000397133","9606.ENSP00000263026",804,"PRKAG3","EEF2K"
"9606.ENSP00000397133","9606.ENSP00000385269",804,"PRKAG3","ELAVL1"
"9606.ENSP00000325074","9606.ENSP00000451828",803,"PPP2R2A","AKT1"
"9606.ENSP00000451828","9606.ENSP00000325074",803,"AKT1","PPP2R2A"
"9606.ENSP00000263026","9606.ENSP00000323867",802,"EEF2K","PRKAG1"
"9606.ENSP00000323867","9606.ENSP00000263026",802,"PRKAG1","EEF2K"
"9606.ENSP00000229328","9606.ENSP00000385269",801,"PRKAB1","ELAVL1"
"9606.ENSP00000287878","9606.ENSP00000317904",801,"PRKAG2","GYS1"
"9606.ENSP00000317904","9606.ENSP00000287878",801,"GYS1","PRKAG2"
"9606.ENSP00000385269","9606.ENSP00000229328",801,"ELAVL1","PRKAB1"
"9606.ENSP00000254101","9606.ENSP00000385269",800,"PRKAB2","ELAVL1"
"9606.ENSP00000263967","9606.ENSP00000361202",800,"PIK3CA","IRS4"
"9606.ENSP00000330393","9606.ENSP00000365016",800,"LEPR","IRS2"
"9606.ENSP00000350359","9606.ENSP00000357622",800,"CREB5","CRTC2"
"9606.ENSP00000357622","9606.ENSP00000350359",800,"CRTC2","CREB5"
"9606.ENSP00000361202","9606.ENSP00000263967",800,"IRS4","PIK3CA"
"9606.ENSP00000365016","9606.ENSP00000330393",800,"IRS2","LEPR"
"9606.ENSP00000385269","9606.ENSP00000254101",800,"ELAVL1","PRKAB2"
"9606.ENSP00000324856","9606.ENSP00000354558",799,"STK11","MTOR"
"9606.ENSP00000354558","9606.ENSP00000324856",799,"MTOR","STK11"
"9606.ENSP00000222254","9606.ENSP00000303830",798,"PIK3R2","INSR"
"9606.ENSP00000303830","9606.ENSP00000222254",798,"INSR","PIK3R2"
"9606.ENSP00000307272","9606.ENSP00000324856",795,"RPTOR","STK11"
"9606.ENSP00000324856","9606.ENSP00000307272",795,"STK11","RPTOR"
"9606.ENSP00000356047","9606.ENSP00000408025",795,"PFKFB2","FBP1"
"9606.ENSP00000408025","9606.ENSP00000356047",795,"FBP1","PFKFB2"
"9606.ENSP00000261475","9606.ENSP00000311344",792,"PPP2R3C","PPP2R1B"
"9606.ENSP00000311344","9606.ENSP00000261475",792,"PPP2R1B","PPP2R3C"
"9606.ENSP00000319814","9606.ENSP00000408025",792,"PCK1","FBP1"
"9606.ENSP00000344220","9606.ENSP00000385824",792,"PDPK1","FOXO3"
"9606.ENSP00000385824","9606.ENSP00000344220",792,"FOXO3","PDPK1"
"9606.ENSP00000408025","9606.ENSP00000319814",792,"FBP1","PCK1"
"9606.ENSP00000078445","9606.ENSP00000264867",788,"CREB3L3","PPARGC1A"
"9606.ENSP00000212015","9606.ENSP00000312987",788,"SIRT1","HNF4A"
"9606.ENSP00000261475","9606.ENSP00000324804",788,"PPP2R3C","PPP2R1A"
"9606.ENSP00000262741","9606.ENSP00000361202",788,"PIK3R3","IRS4"
"9606.ENSP00000264867","9606.ENSP00000078445",788,"PPARGC1A","CREB3L3"
"9606.ENSP00000287936","9606.ENSP00000359380",788,"HMGCR","SCD"
"9606.ENSP00000312987","9606.ENSP00000212015",788,"HNF4A","SIRT1"
"9606.ENSP00000324804","9606.ENSP00000261475",788,"PPP2R1A","PPP2R3C"
"9606.ENSP00000359380","9606.ENSP00000287936",788,"SCD","HMGCR"
"9606.ENSP00000361202","9606.ENSP00000262741",788,"IRS4","PIK3R3"
"9606.ENSP00000261475","9606.ENSP00000418447",787,"PPP2R3C","PPP2CA"
"9606.ENSP00000418447","9606.ENSP00000261475",787,"PPP2CA","PPP2R3C"
"9606.ENSP00000317904","9606.ENSP00000397133",786,"GYS1","PRKAG3"
"9606.ENSP00000397133","9606.ENSP00000317904",786,"PRKAG3","GYS1"
"9606.ENSP00000312652","9606.ENSP00000320935",784,"LEP","SLC2A4"
"9606.ENSP00000320935","9606.ENSP00000312652",784,"SLC2A4","LEP"
"9606.ENSP00000330393","9606.ENSP00000389814",783,"LEPR","ADIPOQ"
"9606.ENSP00000389814","9606.ENSP00000330393",783,"ADIPOQ","LEPR"
"9606.ENSP00000302665","9606.ENSP00000354558",782,"IGF1","MTOR"
"9606.ENSP00000354558","9606.ENSP00000302665",782,"MTOR","IGF1"
"9606.ENSP00000375711","9606.ENSP00000385824",781,"AKT1S1","FOXO3"
"9606.ENSP00000385824","9606.ENSP00000375711",781,"FOXO3","AKT1S1"
"9606.ENSP00000360290","9606.ENSP00000389814",779,"PRKAA2","ADIPOQ"
"9606.ENSP00000389814","9606.ENSP00000360290",779,"ADIPOQ","PRKAA2"
"9606.ENSP00000244289","9606.ENSP00000287820",778,"LIPE","PPARG"
"9606.ENSP00000287820","9606.ENSP00000244289",778,"PPARG","LIPE"
"9606.ENSP00000287936","9606.ENSP00000483300",777,"HMGCR","ACACA"
"9606.ENSP00000483300","9606.ENSP00000287936",777,"ACACA","HMGCR"
"9606.ENSP00000263967","9606.ENSP00000324856",776,"PIK3CA","STK11"
"9606.ENSP00000317904","9606.ENSP00000323867",776,"GYS1","PRKAG1"
"9606.ENSP00000323867","9606.ENSP00000317904",776,"PRKAG1","GYS1"
"9606.ENSP00000324856","9606.ENSP00000263967",776,"STK11","PIK3CA"
"9606.ENSP00000219476","9606.ENSP00000227507",774,"TSC2","CCND1"
"9606.ENSP00000227507","9606.ENSP00000219476",774,"CCND1","TSC2"
"9606.ENSP00000264867","9606.ENSP00000320935",774,"PPARGC1A","SLC2A4"
"9606.ENSP00000287820","9606.ENSP00000302665",774,"PPARG","IGF1"
"9606.ENSP00000302665","9606.ENSP00000287820",774,"IGF1","PPARG"
"9606.ENSP00000320935","9606.ENSP00000264867",774,"SLC2A4","PPARGC1A"
"9606.ENSP00000274026","9606.ENSP00000324804",769,"CCNA2","PPP2R1A"
"9606.ENSP00000324804","9606.ENSP00000274026",769,"PPP2R1A","CCNA2"
"9606.ENSP00000216780","9606.ENSP00000408025",762,"PCK2","FBP1"
"9606.ENSP00000262187","9606.ENSP00000324856",762,"RHEB","STK11"
"9606.ENSP00000324856","9606.ENSP00000262187",762,"STK11","RHEB"
"9606.ENSP00000408025","9606.ENSP00000216780",762,"FBP1","PCK2"
"9606.ENSP00000212015","9606.ENSP00000380432",761,"SIRT1","INS"
"9606.ENSP00000380432","9606.ENSP00000212015",761,"INS","SIRT1"
"9606.ENSP00000274026","9606.ENSP00000451828",760,"CCNA2","AKT1"
"9606.ENSP00000451828","9606.ENSP00000274026",760,"AKT1","CCNA2"
"9606.ENSP00000225577","9606.ENSP00000324856",759,"RPS6KB1","STK11"
"9606.ENSP00000324856","9606.ENSP00000225577",759,"STK11","RPS6KB1"
"9606.ENSP00000365016","9606.ENSP00000375892",759,"IRS2","AKT2"
"9606.ENSP00000375892","9606.ENSP00000365016",759,"AKT2","IRS2"
"9606.ENSP00000346148","9606.ENSP00000356047",758,"PRKAA1","PFKFB2"
"9606.ENSP00000356047","9606.ENSP00000346148",758,"PFKFB2","PRKAA1"
"9606.ENSP00000262187","9606.ENSP00000380432",757,"RHEB","INS"
"9606.ENSP00000380432","9606.ENSP00000262187",757,"INS","RHEB"
"9606.ENSP00000244289","9606.ENSP00000380432",756,"LIPE","INS"
"9606.ENSP00000302665","9606.ENSP00000389814",756,"IGF1","ADIPOQ"
"9606.ENSP00000320935","9606.ENSP00000365016",756,"SLC2A4","IRS2"
"9606.ENSP00000365016","9606.ENSP00000320935",756,"IRS2","SLC2A4"
"9606.ENSP00000380432","9606.ENSP00000244289",756,"INS","LIPE"
"9606.ENSP00000389814","9606.ENSP00000302665",756,"ADIPOQ","IGF1"
"9606.ENSP00000312652","9606.ENSP00000348069",755,"LEP","SREBF1"
"9606.ENSP00000348069","9606.ENSP00000312652",755,"SREBF1","LEP"
"9606.ENSP00000212015","9606.ENSP00000312652",754,"SIRT1","LEP"
"9606.ENSP00000225577","9606.ENSP00000307940",754,"RPS6KB1","EEF2"
"9606.ENSP00000227507","9606.ENSP00000312987",754,"CCND1","HNF4A"
"9606.ENSP00000307940","9606.ENSP00000225577",754,"EEF2","RPS6KB1"
"9606.ENSP00000312652","9606.ENSP00000212015",754,"LEP","SIRT1"
"9606.ENSP00000312987","9606.ENSP00000227507",754,"HNF4A","CCND1"
"9606.ENSP00000304895","9606.ENSP00000368880",753,"IRS1","FOXO1"
"9606.ENSP00000368880","9606.ENSP00000304895",753,"FOXO1","IRS1"
"9606.ENSP00000287820","9606.ENSP00000304895",752,"PPARG","IRS1"
"9606.ENSP00000304592","9606.ENSP00000316329",752,"FASN","SCD5"
"9606.ENSP00000304895","9606.ENSP00000287820",752,"IRS1","PPARG"
"9606.ENSP00000316329","9606.ENSP00000304592",752,"SCD5","FASN"
"9606.ENSP00000219476","9606.ENSP00000263967",750,"TSC2","PIK3CA"
"9606.ENSP00000263967","9606.ENSP00000219476",750,"PIK3CA","TSC2"
"9606.ENSP00000219476","9606.ENSP00000304895",749,"TSC2","IRS1"
"9606.ENSP00000304895","9606.ENSP00000219476",749,"IRS1","TSC2"
"9606.ENSP00000348069","9606.ENSP00000389814",749,"SREBF1","ADIPOQ"
"9606.ENSP00000389814","9606.ENSP00000348069",749,"ADIPOQ","SREBF1"
"9606.ENSP00000261475","9606.ENSP00000399970",748,"PPP2R3C","PPP2R2D"
"9606.ENSP00000399970","9606.ENSP00000261475",748,"PPP2R2D","PPP2R3C"
"9606.ENSP00000229328","9606.ENSP00000443319",747,"PRKAB1","PFKFB3"
"9606.ENSP00000264867","9606.ENSP00000451828",747,"PPARGC1A","AKT1"
"9606.ENSP00000265641","9606.ENSP00000483300",747,"CPT1A","ACACA"
"9606.ENSP00000323867","9606.ENSP00000408025",747,"PRKAG1","FBP1"
"9606.ENSP00000408025","9606.ENSP00000323867",747,"FBP1","PRKAG1"
"9606.ENSP00000443319","9606.ENSP00000229328",747,"PFKFB3","PRKAB1"
"9606.ENSP00000451828","9606.ENSP00000264867",747,"AKT1","PPARGC1A"
"9606.ENSP00000483300","9606.ENSP00000265641",747,"ACACA","CPT1A"
"9606.ENSP00000229328","9606.ENSP00000317904",746,"PRKAB1","GYS1"
"9606.ENSP00000304895","9606.ENSP00000389814",746,"IRS1","ADIPOQ"
"9606.ENSP00000317904","9606.ENSP00000229328",746,"GYS1","PRKAB1"
"9606.ENSP00000389814","9606.ENSP00000304895",746,"ADIPOQ","IRS1"
"9606.ENSP00000263967","9606.ENSP00000307272",744,"PIK3CA","RPTOR"
"9606.ENSP00000307272","9606.ENSP00000263967",744,"RPTOR","PIK3CA"
"9606.ENSP00000261195","9606.ENSP00000287878",743,"GYS2","PRKAG2"
"9606.ENSP00000287878","9606.ENSP00000261195",743,"PRKAG2","GYS2"
"9606.ENSP00000344220","9606.ENSP00000358335",743,"PDPK1","MAP3K7"
"9606.ENSP00000358335","9606.ENSP00000344220",743,"MAP3K7","PDPK1"
"9606.ENSP00000244289","9606.ENSP00000312652",741,"LIPE","LEP"
"9606.ENSP00000298552","9606.ENSP00000340691",741,"TSC1","EIF4EBP1"
"9606.ENSP00000312652","9606.ENSP00000244289",741,"LEP","LIPE"
"9606.ENSP00000340691","9606.ENSP00000298552",741,"EIF4EBP1","TSC1"
"9606.ENSP00000262187","9606.ENSP00000344220",740,"RHEB","PDPK1"
"9606.ENSP00000287820","9606.ENSP00000359380",740,"PPARG","SCD"
"9606.ENSP00000344220","9606.ENSP00000262187",740,"PDPK1","RHEB"
"9606.ENSP00000359380","9606.ENSP00000287820",740,"SCD","PPARG"
"9606.ENSP00000312652","9606.ENSP00000451828",739,"LEP","AKT1"
"9606.ENSP00000451828","9606.ENSP00000312652",739,"AKT1","LEP"
"9606.ENSP00000232375","9606.ENSP00000364486",738,"PFKFB4","FBP2"
"9606.ENSP00000261195","9606.ENSP00000443319",738,"GYS2","PFKFB3"
"9606.ENSP00000364486","9606.ENSP00000232375",738,"FBP2","PFKFB4"
"9606.ENSP00000443319","9606.ENSP00000261195",738,"PFKFB3","GYS2"
"9606.ENSP00000219476","9606.ENSP00000324560",737,"TSC2","ULK1"
"9606.ENSP00000274026","9606.ENSP00000418447",737,"CCNA2","PPP2CA"
"9606.ENSP00000298552","9606.ENSP00000308413",737,"TSC1","RPS6KB2"
"9606.ENSP00000308413","9606.ENSP00000298552",737,"RPS6KB2","TSC1"
"9606.ENSP00000324560","9606.ENSP00000219476",737,"ULK1","TSC2"
"9606.ENSP00000341044","9606.ENSP00000359380",737,"ACACB","SCD"
"9606.ENSP00000346148","9606.ENSP00000368880",737,"PRKAA1","FOXO1"
"9606.ENSP00000348069","9606.ENSP00000451828",737,"SREBF1","AKT1"
"9606.ENSP00000359380","9606.ENSP00000341044",737,"SCD","ACACB"
"9606.ENSP00000368880","9606.ENSP00000346148",737,"FOXO1","PRKAA1"
"9606.ENSP00000418447","9606.ENSP00000274026",737,"PPP2CA","CCNA2"
"9606.ENSP00000451828","9606.ENSP00000348069",737,"AKT1","SREBF1"
"9606.ENSP00000244289","9606.ENSP00000389814",734,"LIPE","ADIPOQ"
"9606.ENSP00000389814","9606.ENSP00000244289",734,"ADIPOQ","LIPE"
"9606.ENSP00000225577","9606.ENSP00000368880",733,"RPS6KB1","FOXO1"
"9606.ENSP00000312652","9606.ENSP00000349616",733,"LEP","ADIPOR2"
"9606.ENSP00000349616","9606.ENSP00000360290",733,"ADIPOR2","PRKAA2"
"9606.ENSP00000349616","9606.ENSP00000312652",733,"ADIPOR2","LEP"
"9606.ENSP00000360290","9606.ENSP00000349616",733,"PRKAA2","ADIPOR2"
"9606.ENSP00000368880","9606.ENSP00000225577",733,"FOXO1","RPS6KB1"
"9606.ENSP00000298552","9606.ENSP00000385824",732,"TSC1","FOXO3"
"9606.ENSP00000308413","9606.ENSP00000385824",732,"RPS6KB2","FOXO3"
"9606.ENSP00000385824","9606.ENSP00000298552",732,"FOXO3","TSC1"
"9606.ENSP00000385824","9606.ENSP00000308413",732,"FOXO3","RPS6KB2"
"9606.ENSP00000264977","9606.ENSP00000375080",731,"PPP2R3A","PPP2R3B"
"9606.ENSP00000375080","9606.ENSP00000264977",731,"PPP2R3B","PPP2R3A"
"9606.ENSP00000212015","9606.ENSP00000225577",730,"SIRT1","RPS6KB1"
"9606.ENSP00000225577","9606.ENSP00000212015",730,"RPS6KB1","SIRT1"
"9606.ENSP00000244289","9606.ENSP00000348069",730,"LIPE","SREBF1"
"9606.ENSP00000348069","9606.ENSP00000244289",730,"SREBF1","LIPE"
"9606.ENSP00000354558","9606.ENSP00000368880",730,"MTOR","FOXO1"
"9606.ENSP00000368880","9606.ENSP00000354558",730,"FOXO1","MTOR"
"9606.ENSP00000364145","9606.ENSP00000397133",729,"PFKFB1","PRKAG3"
"9606.ENSP00000397133","9606.ENSP00000364145",729,"PRKAG3","PFKFB1"
"9606.ENSP00000264977","9606.ENSP00000451828",726,"PPP2R3A","AKT1"
"9606.ENSP00000320935","9606.ENSP00000348069",726,"SLC2A4","SREBF1"
"9606.ENSP00000348069","9606.ENSP00000320935",726,"SREBF1","SLC2A4"
"9606.ENSP00000364512","9606.ENSP00000380432",726,"G6PC2","INS"
"9606.ENSP00000380432","9606.ENSP00000364512",726,"INS","G6PC2"
"9606.ENSP00000451828","9606.ENSP00000264977",726,"AKT1","PPP2R3A"
"9606.ENSP00000274026","9606.ENSP00000325074",725,"CCNA2","PPP2R2A"
"9606.ENSP00000325074","9606.ENSP00000274026",725,"PPP2R2A","CCNA2"
"9606.ENSP00000255465","9606.ENSP00000311344",724,"CCNA1","PPP2R1B"
"9606.ENSP00000311344","9606.ENSP00000255465",724,"PPP2R1B","CCNA1"
"9606.ENSP00000254101","9606.ENSP00000389814",723,"PRKAB2","ADIPOQ"
"9606.ENSP00000264710","9606.ENSP00000362946",723,"RAB10","RAB14"
"9606.ENSP00000362946","9606.ENSP00000264710",723,"RAB14","RAB10"
"9606.ENSP00000389814","9606.ENSP00000254101",723,"ADIPOQ","PRKAB2"
"9606.ENSP00000225577","9606.ENSP00000365016",722,"RPS6KB1","IRS2"
"9606.ENSP00000262187","9606.ENSP00000304895",722,"RHEB","IRS1"
"9606.ENSP00000304895","9606.ENSP00000262187",722,"IRS1","RHEB"
"9606.ENSP00000365016","9606.ENSP00000225577",722,"IRS2","RPS6KB1"
"9606.ENSP00000229328","9606.ENSP00000385824",721,"PRKAB1","FOXO3"
"9606.ENSP00000244289","9606.ENSP00000304592",721,"LIPE","FASN"
"9606.ENSP00000304592","9606.ENSP00000244289",721,"FASN","LIPE"
"9606.ENSP00000377936","9606.ENSP00000451828",721,"PPP2R2B","AKT1"
"9606.ENSP00000385824","9606.ENSP00000229328",721,"FOXO3","PRKAB1"
"9606.ENSP00000451828","9606.ENSP00000377936",721,"AKT1","PPP2R2B"
"9606.ENSP00000287820","9606.ENSP00000320209",720,"PPARG","CIDEA"
"9606.ENSP00000320209","9606.ENSP00000287820",720,"CIDEA","PPARG"
"9606.ENSP00000164133","9606.ENSP00000261461",719,"PPP2R5B","PPP2R5A"
"9606.ENSP00000261461","9606.ENSP00000164133",719,"PPP2R5A","PPP2R5B"
"9606.ENSP00000287820","9606.ENSP00000387699",719,"PPARG","CREB1"
"9606.ENSP00000387699","9606.ENSP00000287820",719,"CREB1","PPARG"
"9606.ENSP00000212015","9606.ENSP00000302665",718,"SIRT1","IGF1"
"9606.ENSP00000265641","9606.ENSP00000319814",718,"CPT1A","PCK1"
"9606.ENSP00000302665","9606.ENSP00000212015",718,"IGF1","SIRT1"
"9606.ENSP00000307272","9606.ENSP00000380432",718,"RPTOR","INS"
"9606.ENSP00000319814","9606.ENSP00000265641",718,"PCK1","CPT1A"
"9606.ENSP00000380432","9606.ENSP00000307272",718,"INS","RPTOR"
"9606.ENSP00000229328","9606.ENSP00000356047",717,"PRKAB1","PFKFB2"
"9606.ENSP00000254101","9606.ENSP00000349616",717,"PRKAB2","ADIPOR2"
"9606.ENSP00000268035","9606.ENSP00000368880",717,"IGF1R","FOXO1"
"9606.ENSP00000349616","9606.ENSP00000254101",717,"ADIPOR2","PRKAB2"
"9606.ENSP00000356047","9606.ENSP00000229328",717,"PFKFB2","PRKAB1"
"9606.ENSP00000368880","9606.ENSP00000268035",717,"FOXO1","IGF1R"
"9606.ENSP00000264867","9606.ENSP00000379011",715,"PPARGC1A","CPT1B"
"9606.ENSP00000349616","9606.ENSP00000380432",715,"ADIPOR2","INS"
"9606.ENSP00000379011","9606.ENSP00000264867",715,"CPT1B","PPARGC1A"
"9606.ENSP00000380432","9606.ENSP00000349616",715,"INS","ADIPOR2"
"9606.ENSP00000346148","9606.ENSP00000443319",714,"PRKAA1","PFKFB3"
"9606.ENSP00000385824","9606.ENSP00000387699",714,"FOXO3","CREB1"
"9606.ENSP00000387699","9606.ENSP00000385824",714,"CREB1","FOXO3"
"9606.ENSP00000443319","9606.ENSP00000346148",714,"PFKFB3","PRKAA1"
"9606.ENSP00000221138","9606.ENSP00000274026",713,"PPP2CB","CCNA2"
"9606.ENSP00000261475","9606.ENSP00000325074",713,"PPP2R3C","PPP2R2A"
"9606.ENSP00000274026","9606.ENSP00000221138",713,"CCNA2","PPP2CB"
"9606.ENSP00000287878","9606.ENSP00000408025",713,"PRKAG2","FBP1"
"9606.ENSP00000304895","9606.ENSP00000348069",713,"IRS1","SREBF1"
"9606.ENSP00000325074","9606.ENSP00000261475",713,"PPP2R2A","PPP2R3C"
"9606.ENSP00000348069","9606.ENSP00000304895",713,"SREBF1","IRS1"
"9606.ENSP00000408025","9606.ENSP00000287878",713,"FBP1","PRKAG2"
"9606.ENSP00000244289","9606.ENSP00000320935",712,"LIPE","SLC2A4"
"9606.ENSP00000274026","9606.ENSP00000311344",712,"CCNA2","PPP2R1B"
"9606.ENSP00000311344","9606.ENSP00000274026",712,"PPP2R1B","CCNA2"
"9606.ENSP00000320935","9606.ENSP00000244289",712,"SLC2A4","LIPE"
"9606.ENSP00000254101","9606.ENSP00000341785",711,"PRKAB2","ADIPOR1"
"9606.ENSP00000303830","9606.ENSP00000385824",711,"INSR","FOXO3"
"9606.ENSP00000341785","9606.ENSP00000254101",711,"ADIPOR1","PRKAB2"
"9606.ENSP00000380432","9606.ENSP00000387699",711,"INS","CREB1"
"9606.ENSP00000385824","9606.ENSP00000303830",711,"FOXO3","INSR"
"9606.ENSP00000387699","9606.ENSP00000380432",711,"CREB1","INS"
"9606.ENSP00000262187","9606.ENSP00000375892",710,"RHEB","AKT2"
"9606.ENSP00000262187","9606.ENSP00000263826",710,"RHEB","AKT3"
"9606.ENSP00000263826","9606.ENSP00000262187",710,"AKT3","RHEB"
"9606.ENSP00000375892","9606.ENSP00000262187",710,"AKT2","RHEB"
"9606.ENSP00000212015","9606.ENSP00000307272",709,"SIRT1","RPTOR"
"9606.ENSP00000287878","9606.ENSP00000364486",709,"PRKAG2","FBP2"
"9606.ENSP00000307272","9606.ENSP00000212015",709,"RPTOR","SIRT1"
"9606.ENSP00000307940","9606.ENSP00000340691",709,"EEF2","EIF4EBP1"
"9606.ENSP00000323867","9606.ENSP00000364486",709,"PRKAG1","FBP2"
"9606.ENSP00000340691","9606.ENSP00000307940",709,"EIF4EBP1","EEF2"
"9606.ENSP00000364486","9606.ENSP00000287878",709,"FBP2","PRKAG2"
"9606.ENSP00000364486","9606.ENSP00000323867",709,"FBP2","PRKAG1"
"9606.ENSP00000300935","9606.ENSP00000362946",707,"RAB8A","RAB14"
"9606.ENSP00000362946","9606.ENSP00000300935",707,"RAB14","RAB8A"
"9606.ENSP00000254101","9606.ENSP00000324560",706,"PRKAB2","ULK1"
"9606.ENSP00000289153","9606.ENSP00000361202",706,"PIK3CB","IRS4"
"9606.ENSP00000324560","9606.ENSP00000254101",706,"ULK1","PRKAB2"
"9606.ENSP00000361202","9606.ENSP00000289153",706,"IRS4","PIK3CB"
"9606.ENSP00000287878","9606.ENSP00000389814",705,"PRKAG2","ADIPOQ"
"9606.ENSP00000389814","9606.ENSP00000287878",705,"ADIPOQ","PRKAG2"
"9606.ENSP00000221138","9606.ENSP00000255465",704,"PPP2CB","CCNA1"
"9606.ENSP00000255465","9606.ENSP00000221138",704,"CCNA1","PPP2CB"
"9606.ENSP00000356047","9606.ENSP00000360290",704,"PFKFB2","PRKAA2"
"9606.ENSP00000360290","9606.ENSP00000356047",704,"PRKAA2","PFKFB2"
"9606.ENSP00000302665","9606.ENSP00000385824",703,"IGF1","FOXO3"
"9606.ENSP00000385824","9606.ENSP00000302665",703,"FOXO3","IGF1"
"9606.ENSP00000255465","9606.ENSP00000324804",702,"CCNA1","PPP2R1A"
"9606.ENSP00000261195","9606.ENSP00000323867",702,"GYS2","PRKAG1"
"9606.ENSP00000323867","9606.ENSP00000261195",702,"PRKAG1","GYS2"
"9606.ENSP00000324804","9606.ENSP00000255465",702,"PPP2R1A","CCNA1"
"9606.ENSP00000365016","9606.ENSP00000368880",702,"IRS2","FOXO1"
"9606.ENSP00000368880","9606.ENSP00000365016",702,"FOXO1","IRS2"
"9606.ENSP00000229328","9606.ENSP00000364145",700,"PRKAB1","PFKFB1"
"9606.ENSP00000255465","9606.ENSP00000418447",700,"CCNA1","PPP2CA"
"9606.ENSP00000304592","9606.ENSP00000380432",700,"FASN","INS"
"9606.ENSP00000364145","9606.ENSP00000229328",700,"PFKFB1","PRKAB1"
"9606.ENSP00000380432","9606.ENSP00000304592",700,"INS","FASN"
"9606.ENSP00000418447","9606.ENSP00000255465",700,"PPP2CA","CCNA1"
